variant,environment,policy,mean_spread_capture,mean_passive_fees,mean_market_fees,mean_market_spread_cost,mean_directional_pnl,mean_execution_exposure_pnl,mean_inventory_sq_sum,mean_inventory_post_sq_sum,mean_inventory_abs_sum,mean_max_abs_inventory,mean_passive_fills,mean_market_fills,mean_directional_exposure,mean_execution_selection,mean_market_innovation,mean_terminal_inventory,mean_terminal_units,mean_liquidation_cost,mean_liquidation_fees,mean_liquidation_spread,mean_pnl,mean_risk_penalty,mean_inventory_penalty,mean_objective,mean_reconciled_pnl,mean_reconciliation_error,mean_turnover,mean_terminal_inventory_after_liquidation,mean_mean_abs_inventory,mean_bid_fill_count,mean_ask_fill_count,mean_action_0,mean_action_1,mean_action_2,mean_action_3,mean_action_4,mean_action_5,mean_action_6,mean_action_7,mean_action_8,mean_action_9,mean_action_10,mean_max_quote_gap,mean_submitted_periods,mean_submitted_sides,mean_conditional_logscore,mean_regime_brier,mean_wrong_confident_fraction,mean_post_switch_error_count,mean_post_switch_window_periods,mean_post_switch_error_10,mean_score_residual_per_side,mean_score_sum_x-1,mean_submitted_sides_x-1,mean_score_sum_x0,mean_submitted_sides_x0,mean_score_sum_x1,mean_submitted_sides_x1,mean_final_parameter_entropy,objective_mean,objective_se,objective_low,objective_high,objective_pilots,objective_episodes,objective_df,objective_observed_pilot_mean_variance,objective_within_pilot_mean_variance,objective_estimated_between_pilot_variance,pnl_mean,pnl_se,pnl_low,pnl_high,pnl_pilots,pnl_episodes,pnl_df,pnl_observed_pilot_mean_variance,pnl_within_pilot_mean_variance,pnl_estimated_between_pilot_variance,pooled_post_switch_error_10,pooled_score_residual_per_side,pooled_public_residual_x-1,pooled_public_residual_x0,pooled_public_residual_x1,action_frequency_0,action_frequency_1,action_frequency_2,action_frequency_3,action_frequency_4,action_frequency_5,action_frequency_6,action_frequency_7,action_frequency_8,action_frequency_9,action_frequency_10,pnl_5pct_quantile,pnl_lower_5pct_mean,loss_probability
fixed_duration,theta0.15_kappa0.002,abstain,0.0,0.0,0.0,0.0,0.0,0.0,0.0,0.0,0.0,0.0,0.0,0.0,0.0,0.0,0.0,0.0,0.0,0.0,0.0,0.0,0.0,0.0,0.0,0.0,0.0,0.0,0.0,0.0,0.0,0.0,0.0,300.0,0.0,0.0,0.0,0.0,0.0,0.0,0.0,0.0,0.0,0.0,300.0,0.0,0.0,,,,,,,,0.0,0.0,0.0,0.0,0.0,0.0,,0.0,0.0,0.0,0.0,10,1000,9,0.0,0.0,0.0,0.0,0.0,0.0,0.0,10,1000,9,0.0,0.0,0.0,,,,,,1.0,0.0,0.0,0.0,0.0,0.0,0.0,0.0,0.0,0.0,0.0,0.0,0.0,0.0
fixed_duration,theta0.15_kappa0.002,active,5.112799999999996,0.12870000000000004,0.09652600000000003,1.2065749999999997,3.9117526847916664,2.009244809456185,824.562,827.257,391.272,4.296,128.7,48.263,5.6573026847916665,0.24425043437496077,0.01944437508122406,-0.023,1.179,0.031833,0.0023580000000000007,0.029475,9.570163494249282,1.649124,1.649124,7.921039494249282,9.570163494247847,1.43482553616181e-12,178.142,0.0,1.3042399999999998,64.516,64.184,4.107,17.87,25.402,18.16,0.0,47.225,26.224,47.762,64.987,23.954,24.309,5.809,247.63,407.604,-1.0060502530607194,0.33064694314720794,0.10434666666666663,38.558,58.846,0.6554914538018425,-0.005797842561790355,-0.565298453332204,81.829,-0.9166054352495515,242.813,-0.5298344498602502,82.962,1.36127049720308e-10,7.921039494249281,0.2398581190477952,7.378442732190006,8.463636256308556,10,1000,9,0.5753191727314629,0.7820172305786449,0.0,9.570163494249284,0.22821287923300207,9.053910094849547,10.086416893649021,10,1000,9,0.5208111824781678,0.7785144864200253,0.0,0.6552356999626143,-0.004935521580852999,-0.0069082898890638275,-0.0037749438261112525,-0.006386471515395605,0.01369,0.05956666666666667,0.08467333333333334,0.060533333333333335,0.0,0.15741666666666668,0.08741333333333333,0.15920666666666666,0.2166233333333333,0.07984666666666666,0.08103,-5.436141887432562,-8.851808481019322,0.137
fixed_duration,theta0.15_kappa0.002,full_information,4.232624999999993,0.105762,0.10749400000000005,1.3436749999999993,3.8991205955418997,5.278470838750425,779.487,782.174,367.671,3.987,105.762,53.747,5.5959205955419,3.5757964072820028,0.005874431468422143,-0.045,1.191,0.03215700000000001,0.0023820000000000004,0.029775000000000003,11.82112843429439,1.558974,1.558974,10.26215443429439,11.82112843429232,2.0708075254560753e-12,160.7,0.0,1.2255700000000003,52.897,52.865,44.971,0.1,32.945,0.103,0.0,51.454,33.63,52.773,30.277,26.835,26.912,14.337,201.282,335.786,,,,,,,,,72.09,,190.362,,73.334,,10.262154434294388,0.33847399920779725,9.496473052565515,11.027835816023261,10,1000,9,1.1456464813971994,0.6806023291748804,0.465044152222319,11.82112843429439,0.33584191138972513,11.061401248876283,12.580855619712498,10,1000,9,1.1278978944590399,0.6856760397701595,0.4422218546888804,,,,,,0.14990333333333333,0.0003333333333333334,0.10981666666666667,0.0003433333333333333,0.0,0.17151333333333332,0.1121,0.17591,0.10092333333333334,0.08945,0.08970666666666666,-1.3910301067008635,-5.3777943821641365,0.071
fixed_duration,theta0.15_kappa0.002,independent,5.507374999999994,0.13926900000000006,0.09258000000000002,1.15725,4.285287946667217,2.0706685960321924,955.983,958.898,445.849,4.4,139.269,46.29,6.155457946667217,0.13918047063523645,0.06131812539695586,-0.059,1.297,0.03501900000000001,0.0025940000000000004,0.032425,10.439213542700328,1.9119659999999998,1.9119659999999998,8.527247542700326,10.439213542699404,9.232135611547675e-13,186.856,0.0,1.4861633333333335,69.679,69.59,0.0,32.875,0.002,33.208,0.0,39.602,0.012,39.805,108.206,23.071,23.219,4.324,253.71,441.323,,,,,,,0.0010500224307961599,0.057753060299259744,79.937,0.15275114406213194,280.129,0.2534306977560631,81.257,,8.527247542700326,0.23857065431942354,7.987563228198188,9.066931857202466,10,1000,9,0.5691595710239788,0.8062630829393843,0.0,10.439213542700328,0.23320620003002007,9.911664466893466,10.96676261850719,10,1000,9,0.5438513173244174,0.8073974076321682,0.0,,0.0010500224307961623,0.0007224822084799247,0.0005452885779841857,0.003118878345940203,0.0,0.10958333333333334,6.666666666666667e-06,0.11069333333333332,0.0,0.13200666666666666,4e-05,0.13268333333333332,0.36068666666666666,0.07690333333333334,0.07739666666666667,-4.965080285441686,-8.267983326796477,0.124
fixed_duration,theta0.15_kappa0.002,myopic,5.318124999999995,0.12931900000000005,0.014100000000000001,0.17624999999999996,1.0813700528753876,0.7843222601686992,725.898,728.149,297.514,4.346,129.319,7.05,1.6210700528753874,0.1967569883630488,0.04786527180565041,0.015,0.961,0.025947,0.001922,0.024025,6.8382013130422346,1.4517960000000003,1.4517960000000003,5.386405313042235,6.838201313044082,-1.847215658212775e-12,137.33,0.0,0.9917133333333333,64.619,64.7,46.86,3.528,31.931,3.452,0.0,52.843,32.288,53.891,68.157,3.573,3.477,12.339,246.09,420.981,-1.024304422725175,0.3339959404135487,0.10111999999999997,38.38,58.846,0.652605827746044,-0.00782746210315998,-0.2736563982285111,111.322,-2.3254657163397456,196.868,-0.19841643590745706,112.791,1.4115375218467e-10,5.386405313042234,0.34648161730636134,4.602609440674742,6.170201185409725,10,1000,9,1.2004951113123183,0.7211246490783414,0.47937046223397695,6.838201313042235,0.34307202490171845,6.062118474555129,7.614284151529342,10,1000,9,1.1769841427016532,0.7664411353208263,0.41054300738082694,0.6522108554532169,-0.006645284586420085,-0.002458241841042302,-0.011812309346057996,-0.001759151314444034,0.1562,0.01176,0.10643666666666667,0.011506666666666667,0.0,0.17614333333333335,0.10762666666666666,0.17963666666666667,0.22718999999999998,0.01191,0.01159,-6.041777986735249,-10.387712582679935,0.184
fixed_duration,theta0.15_kappa0.002,noinfo,4.874224999999995,0.12127200000000005,0.10309000000000004,1.2886249999999995,4.003563865728789,2.049236858678131,843.719,846.414,397.719,4.31,121.272,51.545,5.829603865728788,0.2099327066953079,0.013264151982823005,-0.023,1.173,0.031671000000000005,0.002346,0.029325000000000004,9.382367724408669,1.6874379999999998,1.6874379999999998,7.694929724408667,9.382367724406915,1.7523302808797325e-12,173.99,0.0,1.32573,60.845,60.427,6.46,16.938,30.315,17.172,0.0,41.581,31.031,42.218,62.74,25.552,25.993,6.684,241.995,388.534,-0.9744015694381623,0.3291128468924727,0.10010333333333331,38.356,58.846,0.6519603831554845,-0.006207159640468083,-0.6036434061818873,77.181,-0.9144746000559708,232.716,-0.509982653956877,78.637,1.24428994470733e-10,7.694929724408668,0.2763791343286196,7.069716686039214,8.320142762778122,10,1000,9,0.7638542589223717,0.7921256794376151,0.0,9.382367724408669,0.2665376632651231,8.779417640297975,9.985317808519362,10,1000,9,0.7104232593883217,0.7881954023026785,0.0,0.6518030112497026,-0.0052198794962467505,-0.007821139997951403,-0.003929573385826376,-0.006485276065425653,0.021533333333333335,0.056459999999999996,0.10105,0.05724,0.0,0.13860333333333336,0.10343666666666666,0.14072666666666667,0.20913333333333334,0.08517333333333334,0.08664333333333332,-5.476300276419139,-9.055402653328663,0.14
fixed_duration,theta0.15_kappa0.002,taker,0.0,0.0,0.2454700000000001,3.0683749999999925,5.990898085181167,2.7544437772929933,1030.355,1032.498,464.393,3.0,0.0,122.735,8.642538085181167,0.0,0.10280377729299289,-0.095,1.157,0.031239000000000003,0.002314,0.028925000000000003,5.400257862482688,2.06071,2.06071,3.3395478624826884,5.400257862474166,8.522846817182739e-12,123.892,0.0,1.5479766666666668,0.0,0.0,177.265,0.0,0.0,0.0,0.0,0.0,0.0,0.0,0.0,61.32,61.415,300.0,0.0,0.0,,,,,,,,0.0,0.0,0.0,0.0,0.0,0.0,,3.3395478624826884,0.3136490693202454,2.6300243737149045,4.049071351250472,10,1000,9,0.983757386854561,0.8931680993224758,0.09058928753208528,5.400257862482688,0.31551959124814183,4.686502959137542,6.114012765827834,10,1000,9,0.995526124613945,0.8992257155324648,0.09630040908148019,,,,,,0.5908833333333333,0.0,0.0,0.0,0.0,0.0,0.0,0.0,0.0,0.2044,0.20471666666666666,-9.94100697441407,-13.53633925496134,0.291
fixed_duration,theta0.15_kappa0.02,abstain,0.0,0.0,0.0,0.0,0.0,0.0,0.0,0.0,0.0,0.0,0.0,0.0,0.0,0.0,0.0,0.0,0.0,0.0,0.0,0.0,0.0,0.0,0.0,0.0,0.0,0.0,0.0,0.0,0.0,0.0,0.0,300.0,0.0,0.0,0.0,0.0,0.0,0.0,0.0,0.0,0.0,0.0,300.0,0.0,0.0,,,,,,,,0.0,0.0,0.0,0.0,0.0,0.0,,0.0,0.0,0.0,0.0,10,1000,9,0.0,0.0,0.0,0.0,0.0,0.0,0.0,10,1000,9,0.0,0.0,0.0,,,,,,1.0,0.0,0.0,0.0,0.0,0.0,0.0,0.0,0.0,0.0,0.0,0.0,0.0,0.0
fixed_duration,theta0.15_kappa0.02,active,5.290699999999995,0.1365610000000001,0.09072000000000001,1.1339999999999997,4.218231781340202,2.0581524946400185,821.023,823.816,396.605,4.319,136.561,45.36,5.995281781340201,0.2958140634258827,-0.01471156878586427,-0.057,1.239,0.033453000000000004,0.0024780000000000006,0.030975000000000003,10.17235027598148,1.6420460000000001,1.6420460000000001,8.530304275981482,10.172350275980214,1.2667687177003728e-12,183.16,0.0,1.3220166666666666,68.223,68.338,0.078,31.254,10.25,30.95,0.0,45.466,10.298,45.401,80.943,22.709,22.651,4.125,254.562,426.372,-1.0330613404328906,0.23738455817024284,0.000883333333333328,39.193,58.917,0.6655300689166459,-0.0014845661515171561,-0.189872791079759,82.823,-0.007849364946882901,259.406,-0.1410348450039027,84.143,0.01667345780006944,8.530304275981482,0.30543379505931395,7.839365028727416,9.221243523235549,10,1000,9,0.9328980316433498,0.7303524567851776,0.20254557485817226,10.172350275981483,0.3117771128024007,9.467061447058988,10.877639104903977,10,1000,9,0.972049680674009,0.736374452975297,0.23567522769871196,0.665223959128944,-0.00079451042993101,-0.0022925128415990604,-3.025899534661072e-05,-0.0016761328334371573,0.00026,0.10418000000000001,0.034166666666666665,0.10316666666666667,0.0,0.15155333333333335,0.034326666666666665,0.15133666666666667,0.26981,0.07569666666666666,0.07550333333333334,-4.253048853461471,-7.739007909739476,0.123
fixed_duration,theta0.15_kappa0.02,full_information,4.226749999999995,0.10540300000000001,0.10757400000000004,1.3446749999999992,4.130236007807753,4.984912138081708,785.706,788.516,369.318,3.947,105.403,53.787,5.8146460078077515,3.286488482214872,0.014013655866836927,-0.038,1.228,0.033156000000000005,0.0024560000000000003,0.0307,11.751090145891627,1.571412,1.571412,10.179678145891627,11.751090145889455,2.17244400246841e-12,160.418,0.0,1.23106,52.644,52.759,44.753,0.091,33.382,0.106,0.0,51.517,33.023,51.658,31.683,26.932,26.855,14.302,201.46,336.318,,,,,,,,,72.19,,191.184,,72.944,,10.179678145891627,0.2822388946022418,9.541209408846917,10.818146882936336,10,1000,9,0.7965879362629534,0.7231191142985519,0.07346882196440152,11.751090145891627,0.28821681102350266,11.099098422395954,12.4030818693873,10,1000,9,0.8306893015655745,0.7284360953628585,0.10225320620271605,,,,,,0.14917666666666668,0.00030333333333333335,0.11127333333333332,0.0003533333333333333,0.0,0.17172333333333334,0.11007666666666668,0.17219333333333334,0.10561,0.08977333333333333,0.08951666666666667,-2.5080496746765175,-6.3484986630933715,0.086
fixed_duration,theta0.15_kappa0.02,independent,5.488999999999995,0.1388640000000001,0.09275800000000002,1.1594749999999998,4.507124491039498,1.8053457103174306,959.308,962.305,446.264,4.381,138.864,46.379,6.382934491039498,-0.027124779614345996,-0.043339510068223376,-0.025,1.323,0.035721,0.0026460000000000008,0.033075,10.374652201357959,1.9186159999999999,1.9186159999999999,8.456036201357957,10.374652201356923,1.0353833901355359e-12,186.566,0.0,1.4875466666666666,69.345,69.519,0.0,33.557,0.004,33.534,0.0,38.941,0.011,39.53,108.044,23.264,23.115,4.296,253.621,440.136,,,,,,,-0.00019797973323463868,-0.020080732821310746,79.994,0.05580648006494715,278.696,-0.12614167929145698,81.446,,8.456036201357957,0.34323453545598304,7.679585738456491,9.232486664259424,10,1000,9,1.178099463296845,0.8364163387223176,0.3416831245745273,10.374652201357959,0.34920775819159616,9.584689369860136,11.164615032855782,10,1000,9,1.219460583812003,0.8419836654297358,0.37747691838226716,,-0.00019797973323463957,-0.0002510279873654367,0.00020024141022815956,-0.0015487768495869283,0.0,0.11185666666666667,1.3333333333333333e-05,0.11177999999999999,0.0,0.12980333333333335,3.6666666666666666e-05,0.13176666666666667,0.36014666666666667,0.07754666666666667,0.07705,-4.738216666958497,-8.768700744716885,0.135
fixed_duration,theta0.15_kappa0.02,myopic,6.423724999999994,0.1562690000000001,0.019614,0.24517499999999995,0.819122570621205,0.9578108105049224,755.047,757.611,326.627,4.496,156.269,9.807,1.3587025706212048,0.4284498479285136,-0.0102190374235911,-0.078,1.108,0.029916000000000005,0.002216,0.027700000000000002,7.749684381124225,1.510094,1.510094,6.239590381124226,7.749684381126121,-1.8959203096358125e-12,167.184,0.0,1.0887566666666666,77.982,78.287,7.68,5.33,23.748,5.079,0.0,62.915,23.821,62.875,98.745,5.017,4.79,4.387,282.513,507.048,-1.088740957935154,0.23427330578120656,0.0014299999999999923,39.608,58.917,0.672656749064074,-0.0016021225491977475,0.0019370554093367644,118.636,-0.05202625059682649,268.438,-0.423767624985348,119.974,0.017522752241998993,6.239590381124226,0.3216390278263123,5.511992350491482,6.96718841175697,10,1000,9,1.0345166422105532,0.71136190268648,0.32315473952407314,7.749684381124224,0.32306573722203574,7.018858909612713,8.480509852635734,10,1000,9,1.0437147056681744,0.7322998366905817,0.31141486897759263,0.6722677665190013,-0.0009345403594390229,1.6327720163666716e-05,-0.0001938110498395402,-0.0035321621766828478,0.025599999999999998,0.017766666666666667,0.07916000000000001,0.01693,0.0,0.20971666666666666,0.07940333333333334,0.20958333333333334,0.32915,0.016723333333333333,0.015966666666666667,-5.716956482392548,-9.87168264619596,0.171
fixed_duration,theta0.15_kappa0.02,noinfo,5.254024999999995,0.13504800000000006,0.09247000000000001,1.155875,4.2059206372823965,2.0964856982111755,824.656,827.463,398.354,4.322,135.048,46.235,6.003400637282396,0.3100891803900079,-0.01108348217883215,-0.053,1.245,0.033615000000000006,0.00249,0.031125,10.139423335494921,1.6493120000000001,1.6493120000000001,8.490111335494921,10.139423335493568,1.3543711152586013e-12,182.528,0.0,1.3278466666666668,67.434,67.614,0.092,30.841,11.45,30.357,0.0,43.966,11.72,43.969,81.37,23.181,23.054,4.18,253.673,422.978,-1.0271564764651206,0.23716884829660348,0.0008766666666666613,39.087,58.917,0.6637088053526272,-0.001493902414699117,-0.16653372199009983,81.984,-0.04928460521144305,257.957,-0.11133892746925617,83.037,0.01657179124111198,8.490111335494921,0.299313295423812,7.81301762033121,9.167205050658634,10,1000,9,0.8958844881746217,0.7392944526417226,0.15659003553289919,10.139423335494921,0.3068254193343385,9.445336015419185,10.833510655570658,10,1000,9,0.9414183794969266,0.7450730229971828,0.19634535649974383,0.6634248179642548,-0.0007734616331601148,-0.0020312953989815065,-0.00019105744450215753,-0.0013408351393867331,0.0003066666666666667,0.10280333333333334,0.03816666666666666,0.10119,0.0,0.14655333333333334,0.039066666666666666,0.14656333333333335,0.2712333333333333,0.07727,0.07684666666666666,-4.254400672787051,-7.856906747022886,0.12
fixed_duration,theta0.15_kappa0.02,taker,0.0,0.0,0.24501600000000012,3.062699999999993,6.6523273516520876,2.5730159626411813,1036.03,1038.144,466.272,3.0,0.0,122.508,9.295537351652088,0.0,-0.07019403735881885,0.024,1.144,0.030888000000000006,0.002288,0.028600000000000004,5.8867393143018765,2.0720600000000005,2.0720600000000005,3.814679314301877,5.886739314293276,8.600902989819304e-12,123.652,0.0,1.55424,0.0,0.0,177.492,0.0,0.0,0.0,0.0,0.0,0.0,0.0,0.0,61.266,61.242,300.0,0.0,0.0,,,,,,,,0.0,0.0,0.0,0.0,0.0,0.0,,3.814679314301877,0.26784623132044433,3.208769043591829,4.420589585011925,10,1000,9,0.7174160363256497,0.8739499728478298,0.0,5.886739314301877,0.27698785323746095,5.260149258092657,6.513329370511098,10,1000,9,0.767222708410972,0.8801166319983416,0.0,,,,,,0.5916399999999999,0.0,0.0,0.0,0.0,0.0,0.0,0.0,0.0,0.20421999999999998,0.20414,-9.48053825915703,-13.071974054994143,0.277
fixed_duration,theta0.15_kappa0.1,abstain,0.0,0.0,0.0,0.0,0.0,0.0,0.0,0.0,0.0,0.0,0.0,0.0,0.0,0.0,0.0,0.0,0.0,0.0,0.0,0.0,0.0,0.0,0.0,0.0,0.0,0.0,0.0,0.0,0.0,0.0,0.0,300.0,0.0,0.0,0.0,0.0,0.0,0.0,0.0,0.0,0.0,0.0,300.0,0.0,0.0,,,,,,,,0.0,0.0,0.0,0.0,0.0,0.0,,0.0,0.0,0.0,0.0,10,1000,9,0.0,0.0,0.0,0.0,0.0,0.0,0.0,10,1000,9,0.0,0.0,0.0,,,,,,1.0,0.0,0.0,0.0,0.0,0.0,0.0,0.0,0.0,0.0,0.0,0.0,0.0,0.0
fixed_duration,theta0.15_kappa0.1,active,5.318324999999995,0.13854200000000008,0.092812,1.1601499999999998,4.000985438246133,1.9668385961988195,860.123,863.019,414.203,4.334,138.542,46.406,5.864195438246131,0.07669724542434839,0.026931350774471036,0.0,1.262,0.03407400000000001,0.0025240000000000006,0.03155,9.860571034446268,1.7202460000000002,1.7202460000000002,8.140325034446267,9.860571034444947,1.320039522134664e-12,186.21,0.0,1.3806766666666668,69.32,69.222,0.0,37.243,1.154,37.008,0.0,42.721,1.185,43.345,90.938,23.154,23.252,4.272,253.594,430.598,-1.0491747227814998,0.23160059366190439,0.0,28.822,58.896,0.489464107358389,-0.00029501453995984985,0.11329937687870031,82.107,-0.3658751981622994,268.258,0.2182632777846937,80.233,0.003198990367143738,8.140325034446267,0.2725802289097185,7.523705717180973,8.75694435171156,10,1000,9,0.7429998119247455,0.8206657749063175,0.0,9.860571034446268,0.2783601903003936,9.23087653612036,10.490265532772176,10,1000,9,0.7748439554407134,0.8289231553127617,0.0,0.4893710948111926,-7.968579393983557e-05,0.0013798991179643674,-0.0013638929618587307,0.0027203679007975984,0.0,0.12414333333333334,0.003846666666666666,0.12336000000000001,0.0,0.14240333333333333,0.00395,0.14448333333333332,0.30312666666666666,0.07718,0.07750666666666667,-5.4587648869752545,-8.517657004330028,0.135
fixed_duration,theta0.15_kappa0.1,full_information,4.215199999999993,0.10526700000000001,0.10787600000000003,1.3484499999999993,3.9408065844683207,4.915736262355192,783.37,786.275,368.6,4.005,105.267,53.938,5.6400065844683205,3.174391289244888,0.042144973110303525,0.007,1.239,0.033453000000000004,0.0024780000000000006,0.030975000000000003,11.47669684682569,1.56674,1.56674,9.909956846825688,11.476696846823506,2.181172575888013e-12,160.444,0.0,1.2286666666666666,52.937,52.33,44.65,0.153,33.379,0.122,0.0,51.577,33.437,52.206,30.538,26.669,27.269,14.129,201.412,335.733,,,,,,,,,73.156,,191.17,,71.407,,9.909956846825688,0.18913096749860867,9.482112873991756,10.33780081965962,10,1000,9,0.3577052286695977,0.7222509808316271,0.0,11.476696846825687,0.19003782332479863,11.046801423588914,11.906592270062461,10,1000,9,0.36114374294027374,0.7296683869217132,0.0,,,,,,0.14883333333333332,0.00051,0.11126333333333333,0.00040666666666666667,0.0,0.17192333333333332,0.11145666666666666,0.17402,0.10179333333333333,0.08889666666666667,0.09089666666666667,-2.630867788114019,-5.915741267312849,0.084
fixed_duration,theta0.15_kappa0.1,independent,5.475424999999996,0.1384840000000001,0.09370400000000002,1.1712999999999998,4.127322561763562,1.8194871382487252,956.031,959.081,445.519,4.385,138.484,46.852,6.018162561763562,-0.08690730239287955,0.015554440641604706,0.0,1.332,0.035964,0.0026640000000000006,0.0333,9.982782700013336,1.9120620000000002,1.9120620000000002,8.070720700013338,9.982782700012281,1.0544427553327295e-12,186.668,0.0,1.4850633333333334,69.235,69.249,0.0,33.649,0.005,33.116,0.0,39.158,0.005,39.131,108.084,23.433,23.419,4.362,253.148,439.521,,,,,,,-0.0006837714325180172,0.02490086838173466,80.643,-0.3950106016267284,280.153,0.08041872526872819,78.725,,8.070720700013336,0.2330478226452277,7.543529898741909,8.597911501284763,10,1000,9,0.5431128763968149,0.9018208208568295,0.0,9.982782700013336,0.23775344483120775,9.444947041808472,10.5206183582182,10,1000,9,0.5652670052910614,0.9070007028199155,0.0,,-0.0006837714325180178,0.00030877904321186786,-0.0014099816943838846,0.0010215144524449438,0.0,0.11216333333333334,1.6666666666666667e-05,0.11038666666666666,0.0,0.13052666666666668,1.6666666666666667e-05,0.13043666666666667,0.36028,0.07811,0.07806333333333333,-5.582258888347657,-9.415690632596027,0.145
fixed_duration,theta0.15_kappa0.1,myopic,6.808474999999995,0.1682640000000001,0.024082000000000003,0.301025,1.1394082369122212,0.6674747456414795,710.553,713.02,323.379,4.482,168.264,12.041,1.7221282369122208,0.07038803643119991,0.014366709210279549,-0.007,1.103,0.029781000000000002,0.0022060000000000005,0.027575000000000002,8.092205982551976,1.4211059999999998,1.4211059999999998,6.671099982551977,8.092205982553697,-1.7185978196110342e-12,181.408,0.0,1.0779299999999998,84.307,83.957,0.073,8.214,10.664,8.091,0.0,70.435,10.02,70.561,109.901,5.842,6.199,2.492,287.886,538.783,-1.1418234497805015,0.22793658054703264,0.0,28.694,58.896,0.4871197732621367,-0.0005945623097116358,0.05382035505760992,120.824,-0.36080559008957763,298.375,0.07689162641099402,119.584,0.0031794468815364734,6.671099982551977,0.29089381043828577,6.0130524656553455,7.329147499448608,10,1000,9,0.8461920895130532,0.653004480579974,0.1931876089330793,8.092205982551977,0.2915040767563377,7.432777947332751,8.751634017771204,10,1000,9,0.8497462676556482,0.6582006963227494,0.19154557133289885,0.4871977723444716,-0.00042706174586238554,0.0004454442416871641,-0.001209235324975543,0.0006429925944189358,0.00024333333333333333,0.02738,0.035546666666666664,0.026969999999999997,0.0,0.23478333333333334,0.0334,0.23520333333333335,0.36633666666666664,0.019473333333333332,0.020663333333333332,-4.14314589395863,-8.082677500777592,0.164
fixed_duration,theta0.15_kappa0.1,noinfo,5.322524999999996,0.13848700000000008,0.09326200000000003,1.1657749999999998,3.9939574701565417,1.984123921257711,862.499,865.385,415.101,4.333,138.487,46.631,5.858697470156541,0.07973952668686561,0.03964439457084552,0.0,1.258,0.03396600000000001,0.0025160000000000004,0.031450000000000006,9.869116391415593,1.724998,1.724998,8.144118391415594,9.869116391414249,1.3443665070056455e-12,186.376,0.0,1.38367,69.295,69.192,0.0,36.781,1.313,36.553,0.0,42.879,1.341,43.494,91.008,23.264,23.367,4.277,253.369,430.75,-1.0502787865503627,0.23160045358228387,0.0,28.848,58.896,0.48986020055280965,-0.00027386580651898385,0.118183278288932,82.05,-0.3466237595615366,268.524,0.2028573693227633,80.176,0.0032017237821580853,8.144118391415592,0.2684358467624999,7.5368743179100015,8.751362464921183,10,1000,9,0.7205780382710032,0.8275403949750171,0.0,9.869116391415593,0.2740901325889478,9.249081434727195,10.489151348103992,10,1000,9,0.7512540078262698,0.8358738280245175,0.0,0.4898125509372453,-5.9392018455812545e-05,0.0014403812101027667,-0.001290848339669961,0.002530150784807964,0.0,0.12260333333333333,0.004376666666666667,0.12184333333333332,0.0,0.14293,0.00447,0.14498,0.30335999999999996,0.07754666666666667,0.07789,-5.629168217842766,-8.692284712107512,0.138
fixed_duration,theta0.15_kappa0.1,taker,0.0,0.0,0.2457500000000001,3.0718749999999932,5.89952830843903,2.7131311888126977,1028.834,1030.857,464.028,3.0,0.0,122.875,8.55146830843903,0.0,0.06119118881269727,-0.005,1.115,0.030105000000000003,0.00223,0.027875000000000004,5.264929497260344,2.057668,2.057668,3.2072614972603457,5.264929497251734,8.611684754189497e-12,123.99,0.0,1.54676,0.0,0.0,177.125,0.0,0.0,0.0,0.0,0.0,0.0,0.0,0.0,61.435,61.44,300.0,0.0,0.0,,,,,,,,0.0,0.0,0.0,0.0,0.0,0.0,,3.2072614972603453,0.15393109257363896,2.859045173617534,3.5554778209031563,10,1000,9,0.2369478126091421,0.9934432068301913,0.0,5.264929497260345,0.15421837562473217,4.916063294205753,5.613795700314937,10,1000,9,0.23783307380330987,1.0013821707445143,0.0,,,,,,0.5904166666666667,0.0,0.0,0.0,0.0,0.0,0.0,0.0,0.0,0.20478333333333334,0.20479999999999998,-10.732370098884832,-14.259220599486875,0.313
fixed_duration,theta0.35_kappa0.002,abstain,0.0,0.0,0.0,0.0,0.0,0.0,0.0,0.0,0.0,0.0,0.0,0.0,0.0,0.0,0.0,0.0,0.0,0.0,0.0,0.0,0.0,0.0,0.0,0.0,0.0,0.0,0.0,0.0,0.0,0.0,0.0,300.0,0.0,0.0,0.0,0.0,0.0,0.0,0.0,0.0,0.0,0.0,300.0,0.0,0.0,,,,,,,,0.0,0.0,0.0,0.0,0.0,0.0,,0.0,0.0,0.0,0.0,10,1000,9,0.0,0.0,0.0,0.0,0.0,0.0,0.0,10,1000,9,0.0,0.0,0.0,,,,,,1.0,0.0,0.0,0.0,0.0,0.0,0.0,0.0,0.0,0.0,0.0,0.0,0.0,0.0
fixed_duration,theta0.35_kappa0.002,active,3.303974999999996,0.089506,0.13819200000000006,1.7273999999999978,4.778453580442609,3.6173814827405275,891.452,893.914,413.736,4.092,89.506,69.096,6.641723580442609,1.7746248895170307,-0.020513406776502464,0.02,1.188,0.03207600000000001,0.0023760000000000005,0.029700000000000004,9.71263606318685,1.782904,1.782904,7.929732063186852,9.712636063183133,3.714886509520454e-12,159.79,0.0,1.37912,44.576,44.93,72.095,4.477,19.615,4.497,12.363,41.076,19.309,40.985,16.487,34.735,34.361,30.922,158.809,269.72,-1.0534350600489488,0.32597395996390843,0.2550133333333333,46.046,58.958,0.7814724957769245,-0.025629178397746963,-1.6840491458616116,58.287,-3.0177035379612414,151.493,-1.8373381782656806,59.94,1.777584056034837e-66,7.929732063186852,0.18741071540380294,7.505779570951003,8.353684555422701,10,1000,9,0.3512277624816523,0.8488868402998694,0.0,9.712636063186851,0.18857338310498425,9.28605343388282,10.139218692490882,10,1000,9,0.35559920815659163,0.8575689662557068,0.0,0.7809966416771261,-0.024243996967553513,-0.02889236272001667,-0.019919755618815663,-0.030652955927021698,0.24031666666666665,0.014923333333333334,0.06538333333333333,0.01499,0.04121,0.13692000000000001,0.06436333333333334,0.13661666666666666,0.05495666666666666,0.11578333333333334,0.11453666666666666,-5.115265953715571,-8.869029141353256,0.146
fixed_duration,theta0.35_kappa0.002,full_information,3.3914499999999945,0.102079,0.1411400000000001,1.7642499999999977,4.223510824639639,12.542531294506967,936.522,939.573,423.988,4.322,102.079,70.57,5.89172082463964,10.89388673084726,-0.019565436340291214,0.057,1.343,0.03626100000000001,0.002686000000000001,0.033575,18.113762119150394,1.873044,1.873044,16.240718119150394,18.113762119146603,3.789993208158649e-12,173.992,0.0,1.4132933333333333,51.051,51.028,87.411,0.236,0.0,0.201,25.1,58.312,0.0,58.17,0.0,35.302,35.268,50.234,142.019,283.601,,,,,,,,,66.495,,149.399,,67.707,,16.240718119150394,0.37551702253180586,15.391239596877414,17.090196641423372,10,1000,9,1.4101303421115279,0.8615919628773421,0.5485383792341858,18.113762119150394,0.38259312688522196,17.248276336729628,18.97924790157116,10,1000,9,1.4637750073981153,0.8796862279660693,0.584088779432046,,,,,,0.29137,0.0007866666666666666,0.0,0.00067,0.08366666666666667,0.19437333333333331,0.0,0.19390000000000002,0.0,0.11767333333333334,0.11756,3.6164937982224514,0.35179155364285764,0.018
fixed_duration,theta0.35_kappa0.002,independent,5.462224999999995,0.13800500000000004,0.09386800000000002,1.1733499999999997,5.1244173486102875,1.7216542395572378,960.277,963.396,445.823,4.435,138.005,46.934,7.006437348610287,-0.10650211836120053,-0.05386364208156192,0.115,1.313,0.03545100000000001,0.0026260000000000003,0.032825,10.867622588168542,1.920554,1.920554,8.947068588168543,10.86762258816752,1.0222153679073643e-12,186.252,0.0,1.4860766666666665,69.114,68.891,0.0,33.153,0.01,34.242,0.0,38.894,0.017,38.411,108.339,23.413,23.521,4.377,253.066,438.71,,,,,,,-0.0007437567761737568,-0.1462146693582906,78.843,-0.27874718635594886,278.538,0.06995479451023752,81.329,,8.947068588168543,0.334051285792788,8.191392079270438,9.702745097066648,10,1000,9,1.115902615398149,0.8324569796296843,0.2834456357684647,10.867622588168542,0.3324148040547374,10.115648058155957,11.619597118181128,10,1000,9,1.1049960195474944,0.8379344572301616,0.2670615623173328,,-0.000743756776173758,-0.0018545041330021766,-0.0010007510155021896,0.00086014575994095,0.0,0.11051,3.3333333333333335e-05,0.11413999999999999,0.0,0.12964666666666666,5.666666666666667e-05,0.12803666666666666,0.36113,0.07804333333333334,0.07840333333333334,-3.9521543019403516,-7.283787500275761,0.098
fixed_duration,theta0.35_kappa0.002,myopic,1.0055499999999997,0.028032000000000005,0.004548,0.05685000000000001,0.2982693281317727,0.7108797570798261,174.352,174.602,76.59,2.878,28.032,2.274,0.41415932813177264,0.6020073877001108,-0.007017630620284633,-0.002,0.138,0.003726,0.00027600000000000004,0.0034500000000000004,1.9215430852114104,0.348704,0.348704,1.5728390852114105,1.9215430852115987,-1.87990581435038e-13,30.444,0.0,0.25529999999999997,14.077,13.955,252.499,0.414,3.48,0.502,5.97,12.541,3.571,13.101,5.648,1.075,1.199,158.265,45.227,82.487,-1.0707035803688252,0.30704639541981377,0.02638333333333331,35.198,58.958,0.5971609625442774,-0.0950838701152467,-1.0089378710636352,20.22,-2.1215310118615323,41.752,-1.0362902690881222,20.515,1.7371400568689573e-68,1.5728390852114105,0.08755304777791013,1.3747803310557976,1.7708978393670234,10,1000,9,0.07665536175201015,0.18357485327208303,0.0,1.9215430852114106,0.0895382750360184,1.7189934349940859,2.1240927354287353,10,1000,9,0.08017102696425675,0.19423483664721994,0.0,0.5970012551307711,-0.050514131342069536,-0.049898015383958216,-0.05081267991620837,-0.05051378352854605,0.8416633333333333,0.00138,0.0116,0.0016733333333333333,0.019899999999999998,0.04180333333333333,0.011903333333333333,0.04367,0.018826666666666665,0.0035833333333333333,0.003996666666666667,-3.51477386356882,-5.241822032126861,0.362
fixed_duration,theta0.35_kappa0.002,noinfo,1.2429749999999997,0.034033,0.2111420000000001,2.6392749999999943,5.852615529404689,3.0652251997717603,979.825,982.003,445.817,3.484,34.033,105.571,8.23191552940469,0.7485422678957451,-0.06261706812398457,0.012,1.088,0.029376000000000006,0.002176,0.027200000000000002,7.246989729183426,1.9596500000000001,1.9596500000000001,5.287339729183424,7.246989729176455,6.969882337948263e-12,140.692,0.0,1.4860566666666666,17.096,16.937,137.343,1.232,5.266,1.268,5.276,16.177,5.311,15.608,6.948,52.712,52.859,105.242,57.086,101.095,-1.0447724118695094,0.317852230765811,0.0344833333333333,36.833,58.958,0.6248061136685772,-0.0741580537719665,-0.9802066882746479,20.808,-2.461291216528603,59.265,-1.1670239281317445,21.022,3.746362538203174e-68,5.287339729183425,0.2792674583077416,4.655592848036118,5.919086610330732,10,1000,9,0.7799031326966619,0.8950180203678071,0.0,7.246989729183426,0.2798249129109676,6.613981798112497,7.879997660254355,10,1000,9,0.7830198188563061,0.9014392124481784,0.0,0.6247328606804844,-0.04558605107013201,-0.04710720339651325,-0.04153026603439809,-0.05551441005288481,0.45780999999999994,0.0041066666666666665,0.017553333333333334,0.004226666666666667,0.017586666666666667,0.05392333333333333,0.017703333333333335,0.052026666666666666,0.02316,0.17570666666666668,0.17619666666666667,-7.963314877874974,-11.72055798707663,0.204
fixed_duration,theta0.35_kappa0.002,taker,0.0,0.0,0.24661200000000014,3.0826499999999935,6.685124188048841,2.618330756651557,1031.685,1033.781,465.605,3.0,0.0,123.306,9.354074188048841,0.0,-0.05061924334844334,0.036,1.13,0.030510000000000006,0.0022600000000000003,0.028250000000000004,5.943682944709065,2.06337,2.06337,3.880312944709066,5.943682944700404,8.661274641941218e-12,124.436,0.0,1.5520166666666668,0.0,0.0,176.694,0.0,0.0,0.0,0.0,0.0,0.0,0.0,0.0,61.671,61.635,300.0,0.0,0.0,,,,,,,,0.0,0.0,0.0,0.0,0.0,0.0,,3.8803129447090656,0.27347514243720855,3.261669192397475,4.498956697020656,10,1000,9,0.7478865353105149,0.9231590055212662,0.0,5.943682944709066,0.2766189816305595,5.3179273340475515,6.569438555370581,10,1000,9,0.7651806099832781,0.9313361998846721,0.0,,,,,,0.58898,0.0,0.0,0.0,0.0,0.0,0.0,0.0,0.0,0.20557,0.20545,-8.97379221758451,-12.681185100664791,0.259
fixed_duration,theta0.35_kappa0.02,abstain,0.0,0.0,0.0,0.0,0.0,0.0,0.0,0.0,0.0,0.0,0.0,0.0,0.0,0.0,0.0,0.0,0.0,0.0,0.0,0.0,0.0,0.0,0.0,0.0,0.0,0.0,0.0,0.0,0.0,0.0,0.0,300.0,0.0,0.0,0.0,0.0,0.0,0.0,0.0,0.0,0.0,0.0,300.0,0.0,0.0,,,,,,,,0.0,0.0,0.0,0.0,0.0,0.0,,0.0,0.0,0.0,0.0,10,1000,9,0.0,0.0,0.0,0.0,0.0,0.0,0.0,10,1000,9,0.0,0.0,0.0,,,,,,1.0,0.0,0.0,0.0,0.0,0.0,0.0,0.0,0.0,0.0,0.0,0.0,0.0,0.0
fixed_duration,theta0.35_kappa0.02,active,4.411174999999995,0.11928200000000004,0.10257800000000003,1.2822249999999995,3.972326209049088,5.763698447512976,855.368,857.939,398.478,4.326,119.282,51.289,5.588816209049088,4.2780184280613875,-0.13080998054841234,-0.005,1.177,0.031779,0.002354,0.029425000000000003,12.611335656564185,1.7107359999999998,1.7107359999999998,10.900599656564182,12.61133565656206,2.1240570413638693e-12,171.748,0.0,1.3282600000000002,59.512,59.77,35.255,8.408,25.823,8.625,14.619,53.497,23.993,52.846,25.645,25.771,25.518,9.3,213.456,360.063,-1.0293825085551025,0.17459250812230237,0.016929999999999973,39.413,58.829,0.6702324453681279,-0.003841762496915051,-0.30822262891501623,78.094,-0.4206102294172195,201.956,-0.36293564467411266,80.013,8.362759727693937e-45,10.90059965656418,0.4151663720524156,9.961428074272865,11.839771238855496,10,1000,9,1.7236311648316476,0.7846768451889682,0.9389543196426794,12.611335656564183,0.4180764941321125,11.665580920765663,13.557090392362703,10,1000,9,1.7478795494579833,0.7951920913437894,0.9526874581141939,0.6699586938414728,-0.0030321596581885622,-0.003946815746600459,-0.0020826825121175877,-0.004535958465175818,0.11751666666666667,0.028026666666666665,0.08607666666666666,0.02875,0.04873,0.17832333333333333,0.07997666666666667,0.17615333333333333,0.08548333333333333,0.08590333333333333,0.08506,-1.7192043358957065,-5.041065548621391,0.079
fixed_duration,theta0.35_kappa0.02,full_information,3.3764999999999947,0.10173600000000001,0.14163600000000007,1.7704499999999976,4.042062761967632,12.400327019491487,941.608,944.528,425.152,4.304,101.736,70.818,5.714352761967631,10.924132245179674,-0.19609522568818813,0.034,1.316,0.035532,0.0026320000000000007,0.032900000000000006,17.76953578146302,1.883216,1.883216,15.886319781463019,17.769535781459112,3.9056611278454056e-12,173.87,0.0,1.4171733333333332,50.988,50.748,87.222,0.254,0.0,0.229,24.935,58.187,0.0,58.355,0.0,35.306,35.512,50.223,141.96,283.437,,,,,,,,,66.318,,149.805,,67.314,,15.88631978146302,0.3935286195165493,14.99609619605757,16.776543366868474,10,1000,9,1.5486477437860104,0.8599127998599216,0.6887349439260888,17.76953578146302,0.39942533077638626,16.865972908444174,18.673098654481866,10,1000,9,1.5954059486582557,0.8747435064045366,0.7206624422537191,,,,,,0.29074,0.0008466666666666667,0.0,0.0007633333333333333,0.08311666666666666,0.19395666666666667,0.0,0.19451666666666664,0.0,0.11768666666666666,0.11837333333333333,2.9053969208203783,-0.6922187007175991,0.025
fixed_duration,theta0.35_kappa0.02,independent,5.477949999999995,0.13833900000000005,0.09350200000000002,1.1687749999999997,4.564328269089731,1.6563480492936349,971.656,974.81,448.358,4.451,138.339,46.751,6.44046826908973,-0.09839297186135007,-0.12139897884501497,0.018,1.358,0.03666600000000001,0.002716,0.03395,10.261344318384483,1.943312,1.943312,8.318032318384482,10.26134431838336,1.121315235108611e-12,186.448,0.0,1.4945266666666666,69.3,69.039,0.0,33.551,0.007,34.061,0.0,38.572,0.004,38.208,108.846,23.254,23.497,4.369,253.249,438.875,,,,,,,-0.0007205303119299034,0.09675644745538246,78.534,-0.2961338967719439,278.802,-0.12859912355460618,81.539,,8.318032318384482,0.40288733895195206,7.406637838773616,9.229426797995348,10,1000,9,1.6231820788778513,0.90161869569028,0.7215633831875713,10.261344318384484,0.39918644560512434,9.358321841166896,11.164366795602072,10,1000,9,1.5934981835485291,0.9068848979254106,0.6866132856231185,,-0.0007205303119299058,0.0012320325904115728,-0.0010621656113368766,-0.0015771486473295743,0.0,0.11183666666666667,2.3333333333333332e-05,0.11353666666666666,0.0,0.12857333333333335,1.3333333333333333e-05,0.12736,0.36282000000000003,0.07751333333333334,0.07832333333333333,-4.9026738274144295,-9.014366908694994,0.144
fixed_duration,theta0.35_kappa0.02,myopic,3.500224999999995,0.09290700000000002,0.013188,0.16484999999999997,1.0657275417713103,4.599589291699101,604.617,606.65,250.225,4.413,92.907,6.594,1.48569754177131,4.178172744600622,0.0014465470984795026,0.025,0.821,0.022167000000000003,0.0016420000000000002,0.020525,8.872429833469537,1.209234,1.209234,7.663195833469539,8.872429833470408,-8.677730201078759e-13,100.322,0.0,0.8340833333333334,46.505,46.402,131.706,1.576,18.35,1.598,9.406,45.647,18.019,45.327,21.777,3.258,3.336,23.176,161.7,283.857,-1.0628278064945293,0.19686822547598803,0.0138133333333333,39.688,58.829,0.6749693375986003,-0.009471466090058674,-0.3298035477220927,71.212,-1.1149935075916155,139.58,-0.47572768289238326,73.065,9.476109943555154e-45,7.663195833469539,0.34958114603896706,6.872388339978284,8.454003326960793,10,1000,9,1.2220697766591764,0.5525943386857798,0.6694754379733966,8.872429833469537,0.3630280569790921,8.051203314077569,9.693656352861506,10,1000,9,1.317893701540149,0.5816194667999658,0.7362742347401833,0.6746332591069031,-0.006765817782214607,-0.004631291744679165,-0.007988203951795498,-0.0065110200902262815,0.43901999999999997,0.005253333333333334,0.061166666666666675,0.005326666666666667,0.03135333333333334,0.15215666666666666,0.06006333333333333,0.15109,0.07259,0.01086,0.01112,-3.153225593500218,-6.082891012278737,0.111
fixed_duration,theta0.35_kappa0.02,noinfo,3.528099999999995,0.09502000000000001,0.13368400000000008,1.6710499999999981,4.59311418699714,5.735500747585441,902.771,905.363,416.761,4.192,95.02,66.842,6.43898418699714,4.067330570864968,-0.17769982327952716,-0.008,1.184,0.031968,0.0023680000000000003,0.029600000000000005,11.924992934586053,1.805542,1.805542,10.11945093458605,11.924992934582576,3.472844400942421e-12,163.046,0.0,1.3892033333333333,47.642,47.378,65.015,4.732,19.527,4.742,12.102,43.058,19.457,43.037,21.488,33.285,33.557,16.82,168.143,287.828,-1.040596816248045,0.19481928149598005,0.013966666666666636,39.809,58.829,0.6770044053532243,-0.008394800958781944,-0.39063106561284205,61.605,-0.9068316331905882,162.413,-0.455306465619758,63.81,1.1960875867540918e-44,10.119450934586052,0.40936469947815124,9.193403647464818,11.045498221707286,10,1000,9,1.6757945717883709,0.8751575800879264,0.8006369917004444,11.924992934586053,0.4058081620830575,11.006991094007889,12.842994775164216,10,1000,9,1.6468026441322903,0.8846826126653994,0.7621200314668909,0.6766900678236923,-0.006089640912014078,-0.006340898719468259,-0.005583491673638121,-0.007135346585484375,0.21671666666666667,0.015773333333333334,0.06509000000000001,0.015806666666666667,0.04034,0.14352666666666666,0.06485666666666667,0.14345666666666668,0.07162666666666667,0.11095,0.11185666666666667,-2.9458828162054562,-6.8295199007255265,0.096
fixed_duration,theta0.35_kappa0.02,taker,0.0,0.0,0.24587600000000012,3.073449999999993,6.327799610613813,2.416649166212026,1031.806,1033.864,464.884,3.0,0.0,122.938,8.978959610613812,0.0,-0.23451083378797405,-0.07,1.126,0.03040200000000001,0.002252,0.028150000000000005,5.394720776834502,2.063612,2.063612,3.3311087768345033,5.394720776825846,8.657293215641459e-12,124.064,0.0,1.5496133333333335,0.0,0.0,177.062,0.0,0.0,0.0,0.0,0.0,0.0,0.0,0.0,61.434,61.504,300.0,0.0,0.0,,,,,,,,0.0,0.0,0.0,0.0,0.0,0.0,,3.3311087768345025,0.35810204270887863,2.521025675907944,4.141191877761061,10,1000,9,1.2823707299227154,0.9077124451931379,0.3746582847295775,5.394720776834503,0.3596185923981851,4.581207002165541,6.208234551503465,10,1000,9,1.29325531998452,0.9140744252420279,0.37918089474249217,,,,,,0.5902066666666667,0.0,0.0,0.0,0.0,0.0,0.0,0.0,0.0,0.20478,0.20501333333333333,-10.928025405073164,-14.54751479027122,0.28
fixed_duration,theta0.35_kappa0.1,abstain,0.0,0.0,0.0,0.0,0.0,0.0,0.0,0.0,0.0,0.0,0.0,0.0,0.0,0.0,0.0,0.0,0.0,0.0,0.0,0.0,0.0,0.0,0.0,0.0,0.0,0.0,0.0,0.0,0.0,0.0,0.0,300.0,0.0,0.0,0.0,0.0,0.0,0.0,0.0,0.0,0.0,0.0,300.0,0.0,0.0,,,,,,,,0.0,0.0,0.0,0.0,0.0,0.0,,0.0,0.0,0.0,0.0,10,1000,9,0.0,0.0,0.0,0.0,0.0,0.0,0.0,10,1000,9,0.0,0.0,0.0,,,,,,1.0,0.0,0.0,0.0,0.0,0.0,0.0,0.0,0.0,0.0,0.0,0.0,0.0,0.0
fixed_duration,theta0.35_kappa0.1,active,4.989549999999994,0.12980300000000006,0.089766,1.1220749999999997,3.9435730994451825,4.541133004554328,814.3,817.206,384.858,4.381,129.803,44.883,5.595673099445181,3.0173103911288526,-0.1282773865745241,0.008,1.224,0.033048,0.0024480000000000005,0.030600000000000002,12.099564104000878,1.6286,1.6286,10.470964104000876,12.099564103999507,1.370714652892957e-12,175.91,0.0,1.2828600000000001,64.885,64.918,13.156,20.39,19.851,20.467,3.734,50.082,19.87,51.535,56.032,22.462,22.421,4.327,241.961,403.344,-1.0126123129517601,0.18325060437531782,0.0,26.349,59.003,0.44677375522242074,0.006501583950522931,0.8356481094049468,83.508,1.4419028095276523,238.506,0.5963733147785854,81.33,1.3350355710583336e-33,10.470964104000876,0.22831294266913724,9.954484345382351,10.9874438626194,10,1000,9,0.5212679979024075,0.7912025597351082,0.0,12.099564104000876,0.2331433536128355,11.572157196666806,12.626971011334946,10,1000,9,0.5435582333383966,0.8038697120643175,0.0,0.4465705133637273,0.007125243548214885,0.010006803053658893,0.006045561996459847,0.007332759311183885,0.043853333333333334,0.06796666666666668,0.06616999999999999,0.06822333333333333,0.012446666666666667,0.16694,0.06623333333333334,0.17178333333333332,0.18677333333333332,0.07487333333333333,0.07473666666666666,-1.7884616475135595,-4.901989408898183,0.078
fixed_duration,theta0.35_kappa0.1,full_information,3.411199999999994,0.10230600000000001,0.10828400000000003,1.3535499999999994,2.7648157871287586,12.320967509809186,706.201,709.265,373.065,4.253,102.306,54.142,4.127805787128758,10.936190428053957,0.021787081755231745,-0.02,1.374,0.037098000000000006,0.002748000000000001,0.03435,16.895745296940735,1.412402,1.412402,15.48334329694073,16.895745296937942,2.7903372945559113e-12,157.822,0.0,1.24355,51.149,51.157,103.626,0.188,0.0,0.22,24.281,58.005,0.0,59.538,0.0,27.065,27.077,50.182,142.232,284.056,,,,,,,,,67.762,,150.89,,65.404,,15.483343296940735,0.2015255880405399,15.027460744467707,15.939225849413763,10,1000,9,0.406125626350854,0.6878029837575212,0.0,16.89574529694073,0.19950509277923675,16.44443342229546,17.347057171586002,10,1000,9,0.3980228204485186,0.7028064317892311,0.0,,,,,,0.34542,0.0006266666666666666,0.0,0.0007333333333333333,0.08093666666666666,0.19335000000000002,0.0,0.19846,0.0,0.09021666666666667,0.09025666666666667,3.0445055704512227,0.32120084385202446,0.02
fixed_duration,theta0.35_kappa0.1,independent,5.468824999999995,0.13809600000000005,0.09359200000000001,1.1698999999999997,4.3902325696717925,1.9079556472009,965.578,968.924,447.172,4.429,138.096,46.796,6.267212569671791,0.09311826931441922,-0.06214262211351908,0.006,1.394,0.037638000000000005,0.0027880000000000005,0.03485,10.327787216873778,1.9311559999999999,1.9311559999999999,8.396631216873779,10.327787216872686,1.0901298475030075e-12,186.286,0.0,1.4905733333333333,69.005,69.091,0.0,34.085,0.012,33.458,0.0,38.066,0.013,38.83,108.74,23.444,23.352,4.342,253.204,438.84,,,,,,,0.0007310246815602981,0.13098434654952162,80.347,0.20774379197856768,280.038,-0.028333907480025927,78.455,,8.396631216873775,0.28615187450188095,7.749310704321212,9.043951729426338,10,1000,9,0.8188289528094022,0.8988816292053027,0.0,10.327787216873777,0.2876941801959569,9.676977766448136,10.978596667299417,10,1000,9,0.8276794131862371,0.9015727055239486,0.0,,0.0007310246815602992,0.001630233195384042,0.0007418414357286071,-0.0003611485243773619,0.0,0.11361666666666667,4e-05,0.11152666666666666,0.0,0.12688666666666668,4.3333333333333334e-05,0.12943333333333332,0.36246666666666666,0.07814666666666667,0.07784,-4.759037953405383,-9.494867413896895,0.121
fixed_duration,theta0.35_kappa0.1,myopic,5.516149999999994,0.13579000000000008,0.021346000000000004,0.266825,1.6085622568482072,4.3014468945533775,748.182,751.095,317.858,4.591,135.79,10.673,2.193082256848207,3.751343782078913,-0.034416887525535116,-0.043,1.141,0.030807000000000005,0.002282,0.028525,10.97139115140018,1.496364,1.496364,9.47502715140018,10.97139115140158,-1.4004379877974315e-12,147.604,0.0,1.0595266666666667,67.89,67.9,39.7,2.671,28.778,2.852,1.013,58.875,28.808,59.996,66.634,5.32,5.353,5.114,249.627,436.145,-1.0463592961392543,0.1794770327901806,0.0,26.405,59.003,0.44786573426896986,0.008033927199974996,0.845911781324373,104.573,2.00164183078157,229.093,0.9110069798583083,102.479,6.619593420360398e-34,9.47502715140018,0.18926876422549205,9.046871460713518,9.903182842086842,10,1000,9,0.358226651114449,0.7360274688660724,0.0,10.971391151400178,0.18807954923725284,10.545925651917269,11.396856650883088,10,1000,9,0.3537391684128821,0.7708491290432347,0.0,0.44751961764656034,0.00861768584292896,0.008089198754213543,0.008737245707121432,0.008889694277445216,0.13233333333333333,0.008903333333333333,0.09592666666666666,0.009506666666666667,0.0033766666666666663,0.19625,0.09602666666666666,0.19998666666666667,0.22211333333333333,0.017733333333333334,0.017843333333333333,-1.9347401117590073,-4.819272376777331,0.092
fixed_duration,theta0.35_kappa0.1,noinfo,4.720249999999995,0.12164200000000004,0.10152800000000002,1.2690999999999995,4.249478693507012,4.839839698335001,858.448,861.446,400.276,4.426,121.642,50.764,6.015038693507011,3.172522836437561,-0.09824313810255995,-0.004,1.256,0.033912000000000005,0.0025120000000000003,0.031400000000000004,12.283386391843852,1.7168960000000002,1.7168960000000002,10.566490391843852,12.283386391842006,1.84313209139475e-12,173.662,0.0,1.3342533333333333,60.79,60.852,19.012,17.431,22.46,17.506,3.159,46.839,22.472,47.563,52.794,25.411,25.353,4.895,230.224,380.579,-1.0014367906247785,0.18600088652645985,0.0,26.648,59.003,0.4518974968851801,0.007325274979404341,0.830838115597884,77.573,1.668663557405197,227.423,0.576805626512263,75.583,1.0104827845712424e-33,10.566490391843852,0.24169820207865064,10.019731072776183,11.11324971091152,10,1000,9,0.5841802088805225,0.80527038485453,0.0,12.283386391843852,0.2473295629432685,11.723888049459987,12.842884734227717,10,1000,9,0.6117191270570821,0.8187579685972469,0.0,0.4516380523024253,0.008083229236282989,0.010710403305246464,0.007337268250815427,0.007631420114473664,0.06337333333333334,0.05810333333333333,0.07486666666666666,0.05835333333333333,0.01053,0.15613,0.07490666666666668,0.15854333333333334,0.17598,0.08470333333333334,0.08451,-1.8794940519368806,-5.087819449547942,0.081
fixed_duration,theta0.35_kappa0.1,taker,0.0,0.0,0.24459200000000011,3.0573999999999932,5.821877737240274,2.7032671039595804,1028.062,1030.194,463.634,3.0,0.0,122.296,8.462747737240274,0.0,0.062397103959580286,0.062,1.144,0.030888000000000006,0.002288,0.0286,5.19226484120842,2.056124,2.056124,3.1361408412084195,5.1922648411998615,8.558885433718189e-12,123.44,0.0,1.5454466666666666,0.0,0.0,177.704,0.0,0.0,0.0,0.0,0.0,0.0,0.0,0.0,61.179,61.117,300.0,0.0,0.0,,,,,,,,0.0,0.0,0.0,0.0,0.0,0.0,,3.1361408412084195,0.40423334816193035,2.221701477222008,4.050580205194831,10,1000,9,1.6340459976620443,0.9328137613166969,0.7012322363453474,5.19226484120842,0.4060981646564552,4.273606969231615,6.110922713185225,10,1000,9,1.6491571933734142,0.9380835678743829,0.7110736254990313,,,,,,0.5923466666666667,0.0,0.0,0.0,0.0,0.0,0.0,0.0,0.0,0.20393,0.2037233333333333,-9.609974118269207,-14.192202129372049,0.299
fixed_duration,theta0.65_kappa0.002,abstain,0.0,0.0,0.0,0.0,0.0,0.0,0.0,0.0,0.0,0.0,0.0,0.0,0.0,0.0,0.0,0.0,0.0,0.0,0.0,0.0,0.0,0.0,0.0,0.0,0.0,0.0,0.0,0.0,0.0,0.0,0.0,300.0,0.0,0.0,0.0,0.0,0.0,0.0,0.0,0.0,0.0,0.0,300.0,0.0,0.0,,,,,,,,0.0,0.0,0.0,0.0,0.0,0.0,,0.0,0.0,0.0,0.0,10,1000,9,0.0,0.0,0.0,0.0,0.0,0.0,0.0,10,1000,9,0.0,0.0,0.0,,,,,,1.0,0.0,0.0,0.0,0.0,0.0,0.0,0.0,0.0,0.0,0.0,0.0,0.0,0.0
fixed_duration,theta0.65_kappa0.002,active,2.7088999999999968,0.08229399999999999,0.15141000000000007,1.8926249999999973,4.481497698961309,11.53832233220043,1012.676,1015.551,447.928,4.284,82.294,75.705,6.293527698961309,9.711644894405667,0.014647437794764802,0.075,1.309,0.035343000000000006,0.0026180000000000005,0.03272500000000001,16.56704803116641,2.025352,2.025352,14.54169603116641,16.56704803116174,4.67036231910356e-12,159.308,0.0,1.4930933333333332,41.015,41.279,98.454,7.863,4.387,7.851,21.594,38.461,3.084,39.102,3.499,38.022,37.683,30.931,125.841,228.497,-1.052332868002045,0.23039055380967474,0.22058666666666665,39.933,58.879,0.6784354605562262,-0.024962771463689835,-1.8970523892024636,52.905,-2.207325662250545,124.259,-1.3515487072657948,51.333,1.974189670304232e-113,14.54169603116641,0.23466103016407563,14.01085590095114,15.072536161381679,10,1000,9,0.5506579907766521,1.012807711807561,0.0,16.56704803116641,0.23826541435660914,16.028054217432526,17.106041844900297,10,1000,9,0.5677040767852665,1.0333458003947542,0.0,0.6782214371847348,-0.023877454665570237,-0.03585771456766777,-0.01776390975503219,-0.026329041888566707,0.32817999999999997,0.02621,0.014623333333333332,0.02617,0.07198,0.12820333333333334,0.010280000000000001,0.13033999999999998,0.011663333333333333,0.12674,0.12561,0.5438949036542188,-3.8759387705822888,0.045
fixed_duration,theta0.65_kappa0.002,full_information,3.434199999999994,0.10563400000000002,0.13445600000000008,1.680699999999998,3.715420319033038,22.397682224260837,1036.902,1040.77,451.904,4.54,105.634,67.228,5.215660319033039,20.89688253929551,0.0005596849653257365,0.066,1.512,0.040824000000000006,0.0030240000000000006,0.03780000000000001,27.585688543297717,2.073804,2.073804,25.511884543297718,27.585688543293873,3.844599305580232e-12,174.374,0.0,1.5063466666666667,52.944,52.69,87.728,0.37,0.0,0.33,33.83,54.588,0.0,55.926,0.0,33.52,33.708,50.142,145.044,289.388,,,,,,,,,71.2,,148.695,,69.493,,25.511884543297715,0.3458765015948037,24.729457537771445,26.294311548823984,10,1000,9,1.1963055435546024,0.9298679997640964,0.266437543790506,27.585688543297714,0.3488848906643562,26.796456088889272,28.374920997706155,10,1000,9,1.2172066693387977,0.9575898946410645,0.25961677469773325,,,,,,0.29242666666666667,0.0012333333333333332,0.0,0.0011,0.11276666666666667,0.18196,0.0,0.18642,0.0,0.11173333333333334,0.11236,11.982956133197705,8.372912499533195,0.001
fixed_duration,theta0.65_kappa0.002,independent,5.427649999999995,0.13753700000000008,0.09356800000000003,1.1695999999999998,4.669456162051378,1.9312916205282464,1007.7,1011.017,455.6,4.56,137.537,46.784,6.532636162051376,0.09169621515407728,-0.02358459462583064,0.091,1.383,0.037341000000000006,0.0027660000000000007,0.034575,10.590351782580928,2.0154,2.0154,8.574951782580927,10.590351782579619,1.3087615435836142e-12,185.704,0.0,1.5186666666666666,68.812,68.725,0.0,35.632,0.01,35.583,0.0,37.159,0.009,36.761,108.062,23.394,23.39,4.433,253.216,435.198,,,,,,,0.0006631770196204356,0.34910095876347025,80.596,-0.6166608945128661,275.953,0.5732139862629864,78.649,,8.574951782580928,0.29895185269610125,7.898675707672649,9.251227857489209,10,1000,9,0.8937221023043143,0.8967973088341429,0.0,10.590351782580928,0.2979181313404783,9.916414147841609,11.264289417320247,10,1000,9,0.8875521298140248,0.9033905686960848,0.0,,0.0006631770196204377,0.004331492366413597,-0.0022346591430890987,0.0072882552386296885,0.0,0.11877333333333333,3.3333333333333335e-05,0.11861,0.0,0.12386333333333333,2.9999999999999997e-05,0.12253666666666668,0.3602066666666667,0.07798,0.07796666666666667,-4.571417183504049,-8.75719387430246,0.135
fixed_duration,theta0.65_kappa0.002,myopic,0.4019250000000001,0.013399000000000001,0.0032240000000000007,0.04030000000000001,0.13760527077988463,1.585964925775922,136.491,136.74,50.879,2.384,13.399,1.612,0.19148527077988456,1.5014823964097221,0.03060252936619979,0.001,0.083,0.002241,0.000166,0.002075,2.066331196555856,0.27298199999999995,0.27298199999999995,1.7933491965558557,2.0663311965558067,4.8923240458798036e-14,15.094,0.0,0.16959666666666665,6.694,6.705,279.799,0.508,0.45,0.473,9.973,2.327,0.412,2.443,2.003,0.812,0.8,263.288,18.589,35.335,-1.1305722173968555,0.29519480257464203,0.03044666666666664,31.647,58.879,0.5375781934509974,-0.20654552861710557,-0.4172952758997841,8.101,-1.113336199359899,19.611,-0.43841505069543985,7.623,1.1432433307716802e-116,1.7933491965558557,0.09595712910795921,1.5762790896227337,2.0104193034889777,10,1000,9,0.09207770626641554,0.18732869766486626,0.0,2.0663311965558555,0.09643003791306233,1.848191295581919,2.2844710975297917,10,1000,9,0.09298752211914638,0.20756980382038243,0.0,0.5374921449073524,-0.055725103324044796,-0.05151157584246193,-0.05677100603538315,-0.05751214098064277,0.9326633333333333,0.0016933333333333334,0.0015,0.0015766666666666665,0.03324333333333333,0.007756666666666667,0.0013733333333333332,0.008143333333333334,0.006676666666666667,0.0027066666666666667,0.002666666666666667,-1.9037458859726768,-4.141820486796255,0.399
fixed_duration,theta0.65_kappa0.002,noinfo,0.48385,0.014086,0.23052800000000012,2.8815999999999935,5.982574661693239,4.030658348871328,1032.311,1034.419,464.751,3.27,14.086,115.264,8.47833466169324,1.603114885519027,-0.06821653664769928,0.05,1.11,0.029970000000000007,0.00222,0.027750000000000007,7.340899010572535,2.0646220000000004,2.0646220000000004,5.276277010572535,7.340899010564573,7.9624058457739e-12,130.46,0.0,1.54917,7.023,7.063,163.805,0.192,0.638,0.16,3.773,6.68,0.653,6.656,2.179,57.677,57.587,243.265,20.931,40.219,-1.0557565688313593,0.29790471300739363,0.033749999999999974,31.863,58.879,0.5412492078820661,-0.18311197165639356,-0.5052944771771559,8.458,-1.1683269035380703,23.617,-0.5244935978280414,8.144,1.725563173429754e-116,5.276277010572535,0.19900567820302106,4.826094890188056,5.726459130957014,10,1000,9,0.39603259957044373,0.9716859202991237,0.0,7.340899010572535,0.2003670126969556,6.887637337611638,7.794160683533432,10,1000,9,0.4014693977710196,0.9795481263325216,0.0,0.5411606854735984,-0.05465364575308356,-0.059741602882141864,-0.049469742284713146,-0.06440245552898348,0.5460166666666667,0.00064,0.002126666666666667,0.0005333333333333334,0.012576666666666667,0.022266666666666667,0.0021766666666666666,0.022186666666666667,0.007263333333333333,0.19225666666666666,0.19195666666666666,-8.994421522364997,-12.262157725146974,0.228
fixed_duration,theta0.65_kappa0.002,taker,0.0,0.0,0.24412400000000015,3.051549999999993,6.297757050299513,2.6106761401773197,1033.551,1035.643,465.055,3.0,0.0,122.062,8.932177050299513,0.0,-0.023743859822680777,0.06,1.142,0.030834000000000004,0.0022840000000000004,0.028550000000000006,5.581925190485403,2.0671019999999998,2.0671019999999998,3.514823190485403,5.581925190476839,8.562979880721855e-12,123.204,0.0,1.5501833333333335,0.0,0.0,177.938,0.0,0.0,0.0,0.0,0.0,0.0,0.0,0.0,61.061,61.001,300.0,0.0,0.0,,,,,,,,0.0,0.0,0.0,0.0,0.0,0.0,,3.514823190485403,0.2571576317036662,2.9330922119587317,4.096554169012074,10,1000,9,0.6613004754343843,0.8967886135606836,0.0,5.581925190485403,0.2572594268823137,4.999963935266216,6.163886445704589,10,1000,9,0.661824127198165,0.9040265982008238,0.0,,,,,,0.5931266666666666,0.0,0.0,0.0,0.0,0.0,0.0,0.0,0.0,0.20353666666666667,0.20333666666666667,-9.825835344697927,-13.012608230546341,0.277
fixed_duration,theta0.65_kappa0.02,abstain,0.0,0.0,0.0,0.0,0.0,0.0,0.0,0.0,0.0,0.0,0.0,0.0,0.0,0.0,0.0,0.0,0.0,0.0,0.0,0.0,0.0,0.0,0.0,0.0,0.0,0.0,0.0,0.0,0.0,0.0,0.0,300.0,0.0,0.0,0.0,0.0,0.0,0.0,0.0,0.0,0.0,0.0,300.0,0.0,0.0,,,,,,,,0.0,0.0,0.0,0.0,0.0,0.0,,0.0,0.0,0.0,0.0,10,1000,9,0.0,0.0,0.0,0.0,0.0,0.0,0.0,10,1000,9,0.0,0.0,0.0,,,,,,1.0,0.0,0.0,0.0,0.0,0.0,0.0,0.0,0.0,0.0,0.0,0.0,0.0,0.0
fixed_duration,theta0.65_kappa0.02,active,3.759624999999993,0.11324400000000003,0.11314400000000005,1.414299999999999,3.6244448839387107,15.22178987958427,957.822,961.414,427.16,4.511,113.244,56.572,5.105364883938711,13.768147093284401,-0.027277213700133557,-0.03,1.438,0.038826000000000006,0.0028760000000000005,0.03595,20.9263457635259,1.915644,1.915644,19.010701763525898,20.926345763522974,2.921566988334234e-12,171.254,0.0,1.4238666666666666,56.277,56.967,64.883,11.399,10.52,11.758,29.014,52.982,7.604,51.017,4.251,28.616,27.956,9.979,178.545,315.809,-0.9630621584846439,0.10361062058426708,0.0285033333333333,29.076,58.878,0.49422725355221464,-0.002028153836930306,0.04315348691670117,73.72,-0.20925051239245934,168.915,-0.43685081874770454,73.174,3.663345075776825e-197,19.010701763525894,0.28929167120317306,18.356278537375772,19.665124989676016,10,1000,9,0.8368967102752479,0.8739877584313211,0.0,20.926345763525898,0.2933707148349629,20.262695099606756,21.58999642744504,10,1000,9,0.8606637632277712,0.8992605384769348,0.0,0.49383470905941096,-0.001909216786802981,0.000585370142657368,-0.0012387917733325006,-0.005970027861640808,0.21627666666666664,0.037996666666666665,0.03506666666666666,0.03919333333333333,0.09671333333333333,0.17660666666666666,0.025346666666666667,0.1700566666666667,0.01417,0.09538666666666666,0.09318666666666667,5.88621043689951,2.7093420576054643,0.009
fixed_duration,theta0.65_kappa0.02,full_information,3.354574999999994,0.10878800000000001,0.13663200000000006,1.7078999999999978,3.5450289426321833,22.535876395819052,1101.133,1105.027,471.543,4.639,108.788,68.316,5.0608389426321825,20.99175240485512,0.028313990963933826,0.006,1.54,0.041580000000000006,0.0030800000000000003,0.0385,27.44058033845522,2.2022660000000003,2.2022660000000003,25.238314338455215,27.44058033845123,3.9857646072505305e-12,178.644,0.0,1.57181,54.276,54.512,87.263,0.422,0.0,0.412,56.614,44.236,0.0,42.737,0.0,34.279,34.037,50.135,144.421,288.008,,,,,,,,,69.438,,149.818,,68.752,,25.23831433845522,0.3954252620549909,24.343800249546163,26.132828427364274,10,1000,9,1.563611378712582,0.972634815766137,0.5909765629464451,27.440580338455213,0.3971714554532644,26.542116085642622,28.339044591267804,10,1000,9,1.5774516502686435,1.001926747827246,0.5755249024413975,,,,,,0.2908766666666667,0.0014066666666666665,0.0,0.0013733333333333332,0.18871333333333332,0.14745333333333333,0.0,0.14245666666666668,0.0,0.11426333333333334,0.11345666666666666,11.50407573549815,8.561593466579282,0.001
fixed_duration,theta0.65_kappa0.02,independent,5.417999999999995,0.13711000000000007,0.09415800000000002,1.1769749999999997,4.386395952089479,1.92153678791194,1014.554,1017.717,456.534,4.564,137.11,47.079,6.25611595208948,-0.013828362570125777,0.06564515048206582,0.033,1.319,0.035613000000000006,0.0026380000000000006,0.03297500000000001,10.282076740002744,2.029108,2.029108,8.252968740002743,10.282076740001413,1.3298909751213729e-12,185.508,0.0,1.5217800000000001,68.498,68.612,0.0,35.594,0.018,35.503,0.0,36.633,0.013,36.348,108.812,23.613,23.466,4.373,252.921,434.714,,,,,,,-4.4542362482111406e-05,0.43240536666356844,78.891,-0.12998964298811763,275.993,-0.3485102655758702,79.83,,8.252968740002744,0.45294943595450365,7.228325929072858,9.277611550932631,10,1000,9,2.0516319153150304,0.8351647798613655,1.216467135453665,10.282076740002745,0.4573791382593443,9.247413246274899,11.316740233730592,10,1000,9,2.091956761148604,0.8415924181674953,1.2503643429811087,,-4.454236248211147e-05,0.005481048112757709,-0.000470988912719227,-0.004365655337290119,0.0,0.11864666666666666,5.9999999999999995e-05,0.11834333333333333,0.0,0.12211000000000001,4.3333333333333334e-05,0.12115999999999999,0.3627066666666667,0.07871,0.07822,-5.178792977953562,-8.497869434501762,0.121
fixed_duration,theta0.65_kappa0.02,myopic,1.9729999999999979,0.065718,0.013072,0.1634,0.3277592289202849,9.090992643265734,637.682,639.876,231.222,4.492,65.718,6.536,0.5928092289202849,8.834229403370193,-0.008286760104459705,-0.018,0.78,0.021060000000000002,0.00156,0.0195,11.128501872186071,1.275364,1.275364,9.85313787218607,11.128501872186014,5.3321791426697015e-14,73.034,0.0,0.77074,32.826,32.892,198.998,2.262,5.709,2.25,47.539,13.41,5.626,13.234,4.436,3.292,3.244,41.358,94.466,173.085,-1.0201675310399023,0.18463385685846115,0.016249999999999966,34.152,58.878,0.580010220062383,-0.016417822181117245,-0.3096347214371363,44.892,-1.1283401524707803,83.505,-0.4340323646992058,44.688,4.73699354026313e-195,9.85313787218607,0.1923169165178226,9.418086781958012,10.288188962414127,10,1000,9,0.3698579637892314,0.6778722978091091,0.0,11.12850187218607,0.20231426918575426,10.670835199011231,11.586168545360907,10,1000,9,0.40931063516165833,0.7400784433261658,0.0,0.5800468765922756,-0.0108155370979988,-0.006897325167894864,-0.013512246601649966,-0.009712503685535397,0.6633266666666666,0.00754,0.01903,0.0075,0.15846333333333334,0.044700000000000004,0.018753333333333334,0.04411333333333333,0.014786666666666667,0.010973333333333333,0.010813333333333335,-0.7362929897530175,-3.9790822776304937,0.063
fixed_duration,theta0.65_kappa0.02,noinfo,2.2823749999999983,0.068335,0.17189800000000008,2.1487249999999967,4.6574274927183135,11.506211901913103,1034.661,1037.559,458.105,4.286,68.335,85.949,6.6216474927183135,9.491894622110431,0.05009727980267226,-0.034,1.32,0.035640000000000005,0.0026400000000000004,0.033,16.021416394636788,2.069322,2.069322,13.952094394636784,16.02141639463142,5.36769739767351e-12,155.604,0.0,1.5270166666666667,34.07,34.265,111.585,1.04,5.87,1.039,23.179,30.701,5.893,30.526,4.218,43.055,42.894,34.432,102.466,191.09,-1.0211805920320653,0.1762772387866702,0.017459999999999965,34.924,58.878,0.5933379610476268,-0.013427278214753154,-0.3869028088845439,44.084,-0.7085353945189081,103.307,-0.7059827556661388,43.699,2.463825837808138e-195,13.952094394636784,0.5074644713369215,12.804130005936363,15.100058783337206,10,1000,9,2.5752018966926125,1.0712313059520806,1.5039705907405319,16.021416394636784,0.508129525720057,14.871947548399902,17.170885240873666,10,1000,9,2.581956149084901,1.0912741799108487,1.490681969174052,0.5931587350113795,-0.009427081265736516,-0.00877649053816677,-0.006858541962489552,-0.01615558149308082,0.37195,0.003466666666666667,0.019566666666666666,0.003463333333333333,0.07726333333333332,0.10233666666666667,0.019643333333333332,0.10175333333333333,0.01406,0.14351666666666665,0.14298,-0.5685952441154615,-5.093055464334557,0.06
fixed_duration,theta0.65_kappa0.02,taker,0.0,0.0,0.24553800000000012,3.069224999999993,6.292617073552035,2.7163727798641104,1030.808,1033.031,464.994,3.0,0.0,122.769,8.940837073552034,0.0,0.06815277986410981,-0.023,1.197,0.032319,0.0023940000000000003,0.029925000000000004,5.661907853424692,2.061616,2.061616,3.6002918534246913,5.66190785341615,8.540400109335877e-12,123.966,0.0,1.54998,0.0,0.0,177.231,0.0,0.0,0.0,0.0,0.0,0.0,0.0,0.0,61.373,61.396,300.0,0.0,0.0,,,,,,,,0.0,0.0,0.0,0.0,0.0,0.0,,3.6002918534246917,0.5172672083403785,2.430152132996873,4.770431573852511,10,1000,9,2.675653648242485,0.9265203402127286,1.7491333080297564,5.661907853424692,0.5185610482776211,4.488841263715326,6.834974443134058,10,1000,9,2.689055607907852,0.9316400218918066,1.7574155860160452,,,,,,0.59077,0.0,0.0,0.0,0.0,0.0,0.0,0.0,0.0,0.20457666666666666,0.20465333333333333,-9.335132587523951,-13.6216169418676,0.285
fixed_duration,theta0.65_kappa0.1,abstain,0.0,0.0,0.0,0.0,0.0,0.0,0.0,0.0,0.0,0.0,0.0,0.0,0.0,0.0,0.0,0.0,0.0,0.0,0.0,0.0,0.0,0.0,0.0,0.0,0.0,0.0,0.0,0.0,0.0,0.0,0.0,300.0,0.0,0.0,0.0,0.0,0.0,0.0,0.0,0.0,0.0,0.0,300.0,0.0,0.0,,,,,,,,0.0,0.0,0.0,0.0,0.0,0.0,,0.0,0.0,0.0,0.0,10,1000,9,0.0,0.0,0.0,0.0,0.0,0.0,0.0,10,1000,9,0.0,0.0,0.0,,,,,,1.0,0.0,0.0,0.0,0.0,0.0,0.0,0.0,0.0,0.0,0.0,0.0,0.0,0.0
fixed_duration,theta0.65_kappa0.1,active,4.320899999999994,0.12742500000000004,0.08439800000000003,1.0549750000000002,3.014895700772053,13.24954524318169,858.707,861.913,399.695,4.5,127.425,42.199,4.364775700772054,11.95174340828621,-0.05207816510452048,0.074,1.318,0.035586000000000007,0.0026360000000000008,0.03295,19.282956943955533,1.7174139999999998,1.7174139999999998,17.56554294395553,19.28295694395374,1.7940093854917905e-12,170.942,0.0,1.3323166666666666,63.175,64.25,41.562,15.937,20.653,16.54,29.663,54.706,15.084,53.742,9.914,21.674,20.525,4.567,216.239,364.264,-0.9274746538750476,0.11893674566368866,0.0,19.595,58.97,0.3325363584196986,0.02201862583453918,2.0871229849673183,82.438,4.131449877141899,197.618,1.9044863323610102,84.208,1.9374751479702714e-239,17.56554294395553,0.4057796090228571,16.64760569488702,18.483480193024043,10,1000,9,1.6465709109874276,0.7537777618174274,0.8927931491700002,19.28295694395553,0.4131264545596962,18.348399975631885,20.217513912279173,10,1000,9,1.7067346745706475,0.7801063217986131,0.9266283527720345,0.33228760386637274,0.02229992311749233,0.02531748689884905,0.020906242736703634,0.02261645369039771,0.13854,0.05312333333333333,0.06884333333333333,0.05513333333333333,0.09887666666666667,0.18235333333333334,0.05028,0.17914,0.03304666666666667,0.07224666666666667,0.06841666666666667,5.91553165880875,2.0967210120424378,0.01
fixed_duration,theta0.65_kappa0.1,full_information,3.4030249999999933,0.11009800000000002,0.10036600000000002,1.2545749999999996,2.27914815430027,22.697523698672313,942.583,946.2,436.919,4.658,110.098,50.183,3.4407481543002696,21.443920218259045,0.09200348041327,0.127,1.483,0.040041000000000014,0.0029660000000000008,0.037075000000000004,26.874616852975283,1.885166,1.885166,24.989450852975278,26.87461685297258,2.6996360702469246e-12,161.764,0.0,1.4563966666666666,55.14,54.958,102.98,0.462,0.0,0.389,55.654,45.172,0.0,45.16,0.0,25.064,25.119,50.063,146.837,292.823,,,,,,,,,69.937,,149.97,,72.916,,24.989450852975278,0.38400543081644556,24.120770217100446,25.85813148885011,10,1000,9,1.4746017089652397,0.8030412510908377,0.671560457874402,26.874616852975283,0.3879894323369825,25.996923779524167,27.7523099264264,10,1000,9,1.5053579960517394,0.8351224039907772,0.6702355920609622,,,,,,0.34326666666666666,0.0015400000000000001,0.0,0.0012966666666666667,0.18551333333333334,0.15057333333333334,0.0,0.15053333333333332,0.0,0.08354666666666667,0.08373,12.735302704387214,9.762411448838883,0.001
fixed_duration,theta0.65_kappa0.1,independent,5.398899999999994,0.13691300000000006,0.09524200000000002,1.1905249999999996,4.019600969402639,2.0623188258990144,999.829,1003.099,453.421,4.547,136.913,47.621,5.916800969402638,0.10503722014525523,0.0600816057537594,0.138,1.366,0.036882000000000005,0.002732,0.03415000000000001,10.021257795303034,1.999658,1.999658,8.021599795303032,10.021257795301649,1.3833476586455617e-12,185.9,0.0,1.5114033333333332,68.587,68.326,0.0,35.466,0.017,35.605,0.0,36.521,0.008,36.876,107.886,23.749,23.872,4.379,252.379,433.662,,,,,,,0.0008035150358605958,-0.2653802608677479,77.038,0.713138077448767,276.341,-0.09763374943016893,80.283,,8.021599795303032,0.318471025445584,7.301168283947615,8.74203130665845,10,1000,9,1.0142379404836182,0.9311381313663055,0.08309980911731263,10.021257795303033,0.32187452024587027,9.293127043806601,10.749388546799464,10,1000,9,1.0360320678350916,0.9321723484968715,0.10385971933822014,,0.0008035150358605967,-0.003444796864764764,0.0025806452080898855,-0.001216119843929212,0.0,0.11822,5.666666666666667e-05,0.11868333333333332,0.0,0.12173666666666667,2.6666666666666667e-05,0.12291999999999999,0.35962,0.07916333333333334,0.07957333333333333,-5.106528930450997,-9.071860269912735,0.145
fixed_duration,theta0.65_kappa0.1,myopic,3.802749999999993,0.11447700000000004,0.019842,0.24802499999999997,0.7945555973594485,13.612415276483626,906.307,909.427,346.109,4.833,114.477,9.921,1.236785597359449,13.176353531944379,-0.0061682554607517875,0.078,1.172,0.031644000000000005,0.002344,0.0293,17.795732873842695,1.812614,1.812614,15.983118873842693,17.79573287384307,-3.740043830191553e-13,125.57,0.0,1.1536966666666668,57.272,57.205,109.508,3.46,15.873,3.195,56.733,32.729,16.074,32.426,20.081,4.966,4.955,9.275,180.571,322.54,-0.9826615773970007,0.13904868855895622,0.0,23.038,58.97,0.39066766520909024,0.030280749219903435,2.5947561354948596,77.064,5.095651014835978,165.868,2.250934420004476,79.608,4.186662089988559e-240,15.983118873842693,0.3125444269481647,15.276094259729243,16.690143487956146,10,1000,9,0.9768401881635668,0.7471650465739403,0.22967514158962643,17.79573287384269,0.3248594275997035,17.060849792795498,18.530615954889885,10,1000,9,1.05533647700407,0.7934591133362511,0.261877363667819,0.39067322367305407,0.03082204244538759,0.0336701460538625,0.0307211217042225,0.02827522887152643,0.36502666666666667,0.011533333333333333,0.05291,0.01065,0.18911,0.10909666666666666,0.05358,0.10808666666666668,0.06693666666666666,0.016553333333333333,0.016516666666666666,5.1434463818398095,0.4420205868324701,0.018
fixed_duration,theta0.65_kappa0.1,noinfo,3.693174999999994,0.10529700000000002,0.12330600000000007,1.5413249999999985,3.5728075619312576,14.068124965762134,999.03,1002.08,441.634,4.561,105.297,61.653,5.249747561931257,12.361376404846654,0.02980856091548028,0.132,1.296,0.034992,0.0025920000000000006,0.032400000000000005,19.52918752769657,1.99806,1.99806,17.531127527696572,19.529187527693384,3.181337859814448e-12,168.246,0.0,1.4721133333333332,52.671,52.626,63.962,5.271,15.38,5.155,23.644,47.852,15.434,47.792,13.857,30.87,30.783,8.215,174.385,307.53,-0.9619853928810808,0.14104141278016918,0.0,22.968,58.97,0.3897029251278015,0.030155518786453343,2.433236207962604,67.223,4.720855782011795,170.481,2.325549419942084,69.826,3.609352952949459e-240,17.531127527696565,0.4264959326248228,16.56632669880502,18.49592835658811,10,1000,9,1.8189878054551738,0.9312329623499933,0.8877548431051805,19.529187527696568,0.43260579857172843,18.550565221789494,20.50780983360364,10,1000,9,1.8714777695788287,0.9577908231213443,0.9136869464574844,0.38948617941326097,0.030825094819745987,0.03619648346492427,0.02769138955081091,0.033304921088736054,0.21320666666666668,0.01757,0.05126666666666667,0.017183333333333335,0.07881333333333333,0.15950666666666666,0.05144666666666666,0.15930666666666668,0.046189999999999995,0.1029,0.10261,4.282576540047046,0.2783234438863719,0.02
fixed_duration,theta0.65_kappa0.1,taker,0.0,0.0,0.2461440000000001,3.076799999999993,6.058941329370302,2.7975118136905612,1027.202,1029.226,464.118,3.0,0.0,123.072,8.717901329370301,0.0,0.1385518136905615,0.078,1.132,0.030564000000000008,0.0022640000000000004,0.028300000000000006,5.502945143069501,2.0544040000000003,2.0544040000000003,3.448541143069501,5.502945143060871,8.630789971597607e-12,124.204,0.0,1.5470599999999999,0.0,0.0,176.928,0.0,0.0,0.0,0.0,0.0,0.0,0.0,0.0,61.575,61.497,300.0,0.0,0.0,,,,,,,,0.0,0.0,0.0,0.0,0.0,0.0,,3.4485411430695008,0.38813446036714244,2.5705199934211533,4.326562292717848,10,1000,9,1.506483593244929,0.9714965835580938,0.5349870096868352,5.5029451430695016,0.38946658225032366,4.621910524361396,6.383979761777607,10,1000,9,1.516842186897481,0.9792681115734494,0.5375740753240317,,,,,,0.58976,0.0,0.0,0.0,0.0,0.0,0.0,0.0,0.0,0.20525000000000002,0.20499,-11.378865610894518,-14.71896191429861,0.286
nominal,theta0.15_kappa0.002,abstain,0.0,0.0,0.0,0.0,0.0,0.0,0.0,0.0,0.0,0.0,0.0,0.0,0.0,0.0,0.0,0.0,0.0,0.0,0.0,0.0,0.0,0.0,0.0,0.0,0.0,0.0,0.0,0.0,0.0,0.0,0.0,300.0,0.0,0.0,0.0,0.0,0.0,0.0,0.0,0.0,0.0,0.0,300.0,0.0,0.0,,,,,,,,0.0,0.0,0.0,0.0,0.0,0.0,,0.0,0.0,0.0,0.0,10,1000,9,0.0,0.0,0.0,0.0,0.0,0.0,0.0,10,1000,9,0.0,0.0,0.0,,,,,,1.0,0.0,0.0,0.0,0.0,0.0,0.0,0.0,0.0,0.0,0.0,0.0,0.0,0.0
nominal,theta0.15_kappa0.002,active,4.995199999999997,0.12483200000000005,0.09930800000000005,1.2413499999999995,3.8530782151574803,3.5045508831283048,817.332,820.156,383.848,4.251,124.832,49.654,5.57288821515748,1.8213376012531626,-0.03659671812485829,-0.024,1.194,0.032238,0.0023880000000000004,0.02985,10.855101098287358,1.6346639999999997,1.6346639999999997,9.22043709828736,10.85510109828578,1.5772240735678621e-12,175.68,0.0,1.2794933333333334,62.699,62.133,8.215,11.341,30.519,11.523,0.0,51.38,31.131,50.276,55.961,24.532,25.122,6.692,242.131,399.748,-0.9851938772592194,0.1217047994791424,0.024669999999999987,4.706,5.782,0.8572160595445532,-0.004339284030938959,-0.11223423401055012,82.104,0.4003561571769245,233.146,0.18310623683935115,84.498,4.2008820880523716e-11,9.22043709828736,0.27888668677364864,8.589551582193291,9.851322614381427,10,1000,9,0.7777778405958321,0.9751923248212403,0.0,10.855101098287358,0.26921994241199343,10.246083277191946,11.46411891938277,10,1000,9,0.7247937739231707,0.9542672574692498,0.0,0.8139052231061916,0.0011788130522372231,-0.0013669764446378998,0.0017171907610549807,0.002166989003755724,0.027383333333333332,0.03780333333333333,0.10173,0.03841,0.0,0.17126666666666668,0.10377,0.1675866666666667,0.18653666666666666,0.08177333333333334,0.08374,-5.333258524542036,-10.158867231658736,0.128
nominal,theta0.15_kappa0.002,full_information,4.268774999999998,0.10664900000000004,0.10581200000000007,1.322649999999999,3.4826935809267305,5.167921357605996,772.355,775.058,365.233,3.749,106.649,52.906,5.159363580926731,3.5443769609279316,-0.0531256033219356,-0.009,1.191,0.032157000000000005,0.0023820000000000004,0.029775000000000003,11.352121938534768,1.54471,1.54471,9.807411938534766,11.352121938532724,2.0405603873285827e-12,160.746,0.0,1.2174433333333334,53.465,53.184,44.277,0.127,32.65,0.119,0.0,53.803,32.848,52.625,30.645,26.308,26.598,11.929,202.817,339.89,,,,,,,,,72.573,,192.113,,75.204,,9.807411938534766,0.28214670790976165,9.169151742276766,10.445672134792767,10,1000,9,0.7960676478431638,0.9101981222635777,0.0,11.352121938534767,0.27709658850087493,10.725285906070566,11.978957970998968,10,1000,9,0.7678251935882321,0.8931238804544677,0.0,,,,,,0.14759,0.00042333333333333334,0.10883333333333332,0.00039666666666666664,0.0,0.17934333333333333,0.10949333333333333,0.17541666666666667,0.10215,0.08769333333333333,0.08866,-4.747188639736968,-9.289861099649192,0.112
nominal,theta0.15_kappa0.002,independent,5.471324999999995,0.13856200000000007,0.093854,1.1731749999999996,3.9218570722007544,2.1732614080022032,962.361,965.318,447.727,4.378,138.562,46.927,5.817017072200755,0.25511701667389675,0.022984391328306004,-0.065,1.317,0.03555900000000001,0.0026340000000000005,0.032925,10.125293480203988,1.924722,1.924722,8.200571480203987,10.125293480202952,1.0333351951885561e-12,186.806,0.0,1.4924233333333332,69.543,69.019,0.0,33.186,0.005,33.724,0.0,40.013,0.014,38.906,107.225,23.169,23.758,4.332,253.073,439.217,,,,,,,0.0019506307735299847,-0.11993334232377827,79.371,0.8309801950542558,277.636,0.13934320284917764,82.21,,8.200571480203987,0.39880254590770536,7.298417444436711,9.102725515971262,10,1000,9,1.5904347062246742,1.1472300679109826,0.4432046383136916,10.125293480203986,0.3948352901313602,9.232114000507822,11.01847295990015,10,1000,9,1.558949063331154,1.1499033116736077,0.4090457516575463,,0.0019506307735299867,-0.001511047389144376,0.002993056358160526,0.0016949665837389326,0.0,0.11062,1.6666666666666667e-05,0.11241333333333332,0.0,0.13337666666666667,4.6666666666666665e-05,0.12968666666666667,0.35741666666666666,0.07723000000000001,0.07919333333333332,-7.7427375409644625,-12.31537112141881,0.173
nominal,theta0.15_kappa0.002,myopic,5.199199999999997,0.12975100000000006,0.010334000000000001,0.12917499999999998,0.8513161849412828,2.853295791311982,837.506,840.076,321.874,4.26,129.751,5.167,1.3354261849412827,2.3936048610893677,-0.024419069777385782,0.042,1.0,0.027000000000000003,0.002,0.025,8.607551976251328,1.6750120000000002,1.6750120000000002,6.93253997625133,8.60755197625326,-1.9329674527668316e-12,135.918,0.0,1.0729133333333332,65.024,64.727,54.15,3.307,29.108,3.3,0.0,61.023,29.563,61.035,53.347,2.456,2.711,11.253,240.683,416.088,-1.0119872151567606,0.11887958228194635,0.023636666666666657,4.833,5.782,0.8730359063089483,-0.005840818982293895,-0.12199590922078989,111.94,0.3872746528887803,190.158,0.21949171546601856,113.99,4.311492487349253e-11,6.932539976251329,0.3849128338714296,6.061806652056119,7.803273300446539,10,1000,9,1.481578896789348,1.1405347944441604,0.34104410234518756,8.60755197625133,0.41570851877002635,7.667153972879483,9.547949979623176,10,1000,9,1.7281357257796937,1.2926878778725213,0.4354478479071724,0.8358699411968177,0.0011650671471756192,-0.001089833028593799,0.002036594058040053,0.0019255348317046982,0.1805,0.011023333333333333,0.09702666666666666,0.011,0.0,0.20341,0.09854333333333333,0.20345,0.17782333333333333,0.008186666666666667,0.009036666666666667,-5.878430502334599,-9.656033671181461,0.214
nominal,theta0.15_kappa0.002,noinfo,4.834524999999996,0.12013800000000006,0.10309000000000006,1.288624999999999,3.988597668345552,3.5954387822163834,830.599,833.398,387.783,4.255,120.138,51.545,5.751217668345552,1.8866030190349343,-0.053784236818550483,-0.027,1.187,0.03204900000000001,0.0023740000000000007,0.029675,10.87465945056373,1.6611980000000002,1.6611980000000002,9.21346145056373,10.874659450561932,1.7957909048682553e-12,172.87,0.0,1.29261,60.36,59.778,11.632,10.418,32.961,10.649,0.0,48.584,33.451,47.489,53.271,25.468,26.077,7.551,236.823,386.167,-0.966666462150418,0.12461661591226851,0.02450999999999999,4.647,5.782,0.8470692700205212,-0.005400340331163223,-0.15312358089372183,79.328,0.4148895682669938,224.848,0.13107985415677895,81.991,3.9029692405572125e-11,9.21346145056373,0.26649336096654375,8.610611585215095,9.816311315912364,10,1000,9,0.7101871143924456,0.9886504493203297,0.0,10.87465945056373,0.2567131363826484,10.293933990311329,11.45538491081613,10,1000,9,0.6590163439141625,0.9670531829578233,0.0,0.8037011414735385,0.0010172952156192812,-0.0019302589362359044,0.0018452001719694807,0.0015987102749909006,0.03877333333333333,0.03472666666666666,0.10987,0.03549666666666666,0.0,0.16194666666666668,0.11150333333333333,0.15829666666666667,0.17757,0.08489333333333333,0.08692333333333334,-5.307625876558242,-10.31218981777928,0.129
nominal,theta0.15_kappa0.002,taker,0.0,0.0,0.2457960000000001,3.0724499999999932,5.995963151437524,2.786542844607119,1039.388,1041.728,467.324,3.0,0.0,122.898,8.654923151437522,0.0,0.1275828446071194,0.016,1.21,0.032670000000000005,0.0024200000000000003,0.030250000000000003,5.431589996053293,2.0787760000000004,2.0787760000000004,3.3528139960532943,5.431589996044648,8.645613849833645e-12,124.108,0.0,1.5577466666666666,0.0,0.0,177.102,0.0,0.0,0.0,0.0,0.0,0.0,0.0,0.0,61.457,61.441,300.0,0.0,0.0,,,,,,,,0.0,0.0,0.0,0.0,0.0,0.0,,3.3528139960532948,0.32329036668786393,2.6214803773866855,4.084147614719904,10,1000,9,1.045166611931735,0.9484025613165314,0.09676405061520366,5.431589996053295,0.3293165261932496,4.686624257497413,6.176555734609177,10,1000,9,1.0844937442398925,0.9532970062120361,0.13119673802785647,,,,,,0.59034,0.0,0.0,0.0,0.0,0.0,0.0,0.0,0.0,0.20485666666666666,0.20480333333333334,-10.672337797987344,-15.651887530477847,0.274
nominal,theta0.15_kappa0.02,abstain,0.0,0.0,0.0,0.0,0.0,0.0,0.0,0.0,0.0,0.0,0.0,0.0,0.0,0.0,0.0,0.0,0.0,0.0,0.0,0.0,0.0,0.0,0.0,0.0,0.0,0.0,0.0,0.0,0.0,0.0,0.0,300.0,0.0,0.0,0.0,0.0,0.0,0.0,0.0,0.0,0.0,0.0,300.0,0.0,0.0,,,,,,,,0.0,0.0,0.0,0.0,0.0,0.0,,0.0,0.0,0.0,0.0,10,1000,9,0.0,0.0,0.0,0.0,0.0,0.0,0.0,10,1000,9,0.0,0.0,0.0,,,,,,1.0,0.0,0.0,0.0,0.0,0.0,0.0,0.0,0.0,0.0,0.0,0.0,0.0,0.0
nominal,theta0.15_kappa0.02,active,5.269949999999995,0.13599000000000006,0.09067200000000002,1.1334,4.323989102140661,2.219701848714126,806.339,808.935,392.297,4.268,135.99,45.336,6.0965091021406606,0.5289776178395725,-0.08179576912544692,0.012,1.202,0.03245400000000001,0.0024040000000000003,0.030050000000000004,10.421124950855953,1.612678,1.612678,8.808446950855952,10.42112495085478,1.1695053814264612e-12,182.528,0.0,1.3076566666666667,67.91,68.08,0.064,30.802,10.855,30.959,0.0,45.301,11.057,46.081,79.545,22.759,22.577,4.107,254.6,425.527,-1.0289672403407226,0.21267159629266938,0.0005366666666666637,31.303,53.564,0.5936203271220666,-0.0007698533671513351,0.07038232041044082,83.338,-0.025520560081840102,259.292,0.18131493611642277,82.897,0.013125449080515795,8.808446950855949,0.3084482844609266,8.110688454809845,9.506205446902053,10,1000,9,0.9514034418688867,0.7302293900671816,0.22117405180170513,10.421124950855951,0.2998566818473357,9.742802010202098,11.099447891509804,10,1000,9,0.8991402964849432,0.7330202842137546,0.16612001227118856,0.5844037039802853,0.0005315213757176946,0.0008445405506544531,-9.842401648273029e-05,0.0021872315779391627,0.00021333333333333333,0.10267333333333334,0.03618333333333334,0.10319666666666666,0.0,0.15100333333333335,0.03685666666666667,0.15360333333333334,0.26515,0.07586333333333334,0.07525666666666667,-3.6923986255498957,-7.137060669973863,0.12
nominal,theta0.15_kappa0.02,full_information,4.246299999999994,0.10580900000000003,0.10786600000000005,1.348324999999999,3.7098941858544303,5.0108114318022094,771.683,774.297,365.373,3.918,105.809,53.933,5.39748418585443,3.354222878645953,-0.031001446843742647,0.088,1.16,0.03132,0.0023200000000000004,0.029000000000000005,11.373685617658694,1.543366,1.543366,9.830319617658693,11.373685617656637,2.0567845204766398e-12,160.902,0.0,1.2179099999999998,52.781,53.028,44.162,0.103,33.549,0.102,0.0,52.196,33.197,52.205,30.553,27.134,26.799,13.794,201.905,336.859,,,,,,,,,73.198,,190.632,,73.029,,9.830319617658695,0.3163825886737966,9.114612478505627,10.546026756811763,10,1000,9,1.0009794241593275,0.7147448082531549,0.2862346159061726,11.373685617658692,0.30903088653141786,10.674609184165766,12.072762051151619,10,1000,9,0.9550008883039407,0.7179504999231356,0.23705038838080505,,,,,,0.14720666666666665,0.0003433333333333333,0.11183,0.00033999999999999997,0.0,0.17398666666666665,0.11065666666666668,0.17401666666666665,0.10184333333333334,0.09044666666666666,0.08932999999999999,-2.5929191510346294,-6.4119618712139435,0.083
nominal,theta0.15_kappa0.02,independent,5.474474999999995,0.13848300000000005,0.09364200000000003,1.1705249999999996,4.727641976830023,1.8351754124134942,951.053,953.883,444.627,4.346,138.483,46.821,6.612091976830023,0.05024320673919496,-0.09951779432570082,0.004,1.292,0.034884000000000005,0.0025840000000000004,0.0323,10.599758389244458,1.9021060000000003,1.9021060000000003,8.697652389244457,10.599758389243512,9.454163008015826e-13,186.596,0.0,1.48209,69.213,69.27,0.0,33.44,0.006,33.943,0.0,39.152,0.004,39.72,106.914,23.441,23.38,4.331,253.179,438.965,,,,,,,0.00045129484274058167,0.007214333571783967,80.209,-0.04043393342041497,278.917,0.20069695564594708,79.839,,8.697652389244457,0.3849589209346277,7.826814808869121,9.568489969619792,10,1000,9,1.4819337080715291,0.8765507222017652,0.6053829858697639,10.59975838924446,0.3790386939703175,9.74231329270183,11.45720348578709,10,1000,9,1.43670331526724,0.8800949920723337,0.5566083231949063,,0.00045129484274058276,8.994419044974963e-05,-0.00014496761911398363,0.002513770909529767,0.0,0.11146666666666666,2e-05,0.11314333333333333,0.0,0.13050666666666666,1.3333333333333333e-05,0.1324,0.35638000000000003,0.07813666666666666,0.07793333333333333,-4.24417484745997,-8.441080434669232,0.134
nominal,theta0.15_kappa0.02,myopic,6.409174999999995,0.15616900000000009,0.019254,0.24067499999999997,1.2178762390867863,1.1995783103646018,773.617,776.169,330.589,4.521,156.169,9.627,1.7499262390867862,0.7229490025386967,-0.05542069217409484,-0.006,1.086,0.029322000000000004,0.0021720000000000003,0.02715,8.381209549449446,1.547234,1.547234,6.833975549449446,8.381209549451382,-1.9370925974371288e-12,166.882,0.0,1.1019633333333334,77.969,78.2,8.382,5.16,23.715,5.174,0.0,63.655,23.918,63.861,96.508,4.926,4.701,4.417,281.991,506.015,-1.0875872549542986,0.20810401176727253,0.0008666666666666622,31.668,53.564,0.6023240600542086,-0.0010584528272428906,0.2789718745823028,119.894,-0.18936753604505097,266.99,0.04726613722415539,119.131,0.013353536001243168,6.833975549449446,0.3458272319821402,6.05165999953037,7.616291099368521,10,1000,9,1.1959647438042902,0.6929196334671788,0.5030451103371114,8.381209549449446,0.3591419928093895,7.568773917954064,9.193645180944827,10,1000,9,1.289829709990996,0.7239437207694295,0.5658859892215666,0.5912179822268688,0.00027048699299705975,0.002326820980051569,-0.0007092682723886699,0.0003967576636153091,0.02794,0.0172,0.07905,0.017246666666666667,0.0,0.21218333333333333,0.07972666666666667,0.21287,0.32169333333333333,0.01642,0.01567,-4.770981450914341,-8.098854897883433,0.146
nominal,theta0.15_kappa0.02,noinfo,5.2310249999999945,0.13436000000000003,0.09238600000000002,1.1548249999999998,4.318895247471779,2.250997382096267,810.95,813.559,394.474,4.267,134.36,46.193,6.108605247471778,0.5145826898581676,-0.05329530776190077,0.011,1.205,0.03253500000000001,0.0024100000000000002,0.030125,10.386811629569266,1.6219000000000001,1.6219000000000001,8.764911629569266,10.386811629568042,1.2230689794279214e-12,181.758,0.0,1.3149133333333334,67.165,67.195,0.076,30.212,12.481,30.449,0.0,43.785,12.463,44.576,79.765,23.117,23.076,4.139,253.731,421.857,-1.0223387505735773,0.21311549212693873,0.0005199999999999969,31.253,53.564,0.5928823013804005,-0.000997438830818177,0.048027914072292545,82.218,-0.04672355131472554,257.602,0.15745589823655695,82.037,0.013297374756859036,8.764911629569266,0.3140950988051105,8.054379152007476,9.475444107131056,10,1000,9,0.9865573109339214,0.7261221600416818,0.26043515089223956,10.386811629569266,0.304907065587571,9.69706392716256,11.076559331975972,10,1000,9,0.9296831864522334,0.7292301039286754,0.20045308252355798,0.5834702412067807,0.0003763366756842339,0.0005841532763177472,-0.00018137883756618947,0.0019193278427606683,0.00025333333333333333,0.10070666666666667,0.04160333333333333,0.10149666666666667,0.0,0.14595,0.04154333333333333,0.14858666666666667,0.26588333333333336,0.07705666666666668,0.07692,-3.949778318325546,-7.235695436551903,0.117
nominal,theta0.15_kappa0.02,taker,0.0,0.0,0.2467000000000001,3.0837499999999927,6.162228817948016,2.756981482503178,1031.114,1033.224,465.102,3.0,0.0,123.35,8.831748817948016,0.0,0.08746148250317794,0.04,1.152,0.031104000000000007,0.002304,0.028800000000000003,5.557656300459759,2.062228,2.062228,3.4954283004597597,5.5576563004512005,8.558597941465962e-12,124.502,0.0,1.55034,0.0,0.0,176.65,0.0,0.0,0.0,0.0,0.0,0.0,0.0,0.0,61.695,61.655,300.0,0.0,0.0,,,,,,,,0.0,0.0,0.0,0.0,0.0,0.0,,3.4954283004597593,0.30135616978366114,2.8137132824302182,4.1771433184893,10,1000,9,0.9081554106667878,0.9061180091570874,0.0020374015097004428,5.55765630045976,0.298280828731199,4.882898187220094,6.232414413699426,10,1000,9,0.8897145278857087,0.9110367815973515,0.0,,,,,,0.5888333333333333,0.0,0.0,0.0,0.0,0.0,0.0,0.0,0.0,0.20565,0.20551666666666668,-10.205860500127205,-14.409077616236637,0.289
nominal,theta0.15_kappa0.1,abstain,0.0,0.0,0.0,0.0,0.0,0.0,0.0,0.0,0.0,0.0,0.0,0.0,0.0,0.0,0.0,0.0,0.0,0.0,0.0,0.0,0.0,0.0,0.0,0.0,0.0,0.0,0.0,0.0,0.0,0.0,0.0,300.0,0.0,0.0,0.0,0.0,0.0,0.0,0.0,0.0,0.0,0.0,300.0,0.0,0.0,,,,,,,,0.0,0.0,0.0,0.0,0.0,0.0,,0.0,0.0,0.0,0.0,10,1000,9,0.0,0.0,0.0,0.0,0.0,0.0,0.0,10,1000,9,0.0,0.0,0.0,,,,,,1.0,0.0,0.0,0.0,0.0,0.0,0.0,0.0,0.0,0.0,0.0,0.0,0.0,0.0
nominal,theta0.15_kappa0.1,active,5.3537249999999945,0.13927200000000012,0.09205,1.1506249999999998,4.614462902127643,1.7907439602909754,861.558,864.517,414.502,4.345,139.272,46.025,6.468102902127643,0.02754159439852894,-0.09043763410755352,-0.005,1.259,0.03399300000000001,0.0025180000000000007,0.031475,10.342991862419844,1.723116,1.723116,8.619875862419846,10.342991862418614,1.2297520224358038e-12,186.556,0.0,1.3816733333333333,69.582,69.69,0.0,37.07,1.094,36.714,0.0,43.096,1.083,43.574,91.344,23.064,22.961,4.233,253.975,431.989,-1.0527866747812278,0.24256518722236006,0.0,91.66,191.668,0.47808299300832097,-0.0006611691354975842,-0.24509883235002042,82.445,0.292949768941204,268.459,-0.2494130315915447,81.085,0.002665992886994008,8.619875862419844,0.3036419751777391,7.932989993345327,9.306761731494362,10,1000,9,0.9219844908983874,0.8078577749109117,0.1141267159874757,10.342991862419847,0.3026160427698245,9.65842681369044,11.027556911149254,10,1000,9,0.9157646934166824,0.8128913889625291,0.10287330445415332,0.47822276018949433,-0.00046659080439631823,-0.002972876855479658,0.0010912272225598843,-0.0030759453856020807,0.0,0.12356666666666667,0.003646666666666667,0.12237999999999999,0.0,0.14365333333333333,0.00361,0.14524666666666666,0.30448,0.07688,0.07653666666666666,-4.283276868003681,-7.865766393181751,0.124
nominal,theta0.15_kappa0.1,full_information,4.222749999999994,0.10508100000000002,0.11270400000000005,1.408799999999999,4.432463848309486,4.982078226681164,804.224,807.369,376.352,4.038,105.081,56.352,6.185513848309485,3.333896074727594,-0.10486784804642932,-0.031,1.291,0.034857,0.002582,0.032275000000000005,11.975850074992923,1.6084479999999999,1.6084479999999999,10.367402074992924,11.975850074990646,2.277710686726664e-12,162.724,0.0,1.2545066666666667,52.465,52.616,42.698,0.104,33.359,0.135,0.0,51.36,33.071,51.238,31.683,28.236,28.116,11.492,200.95,335.231,,,,,,,,,72.338,,191.619,,71.274,,10.36740207499292,0.28901343032693316,9.71360827343397,11.021195876551872,10,1000,9,0.8352876290934104,0.7653175353085244,0.06997009378488594,11.975850074992922,0.29002367779552185,11.319770934886703,12.63192921509914,10,1000,9,0.8411373368204068,0.7703081400855433,0.07082919673486354,,,,,,0.14232666666666666,0.00034666666666666667,0.11119666666666667,0.00045000000000000004,0.0,0.1712,0.11023666666666666,0.17079333333333332,0.10561,0.09412,0.09372,-2.0246398493386137,-5.3216567991025565,0.085
nominal,theta0.15_kappa0.1,independent,5.514099999999994,0.1392460000000001,0.09279600000000002,1.1599499999999998,4.700909509665531,1.7495479621682344,959.561,962.649,446.343,4.398,139.246,46.398,6.578639509665532,-0.05728547250206818,-0.07089656532969764,0.004,1.32,0.03564,0.0026400000000000004,0.03300000000000001,10.536925471834703,1.9191219999999998,1.9191219999999998,8.617803471834705,10.536925471833761,9.423029023736263e-13,186.964,0.0,1.4878099999999999,69.566,69.68,0.0,33.771,0.011,32.926,0.0,39.219,0.013,39.261,108.401,23.258,23.14,4.357,253.602,440.483,,,,,,,-0.0003778018779910066,-0.21192518840611665,80.819,0.24067146867676498,279.805,-0.2196978552775427,79.859,,8.617803471834703,0.34268504833331553,7.842596035163645,9.393010908505762,10,1000,9,1.1743304235120682,0.9103207752677566,0.2640096482443116,10.536925471834703,0.34053773901408135,9.766575586320894,11.307275357348512,10,1000,9,1.159659516928226,0.9129763017006056,0.24668321522762038,,-0.0003778018779910072,-0.002622219879064535,0.0008601399856212898,-0.0027510719552904833,0.0,0.11257,3.6666666666666666e-05,0.10975333333333334,0.0,0.13073,4.3333333333333334e-05,0.13087000000000001,0.36133666666666664,0.07752666666666666,0.07713333333333333,-5.225201457105247,-9.473968764245399,0.125
nominal,theta0.15_kappa0.1,myopic,6.828324999999995,0.1687120000000001,0.024022000000000005,0.30027499999999996,1.6032871771518162,0.5716214666731401,697.497,699.844,320.955,4.425,168.712,12.011,2.187927177151816,0.01811859787174671,-0.03113713119860667,-0.007,1.071,0.028917000000000005,0.0021420000000000002,0.026775000000000007,8.481307643823161,1.3949939999999998,1.3949939999999998,7.0863136438231615,8.481307643824952,-1.7896815487916662e-12,181.794,0.0,1.06985,84.291,84.421,0.055,7.988,10.205,8.039,0.0,70.972,10.028,69.847,110.855,6.067,5.944,2.475,287.934,539.608,-1.1441338339969198,0.2410394511915005,0.0,90.935,191.668,0.474124122006907,-0.0009068106238484083,-0.35558175358542554,121.3,0.16539390294650688,298.271,-0.19539206033141118,120.037,0.0026564573493288706,7.086313643823161,0.3773759240474629,6.232629994171601,7.93999729347472,10,1000,9,1.424125880506765,0.6925364310781784,0.7315894494285865,8.481307643823161,0.38174625499731946,7.617737618709585,9.344877668936737,10,1000,9,1.4573020320447847,0.7013554640916697,0.755946567953115,0.47444017780745873,-0.0007145555865931007,-0.0029314241845459646,0.0005545088290397219,-0.0016277652751352598,0.00018333333333333334,0.026626666666666667,0.03401666666666667,0.026796666666666667,0.0,0.2365733333333333,0.03342666666666667,0.23282333333333333,0.36951666666666666,0.020223333333333333,0.019813333333333332,-4.975395689828894,-8.413116656244126,0.155
nominal,theta0.15_kappa0.1,noinfo,5.361274999999995,0.1392870000000001,0.09243400000000003,1.1554249999999997,4.635256967829824,1.802304153293723,863.952,866.924,415.434,4.346,139.287,46.217,6.489556967829824,0.03233454243532107,-0.08433038914159817,-0.008,1.266,0.034182000000000004,0.0025320000000000004,0.031650000000000005,10.377508121124782,1.727904,1.727904,8.649604121124783,10.37750812112354,1.2395026671718768e-12,186.77,0.0,1.38478,69.592,69.695,0.0,36.571,1.229,36.267,0.0,43.196,1.225,43.789,91.506,23.156,23.061,4.236,253.783,432.274,-1.0541504957082275,0.24256121324370658,0.0,91.665,191.668,0.4781359399944712,-0.0006276256090082334,-0.25017283824216036,82.474,0.3070723106713735,268.735,-0.24438358983789035,81.065,0.002669392181055403,8.649604121124783,0.30217857404620907,7.966028695402003,9.333179546847562,10,1000,9,0.9131189061260027,0.812564157855299,0.10055474827070365,10.377508121124782,0.30149681981986765,9.69547493060839,11.059541311641174,10,1000,9,0.9090033236149372,0.8178229494676303,0.09118037414730684,0.47824884696454284,-0.00043371592417928723,-0.003033354005409709,0.001142658420642542,-0.003014662182666877,0.0,0.12190333333333332,0.004096666666666667,0.12089000000000001,0.0,0.14398666666666665,0.004083333333333334,0.14596333333333333,0.30502,0.07718666666666667,0.07687,-4.125401012509632,-7.852917480363536,0.127
nominal,theta0.15_kappa0.1,taker,0.0,0.0,0.2453500000000001,3.0668749999999934,6.509040487539784,2.552411563164658,1031.429,1033.634,464.845,3.0,0.0,122.675,9.158580487539785,0.0,-0.09712843683534245,-0.023,1.159,0.031293,0.0023180000000000006,0.028975,5.717934050713053,2.062858,2.062858,3.6550760507130535,5.717934050704449,8.604720241889296e-12,123.834,0.0,1.5494833333333333,0.0,0.0,177.325,0.0,0.0,0.0,0.0,0.0,0.0,0.0,0.0,61.326,61.349,300.0,0.0,0.0,,,,,,,,0.0,0.0,0.0,0.0,0.0,0.0,,3.655076050713054,0.2667038585104269,3.0517500068377728,4.258402094588335,10,1000,9,0.7113094814434981,0.9272789290075796,0.0,5.717934050713054,0.2691050121570902,5.1091762199169946,6.326691881509113,10,1000,9,0.7241750756806766,0.931893831859911,0.0,,,,,,0.5910833333333333,0.0,0.0,0.0,0.0,0.0,0.0,0.0,0.0,0.20442,0.20449666666666666,-9.692929713399463,-13.900791166829812,0.276
nominal,theta0.35_kappa0.002,abstain,0.0,0.0,0.0,0.0,0.0,0.0,0.0,0.0,0.0,0.0,0.0,0.0,0.0,0.0,0.0,0.0,0.0,0.0,0.0,0.0,0.0,0.0,0.0,0.0,0.0,0.0,0.0,0.0,0.0,0.0,0.0,300.0,0.0,0.0,0.0,0.0,0.0,0.0,0.0,0.0,0.0,0.0,300.0,0.0,0.0,,,,,,,,0.0,0.0,0.0,0.0,0.0,0.0,,0.0,0.0,0.0,0.0,10,1000,9,0.0,0.0,0.0,0.0,0.0,0.0,0.0,10,1000,9,0.0,0.0,0.0,,,,,,1.0,0.0,0.0,0.0,0.0,0.0,0.0,0.0,0.0,0.0,0.0,0.0,0.0,0.0
nominal,theta0.35_kappa0.002,active,3.836150000000001,0.10979700000000003,0.12124800000000006,1.5155999999999978,3.562213699392801,10.13213569661975,905.43,908.223,415.278,4.127,109.797,60.624,5.1775636993928,8.600981392513873,-0.08419569589412158,-0.021,1.299,0.03507300000000001,0.002598000000000001,0.032475000000000004,15.748781396015474,1.81086,1.81086,13.937921396015472,15.748781396012555,2.9174239690732406e-12,171.72,0.0,1.38426,54.825,54.972,65.707,1.931,13.488,1.887,21.665,57.324,12.994,56.972,7.408,30.375,30.249,24.18,173.669,317.038,-0.9897200516256676,0.056497499811113606,0.033726666666666655,5.14,6.076,0.8642389866119996,-0.020566784360506882,-0.08865836207434992,71.386,0.21770961253442223,173.021,0.08367539021430082,72.631,4.271834948520286e-69,13.937921396015474,0.5973507348178285,12.586620152544553,15.289222639486395,10,1000,9,3.5682790038739967,2.0116073700888877,1.556671633785109,15.748781396015474,0.5915634455576345,14.410571910397685,17.086990881633263,10,1000,9,3.4994731012002043,1.9976866596022116,1.5017864415979927,0.8459512837393022,0.0006709815248467794,-0.0012419572755771428,0.0012582843269569718,0.0011520616570651764,0.21902333333333332,0.006436666666666667,0.04496,0.0062900000000000005,0.07221666666666667,0.19108,0.043313333333333336,0.18990666666666667,0.024693333333333334,0.10125,0.10082999999999999,-7.1828757735061,-12.383613882261644,0.135
nominal,theta0.35_kappa0.002,full_information,3.4129000000000014,0.10268600000000004,0.13912000000000005,1.7389999999999972,3.67014273193033,12.682481305686492,941.078,943.888,425.756,3.999,102.686,69.56,5.32230273193033,11.105804755799605,-0.07548345011311164,-0.014,1.306,0.03526200000000001,0.0026120000000000006,0.032650000000000005,17.749456037620586,1.882156,1.882156,15.86730003762058,17.749456037616827,3.75310615918778e-12,173.552,0.0,1.4191866666666666,51.366,51.32,87.542,0.231,0.0,0.183,24.761,59.131,0.0,58.592,0.0,34.75,34.81,145.94,142.898,285.382,,,,,,,,,66.134,,151.793,,67.455,,15.86730003762058,0.5044453740745317,14.726165321417458,17.008434753823703,10,1000,9,2.544651354251942,1.864142942053499,0.680508412198443,17.749456037620583,0.49810744494922915,16.622658713185572,18.876253362055593,10,1000,9,2.4811102671384933,1.844624304364991,0.6364859627735022,,,,,,0.29180666666666666,0.0007700000000000001,0.0,0.00061,0.08253666666666666,0.19710333333333332,0.0,0.19530666666666666,0.0,0.11583333333333333,0.11603333333333334,-4.369692432197747,-9.59304246951863,0.096
nominal,theta0.35_kappa0.002,independent,5.446149999999995,0.13791600000000007,0.09438200000000002,1.1797749999999996,4.083189258143934,2.126623171486826,968.323,971.594,447.885,4.443,137.916,47.191,5.9815592581439345,0.19979715492579186,0.028456016561034473,0.013,1.381,0.03728700000000001,0.0027620000000000006,0.03452500000000001,10.206602429631893,1.9366459999999996,1.9366459999999996,8.269956429631893,10.206602429630754,1.139532246341446e-12,186.488,0.0,1.4929499999999998,68.958,68.958,0.0,33.863,0.013,33.973,0.0,38.82,0.003,38.433,107.704,23.602,23.589,4.384,252.809,437.766,,,,,,,0.001263161218339764,-0.1672435632889871,79.601,0.8286981956765548,277.814,0.004535884031737993,80.351,,8.269956429631893,0.6315725556319101,6.8412400490824,9.698672810181387,10,1000,9,3.9888389302742215,2.5615626375999843,1.4272762926742373,10.206602429631895,0.6310004723989879,8.779180191265473,11.634024667998316,10,1000,9,3.9816159616774587,2.5649186919837925,1.4166972696936662,,0.0012631612183397643,-0.0021010233952963794,0.0029829245310767447,5.645087219496948e-05,0.0,0.11287666666666667,4.3333333333333334e-05,0.11324333333333333,0.0,0.1294,1e-05,0.12811,0.3590133333333333,0.07867333333333333,0.07862999999999999,-15.255626885981567,-20.128408423688725,0.303
nominal,theta0.35_kappa0.002,myopic,2.622450000000001,0.07973300000000003,0.0029400000000000003,0.036750000000000005,0.04114573708252606,7.388428693993727,498.111,499.82,189.521,3.201,79.733,1.47,0.1300957370825258,7.300218529611994,-0.0007398356182685335,0.021,0.619,0.016713000000000002,0.0012380000000000002,0.015475000000000001,9.91588843107548,0.9962219999999999,0.9962219999999999,8.919666431075479,9.915888431076253,-7.751788100307521e-13,81.822,0.0,0.6317366666666667,39.885,39.848,183.926,1.762,2.493,1.877,26.875,37.91,2.504,36.563,4.62,0.727,0.743,117.646,114.604,220.572,-1.0523040999561084,0.13198185417812358,0.007296666666666658,4.717,6.076,0.8092374407490551,-0.0847832499978402,-0.11715668564602069,53.925,-0.029921298623637783,111.984,0.042449322569726555,54.663,4.2125558511196965e-69,8.919666431075479,0.4850051690967509,7.822508513809109,10.01682434834185,10,1000,9,2.352300140505679,1.650251625279438,0.7020485152262412,9.915888431075476,0.5130741767036197,8.755234007198592,11.076542854952361,10,1000,9,2.632451108000972,1.9041506791941232,0.7283004288068486,0.7763331138907176,-0.00047435151197763956,-0.0021725857328886546,-0.0002671926223713904,0.000776564084842152,0.6130866666666667,0.005873333333333334,0.00831,0.0062566666666666665,0.08958333333333333,0.12636666666666665,0.008346666666666667,0.12187666666666667,0.0154,0.0024233333333333333,0.0024766666666666665,-2.155933697845362,-4.399151309570061,0.28
nominal,theta0.35_kappa0.002,noinfo,2.803125,0.08182200000000003,0.1605200000000001,2.0064999999999964,4.207026329430433,9.288505188751952,947.121,949.759,430.753,3.822,81.822,80.26,6.094926329430433,7.540542759842514,-0.1399375710905605,-0.014,1.222,0.03299400000000001,0.0024440000000000004,0.030550000000000004,14.016820518187032,1.894242,1.894242,12.12257851818703,14.016820518182389,4.640852924175931e-12,163.304,0.0,1.4358433333333331,40.924,40.898,98.502,0.931,3.79,0.971,17.306,44.745,3.735,44.662,5.098,40.11,40.15,77.986,121.238,233.049,-1.0205474068307514,0.11739044190560037,0.008016666666666655,4.814,6.076,0.8203239490105685,-0.05820186980497026,-0.1616930369466777,51.997,0.12206134028248274,128.085,0.15545494121959413,52.967,4.618277003995257e-69,12.12257851818703,0.570250622761965,10.832581987315914,13.412575049058146,10,1000,9,3.251857727604089,1.8705016088473698,1.3813561187567194,14.016820518187032,0.5636359975909744,12.741787309025698,15.291853727348366,10,1000,9,3.1768553778037285,1.8514918168295307,1.3253635609741978,0.7922975641869651,0.0004969909527841749,-0.0031096608832562973,0.0009529713883942907,0.0029349395136517857,0.32833999999999997,0.0031033333333333334,0.012633333333333333,0.0032366666666666668,0.05768666666666667,0.14915,0.01245,0.14887333333333333,0.016993333333333333,0.13369999999999999,0.13383333333333333,-6.966382209178752,-11.65561528141517,0.154
nominal,theta0.35_kappa0.002,taker,0.0,0.0,0.2465700000000001,3.0821249999999933,5.938428454976528,2.584982782823896,1031.928,1033.989,465.276,3.0,0.0,123.285,8.60593845497653,0.0,-0.08252721717610478,-0.055,1.141,0.030807000000000008,0.002282,0.028525000000000005,5.163909237809055,2.063856,2.063856,3.1000532378090555,5.163909237800429,8.625257563732446e-12,124.426,0.0,1.55092,0.0,0.0,176.715,0.0,0.0,0.0,0.0,0.0,0.0,0.0,0.0,61.615,61.67,300.0,0.0,0.0,,,,,,,,0.0,0.0,0.0,0.0,0.0,0.0,,3.1000532378090555,0.33807195183160016,2.3352813504320316,3.8648251251860795,10,1000,9,1.1429264461522777,0.9330805264138575,0.20984591973842015,5.163909237809055,0.3353135846067463,4.405377210607362,5.9224412650107485,10,1000,9,1.1243520002182563,0.9386148811431105,0.18573711907514578,,,,,,0.58905,0.0,0.0,0.0,0.0,0.0,0.0,0.0,0.0,0.20538333333333333,0.20556666666666668,-10.682038961772458,-14.715601698993177,0.29
nominal,theta0.35_kappa0.02,abstain,0.0,0.0,0.0,0.0,0.0,0.0,0.0,0.0,0.0,0.0,0.0,0.0,0.0,0.0,0.0,0.0,0.0,0.0,0.0,0.0,0.0,0.0,0.0,0.0,0.0,0.0,0.0,0.0,0.0,0.0,0.0,300.0,0.0,0.0,0.0,0.0,0.0,0.0,0.0,0.0,0.0,0.0,300.0,0.0,0.0,,,,,,,,0.0,0.0,0.0,0.0,0.0,0.0,,0.0,0.0,0.0,0.0,10,1000,9,0.0,0.0,0.0,0.0,0.0,0.0,0.0,10,1000,9,0.0,0.0,0.0,,,,,,1.0,0.0,0.0,0.0,0.0,0.0,0.0,0.0,0.0,0.0,0.0,0.0,0.0,0.0
nominal,theta0.35_kappa0.02,active,4.480024999999995,0.12169700000000004,0.10070800000000005,1.2588499999999994,4.04764529069889,6.722951730221071,862.2,864.947,400.104,4.314,121.697,50.354,5.623575290698889,5.258602207316346,-0.11158047709527326,-0.015,1.239,0.033453000000000004,0.0024780000000000006,0.030975000000000003,13.735914020921893,1.7244000000000002,1.7244000000000002,12.011514020921894,13.735914020919958,1.9345313129193186e-12,173.29,0.0,1.3336799999999998,60.557,61.14,35.211,7.737,25.052,7.643,15.707,55.32,23.314,55.491,24.171,25.461,24.893,9.085,214.435,365.124,-1.0265808536073509,0.1495388676313766,0.013886666666666636,32.575,54.782,0.602873659626866,-0.0036151586049862306,0.23660811107782678,81.002,0.17820703345901645,204.58,-0.0013512496872453426,79.542,1.4310134646217518e-44,12.011514020921895,0.35589168672778665,11.206431092610298,12.816596949233492,10,1000,9,1.26658892681949,1.1347376714855493,0.13185125533394082,13.735914020921893,0.36058421076710806,12.920215865743142,14.551612176100644,10,1000,9,1.3002097305453821,1.146116126282216,0.1540936042631662,0.5946296228688255,0.0011323930907023306,0.0029210156672406454,0.0008710872688386766,-1.6987876684586036e-05,0.11736999999999999,0.02579,0.08350666666666666,0.025476666666666665,0.05235666666666667,0.1844,0.07771333333333333,0.18497,0.08057,0.08487,0.08297666666666667,-3.5688973331054115,-7.8317006386532295,0.085
nominal,theta0.35_kappa0.02,full_information,3.452199999999997,0.10376900000000003,0.13851800000000009,1.7314749999999979,4.025474276843425,12.802328191388234,944.607,947.709,425.713,4.279,103.769,69.259,5.659694276843425,11.249853013310931,-0.08174482192269512,-0.056,1.35,0.03645,0.0027000000000000006,0.03375,18.269790468235385,1.889214,1.889214,16.38057646823538,18.26979046823166,3.722872454758886e-12,174.378,0.0,1.4190433333333334,51.845,51.924,86.447,0.227,0.0,0.25,25.112,59.484,0.0,59.221,0.0,34.641,34.618,85.25,144.294,288.111,,,,,,,,,68.441,,152.355,,67.315,,16.380576468235382,0.3113068608814045,15.67635142306429,17.084801513406475,10,1000,9,0.9691196163183415,1.1417282129807345,0.0,18.269790468235385,0.3094199655632063,17.569833876823804,18.969747059646966,10,1000,9,0.9574071508913574,1.1533595948555726,0.0,,,,,,0.28815666666666667,0.0007566666666666667,0.0,0.0008333333333333334,0.08370666666666667,0.19828,0.0,0.19740333333333332,0.0,0.11546999999999999,0.11539333333333333,0.521675862067097,-4.098599786835327,0.046
nominal,theta0.35_kappa0.02,independent,5.486149999999994,0.13892500000000008,0.09319400000000001,1.1649249999999998,4.418942642768125,2.1437351257762383,975.692,978.792,449.714,4.456,138.925,46.597,6.300812642768124,0.2951247972052356,-0.03325967142899752,-0.072,1.34,0.036180000000000004,0.0026800000000000005,0.0335,10.615603768545357,1.951384,1.951384,8.664219768545356,10.615603768544359,9.977463022448064e-13,186.862,0.0,1.4990466666666666,69.337,69.588,0.0,33.614,0.005,33.731,0.0,38.671,0.018,39.234,108.13,23.388,23.209,4.335,253.403,439.438,,,,,,,0.002383536473972825,0.45810577273384123,81.019,0.5669127754099508,278.814,-0.041269224126340875,79.605,,8.664219768545355,0.3354783335058417,7.90531505344151,9.4231244836492,10,1000,9,1.1254571225185674,1.2750043611403548,0.0,10.615603768545355,0.3386264021803371,9.849577627340521,11.38162990975019,10,1000,9,1.1466784025359944,1.2835280227186066,0.0,,0.0023835364739728275,0.00565430050647183,0.0020333009655539203,-0.0005184250251408941,0.0,0.11204666666666666,1.6666666666666667e-05,0.11243666666666667,0.0,0.12890333333333334,5.9999999999999995e-05,0.13078,0.36043333333333333,0.07796,0.07736333333333333,-8.343506355010325,-13.431075038401605,0.168
nominal,theta0.35_kappa0.02,myopic,3.699224999999996,0.09933200000000002,0.012134,0.15167499999999995,0.7608701740025915,6.070699234415919,677.236,679.389,269.334,4.401,99.332,6.067,1.1601401740025914,5.680240771008454,-0.008811536592535274,0.045,0.861,0.023247,0.0017220000000000002,0.021525000000000002,10.244406408417513,1.354472,1.354472,8.889934408417513,10.244406408418506,-9.92710802449892e-13,106.26,0.0,0.89778,49.657,49.675,125.043,2.065,17.066,2.088,10.764,49.131,16.975,50.419,20.382,3.065,3.002,22.784,168.89,299.586,-1.0604656872320828,0.16829098690238078,0.011093333333333306,32.826,54.782,0.6062211200549168,-0.007223488881879852,0.20151879832806885,76.181,0.19851827660244206,149.068,0.10051146961069728,74.337,7.99758086285788e-45,8.889934408417513,0.3412155871926652,8.118051123791231,9.661817693043796,10,1000,9,1.1642807694323531,0.8561089951845192,0.30817177424783393,10.244406408417513,0.34438264505546823,9.465358741161893,11.023454075673133,10,1000,9,1.1859940621540064,0.9320469661025216,0.2539470960514848,0.5992114198094265,0.0016708008536487292,0.002645263232670467,0.001331729657622307,0.0013521055411261859,0.41681,0.006883333333333333,0.05688666666666666,0.00696,0.035879999999999995,0.16377,0.05658333333333334,0.16806333333333331,0.06794,0.010216666666666667,0.010006666666666665,-3.5034573214632054,-6.392966276254402,0.126
nominal,theta0.35_kappa0.02,noinfo,3.6839249999999955,0.100192,0.12871400000000005,1.6089249999999982,4.358539453867637,7.081160632691717,902.567,905.38,416.235,4.204,100.192,64.357,6.139489453867636,5.424595793170842,-0.12438516047912442,-0.011,1.243,0.03356100000000001,0.002486000000000001,0.031075000000000002,13.252233086562523,1.805134,1.805134,11.44709908656252,13.25223308655935,3.170125051354944e-12,165.792,0.0,1.3874499999999999,50.123,50.069,62.66,4.577,18.344,4.451,13.705,46.451,18.386,47.143,19.926,32.146,32.211,16.534,172.983,300.208,-1.0405493073788767,0.1645565604805126,0.011039999999999973,32.568,54.782,0.6033862189910735,-0.005284840703941567,0.2199805904322814,66.209,0.32769244460478975,169.322,0.021215478695823093,64.677,2.502884639800112e-44,11.44709908656252,0.3492566447348804,10.657025666020642,12.237172507104399,10,1000,9,1.2198020389146647,1.156797161844225,0.06300487707043967,13.252233086562521,0.34945310327985457,12.461715245915936,14.042750927209106,10,1000,9,1.221174713919207,1.1682349869867306,0.052939726932476505,0.5945018436712789,0.001894981192149757,0.0033225179421571297,0.0019353211313638495,0.0003280219969358983,0.20886666666666664,0.015256666666666667,0.06114666666666667,0.014836666666666665,0.04568333333333333,0.15483666666666668,0.06128666666666666,0.15714333333333333,0.06641999999999999,0.10715333333333334,0.10737,-4.070481787020018,-8.738372860629184,0.098
nominal,theta0.35_kappa0.02,taker,0.0,0.0,0.24458600000000014,3.0573249999999934,6.297807172018135,2.517382647651357,1034.911,1037.162,466.215,3.0,0.0,122.293,8.934777172018133,0.0,-0.11958735234864312,-0.027,1.163,0.031401000000000005,0.0023260000000000004,0.029075000000000004,5.481877819678019,2.0698220000000003,2.0698220000000003,3.412055819678019,5.481877819669498,8.52091225356233e-12,123.456,0.0,1.55405,0.0,0.0,177.707,0.0,0.0,0.0,0.0,0.0,0.0,0.0,0.0,61.133,61.16,300.0,0.0,0.0,,,,,,,,0.0,0.0,0.0,0.0,0.0,0.0,,3.412055819678019,0.15954286556441669,3.0511447835681227,3.772966855787915,10,1000,9,0.25453925952505535,0.9571878874994747,0.0,5.481877819678019,0.16136144843524627,5.116852863300733,5.8469027760553045,10,1000,9,0.26037517041120645,0.963658703671817,0.0,,,,,,0.5923566666666666,0.0,0.0,0.0,0.0,0.0,0.0,0.0,0.0,0.2037766666666667,0.20386666666666667,-10.851062784218568,-14.474625397582512,0.293
nominal,theta0.35_kappa0.1,abstain,0.0,0.0,0.0,0.0,0.0,0.0,0.0,0.0,0.0,0.0,0.0,0.0,0.0,0.0,0.0,0.0,0.0,0.0,0.0,0.0,0.0,0.0,0.0,0.0,0.0,0.0,0.0,0.0,0.0,0.0,0.0,300.0,0.0,0.0,0.0,0.0,0.0,0.0,0.0,0.0,0.0,0.0,300.0,0.0,0.0,,,,,,,,0.0,0.0,0.0,0.0,0.0,0.0,,0.0,0.0,0.0,0.0,10,1000,9,0.0,0.0,0.0,0.0,0.0,0.0,0.0,10,1000,9,0.0,0.0,0.0,,,,,,1.0,0.0,0.0,0.0,0.0,0.0,0.0,0.0,0.0,0.0,0.0,0.0,0.0,0.0
nominal,theta0.35_kappa0.1,active,4.960799999999995,0.12888500000000006,0.09022200000000001,1.127775,3.8351575080310543,3.578695870527955,819.989,822.847,388.079,4.341,128.885,45.111,5.501297508031055,1.8803806288860423,0.032175241641912565,-0.024,1.222,0.032994,0.0024440000000000004,0.030550000000000004,10.99477737856036,1.6399780000000002,1.6399780000000002,9.35479937856036,10.994777378559004,1.3552566846541935e-12,175.218,0.0,1.2935966666666667,64.399,64.486,12.737,21.492,20.32,21.203,3.26,49.525,20.144,49.241,56.967,22.587,22.524,4.34,242.152,401.145,-1.011579638782185,0.21887702451511679,0.0,83.657,191.818,0.4356627292899462,-0.001285780286569044,0.04210626444335561,82.922,-0.041233654031200724,236.353,0.007992501123508518,81.87,8.723850290878884e-34,9.354799378560358,0.28914500425154865,8.700707936105399,10.008890821015317,10,1000,9,0.836048334836281,0.8217075341419251,0.014340800694355949,10.99477737856036,0.30029976141717013,10.315452122283917,11.674102634836805,10,1000,9,0.901799467072093,0.8328090976871856,0.06899036938490744,0.4361269536748376,2.2099518966117923e-05,0.0005077815832150165,-0.0001744579253540286,9.762429612200462e-05,0.04245666666666667,0.07164000000000001,0.06773333333333334,0.07067666666666667,0.010866666666666665,0.16508333333333333,0.06714666666666666,0.16413666666666665,0.18989,0.07529,0.07508000000000001,-3.244210153792355,-7.65768251847406,0.106
nominal,theta0.35_kappa0.1,full_information,3.439849999999995,0.10292800000000002,0.11547600000000005,1.443449999999999,3.44976964687762,12.479601705668582,712.264,714.878,373.61,4.198,102.928,57.738,4.87146964687762,11.07082584400074,-0.012924138332160566,-0.008,1.24,0.03348,0.0024800000000000004,0.031,17.67388735254919,1.4245280000000002,1.4245280000000002,16.249359352549185,17.673887352546195,2.9904532183877564e-12,161.906,0.0,1.2453666666666665,51.447,51.481,99.109,0.193,0.0,0.108,24.044,58.813,0.0,59.995,0.0,28.882,28.856,31.967,143.153,286.005,,,,,,,,,68.739,,149.835,,67.431,,16.249359352549188,0.30156565447938993,15.567170447214707,16.93154825788367,10,1000,9,0.9094184396158281,0.7365902197611588,0.17282821985466934,17.67388735254919,0.31339865431566427,16.964930341877693,18.382844363220688,10,1000,9,0.9821871652686924,0.7536268626895681,0.2285603025791243,,,,,,0.33036333333333334,0.0006433333333333333,0.0,0.00036,0.08014666666666667,0.19604333333333335,0.0,0.19998333333333332,0.0,0.09627333333333334,0.09618666666666667,3.850604296411987,0.5433905193899955,0.018
nominal,theta0.35_kappa0.1,independent,5.468449999999995,0.13840600000000006,0.09249200000000002,1.1561499999999996,4.370146454853692,1.9252484527442055,972.03,975.028,448.848,4.42,138.406,46.246,6.232966454853691,-0.0065372809911202305,0.06896573373532576,-0.038,1.314,0.03547800000000001,0.0026280000000000006,0.032850000000000004,10.341318907598968,1.94406,1.94406,8.397258907598967,10.341318907597891,1.0765000002521674e-12,185.966,0.0,1.49616,69.29,69.116,0.0,34.501,0.017,33.994,0.0,38.785,0.013,38.77,107.674,23.017,23.229,4.313,253.754,438.983,,,,,,,-4.618177257528139e-05,0.06964134761992334,80.925,-0.25699958812646045,278.167,0.1655673038694694,79.891,,8.39725890759897,0.2655387230438471,7.796568583265041,8.997949231932896,10,1000,9,0.7051081343575694,0.9547928702582531,0.0,10.34131890759897,0.2642181064632476,9.743616025522154,10.939021789675785,10,1000,9,0.6981120778302405,0.9592371085373674,0.0,,-4.618177257528065e-05,0.000860566544577366,-0.0009239039430502557,0.002072414963756486,0.0,0.11500333333333333,5.666666666666667e-05,0.11331333333333334,0.0,0.12928333333333333,4.3333333333333334e-05,0.12923333333333334,0.35891333333333336,0.07672333333333334,0.07743,-5.597871936225087,-9.76535394426163,0.14
nominal,theta0.35_kappa0.1,myopic,5.479724999999995,0.1341500000000001,0.022696000000000004,0.2837,1.5446071423972942,2.825073926619876,703.899,706.353,308.231,4.49,134.15,11.348,2.147007142397294,2.240362318551406,-0.01768839193152933,-0.008,1.066,0.028782000000000002,0.0021320000000000006,0.026650000000000004,9.38007806901584,1.4077980000000003,1.4077980000000003,7.972280069015839,9.380078069017165,-1.3255194719619113e-12,146.564,0.0,1.0274366666666668,67.046,67.104,39.71,2.559,29.931,2.648,0.867,57.463,29.186,57.48,68.808,5.699,5.649,5.049,248.942,433.56,-1.0472599637034756,0.21754017648986212,0.0,83.309,191.818,0.4343604102058251,-0.0015714680705984799,0.07016127060403063,104.139,-0.21043804491175075,226.562,0.07849056603599343,102.859,1.097461059482798e-33,7.97228006901584,0.21666886901265583,7.482141035023474,8.462419103008205,10,1000,9,0.4694539879922341,0.7066407700359301,0.0,9.38007806901584,0.22472064104905082,8.871724661238124,9.888431476793555,10,1000,9,0.5049936651349635,0.7369544910159915,0.0,0.4343127339457194,-0.0001425090143733894,0.0006737271397270056,-0.0009288320411708528,0.0007630889473550532,0.13236666666666666,0.008530000000000001,0.09977,0.008826666666666667,0.0028899999999999998,0.19154333333333334,0.09728666666666666,0.1916,0.22936000000000004,0.018996666666666665,0.01883,-3.456653375539518,-7.814514852532437,0.122
nominal,theta0.35_kappa0.1,noinfo,4.6670499999999935,0.12000500000000004,0.10299200000000003,1.2873999999999994,4.202401311434287,3.746849513329981,864.513,867.38,404.165,4.373,120.005,51.496,5.992681311434287,1.9525011267321601,0.00406838659782056,-0.025,1.239,0.033453000000000004,0.0024780000000000006,0.030975000000000003,11.072450824766154,1.7290259999999997,1.7290259999999997,9.343424824766156,11.072450824764262,1.892019818594548e-12,172.74,0.0,1.3472166666666667,59.961,60.044,18.809,18.109,23.314,18.039,2.691,45.678,22.997,45.378,53.489,25.777,25.719,4.912,229.695,376.931,-0.9978608159593932,0.22060226522833618,0.0,84.449,191.818,0.4400562295272862,-0.0016924684221091592,0.06907096372761887,76.714,-0.05305936958037291,224.601,-0.04736406804368789,75.616,1.1946710749629647e-33,9.343424824766155,0.30416911784273315,8.655346476136204,10.031503173396105,10,1000,9,0.9251885224922647,0.8746599577789752,0.05052856471328948,11.072450824766154,0.31426549046014657,10.361532894501442,11.783368755030866,10,1000,9,0.9876279849415648,0.8879627635653607,0.09966522137620404,0.4402558675411067,-8.31782843449913e-05,0.0009003697333944112,-0.00023623834969734288,-0.0006263762701503371,0.06269666666666666,0.06036333333333334,0.07771333333333333,0.06013,0.008969999999999999,0.15225999999999998,0.07665666666666666,0.15126,0.17829666666666666,0.08592333333333334,0.08573,-3.736554405244248,-8.24222755017017,0.115
nominal,theta0.35_kappa0.1,taker,0.0,0.0,0.2453680000000001,3.0670999999999933,6.11968411153066,2.6416428758142416,1034.399,1036.467,465.905,3.0,0.0,122.684,8.762444111530662,0.0,-0.0011171241857582145,0.006,1.132,0.030564000000000008,0.0022640000000000004,0.028300000000000006,5.418294987353496,2.0687979999999997,2.0687979999999997,3.3494969873534974,5.418294987344909,8.58822496452305e-12,123.816,0.0,1.5530166666666665,0.0,0.0,177.316,0.0,0.0,0.0,0.0,0.0,0.0,0.0,0.0,61.345,61.339,300.0,0.0,0.0,,,,,,,,0.0,0.0,0.0,0.0,0.0,0.0,,3.349496987353498,0.29709368816057485,2.6774243726589173,4.0215696020480785,10,1000,9,0.8826465954485287,0.9723384227072749,0.0,5.418294987353496,0.307521800199124,4.722632344316449,6.113957630390543,10,1000,9,0.9456965759770993,0.9759177995853914,0.0,,,,,,0.5910533333333333,0.0,0.0,0.0,0.0,0.0,0.0,0.0,0.0,0.20448333333333332,0.20446333333333333,-10.17796570678728,-14.386034227403115,0.303
nominal,theta0.65_kappa0.002,abstain,0.0,0.0,0.0,0.0,0.0,0.0,0.0,0.0,0.0,0.0,0.0,0.0,0.0,0.0,0.0,0.0,0.0,0.0,0.0,0.0,0.0,0.0,0.0,0.0,0.0,0.0,0.0,0.0,0.0,0.0,0.0,300.0,0.0,0.0,0.0,0.0,0.0,0.0,0.0,0.0,0.0,0.0,300.0,0.0,0.0,,,,,,,,0.0,0.0,0.0,0.0,0.0,0.0,,0.0,0.0,0.0,0.0,10,1000,9,0.0,0.0,0.0,0.0,0.0,0.0,0.0,10,1000,9,0.0,0.0,0.0,,,,,,1.0,0.0,0.0,0.0,0.0,0.0,0.0,0.0,0.0,0.0,0.0,0.0,0.0,0.0
nominal,theta0.65_kappa0.002,active,3.6352000000000015,0.11075300000000005,0.12323800000000008,1.5404749999999976,3.4900381688693183,20.706404582828057,1034.261,1038.213,450.959,4.177,110.753,61.619,4.95451816886932,19.264936064871748,-0.023011482043688598,0.042,1.576,0.042552000000000006,0.0031520000000000003,0.039400000000000004,26.014624751700758,2.0685219999999997,2.0685219999999997,23.946102751700753,26.014624751697383,3.3751159089767667e-12,173.948,0.0,1.5031966666666667,55.309,55.444,78.317,4.723,2.576,4.713,31.838,56.599,1.874,55.391,2.35,30.898,30.721,22.436,160.064,306.242,-0.8695535825216436,0.028871296705405423,0.02313666666666665,4.057,5.824,0.7002099863071225,-0.03053164099274206,0.19677356841098553,72.451,-0.17132159302030875,161.913,0.06698011514167143,71.878,1.0242375321707554e-117,23.946102751700757,0.5560074160235723,22.68832659297411,25.203878910427402,10,1000,9,3.0914424667320985,4.35164438890478,0.0,26.01462475170075,0.5621475443022834,24.742958657807918,27.286290845593584,10,1000,9,3.1600986156508766,4.379578558829726,0.0,0.6966002747252747,0.00030182695558528304,0.0027159537951303024,-0.0010581089413469501,0.000931858359187393,0.26105666666666666,0.01574333333333333,0.008586666666666666,0.015710000000000002,0.10612666666666667,0.18866333333333332,0.006246666666666667,0.18463666666666667,0.007833333333333333,0.10299333333333333,0.10240333333333333,-6.957617673745942,-11.793833666803591,0.115
nominal,theta0.65_kappa0.002,full_information,3.545325000000002,0.10876800000000005,0.1297320000000001,1.6216499999999971,3.468638849179346,22.96406848307445,1045.121,1049.165,454.735,4.16,108.768,64.866,4.919828849179346,21.521581546911396,-0.008703063836945845,0.03,1.59,0.04293000000000001,0.0031800000000000005,0.03975,28.07495233225744,2.090242,2.090242,25.984710332257436,28.0749523322538,3.637445233906078e-12,175.224,0.0,1.5157833333333333,54.389,54.379,85.465,0.37,0.0,0.416,34.043,58.008,0.0,56.832,0.0,32.443,32.423,142.582,149.669,298.552,,,,,,,,,72.224,,154.459,,71.869,,25.984710332257436,0.5369957727999124,24.769941498425755,27.199479166089116,10,1000,9,2.883644600049752,4.094146257478919,0.0,28.074952332257435,0.5426289246440713,26.847440423632364,29.302464240882507,10,1000,9,2.9444614986038125,4.119787627304724,0.0,,,,,,0.2848833333333333,0.0012333333333333332,0.0,0.0013866666666666667,0.11347666666666667,0.19336,0.0,0.18944,0.0,0.10814333333333333,0.10807666666666667,-4.115165077884164,-9.318496359928012,0.09
nominal,theta0.65_kappa0.002,independent,5.395449999999995,0.13675200000000007,0.09442200000000002,1.1802749999999997,4.915017203805413,2.78182301125272,1017.13,1020.525,457.358,4.594,136.752,47.211,6.796497203805413,0.9228478870992398,-0.02250487584651983,0.129,1.413,0.03815100000000001,0.0028260000000000004,0.035325,11.642690215059528,2.03426,2.03426,9.608430215059524,11.642690215058126,1.3981299451515384e-12,185.376,0.0,1.5245266666666666,68.485,68.267,0.0,35.737,0.014,35.74,0.0,36.605,0.013,36.808,107.872,23.561,23.65,4.396,252.789,434.074,,,,,,,0.006610073606370121,0.7451704935308647,80.021,2.002467084482755,273.919,0.32852204565051285,80.134,,9.608430215059524,0.742011812134473,7.92988287935865,11.286977550760398,10,1000,9,5.505815293470844,6.903664739661775,0.0,11.642690215059526,0.7401415344172029,9.968373741493195,13.317006688625856,10,1000,9,5.478094909694516,6.904725385942672,0.0,,0.006610073606370121,0.009312186720121777,0.007310435144998174,0.0040996586424053814,0.0,0.11912333333333334,4.6666666666666665e-05,0.11913333333333334,0.0,0.12201666666666666,4.3333333333333334e-05,0.12269333333333333,0.35957333333333336,0.07853666666666667,0.07883333333333332,-28.497126703622136,-33.80180404860607,0.387
nominal,theta0.65_kappa0.002,myopic,2.2405750000000033,0.07992700000000003,0.002048,0.025600000000000005,-0.2703814424176135,14.339277593423809,770.966,773.187,240.704,2.899,79.927,1.024,-0.2461714424176134,14.328258602999256,-0.013191009575446038,-0.013,0.685,0.018495,0.0013700000000000001,0.017125,16.183401151005885,1.541932,1.541932,14.641469151005886,16.183401151006198,-3.142131346778321e-13,81.636,0.0,0.8023466666666665,39.973,39.954,193.379,4.749,0.349,4.942,65.867,13.706,0.411,13.545,2.028,0.496,0.528,181.552,105.597,200.743,-1.0442465035111785,0.12637273700506407,0.005309999999999992,3.873,5.824,0.6828907669527141,-0.16810529176726818,0.08113461871800962,49.653,-0.06613351199468438,102.281,-0.010353923903829382,48.809,3.441542208646038e-117,14.641469151005884,0.5601552819526563,13.374309867657434,15.908628434354334,10,1000,9,3.137739398994599,3.9773473629900002,0.0,16.183401151005885,0.6181856389462099,14.784968079924731,17.58183422208704,10,1000,9,3.821534841993339,4.738134244150619,0.0,0.6650068681318682,2.3149912173753914e-05,0.0016340325603288748,-0.0006465864822859024,-0.00021213144919644703,0.6445966666666666,0.01583,0.0011633333333333333,0.016473333333333333,0.21955666666666668,0.04568666666666667,0.00137,0.04515,0.00676,0.0016533333333333333,0.00176,-1.3889545567130994,-2.749426586045938,0.317
nominal,theta0.65_kappa0.002,noinfo,2.4905500000000016,0.07554900000000003,0.1652360000000001,2.065449999999996,4.315906317493484,16.15559378554973,1036.439,1039.624,457.791,3.779,75.549,82.618,6.141106317493485,14.37137262313172,-0.040978837581989495,0.063,1.365,0.036855000000000006,0.0027300000000000002,0.034125,20.618960103048337,2.072878,2.072878,18.546082103048334,20.618960103043218,5.118772017365103e-12,159.532,0.0,1.52597,37.788,37.761,111.797,0.367,0.435,0.406,22.585,39.727,0.445,39.423,2.197,41.327,41.291,169.405,105.585,209.517,-0.9937264998834737,0.12151902665405763,0.005853333333333325,3.874,5.824,0.682967776923369,-0.13897971363774272,0.10668875021054547,49.94,-0.012812297869550064,110.354,0.05679560322621004,49.223,2.4751208125007987e-117,18.546082103048338,0.6718280944796904,17.026301366952037,20.06586283914464,10,1000,9,4.513529885322118,4.214304103619219,0.2992257817028987,20.618960103048337,0.6733025653201843,19.095843882178876,22.1420763239178,10,1000,9,4.533363444667411,4.230796060239334,0.30256738442807674,0.6651785714285714,0.0007191400008935094,0.0021363386105435617,-0.00011610179848079875,0.0011538427813463225,0.37265666666666664,0.0012233333333333332,0.00145,0.0013533333333333333,0.07528333333333334,0.1324233333333333,0.0014833333333333332,0.13141,0.007323333333333334,0.13775666666666667,0.13763666666666666,-7.21596710487227,-12.092901578999358,0.164
nominal,theta0.65_kappa0.002,taker,0.0,0.0,0.24494600000000014,3.0618249999999936,6.465104340779044,2.661610142242739,1039.19,1041.379,467.308,3.0,0.0,122.473,9.112184340779043,0.0,0.01453014224273911,0.081,1.167,0.031509,0.0023340000000000006,0.029175000000000003,5.788434483030384,2.07838,2.07838,3.7100544830303845,5.78843448302179,8.594510048087756e-12,123.64,0.0,1.5576933333333332,0.0,0.0,177.527,0.0,0.0,0.0,0.0,0.0,0.0,0.0,0.0,61.277,61.196,300.0,0.0,0.0,,,,,,,,0.0,0.0,0.0,0.0,0.0,0.0,,3.7100544830303845,0.3141105154616483,2.9994871305685806,4.420621835492189,10,1000,9,0.986654159235824,0.9744063980867355,0.012247761149088543,5.788434483030384,0.3152391471716719,5.075313988261589,6.501554977799179,10,1000,9,0.9937571990952301,0.9814174567426935,0.012339742352536542,,,,,,0.5917566666666666,0.0,0.0,0.0,0.0,0.0,0.0,0.0,0.0,0.20425666666666667,0.20398666666666665,-10.350358326140839,-14.412653089102477,0.298
nominal,theta0.65_kappa0.02,abstain,0.0,0.0,0.0,0.0,0.0,0.0,0.0,0.0,0.0,0.0,0.0,0.0,0.0,0.0,0.0,0.0,0.0,0.0,0.0,0.0,0.0,0.0,0.0,0.0,0.0,0.0,0.0,0.0,0.0,0.0,0.0,300.0,0.0,0.0,0.0,0.0,0.0,0.0,0.0,0.0,0.0,0.0,300.0,0.0,0.0,,,,,,,,0.0,0.0,0.0,0.0,0.0,0.0,,0.0,0.0,0.0,0.0,10,1000,9,0.0,0.0,0.0,0.0,0.0,0.0,0.0,10,1000,9,0.0,0.0,0.0,,,,,,1.0,0.0,0.0,0.0,0.0,0.0,0.0,0.0,0.0,0.0,0.0,0.0,0.0,0.0
nominal,theta0.65_kappa0.02,active,3.763699999999996,0.11337400000000004,0.11211200000000004,1.4013999999999986,3.5077714554050035,15.770730365404702,961.58,965.136,427.908,4.487,113.374,56.056,4.989081455405004,14.271701253642652,0.017719111762051952,-0.056,1.426,0.03850200000000001,0.0028520000000000004,0.03565000000000001,21.37681382081265,1.9231599999999998,1.9231599999999998,19.453653820812644,21.376813820809705,2.9436623139034166e-12,170.856,0.0,1.4263599999999999,56.541,56.833,64.937,11.089,10.425,11.579,29.095,52.568,7.316,52.652,4.283,28.146,27.91,9.888,179.007,317.605,-0.9404574388018606,0.09324119215219775,0.024883333333333302,25.456,53.692,0.4766942255273478,-0.00711767384219432,0.27664842161281616,74.379,6.104788194328137e-05,168.819,-0.0892574468169863,74.407,3.902476085344402e-194,19.453653820812644,0.44741782225168736,18.441524389442414,20.465783252182874,10,1000,9,2.001827076684425,1.6887208799487332,0.31310619673569184,21.376813820812647,0.4507112379218828,20.357234165594015,22.396393476031278,10,1000,9,2.0314061998907604,1.7202260278681738,0.31118017202258663,0.47411159949340687,0.000590204885558392,0.003719442606284249,3.6161736500797524e-07,-0.0011995840017335238,0.21645666666666666,0.036963333333333334,0.03475,0.03859666666666667,0.09698333333333332,0.17522666666666667,0.024386666666666668,0.17550666666666667,0.014276666666666668,0.09382,0.09303333333333333,0.2829899366806088,-3.596557650880206,0.047
nominal,theta0.65_kappa0.02,full_information,3.345974999999996,0.10864200000000004,0.13654600000000008,1.706824999999998,3.202087119758971,22.758688326024938,1094.541,1098.314,470.519,4.539,108.642,68.273,4.722907119758971,21.138321505790554,0.0995468202343839,-0.029,1.501,0.04052700000000001,0.0030020000000000008,0.037525,27.314210445787936,2.1890820000000004,2.1890820000000004,25.125128445787933,27.31421044578391,4.024302224792109e-12,178.416,0.0,1.5683966666666664,54.401,54.241,87.113,0.39,0.0,0.371,56.545,43.336,0.0,43.972,0.0,34.042,34.231,88.735,144.614,288.467,,,,,,,,,69.86,,148.744,,69.863,,25.12512844578793,0.34653948678120355,24.341201663573415,25.909055228002444,10,1000,9,1.2008961589857994,1.6029862407196958,0.0,27.314210445787932,0.34848596066795484,26.525880433728304,28.10254045784756,10,1000,9,1.2144246478266736,1.6380201811685118,0.0,,,,,,0.29037666666666667,0.0013,0.0,0.0012366666666666667,0.18848333333333334,0.14445333333333332,0.0,0.14657333333333333,0.0,0.11347333333333334,0.11410333333333333,6.773724145995141,2.996194567367305,0.008
nominal,theta0.65_kappa0.02,independent,5.421124999999995,0.13742500000000007,0.09512400000000003,1.1890499999999997,4.386824127011889,1.9413917711644544,1008.885,1012.396,455.767,4.551,137.425,47.562,6.279614127011888,0.03441718250400061,0.014184588660453712,-0.031,1.417,0.038259,0.0028340000000000006,0.035425,10.289482898177779,2.01777,2.01777,8.271712898177778,10.289482898176338,1.439320995721971e-12,186.404,0.0,1.5192233333333334,68.741,68.684,0.0,35.599,0.015,35.503,0.0,37.212,0.011,36.682,107.416,23.737,23.825,4.452,252.438,433.748,,,,,,,0.0004091854395283572,0.2489236524362993,79.617,-0.16229623982303235,274.528,0.028096529066734186,79.603,,8.271712898177778,0.38828306514611305,7.393355581164257,9.1500702151913,10,1000,9,1.5076373867926065,2.1615020893709236,0.0,10.289482898177777,0.3895244201314572,9.408317441092583,11.170648355262971,10,1000,9,1.51729273878748,2.171962316683853,0.0,,0.00040918543952835653,0.003126513840464967,-0.000591182829522061,0.0003529581682440886,0.0,0.11866333333333333,4.9999999999999996e-05,0.11834333333333333,0.0,0.12404000000000001,3.6666666666666666e-05,0.12227333333333334,0.35805333333333333,0.07912333333333332,0.07941666666666666,-14.133654986267306,-19.01233589516066,0.237
nominal,theta0.65_kappa0.02,myopic,2.198249999999997,0.07413800000000001,0.011262000000000003,0.14077499999999998,0.2842194428998614,11.214582594006627,707.186,709.365,250.022,4.34,74.138,5.631,0.5201694428998614,10.969540421448022,0.009092172558606065,-0.005,0.787,0.021249000000000004,0.0015740000000000003,0.019675,13.449628036906384,1.414372,1.414372,12.035256036906384,13.449628036906487,-1.022003592865417e-13,80.556,0.0,0.8334066666666667,37.098,37.04,188.886,3.316,5.484,3.008,54.26,14.83,5.394,14.999,4.192,2.784,2.847,40.885,105.483,193.764,-0.9851690613285634,0.1633490009059029,0.011819999999999968,29.097,53.692,0.5462130092278081,-0.020433446133914495,0.05003253490324855,50.386,0.19938576408089245,92.66,-0.03601650553940807,50.718,2.088583093203571e-193,12.035256036906386,0.36421624641096784,11.211341646280339,12.859170427532433,10,1000,9,1.3265347414969484,1.2926348349965888,0.03389990650035957,13.449628036906386,0.38752426641952303,12.572987241867342,14.32626883194543,10,1000,9,1.5017505706398948,1.4714592520021652,0.030291318637729603,0.5419243090218282,0.0011013490299783908,0.0009929848549844907,0.0021517997418615633,-0.0007101326065579888,0.62962,0.011053333333333333,0.01828,0.010026666666666666,0.18086666666666665,0.049433333333333336,0.01798,0.04999666666666667,0.013973333333333334,0.00928,0.00949,-1.8173027281478744,-4.480280021738827,0.112
nominal,theta0.65_kappa0.02,noinfo,2.5324749999999976,0.07627500000000001,0.16245600000000007,2.030699999999997,4.260341847539251,13.615748976552357,1035.738,1038.781,457.668,4.248,76.275,81.228,6.13303184753925,11.738830916262534,0.004228060289823585,-0.005,1.301,0.03512700000000001,0.002602,0.032525000000000005,18.104007824096577,2.071476,2.071476,16.032531824096576,18.104007824091607,4.967312006165514e-12,158.804,0.0,1.52556,38.344,37.931,105.567,0.912,5.543,1.013,26.454,34.52,5.577,35.002,4.184,40.405,40.823,33.851,113.205,213.365,-0.9929141003350821,0.15152025816084244,0.012963333333333302,29.035,53.692,0.5448459229451031,-0.014940472008558168,0.29598242967151855,49.888,0.1537628710618306,113.105,-0.060331729356782986,50.372,1.0640637863961487e-193,16.032531824096576,0.47828579082401285,14.950574196519431,17.11448945167372,10,1000,9,2.2875729770415134,1.5807752733678975,0.7067977036736159,18.104007824096577,0.4782120541383077,17.02221700049116,19.185798647701994,10,1000,9,2.2868676872317972,1.6069567044490944,0.6799109827827028,0.5407695746107427,0.0018251052017742657,0.005932938375391247,0.0013594701477550116,-0.001197723524116235,0.35189,0.00304,0.018476666666666666,0.0033766666666666663,0.08818000000000001,0.11506666666666668,0.01859,0.11667333333333334,0.013946666666666668,0.13468333333333335,0.13607666666666668,-1.6936474052707564,-6.096365713466693,0.071
nominal,theta0.65_kappa0.02,taker,0.0,0.0,0.24525600000000014,3.0656999999999934,6.153042661345549,2.726604852875268,1037.446,1039.476,467.006,3.0,0.0,122.628,8.802432661345549,0.0,0.07721485287526765,0.032,1.106,0.029862000000000007,0.002212,0.02765,5.538829514229416,2.0748919999999997,2.0748919999999997,3.4639375142294164,5.538829514220824,8.592925121453377e-12,123.734,0.0,1.5566866666666668,0.0,0.0,177.372,0.0,0.0,0.0,0.0,0.0,0.0,0.0,0.0,61.33,61.298,300.0,0.0,0.0,,,,,,,,0.0,0.0,0.0,0.0,0.0,0.0,,3.4639375142294164,0.3075116886002718,2.7682977452181405,4.159577283240692,10,1000,9,0.9456343862579052,0.951208461909815,0.0,5.538829514229416,0.3064907258367149,4.845499323446671,6.232159705012162,10,1000,9,0.9393656502391633,0.9558902237816526,0.0,,,,,,0.5912400000000001,0.0,0.0,0.0,0.0,0.0,0.0,0.0,0.0,0.20443333333333333,0.20432666666666668,-10.155015788435467,-14.03254714045424,0.289
nominal,theta0.65_kappa0.1,abstain,0.0,0.0,0.0,0.0,0.0,0.0,0.0,0.0,0.0,0.0,0.0,0.0,0.0,0.0,0.0,0.0,0.0,0.0,0.0,0.0,0.0,0.0,0.0,0.0,0.0,0.0,0.0,0.0,0.0,0.0,0.0,300.0,0.0,0.0,0.0,0.0,0.0,0.0,0.0,0.0,0.0,0.0,300.0,0.0,0.0,,,,,,,,0.0,0.0,0.0,0.0,0.0,0.0,,0.0,0.0,0.0,0.0,10,1000,9,0.0,0.0,0.0,0.0,0.0,0.0,0.0,10,1000,9,0.0,0.0,0.0,,,,,,1.0,0.0,0.0,0.0,0.0,0.0,0.0,0.0,0.0,0.0,0.0,0.0,0.0,0.0
nominal,theta0.65_kappa0.1,active,4.227349999999994,0.12375600000000005,0.090906,1.1363249999999998,3.026026795587965,9.654454610518258,827.354,830.347,391.644,4.424,123.756,45.453,4.442746795587966,8.188372546831726,0.04936206368653064,-0.075,1.271,0.034317,0.0025420000000000004,0.031775000000000005,15.522527406108322,1.6547079999999998,1.6547079999999998,13.86781940610832,15.522527406106217,2.1018145002216215e-12,170.48,0.0,1.30548,61.302,62.454,41.975,17.273,21.39,17.865,27.532,52.048,15.287,49.708,11.469,23.265,22.188,4.631,212.572,353.329,-0.9601032902170796,0.18452035936808886,0.0,70.852,192.529,0.36712274470915424,-0.0019773674369618728,0.08703650933945473,81.357,0.1989927793372783,191.791,-0.15506664865487624,80.181,3.298328202202951e-243,13.86781940610832,0.35184942298512595,13.071880713676101,14.663758098540537,10,1000,9,1.2379801645496609,0.924276474470475,0.31370369007918586,15.522527406108319,0.35233208074081074,14.725496865976899,16.31955794623974,10,1000,9,1.2413789511914917,0.9530103755581999,0.28836857563329177,0.3680068976621704,0.00037065352694473625,0.0010698097193782307,0.0010375501422761146,-0.0019339575292759662,0.13991666666666666,0.057576666666666665,0.0713,0.05954999999999999,0.09177333333333333,0.17349333333333333,0.05095666666666667,0.16569333333333333,0.03823,0.07755000000000001,0.07396,-0.24418665925173183,-4.04401783046158,0.052
nominal,theta0.65_kappa0.1,full_information,3.443299999999994,0.11286000000000003,0.10937600000000003,1.3671999999999993,2.5352318485102114,23.101446654611237,880.74,883.93,419.598,4.559,112.86,54.688,3.7440518485102112,21.778677118820948,0.11394953579028673,-0.036,1.354,0.03655800000000001,0.0027080000000000008,0.03385,27.453984503124612,1.76148,1.76148,25.692504503124614,27.453984503121443,3.165788520220758e-12,168.902,0.0,1.3986599999999998,56.171,56.689,97.011,0.27,0.0,0.335,63.244,42.306,0.0,42.146,0.0,27.585,27.103,31.581,148.301,295.997,,,,,,,,,73.586,,149.502,,72.909,,25.69250450312461,0.21979315374877584,25.19529784603781,26.18971116021141,10,1000,9,0.4830903043483302,0.882988797414124,0.0,27.45398450312461,0.22147908518793544,26.952964004156726,27.95500500209249,10,1000,9,0.4905298517568476,0.9200614497214794,0.0,,,,,,0.32337,0.0009000000000000001,0.0,0.0011166666666666666,0.21081333333333332,0.14101999999999998,0.0,0.14048666666666668,0.0,0.09195,0.09034333333333334,12.15113697614263,8.331863079523831,0.0
nominal,theta0.65_kappa0.1,independent,5.406524999999995,0.13695400000000008,0.09466400000000001,1.1832999999999998,4.195348620414633,2.1691611719374913,1004.325,1007.525,454.131,4.564,136.954,47.332,6.080188620414632,0.19899921419517397,0.08532195774231721,-0.04,1.342,0.036234,0.0026840000000000006,0.03355,10.319882792353557,2.0086500000000003,2.0086500000000003,8.311232792353557,10.31988279235212,1.4387934177406691e-12,185.628,0.0,1.51377,68.24,68.714,0.0,35.759,0.014,34.957,0.0,36.801,0.012,36.812,108.313,23.883,23.449,4.431,252.668,434.594,,,,,,,0.0015731335276573043,0.279566028223109,79.934,0.3949606343627864,275.445,-0.01119594860198282,79.215,,8.31123279235356,0.3502809772797672,7.5188421706081785,9.10362341409894,10,1000,9,1.226967630440688,1.1684568461564815,0.05851078428420653,10.319882792353557,0.34941501206383924,9.529451120024122,11.110314464682991,10,1000,9,1.2209085065557292,1.1756772741408594,0.045231232414869815,,0.001573133527657305,0.003497460757914142,0.0014339001773958008,-0.0001413362191754443,0.0,0.11919666666666667,4.6666666666666665e-05,0.11652333333333334,0.0,0.12267,4e-05,0.12270666666666666,0.3610433333333333,0.07961,0.07816333333333333,-7.540582367902918,-12.22115823581931,0.177
nominal,theta0.65_kappa0.1,myopic,3.4890749999999944,0.10129800000000001,0.024270000000000003,0.303375,1.174777623766042,8.378603456350676,753.79,756.153,310.048,4.545,101.298,12.135,1.6810876237660417,7.929846648783639,-0.05755319243296272,-0.091,1.007,0.027189000000000005,0.002014,0.025175000000000003,12.586324080116682,1.50758,1.50758,11.078744080116682,12.586324080116713,-3.01505487243503e-14,114.44,0.0,1.0334933333333332,50.486,50.812,122.57,1.936,17.951,1.83,44.866,29.251,18.08,29.108,22.273,6.185,5.95,9.276,165.295,290.793,-1.0052371383856773,0.19895065114196916,0.0,79.782,192.529,0.4141806809683265,-0.004039281721226936,0.04342857274945153,70.926,-0.09674683807254661,149.111,-0.09401085942766119,70.756,1.3383397805882235e-242,11.078744080116683,0.3778273912826311,10.224039140625319,11.933449019608048,10,1000,9,1.4275353760343843,0.8449327765804503,0.582602599453934,12.58632408011668,0.3857497417201043,11.713697538836989,13.458950621396372,10,1000,9,1.4880286323712715,0.9007919885575983,0.5872366438136731,0.41438952053976286,-0.000506646049769961,0.0006123082191220642,-0.0006488242857505256,-0.001328662720160286,0.40856666666666663,0.0064533333333333335,0.05983666666666667,0.0061,0.14955333333333334,0.09750333333333333,0.06026666666666666,0.09702666666666666,0.07424333333333333,0.020616666666666665,0.019833333333333335,-0.6329259450520566,-4.837092252412191,0.065
nominal,theta0.65_kappa0.1,noinfo,3.3750499999999946,0.09479400000000002,0.13673800000000005,1.7092249999999978,3.7456378676314355,9.386605359366786,982.548,985.381,438.136,4.47,94.794,68.369,5.567447867631436,7.590350615526435,-0.025555256159650326,-0.041,1.245,0.033615000000000006,0.00249,0.031125,14.532921227002014,1.965096,1.965096,12.567825227002015,14.532921226998218,3.796852665605144e-12,164.408,0.0,1.4604533333333334,47.291,47.503,70.066,5.424,17.098,5.569,20.171,40.456,16.85,40.592,15.405,34.27,34.099,8.293,161.565,278.189,-0.9789593563572395,0.1995067915211203,0.0,79.287,192.529,0.4113502074745522,-0.003173244093070588,0.1536194460233047,61.486,0.04081630249489109,155.504,-0.07575199536968251,61.199,1.0645941067874344e-242,12.567825227002015,0.34394310140844825,11.789771876555864,13.345878577448165,10,1000,9,1.182968570064621,1.004154020816561,0.17881454924806017,14.532921227002015,0.34801669476364094,13.745652768169089,15.320189685834942,10,1000,9,1.2111561983420924,1.0317197496960824,0.17943644864601005,0.41181847929402843,0.0004266299283886618,0.002498445923028083,0.0002624775085842878,-0.001237797927575328,0.23355333333333334,0.018080000000000002,0.05699333333333333,0.018563333333333334,0.06723666666666667,0.13485333333333335,0.05616666666666667,0.13530666666666666,0.05135,0.11423333333333334,0.11366333333333332,-0.8973814623397256,-5.330788733997635,0.066
nominal,theta0.65_kappa0.1,taker,0.0,0.0,0.2454180000000001,3.067724999999993,5.749626561699934,2.6365371953638883,1033.695,1035.874,465.593,3.0,0.0,122.709,8.402016561699932,0.0,-0.01585280463611163,0.005,1.169,0.03156300000000001,0.0023380000000000002,0.029225,5.041457757072436,2.06739,2.06739,2.974067757072435,5.041457757063829,8.607457552267661e-12,123.878,0.0,1.5519766666666668,0.0,0.0,177.291,0.0,0.0,0.0,0.0,0.0,0.0,0.0,0.0,61.357,61.352,300.0,0.0,0.0,,,,,,,,0.0,0.0,0.0,0.0,0.0,0.0,,2.9740677570724356,0.2661711681605482,2.371946742487686,3.5761887716571854,10,1000,9,0.7084709075995084,0.8900548758944504,0.0,5.041457757072436,0.2697523416328472,4.431235565266102,5.65167994887877,10,1000,9,0.7276632581640431,0.8951243267326735,0.0,,,,,,0.59097,0.0,0.0,0.0,0.0,0.0,0.0,0.0,0.0,0.20452333333333333,0.20450666666666664,-10.29103507124104,-14.310236446955301,0.296
state_dependence,theta0.15_kappa0.002,abstain,0.0,0.0,0.0,0.0,0.0,0.0,0.0,0.0,0.0,0.0,0.0,0.0,0.0,0.0,0.0,0.0,0.0,0.0,0.0,0.0,0.0,0.0,0.0,0.0,0.0,0.0,0.0,0.0,0.0,0.0,0.0,300.0,0.0,0.0,0.0,0.0,0.0,0.0,0.0,0.0,0.0,0.0,300.0,0.0,0.0,,,,,,,,0.0,0.0,0.0,0.0,0.0,0.0,,0.0,0.0,0.0,0.0,10,1000,9,0.0,0.0,0.0,0.0,0.0,0.0,0.0,10,1000,9,0.0,0.0,0.0,,,,,,1.0,0.0,0.0,0.0,0.0,0.0,0.0,0.0,0.0,0.0,0.0,0.0,0.0,0.0
state_dependence,theta0.15_kappa0.002,active,4.991099999999996,0.12466500000000005,0.10010200000000005,1.2512749999999992,4.37099048994494,3.061307488423181,813.142,816.216,383.284,4.233,124.665,50.051,6.115370489944938,1.2713857100994654,0.04554177832371562,0.014,1.256,0.033912000000000005,0.0025120000000000003,0.0314,10.913443978369727,1.626284,1.626284,9.287159978369727,10.913443978368118,1.6109076295123259e-12,175.972,0.0,1.2776133333333333,62.319,62.346,8.271,12.471,30.729,12.657,0.0,48.414,30.095,49.317,57.995,25.046,25.005,6.64,241.678,397.404,-0.9841638051131347,0.13046774784293955,0.023696666666666654,4.608,5.739,0.8340540563422032,-0.006853518314273007,-0.28050161169657883,81.695,-0.47852971236835906,234.979,0.1602730221307722,80.73,4.1951836000974924e-11,9.287159978369727,0.4101558026184308,8.359323091613197,10.214996865126258,10,1000,9,1.6822778242156915,1.0606357807254845,0.621642043490207,10.913443978369727,0.41473414130760045,9.975250169953776,11.851637786785679,10,1000,9,1.7200440796615268,1.049340896547323,0.6707031831142038,0.8029273392577104,-0.0015066740695467726,-0.0034335223905573027,-0.00203647863157286,0.0019852969420385506,0.027570000000000004,0.04157,0.10243,0.04219,0.0,0.16138,0.10031666666666667,0.16439,0.19331666666666666,0.08348666666666667,0.08335,-5.787920278288373,-9.07508774877107,0.149
state_dependence,theta0.15_kappa0.002,full_information,4.179299999999999,0.10411900000000004,0.10766200000000006,1.3457749999999988,4.196064828844634,4.734319305910959,767.408,770.35,363.874,3.68,104.119,53.831,5.897934828844633,3.0107472703056777,0.02170203560528055,-0.018,1.242,0.03353400000000001,0.0024840000000000005,0.031050000000000005,11.518594134757805,1.5348160000000002,1.5348160000000002,9.983778134757802,11.518594134755592,2.2116227738067094e-12,159.192,0.0,1.2129133333333335,52.03,52.089,46.038,0.089,34.295,0.102,0.0,50.732,33.715,51.014,30.184,26.936,26.895,12.438,200.131,332.061,,,,,,,,,71.705,,189.015,,71.341,,9.983778134757802,0.40677294159535715,9.06359381129537,10.903962458220235,10,1000,9,1.6546422601413981,0.9956230512553754,0.6590192088860227,11.518594134757803,0.40935298345110255,10.592573351131076,12.44461491838453,10,1000,9,1.6756986506031861,0.9879517831312665,0.6877468674719196,,,,,,0.15345999999999999,0.00029666666666666665,0.11431666666666668,0.00033999999999999997,0.0,0.16910666666666666,0.11238333333333335,0.17004666666666668,0.10061333333333333,0.08978666666666667,0.08965,-4.6862795776263155,-8.370610500398847,0.131
state_dependence,theta0.15_kappa0.002,independent,5.505149999999995,0.13890200000000008,0.09383600000000003,1.1729499999999997,4.884890324411399,1.6216663399890563,947.03,950.256,443.006,4.366,138.902,46.918,6.7766603244114,-0.21336649285517315,-0.05673716715577075,-0.02,1.35,0.03645,0.0027,0.03375,10.56956866440146,1.8940599999999999,1.8940599999999999,8.67550866440146,10.56956866440045,1.0096471436682465e-12,187.17,0.0,1.4766866666666667,69.454,69.448,0.0,33.197,0.014,32.906,0.0,38.835,0.008,39.444,108.678,23.446,23.472,4.324,253.082,440.039,,,,,,,-0.0016316279154802232,-0.017407014560597005,79.918,-0.5355618927071075,280.577,-0.1582527355828729,79.544,,8.675508664401459,0.42883329287754324,7.705420359272184,9.645596969530734,10,1000,9,1.8389799308019679,1.2348444332853286,0.6041354975166393,10.569568664401462,0.4352401454332018,9.584987051872412,11.554150276930512,10,1000,9,1.8943398419671464,1.244681616509146,0.6496582254580003,,-0.001631627915480221,-0.00021781093821913718,-0.0019087875795489562,-0.001989499341029781,0.0,0.11065666666666668,4.6666666666666665e-05,0.10968666666666667,0.0,0.12945,2.6666666666666667e-05,0.13148,0.36225999999999997,0.07815333333333334,0.07824,-7.51844555161782,-12.05184538216662,0.166
state_dependence,theta0.15_kappa0.002,myopic,5.150024999999998,0.12795200000000007,0.011026,0.13782499999999995,1.7058578790268437,2.3101165096231115,792.277,794.944,308.919,4.181,127.952,5.513,2.2062278790268435,1.7798099221911658,0.02993658743194551,0.029,1.005,0.027135000000000006,0.0020099999999999996,0.025125,8.86206138864809,1.584554,1.584554,7.27750738864809,8.862061388649952,-1.8621639230609332e-12,134.47,0.0,1.02973,63.882,64.07,55.574,3.213,30.501,3.475,0.0,58.496,29.962,58.137,55.129,2.865,2.648,11.908,238.913,410.675,-1.0058031273529677,0.1255925038060493,0.022686666666666657,4.461,5.739,0.8094276519342861,-0.00839651245073407,-0.3850324328613423,111.139,-0.4181841529755128,189.239,0.2834307147408649,110.297,4.630262010071873e-11,7.27750738864809,0.27971275370033416,6.644753179338869,7.9102615979573105,10,1000,9,0.782392245826238,1.0543409638391652,0.0,8.86206138864809,0.29783009426952983,8.188322907599408,9.535799869696772,10,1000,9,0.8870276505259701,1.218433327974888,0.0,0.7773131207527444,-0.0012656866648712252,-0.003464422325748318,-0.0022098201373686862,0.0025697046587020945,0.18524666666666667,0.01071,0.10167000000000001,0.011583333333333334,0.0,0.19498666666666667,0.09987333333333333,0.19379,0.18376333333333333,0.009550000000000001,0.008826666666666667,-4.488970314307473,-7.022506516779947,0.202
state_dependence,theta0.15_kappa0.002,noinfo,4.8296749999999955,0.11995000000000004,0.10388800000000006,1.298599999999999,4.4619147182505055,3.192717210569027,822.734,825.848,386.48,4.223,119.95,51.944,6.247724718250505,1.3829756451669326,0.023931565402094623,-0.002,1.276,0.034451999999999997,0.0025520000000000004,0.031900000000000005,10.927416928821353,1.645468,1.645468,9.281948928821352,10.92741692881953,1.8232287346542363e-12,173.17,0.0,1.2882666666666667,59.925,60.025,11.212,11.689,33.027,11.772,0.0,45.772,32.523,46.48,55.581,26.021,25.923,7.547,236.844,384.677,-0.9657156497022695,0.13285411458070429,0.022573333333333324,4.485,5.739,0.8130330941111569,-0.007309119047545819,-0.2718810386834021,79.034,-0.456001873519509,227.655,0.17874077460981977,77.988,4.3603440534023123e-11,9.281948928821354,0.41495255234988687,8.34326104030166,10.220636817341047,10,1000,9,1.7218562070168557,1.0494598810054492,0.6723963260114065,10.927416928821353,0.41985815991629744,9.977631785007427,11.87720207263528,10,1000,9,1.7628087444829919,1.0390879887424613,0.7237207557405305,0.781495033978045,-0.001427540865695353,-0.0034400516066933483,-0.002003039131666377,0.002291900992586292,0.037373333333333335,0.038963333333333336,0.11009000000000001,0.039240000000000004,0.0,0.15257333333333334,0.10841,0.1549333333333333,0.18527000000000002,0.08673666666666667,0.08641,-5.649977094312851,-9.081499491123754,0.15
state_dependence,theta0.15_kappa0.002,taker,0.0,0.0,0.24637000000000012,3.0796249999999934,6.339444892276765,2.639716282991111,1026.441,1028.828,463.633,3.0,0.0,123.185,9.006264892276766,0.0,-0.02710371700888947,-0.015,1.229,0.033183000000000004,0.002458,0.030725000000000002,5.619983175276568,2.052882,2.052882,3.567101175276569,5.619983175267882,8.685907437744333e-12,124.414,0.0,1.545443333333333,0.0,0.0,176.815,0.0,0.0,0.0,0.0,0.0,0.0,0.0,0.0,61.585,61.6,300.0,0.0,0.0,,,,,,,,0.0,0.0,0.0,0.0,0.0,0.0,,3.567101175276568,0.3632158813885866,2.7454497675513134,4.388752583001822,10,1000,9,1.3192577649288781,1.007710903061952,0.31154686186692615,5.619983175276569,0.3694674130110638,4.784189820513069,6.455776530040069,10,1000,9,1.3650616927708796,1.0146636911532512,0.35039800161762846,,,,,,0.5893833333333334,0.0,0.0,0.0,0.0,0.0,0.0,0.0,0.0,0.20528333333333335,0.20533333333333334,-10.654781336197166,-14.390175551912893,0.297
state_dependence,theta0.15_kappa0.02,abstain,0.0,0.0,0.0,0.0,0.0,0.0,0.0,0.0,0.0,0.0,0.0,0.0,0.0,0.0,0.0,0.0,0.0,0.0,0.0,0.0,0.0,0.0,0.0,0.0,0.0,0.0,0.0,0.0,0.0,0.0,0.0,300.0,0.0,0.0,0.0,0.0,0.0,0.0,0.0,0.0,0.0,0.0,300.0,0.0,0.0,,,,,,,,0.0,0.0,0.0,0.0,0.0,0.0,,0.0,0.0,0.0,0.0,10,1000,9,0.0,0.0,0.0,0.0,0.0,0.0,0.0,10,1000,9,0.0,0.0,0.0,,,,,,1.0,0.0,0.0,0.0,0.0,0.0,0.0,0.0,0.0,0.0,0.0,0.0,0.0,0.0
state_dependence,theta0.15_kappa0.02,active,5.2782749999999945,0.13632100000000008,0.08995000000000002,1.124375,4.199774079664119,2.405382792555758,810.475,813.197,393.549,4.294,136.321,44.975,5.969054079664118,0.5326717491248824,0.10343104343087503,0.044,1.204,0.03250800000000001,0.0024080000000000004,0.030100000000000002,10.500277872221059,1.62095,1.62095,8.879327872221058,10.50027787221987,1.1863414695056917e-12,182.5,0.0,1.3118299999999998,68.404,67.917,0.073,30.389,10.813,30.752,0.0,46.001,11.105,45.729,80.163,22.266,22.709,4.128,254.952,426.845,-1.029800668680788,0.21235456091724447,0.0007499999999999958,31.867,54.169,0.5909431034982934,-0.000738066314065357,0.11260675300137518,82.598,-0.052292212566435535,259.537,0.1656111007600251,84.71,0.015237348469905881,8.879327872221058,0.2350164659968189,8.347683690290832,9.410972054151284,10,1000,9,0.5523273928963395,0.7763668082561127,0.0,10.500277872221059,0.23588742698417467,9.96666343965477,11.033892304787347,10,1000,9,0.5564287820921433,0.7797112792824079,0.0,0.588288504495191,0.0005292919940375656,0.0013633108913215233,-0.00020148268865878674,0.0019550360141662743,0.00024333333333333333,0.10129666666666666,0.03604333333333334,0.10250666666666666,0.0,0.15333666666666665,0.03701666666666667,0.15243,0.26721,0.07422,0.07569666666666666,-4.281932350750755,-7.289474526923039,0.126
state_dependence,theta0.15_kappa0.02,full_information,4.282124999999994,0.10704800000000003,0.10656200000000005,1.3320249999999993,4.0370420695181535,5.123323046513237,777.894,780.677,366.924,3.907,107.048,53.281,5.719922069518153,3.42564433494767,0.014798711565565946,0.061,1.225,0.033075,0.0024500000000000004,0.030625000000000006,11.863780116033432,1.555788,1.555788,10.307992116033432,11.863780116031386,2.0464223648986035e-12,161.554,0.0,1.22308,53.721,53.327,44.046,0.118,32.254,0.111,0.0,53.086,32.747,52.693,31.664,26.474,26.807,14.088,202.673,340.116,,,,,,,,,72.933,,192.393,,74.79,,10.307992116033432,0.26891243484179367,9.699669925390562,10.916314306676302,10,1000,9,0.7231389761254193,0.737101075881645,0.0,11.863780116033432,0.2739021261107054,11.244170459546442,12.483389772520422,10,1000,9,0.7502237468796475,0.7397717575796039,0.010451989300043651,,,,,,0.14682,0.0003933333333333333,0.10751333333333332,0.00037,0.0,0.17695333333333332,0.10915666666666667,0.17564333333333332,0.10554666666666668,0.08824666666666667,0.08935666666666667,-2.1203646238428986,-5.813053634884545,0.081
state_dependence,theta0.15_kappa0.02,independent,5.502999999999995,0.1392440000000001,0.09233200000000003,1.1541499999999998,4.480986606959892,2.1024762642579105,953.229,956.129,445.329,4.377,139.244,46.166,6.3528066069598905,0.1810412548966331,0.04961500936127723,0.04,1.304,0.035208,0.0026080000000000005,0.032600000000000004,10.665528871218655,1.906458,1.906458,8.759070871218654,10.665528871217797,8.562273667855891e-13,186.714,0.0,1.4844300000000001,69.845,69.399,0.0,33.137,0.005,33.257,0.0,39.589,0.006,39.459,108.381,22.88,23.286,4.32,253.834,441.263,,,,,,,0.0013621727317110156,0.3065759728358742,79.239,0.13967737583815895,279.908,0.15721750098141013,82.116,,8.759070871218654,0.24986916683802446,8.193827545693598,9.32431419674371,10,1000,9,0.624346005363285,0.9416603472191316,0.0,10.665528871218651,0.2499954571385485,10.099999857185672,11.23105788525163,10,1000,9,0.6249772858991185,0.9449863482195285,0.0,,0.0013621727317110195,0.003869003556782319,0.000499011731848175,0.0019145781696796012,0.0,0.11045666666666666,1.6666666666666667e-05,0.11085666666666666,0.0,0.13196333333333332,2e-05,0.13153,0.36127,0.07626666666666666,0.07762000000000001,-5.136238438136739,-8.596641444065286,0.15
state_dependence,theta0.15_kappa0.02,myopic,6.402649999999994,0.15592100000000012,0.019084000000000004,0.23854999999999998,1.0228610488662113,1.4448163231024282,771.891,774.526,330.481,4.507,155.921,9.542,1.5625310488662112,0.8660679143960729,0.03907840870635511,0.043,1.139,0.030753000000000003,0.0022780000000000005,0.028475,8.426019371966705,1.543782,1.543782,6.8822373719667045,8.426019371968632,-1.9289130848143544e-12,166.602,0.0,1.1016033333333335,78.015,77.906,8.147,5.277,23.519,5.17,0.0,63.45,24.02,63.71,97.165,4.738,4.804,4.362,282.311,506.636,-1.087019624153993,0.20741921926301943,0.0010399999999999943,31.858,54.169,0.5927210377350929,-0.00011571347981299707,0.16026583274474504,118.595,-0.11679905475271576,267.632,0.5306663215661178,120.409,0.014104070693365946,6.8822373719667045,0.3149262463897891,6.16982470794289,7.594650035990519,10,1000,9,0.9917854066516215,0.6844897692280625,0.30729563742355903,8.426019371966706,0.3137169020090651,7.7163424349960374,9.135696308937376,10,1000,9,0.9841829460616537,0.7154367791774254,0.26874616688422825,0.5881223578061253,0.0011332260233345977,0.0013513709072452047,-0.0004364166271324646,0.0044071981460365745,0.027156666666666666,0.01759,0.07839666666666666,0.017233333333333333,0.0,0.21150000000000002,0.08006666666666666,0.21236666666666668,0.32388333333333336,0.015793333333333336,0.016013333333333334,-4.50996228161832,-8.27492882155843,0.149
state_dependence,theta0.15_kappa0.02,noinfo,5.237899999999995,0.13468100000000008,0.09189400000000002,1.1486749999999997,4.276069761770025,2.385249938415859,815.171,817.859,395.597,4.299,134.681,45.947,6.067099761770025,0.5230379448467097,0.07118199356914914,0.042,1.194,0.03223800000000001,0.0023880000000000004,0.02985,10.491731700187144,1.630342,1.630342,8.861389700187141,10.491731700185879,1.2630053669582253e-12,181.822,0.0,1.3186566666666668,67.578,67.103,0.097,29.792,12.209,30.304,0.0,44.363,12.387,44.159,80.742,22.757,23.19,4.182,253.956,423.22,-1.0235497242909155,0.2126895478549536,0.0007633333333333293,31.85,54.169,0.5922395823385956,-0.0008734504785183472,0.12077338291633442,81.553,-0.11192652588789327,258.057,0.17535450696253468,83.61,0.015190759692184176,8.861389700187143,0.23664031132956362,8.326072124906172,9.396707275468113,10,1000,9,0.5599863694615279,0.7911579869703403,0.0,10.491731700187142,0.2361177235319847,9.957596300635656,11.025867099738628,10,1000,9,0.5575157936592676,0.794645733189973,0.0,0.5879746718602891,0.00043523785263214354,0.0014809189473880106,-0.00043372792014126057,0.002097291077174198,0.00032333333333333335,0.09930666666666667,0.040696666666666666,0.10101333333333333,0.0,0.14787666666666666,0.04129,0.14719666666666667,0.26914,0.07585666666666667,0.07730000000000001,-4.354494612197214,-7.302472183662763,0.134
state_dependence,theta0.15_kappa0.02,taker,0.0,0.0,0.24563400000000013,3.070424999999993,6.45201445416261,2.6908149784221487,1035.301,1037.526,466.183,3.0,0.0,122.817,9.101164454162609,0.0,0.041664978422148655,0.037,1.179,0.03183300000000001,0.0023580000000000007,0.029475,5.794937432593362,2.0706020000000005,2.0706020000000005,3.7243354325933624,5.794937432584765,8.597494577378128e-12,123.996,0.0,1.5539433333333335,0.0,0.0,177.183,0.0,0.0,0.0,0.0,0.0,0.0,0.0,0.0,61.427,61.39,300.0,0.0,0.0,,,,,,,,0.0,0.0,0.0,0.0,0.0,0.0,,3.724335432593363,0.32761899619035967,2.983209773692583,4.465461091494143,10,1000,9,1.0733420666477889,0.9722539662202225,0.10108810042756633,5.794937432593363,0.32727904509109385,5.054580796506788,6.535294068679938,10,1000,9,1.0711157335573824,0.9779044648129528,0.09321126874442964,,,,,,0.59061,0.0,0.0,0.0,0.0,0.0,0.0,0.0,0.0,0.20475666666666667,0.20463333333333333,-9.715815336630635,-14.474320377807235,0.28
state_dependence,theta0.15_kappa0.1,abstain,0.0,0.0,0.0,0.0,0.0,0.0,0.0,0.0,0.0,0.0,0.0,0.0,0.0,0.0,0.0,0.0,0.0,0.0,0.0,0.0,0.0,0.0,0.0,0.0,0.0,0.0,0.0,0.0,0.0,0.0,0.0,300.0,0.0,0.0,0.0,0.0,0.0,0.0,0.0,0.0,0.0,0.0,300.0,0.0,0.0,,,,,,,,0.0,0.0,0.0,0.0,0.0,0.0,,0.0,0.0,0.0,0.0,10,1000,9,0.0,0.0,0.0,0.0,0.0,0.0,0.0,10,1000,9,0.0,0.0,0.0,,,,,,1.0,0.0,0.0,0.0,0.0,0.0,0.0,0.0,0.0,0.0,0.0,0.0,0.0,0.0
state_dependence,theta0.15_kappa0.1,active,5.336124999999996,0.13890800000000006,0.09279200000000001,1.1599,3.8197748046058195,2.1116220646580994,855.908,858.92,413.02,4.331,138.908,46.396,5.674794804605819,0.19725597964789793,0.05934608501020142,-0.042,1.296,0.034992,0.0025920000000000006,0.032400000000000005,9.840929869265176,1.7118159999999998,1.7118159999999998,8.129113869265177,9.840929869263913,1.2624208622913357e-12,186.6,0.0,1.3767333333333334,69.394,69.514,0.0,37.159,1.071,36.717,0.0,43.356,1.03,43.562,90.709,23.237,23.159,4.253,253.604,431.231,-1.0519664291118083,0.24230162849533474,0.0,91.79,192.601,0.4766603521481774,0.0005640697705367985,-0.07110728228082645,82.513,0.34842909223562923,268.591,0.07630314477215136,80.127,0.002906741216754949,8.129113869265177,0.19308806808412243,7.692318312997813,8.565909425532542,10,1000,9,0.372830020364587,0.7992103869504475,0.0,9.840929869265176,0.19462975000222818,9.400646786204012,10.28121295232634,10,1000,9,0.37880739585929846,0.8030305365569343,0.0,0.4765811184780972,0.0008200360241424068,-0.000861770657724558,0.0012972478312215571,0.0009522775690110868,0.0,0.12386333333333333,0.00357,0.12239,0.0,0.14452,0.0034333333333333334,0.14520666666666665,0.3023633333333333,0.07745666666666666,0.07719666666666666,-4.771061023297511,-8.437654736135599,0.117
state_dependence,theta0.15_kappa0.1,full_information,4.228574999999993,0.10526700000000003,0.11309000000000005,1.413624999999999,3.3702175223120285,5.256620306523209,799.24,802.27,373.844,4.057,105.267,56.545,5.1151075223120275,3.4268638276019514,0.08486647892125805,-0.012,1.284,0.034668000000000004,0.0025680000000000004,0.03210000000000001,11.188762828837527,1.5984800000000001,1.5984800000000001,9.590282828837523,11.188762828835232,2.2917613362594123e-12,163.096,0.0,1.2461466666666667,52.539,52.728,42.763,0.144,32.937,0.117,0.0,51.118,32.789,51.603,31.984,28.361,28.184,11.55,200.692,335.397,,,,,,,,,73.235,,191.311,,70.851,,9.590282828837525,0.23525805876294167,9.058092126100936,10.122473531574114,10,1000,9,0.5534635421290771,0.7609103665221291,0.0,11.188762828837524,0.23625584939922353,10.654314966866096,11.723210690808951,10,1000,9,0.5581682637534859,0.7664537351045305,0.0,,,,,,0.14254333333333333,0.00047999999999999996,0.10979,0.00039000000000000005,0.0,0.17039333333333334,0.10929666666666667,0.17201,0.10661333333333334,0.09453666666666667,0.09394666666666666,-3.135646710191125,-6.566992874590051,0.096
state_dependence,theta0.15_kappa0.1,independent,5.492999999999994,0.13876300000000008,0.09348400000000003,1.1685499999999998,3.88030645284182,1.9950430798408083,951.287,954.474,443.947,4.379,138.763,46.742,5.761426452841819,0.06794267553440415,0.045980404306404085,-0.061,1.365,0.036855000000000006,0.0027300000000000002,0.034125,9.930697532683611,1.902574,1.902574,8.02812353268361,9.930697532682622,9.878348139480408e-13,186.87,0.0,1.4798233333333333,69.276,69.487,0.0,33.573,0.007,33.026,0.0,39.131,0.008,39.251,108.262,23.446,23.296,4.366,253.258,439.902,,,,,,,0.00047436123595644126,-0.15929859943618438,81.051,0.3489669069335917,280.208,0.03680727761727257,78.643,,8.028123532683612,0.21855446471739384,7.533718984861632,8.522528080505591,10,1000,9,0.4776605404790655,0.8753465198497347,0.0,9.930697532683611,0.2195019869291236,9.434149540703457,10.427245524663766,10,1000,9,0.48181122265833143,0.8779096343768614,0.0,,0.0004743612359564408,-0.0019654118941923528,0.0012453852385855926,0.00046802992786735724,0.0,0.11191,2.3333333333333332e-05,0.11008666666666668,0.0,0.13043666666666667,2.6666666666666667e-05,0.13083666666666666,0.3608733333333333,0.07815333333333334,0.07765333333333334,-5.028334438558255,-9.432592899665933,0.128
state_dependence,theta0.15_kappa0.1,myopic,6.822774999999994,0.1686740000000001,0.024676000000000007,0.30845,0.9349029433300411,0.7902203119384071,715.417,717.951,324.919,4.466,168.674,12.338,1.5156129433300412,0.23869454905053775,-0.02918423711213066,-0.022,1.136,0.030672000000000005,0.002272,0.0284,8.01542625526671,1.4308340000000002,1.4308340000000002,6.584592255266712,8.015426255268443,-1.7310612943077785e-12,182.148,0.0,1.0830633333333333,84.281,84.393,0.056,8.323,10.047,8.142,0.0,71.052,9.665,70.717,109.66,6.214,6.124,2.527,287.606,539.035,-1.145061937780183,0.24079255034026664,0.0,91.114,192.601,0.47297144434949606,0.0003484151338134256,0.03470292164965982,121.602,0.2790147194113266,298.144,-0.008023602136839607,119.289,0.0027461812530683175,6.5845922552667115,0.11419602038996444,6.326262909778504,6.842921600754919,10,1000,9,0.13040731072905176,0.6469136499950592,0.0,8.015426255266712,0.11443692492402968,7.756551945861219,8.274300564672206,10,1000,9,0.13095809786068005,0.6547911209326281,0.0,0.4730712716964086,0.0005671135249550529,0.0002853811750601126,0.0009358387873354037,-6.726187776609416e-05,0.00018666666666666666,0.027743333333333335,0.03349,0.027139999999999997,0.0,0.23684000000000002,0.032216666666666664,0.23572333333333334,0.3655333333333333,0.020713333333333334,0.020413333333333332,-4.770395549407853,-8.091952090997284,0.166
state_dependence,theta0.15_kappa0.1,noinfo,5.339324999999995,0.13884500000000008,0.09323600000000001,1.1654499999999999,3.8191064670360895,2.1063255655323627,858.235,861.248,413.887,4.334,138.845,46.618,5.676196467036089,0.1828301523043427,0.06640541322802045,-0.039,1.297,0.03501900000000001,0.0025940000000000004,0.032425,9.832207032569725,1.71647,1.71647,8.115737032569724,9.83220703256845,1.2772733704036199e-12,186.76,0.0,1.3796233333333334,69.365,69.48,0.0,36.761,1.218,36.276,0.0,43.376,1.176,43.622,90.953,23.347,23.271,4.265,253.382,431.333,-1.0527602427295946,0.2422964321459798,0.0,91.662,192.601,0.47594321335960704,0.0004534039410837164,-0.09190173599814272,82.412,0.33770215870685594,268.863,0.061851345679234365,80.058,0.0028738649159396807,8.115737032569724,0.18655126521641624,7.69372875173134,8.537745313408108,10,1000,9,0.34801374553845676,0.7977880606715765,0.0,9.832207032569727,0.18747788237568755,9.408102598087327,10.256311467052127,10,1000,9,0.3514795638007214,0.8015527994746444,0.0,0.4759165321052331,0.0007132581286104881,-0.0011151499295993634,0.0012560380517470085,0.0007725816992584672,0.0,0.12253666666666668,0.00406,0.12092000000000001,0.0,0.14458666666666667,0.00392,0.14540666666666666,0.30317666666666665,0.07782333333333334,0.07757,-4.832464996600549,-8.320272345125025,0.121
state_dependence,theta0.15_kappa0.1,taker,0.0,0.0,0.24515200000000012,3.0643999999999934,5.5788850777181995,2.742611382952435,1026.938,1029.008,462.98,3.0,0.0,122.576,8.234725077718199,0.0,0.08677138295243433,-0.028,1.128,0.030456000000000007,0.002256,0.028200000000000003,4.981488460679208,2.0538760000000003,2.0538760000000003,2.9276124606792093,4.981488460670642,8.567838660766824e-12,123.704,0.0,1.5432666666666668,0.0,0.0,177.424,0.0,0.0,0.0,0.0,0.0,0.0,0.0,0.0,61.274,61.302,300.0,0.0,0.0,,,,,,,,0.0,0.0,0.0,0.0,0.0,0.0,,2.9276124606792093,0.2280429766238573,2.411743407683727,3.4434815136746915,10,1000,9,0.5200359918746913,0.9866240247748689,0.0,4.981488460679209,0.23016906147298608,4.460809869613553,5.502167051744865,10,1000,9,0.5297779685935524,0.9952280824263424,0.0,,,,,,0.5914133333333333,0.0,0.0,0.0,0.0,0.0,0.0,0.0,0.0,0.20424666666666666,0.20434,-10.78118170985635,-14.909000706196123,0.317
state_dependence,theta0.35_kappa0.002,abstain,0.0,0.0,0.0,0.0,0.0,0.0,0.0,0.0,0.0,0.0,0.0,0.0,0.0,0.0,0.0,0.0,0.0,0.0,0.0,0.0,0.0,0.0,0.0,0.0,0.0,0.0,0.0,0.0,0.0,0.0,0.0,300.0,0.0,0.0,0.0,0.0,0.0,0.0,0.0,0.0,0.0,0.0,300.0,0.0,0.0,,,,,,,,0.0,0.0,0.0,0.0,0.0,0.0,,0.0,0.0,0.0,0.0,10,1000,9,0.0,0.0,0.0,0.0,0.0,0.0,0.0,10,1000,9,0.0,0.0,0.0,,,,,,1.0,0.0,0.0,0.0,0.0,0.0,0.0,0.0,0.0,0.0,0.0,0.0,0.0,0.0
state_dependence,theta0.35_kappa0.002,active,3.825100000000001,0.10921000000000004,0.12080000000000007,1.5099999999999978,3.850182555933881,10.222156965522588,908.72,911.81,416.492,4.101,109.21,60.4,5.449152555933881,8.529992698855814,0.09319426666677263,0.006,1.356,0.036612000000000006,0.0027120000000000004,0.033900000000000007,16.12081752145938,1.81744,1.81744,14.303377521459376,16.120817521456473,2.9064738393813626e-12,170.966,0.0,1.3883066666666666,54.505,54.705,65.848,1.941,13.699,1.941,20.843,57.131,12.987,57.296,7.914,30.303,30.097,23.852,173.752,316.936,-0.9880430803390263,0.05860906690688763,0.03474999999999999,4.844,5.744,0.8671197311620353,-0.01905746887636017,-1.4311004856865388,72.904,-0.025515548636632957,171.256,1.7846766087871346,72.776,6.908434474058096e-69,14.303377521459378,0.4865679251858658,13.202684404312311,15.404070638606445,10,1000,9,2.3674834581967827,2.080226740297837,0.2872567178989458,16.12081752145938,0.4776722411882366,15.040247839585538,17.20138720333322,10,1000,9,2.281707700017929,2.0699029526242034,0.21180474739372546,0.8433147632311978,0.0010351003813513229,-0.01962993094599115,-0.00014899068433592375,0.02452287304588236,0.21949333333333332,0.00647,0.045663333333333334,0.00647,0.06947666666666667,0.19043666666666667,0.04329,0.19098666666666667,0.02638,0.10101,0.10032333333333333,-7.495133231521461,-11.863612318988652,0.142
state_dependence,theta0.35_kappa0.002,full_information,3.412125000000001,0.10254300000000005,0.1384240000000001,1.730299999999997,3.8848267395665768,12.734334521913038,942.422,945.531,426.348,3.977,102.543,69.212,5.513376739566576,11.031628088327704,0.07415643358533422,-0.003,1.363,0.036801,0.0027260000000000006,0.034075,18.023218261483354,1.884844,1.884844,16.138374261483353,18.02321826147962,3.735736942012125e-12,173.118,0.0,1.4211599999999998,51.182,51.361,87.599,0.216,0.0,0.256,24.314,59.007,0.0,59.396,0.0,34.694,34.518,146.088,143.189,285.906,,,,,,,,,67.694,,150.197,,68.015,,16.138374261483357,0.4251458628459038,15.176627502612472,17.10012102035424,10,1000,9,1.80749004694988,1.9394000938720861,0.0,18.023218261483354,0.4130095954505055,17.088925646830603,18.957510876136105,10,1000,9,1.7057692593419018,1.9209449825499771,0.0,,,,,,0.2919966666666667,0.00072,0.0,0.0008533333333333333,0.08104666666666667,0.19669,0.0,0.19798666666666667,0.0,0.11564666666666668,0.11506,-5.440356801196289,-10.519188695495597,0.109
state_dependence,theta0.35_kappa0.002,independent,5.461249999999994,0.13820500000000008,0.09308600000000003,1.1635749999999998,4.70709622608023,2.1367978416231437,976.988,980.0,450.464,4.449,138.205,46.543,6.5746262260802295,0.22556994454536314,0.04369789707777982,0.042,1.31,0.035370000000000006,0.0026200000000000004,0.03275000000000001,10.874908067704368,1.9539760000000002,1.9539760000000002,8.920932067704367,10.87490806770337,9.98835680832144e-13,186.058,0.0,1.5015466666666666,69.093,69.112,0.0,34.297,0.013,33.666,0.0,38.802,0.005,39.204,107.47,23.302,23.241,4.356,253.457,438.933,,,,,,,0.0018629965455527599,0.28049928014694286,81.406,0.14455132939447077,276.268,0.3268492056097957,81.259,,8.920932067704367,0.5153160935813225,7.755206075504189,10.086658059904545,10,1000,9,2.6555067630391433,2.6294180259797573,0.02608873705938608,10.874908067704364,0.5154252752626436,9.70893508938174,12.040881046026989,10,1000,9,2.6566321437957194,2.6380435458741562,0.0185885979215632,,0.0018629965455527618,0.003445683120985466,0.0005232286381139719,0.00402231390504185,0.0,0.11432333333333332,4.3333333333333334e-05,0.11221999999999999,0.0,0.12934,1.6666666666666667e-05,0.13068,0.35823333333333335,0.07767333333333333,0.07747,-15.576662864517704,-20.381037010598835,0.268
state_dependence,theta0.35_kappa0.002,myopic,2.6483500000000015,0.08078100000000002,0.002792,0.03490000000000001,0.00399588721349052,7.672571074047859,501.054,502.745,190.932,3.105,80.781,1.396,0.08445588721349051,7.608202491350626,-0.01609141730276725,-0.059,0.627,0.016929000000000003,0.001254,0.015675,10.189514961260626,1.002108,1.002108,9.187406961260626,10.18951496126135,-7.261496126620414e-13,82.804,0.0,0.63644,40.387,40.394,182.624,1.859,2.464,1.809,27.901,37.345,2.576,37.607,4.419,0.672,0.724,114.822,115.98,223.252,-1.0503128242349933,0.12825685349795293,0.006969999999999992,4.346,5.744,0.7835590684814175,-0.08619651990572254,-1.2558564424226462,55.85,0.0445201312145475,111.204,1.7095593396981106,56.198,3.5367429457833524e-69,9.187406961260626,0.5063365115452657,8.041994194882246,10.332819727639006,10,1000,9,2.5637666292382906,1.726943571602634,0.8368230576356566,10.189514961260624,0.5422411435898326,8.962880274324995,11.416149648196253,10,1000,9,2.9402545780160945,2.002553524618123,0.9377010533979715,0.7566155988857939,0.002231662106005825,-0.02248623889745114,0.0004003464912642306,0.030420287905229913,0.6087466666666667,0.006196666666666666,0.008213333333333333,0.00603,0.09300333333333333,0.12448333333333333,0.008586666666666666,0.12535666666666667,0.014729999999999998,0.0022400000000000002,0.0024133333333333333,-2.4105930345092816,-3.9548802883022405,0.294
state_dependence,theta0.35_kappa0.002,noinfo,2.8183750000000005,0.08205800000000003,0.1596160000000001,1.995199999999996,4.376662154109039,9.642164604596982,948.613,951.449,430.925,3.805,82.058,79.808,6.242152154109039,7.644044969008029,0.13262963558895172,0.022,1.278,0.03450600000000001,0.0025560000000000005,0.031950000000000006,14.565821758710662,1.897226,1.897226,12.668595758710662,14.565821758706024,4.63869825884089e-12,163.144,0.0,1.4364166666666665,40.946,41.112,98.529,0.986,3.703,0.948,16.827,44.922,3.808,45.178,5.291,39.998,39.81,78.164,121.663,233.881,-1.0220386601196492,0.11462768871146255,0.00785999999999999,4.538,5.744,0.8217170334611313,-0.05872302806347823,-1.2087200342889177,53.674,0.01640265177463761,126.503,1.579979600199439,53.704,4.0272947927097303e-69,12.668595758710662,0.46508729584546854,11.616495201087387,13.720696316333937,10,1000,9,2.1630619275685037,1.9380818872252992,0.2249800403432045,14.565821758710664,0.4602284762844117,13.524712614560178,15.60693090286115,10,1000,9,2.118102503830713,1.919334802905094,0.19876770092561902,0.790041782729805,0.0016575190703184911,-0.022519656338057862,0.00012966215642820812,0.029420147478762086,0.32843,0.0032866666666666665,0.012343333333333333,0.00316,0.05609000000000001,0.14973999999999998,0.012693333333333333,0.15059333333333333,0.01763666666666667,0.13332666666666665,0.1327,-7.185486456708321,-11.792375172725269,0.152
state_dependence,theta0.35_kappa0.002,taker,0.0,0.0,0.24547000000000013,3.0683749999999925,6.483160149722729,2.6906757358868774,1044.454,1046.649,469.096,3.0,0.0,122.735,9.12955014972273,0.0,0.04428573588687723,0.035,1.173,0.031671000000000005,0.002346,0.029325000000000004,5.828319885618109,2.088908,2.088908,3.7394118856181096,5.828319885609614,8.495647907391657e-12,123.908,0.0,1.5636533333333331,0.0,0.0,177.265,0.0,0.0,0.0,0.0,0.0,0.0,0.0,0.0,61.385,61.35,300.0,0.0,0.0,,,,,,,,0.0,0.0,0.0,0.0,0.0,0.0,,3.7394118856181096,0.2991961690496046,3.062583128720764,4.416240642515455,10,1000,9,0.8951834757395957,0.9091384019057586,0.0,5.828319885618109,0.3007978438796209,5.147867888531568,6.50877188270465,10,1000,9,0.904793428826288,0.9163226737986282,0.0,,,,,,0.5908833333333333,0.0,0.0,0.0,0.0,0.0,0.0,0.0,0.0,0.20461666666666667,0.20450000000000002,-9.873384734358417,-14.110696392942119,0.267
state_dependence,theta0.35_kappa0.02,abstain,0.0,0.0,0.0,0.0,0.0,0.0,0.0,0.0,0.0,0.0,0.0,0.0,0.0,0.0,0.0,0.0,0.0,0.0,0.0,0.0,0.0,0.0,0.0,0.0,0.0,0.0,0.0,0.0,0.0,0.0,0.0,300.0,0.0,0.0,0.0,0.0,0.0,0.0,0.0,0.0,0.0,0.0,300.0,0.0,0.0,,,,,,,,0.0,0.0,0.0,0.0,0.0,0.0,,0.0,0.0,0.0,0.0,10,1000,9,0.0,0.0,0.0,0.0,0.0,0.0,0.0,10,1000,9,0.0,0.0,0.0,,,,,,1.0,0.0,0.0,0.0,0.0,0.0,0.0,0.0,0.0,0.0,0.0,0.0,0.0,0.0
state_dependence,theta0.35_kappa0.02,active,4.3978749999999955,0.11882700000000004,0.10234400000000005,1.2792999999999992,3.7507781405726655,6.110492826504698,864.659,867.678,400.513,4.346,118.827,51.172,5.340628140572665,4.6830115530923635,-0.16236872658766419,-0.091,1.231,0.033237,0.002462,0.030775000000000007,12.725437967079422,1.729318,1.729318,10.996119967079423,12.72543796707736,2.062296333704694e-12,171.23,0.0,1.3350433333333331,59.193,59.634,36.843,7.697,26.004,8.141,14.644,53.946,24.273,53.271,24.009,25.761,25.411,9.2,211.985,357.855,-1.0164258476666848,0.14831819493316284,0.012753333333333306,31.662,53.723,0.5931396511971619,-0.006215188455568248,-1.073318436264237,79.093,-0.3661153817401566,200.711,1.048106094587064,78.051,5.226983604904439e-45,10.996119967079421,0.40962313620059937,10.06948805547537,11.922751878683473,10,1000,9,1.6779111371081477,1.0704189832543807,0.607492153853767,12.725437967079422,0.41511203316120293,11.78638930790008,13.664486626258764,10,1000,9,1.7231800007522766,1.0776439767559298,0.6455360239963468,0.589356513969808,-0.0010935371125660657,-0.013570334116347046,-0.001824092260713945,0.013428477464568859,0.12281000000000002,0.025656666666666668,0.08668000000000001,0.027136666666666667,0.048813333333333334,0.17981999999999998,0.08091,0.17757,0.08003,0.08587,0.08470333333333334,-3.890869784732276,-7.311310127769746,0.101
state_dependence,theta0.35_kappa0.02,full_information,3.3667999999999965,0.10110000000000002,0.14149200000000006,1.7686499999999978,3.7023474569066175,12.291911154050515,950.582,953.654,427.26,4.308,101.1,70.746,5.354717456906617,10.790651305999557,-0.15111015194903915,-0.05,1.324,0.035748,0.0026480000000000006,0.033100000000000004,17.314068610960987,1.901164,1.901164,15.412904610960986,17.314068610957133,3.85543941217037e-12,173.17,0.0,1.4242000000000001,50.484,50.616,88.875,0.249,0.0,0.247,24.356,57.882,0.0,57.645,0.0,35.414,35.332,89.637,140.379,280.262,,,,,,,,,65.498,,148.268,,66.496,,15.41290461096099,0.41013939908245883,14.485104831580854,16.340704390341124,10,1000,9,1.6821432667972043,1.0370606129176043,0.6450826538796,17.314068610960984,0.41251752917793344,16.380889127551303,18.247248094370665,10,1000,9,1.7017071187906716,1.0449100777168099,0.6567970410738617,,,,,,0.29625,0.00083,0.0,0.0008233333333333334,0.08118666666666667,0.19294,0.0,0.19215000000000002,0.0,0.11804666666666667,0.11777333333333334,-0.1240621330434767,-3.4283845258360204,0.053
state_dependence,theta0.35_kappa0.02,independent,5.516174999999995,0.13958100000000007,0.09186400000000002,1.1482999999999997,4.348681994398729,1.3143586420856213,972.683,975.792,449.155,4.438,139.581,45.932,6.199081994398728,-0.3592541039871237,-0.1767872539272551,-0.045,1.321,0.03566700000000001,0.0026420000000000003,0.033025000000000006,9.763803636485262,1.945366,1.945366,7.81843763648526,9.763803636484344,9.16666575978553e-13,186.834,0.0,1.4971833333333333,70.013,69.568,0.0,33.669,0.005,33.772,0.0,39.242,0.016,38.641,108.723,22.721,23.211,4.343,254.068,440.674,,,,,,,-0.002795807050432896,-0.15463165066140244,80.078,-0.8996343909614284,279.513,-0.14324763833424914,81.083,,7.818437636485261,0.37446468477955513,6.971339667596219,8.665535605374304,10,1000,9,1.402238001470516,1.2766113523246052,0.12562664914591082,9.76380363648526,0.37705973927447517,8.910835246482682,10.616772026487839,10,1000,9,1.421740469817352,1.28184030302597,0.13990016679138195,,-0.0027958070504329005,-0.0019310128956942286,-0.0032185779944454403,-0.0017666790613846198,0.0,0.11223,1.6666666666666667e-05,0.11257333333333333,0.0,0.13080666666666665,5.333333333333333e-05,0.12880333333333333,0.36241,0.07573666666666666,0.07737,-8.446110229279423,-12.883831428728733,0.201
state_dependence,theta0.35_kappa0.02,myopic,3.5655499999999964,0.09541000000000002,0.012014,0.15017499999999998,0.5595489796161123,5.536038688968991,645.592,648.005,259.672,4.363,95.41,6.007,0.9519489796161124,5.155068756646988,-0.011430067677998366,-0.013,0.913,0.024651000000000003,0.0018260000000000001,0.022825,9.378887668584165,1.2911839999999999,1.2911839999999999,8.087703668584165,9.378887668585099,-9.348043450430054e-13,102.33,0.0,0.8655733333333333,47.689,47.721,129.797,1.915,17.337,1.875,10.372,47.182,17.792,47.413,20.31,3.013,2.994,23.129,164.196,289.473,-1.049945102367015,0.1694997067133151,0.010223333333333305,32.1,53.723,0.6057098480732693,-0.009833851803814943,-1.081263981184176,73.195,-0.23927553228574466,143.076,1.1943007855148213,73.202,8.476271292629155e-45,8.087703668584165,0.3162133242208946,7.372379432225637,8.803027904942693,10,1000,9,0.9999086641482862,0.778673667494129,0.22123499665415713,9.378887668584165,0.34391425230078504,8.600899579353555,10.156875757814774,10,1000,9,1.1827701293560802,0.8471305961001715,0.3356395332559087,0.5975094466057368,-0.0004360984546230536,-0.014772374905173523,-0.0016723666602766688,0.016315138732750763,0.43265666666666663,0.006383333333333334,0.05779,0.00625,0.03457333333333333,0.15727333333333335,0.059306666666666674,0.1580433333333333,0.0677,0.010043333333333333,0.009980000000000001,-3.2841170898875,-5.593933920010917,0.156
state_dependence,theta0.35_kappa0.02,noinfo,3.5895749999999955,0.09711300000000003,0.13083000000000006,1.6353749999999982,4.134209879237693,6.567165982742514,909.067,911.847,417.809,4.231,97.113,65.415,5.927039879237693,4.96809815119282,-0.19376216845030655,-0.092,1.192,0.032184000000000004,0.0023840000000000003,0.029800000000000004,12.395448861983494,1.818134,1.818134,10.577314861983494,12.395448861980203,3.2898781476831118e-12,163.72,0.0,1.3926966666666667,48.477,48.636,65.066,4.213,18.973,4.532,12.861,45.535,18.854,44.706,19.845,32.741,32.674,16.584,169.519,292.466,-1.0321700565436445,0.16366577284780573,0.01021666666666664,31.654,53.723,0.5942215512677291,-0.008121625135761956,-1.0094773853495087,64.001,-0.08081261686745259,164.514,1.0297083024180838,63.951,6.416092207848716e-45,10.577314861983492,0.4081499698103884,9.65401548428105,11.500614239685934,10,1000,9,1.6658639785622098,1.0515043483600826,0.6143596302021272,12.395448861983493,0.41069362851957136,11.466395328512359,13.324502395454626,10,1000,9,1.6866925650657167,1.0582941451498333,0.6283984199158834,0.589207601958193,-0.00020714100031756676,-0.01577283769549708,-0.0004912203026335302,0.016101519951495422,0.21688666666666667,0.014043333333333333,0.06324333333333333,0.015106666666666668,0.042870000000000005,0.15178333333333333,0.06284666666666666,0.14902,0.06615,0.10913666666666666,0.10891333333333333,-3.5090356222379606,-7.581563656857952,0.111
state_dependence,theta0.35_kappa0.02,taker,0.0,0.0,0.24464600000000014,3.0580749999999934,6.285118000318138,2.3628212650911773,1032.786,1034.937,465.294,3.0,0.0,122.323,8.921338000318137,0.0,-0.2733987349088228,-0.039,1.145,0.030915000000000005,0.00229,0.028625000000000005,5.314303265417851,2.065572,2.065572,3.2487312654178524,5.314303265409322,8.530288642116801e-12,123.468,0.0,1.55098,0.0,0.0,177.677,0.0,0.0,0.0,0.0,0.0,0.0,0.0,0.0,61.142,61.181,300.0,0.0,0.0,,,,,,,,0.0,0.0,0.0,0.0,0.0,0.0,,3.2487312654178524,0.252107918108049,2.678423532671586,3.819038998164119,10,1000,9,0.6355840237277475,0.9391201456011291,0.0,5.314303265417852,0.2538450092591868,4.740065959481606,5.888540571354098,10,1000,9,0.6443728872579664,0.9460538612403273,0.0,,,,,,0.5922566666666667,0.0,0.0,0.0,0.0,0.0,0.0,0.0,0.0,0.20380666666666666,0.20393666666666665,-10.635588265097276,-13.79848038082712,0.3
state_dependence,theta0.35_kappa0.1,abstain,0.0,0.0,0.0,0.0,0.0,0.0,0.0,0.0,0.0,0.0,0.0,0.0,0.0,0.0,0.0,0.0,0.0,0.0,0.0,0.0,0.0,0.0,0.0,0.0,0.0,0.0,0.0,0.0,0.0,0.0,0.0,300.0,0.0,0.0,0.0,0.0,0.0,0.0,0.0,0.0,0.0,0.0,300.0,0.0,0.0,,,,,,,,0.0,0.0,0.0,0.0,0.0,0.0,,0.0,0.0,0.0,0.0,10,1000,9,0.0,0.0,0.0,0.0,0.0,0.0,0.0,10,1000,9,0.0,0.0,0.0,,,,,,1.0,0.0,0.0,0.0,0.0,0.0,0.0,0.0,0.0,0.0,0.0,0.0,0.0,0.0
state_dependence,theta0.35_kappa0.1,active,4.948174999999995,0.12850700000000007,0.090482,1.1310249999999997,3.802293835959618,3.530575656519185,813.156,816.062,385.898,4.389,128.507,45.241,5.468133835959618,1.8980967740877321,-0.03336111756854707,-0.02,1.234,0.03331800000000001,0.0024680000000000006,0.030850000000000002,10.897712492480222,1.626312,1.626312,9.271400492480222,10.897712492478798,1.4239723844511332e-12,174.982,0.0,1.2863266666666666,64.184,64.323,12.558,21.288,19.994,21.327,3.168,49.117,20.285,49.255,57.767,22.68,22.561,4.248,242.201,401.508,-1.0104423805193106,0.2194380182767652,0.0,84.001,191.551,0.4386822081864579,-0.0009935908545758404,-0.4351936186937055,80.994,-0.07178915797384801,237.24,0.5917685341779888,83.274,8.763153925832176e-34,9.271400492480222,0.2854752905345355,8.625610519195623,9.91719046576482,10,1000,9,0.8149614150577745,0.8159608433137293,0.0,10.897712492480224,0.28922305757108013,10.243444481149407,11.551980503811041,10,1000,9,0.8364997703076433,0.8284486663173286,0.008051103990314723,0.43853073071923404,0.00021116828932533162,-0.005373158736371898,-0.0003026014077467881,0.007106282082978947,0.04186,0.07096,0.06664666666666666,0.07109,0.01056,0.16372333333333333,0.06761666666666667,0.16418333333333335,0.19255666666666668,0.0756,0.07520333333333333,-4.08936540867894,-7.73836284370267,0.113
state_dependence,theta0.35_kappa0.1,full_information,3.4286499999999944,0.10290300000000002,0.11559800000000006,1.4449749999999988,3.003722282581432,12.552336872602794,715.03,717.666,373.748,4.237,102.903,57.799,4.4322922825814315,11.142445934917632,-0.018679062314837958,-0.002,1.242,0.03353400000000001,0.0024840000000000005,0.031050000000000005,17.287699155187266,1.4300599999999999,1.4300599999999999,15.857639155187263,17.28769915518422,3.0392728334049934e-12,161.944,0.0,1.2458266666666669,51.507,51.396,98.575,0.181,0.0,0.133,24.515,59.43,0.0,59.367,0.0,28.843,28.956,32.172,143.626,286.938,,,,,,,,,66.821,,150.937,,69.18,,15.857639155187261,0.2972094229375579,15.185304730237943,16.529973580136577,10,1000,9,0.883334410828762,0.6938660482390864,0.1894683625896756,17.287699155187262,0.3014965631047872,16.605666545400727,17.969731764973798,10,1000,9,0.909001775639989,0.7088697708902868,0.20013200474970216,,,,,,0.32858333333333334,0.0006033333333333333,0.0,0.00044333333333333334,0.08171666666666667,0.1981,0.0,0.19788999999999998,0.0,0.09614333333333333,0.09652,3.4572701496664235,0.5710829004383693,0.017
state_dependence,theta0.35_kappa0.1,independent,5.469724999999995,0.1383940000000001,0.09286000000000003,1.16075,4.338640677650308,1.879017577013892,973.188,976.292,448.876,4.459,138.394,46.43,6.206890677650307,0.06608503226503318,-0.05531745525114152,-0.028,1.318,0.035586,0.0026360000000000008,0.03295,10.259793254665281,1.9463759999999999,1.9463759999999999,8.31341725466528,10.259793254664194,1.0853401510857452e-12,186.142,0.0,1.4962533333333334,69.26,69.134,0.0,33.59,0.017,34.436,0.0,38.331,0.011,38.964,108.221,23.138,23.292,4.366,253.57,439.086,,,,,,,0.0004752642044841646,0.1017978659838949,78.544,0.17931488591858288,278.887,-0.06082931101903455,81.655,,8.31341725466528,0.3849400147240757,7.442622443109566,9.184212066220994,10,1000,9,1.4817881493577163,0.9403175729385345,0.5414705764191818,10.25979325466528,0.3789637021208186,9.402517801472143,11.117068707858415,10,1000,9,1.4361348752511656,0.9467117694317636,0.48942310581940196,,0.0004752642044841609,0.0012960616467698983,0.0006429660970880066,-0.0007449551285167418,0.0,0.11196666666666667,5.666666666666667e-05,0.11478666666666666,0.0,0.12777000000000002,3.6666666666666666e-05,0.12988,0.3607366666666667,0.07712666666666668,0.07764,-6.62886166359739,-10.204364405197682,0.14
state_dependence,theta0.35_kappa0.1,myopic,5.486149999999994,0.13435100000000005,0.022524000000000006,0.28155,1.199064676725133,2.9221232736054557,703.605,705.982,309.035,4.483,134.351,11.262,1.8001446767251328,2.3222444785817147,-0.0012012049762590493,-0.011,1.021,0.027567000000000005,0.0020420000000000004,0.025525000000000003,9.141345950329207,1.40721,1.40721,7.7341359503292075,9.141345950330583,-1.375723812646612e-12,146.634,0.0,1.0301166666666666,67.205,67.146,39.607,2.548,29.213,2.595,0.875,57.967,29.518,57.473,68.942,5.596,5.666,5.064,249.131,434.388,-1.0485797698482515,0.21780837737713454,0.0,83.342,191.551,0.434686088632487,-0.0010053196849349392,-0.6498257590292167,102.273,0.11770964635875009,228.391,0.669483047294939,103.724,1.697067137591135e-33,7.734135950329207,0.19567037539266674,7.291498809087272,8.17677309157114,10,1000,9,0.38286895806307125,0.6826092445271773,0.0,9.141345950329207,0.20525526479504205,8.67702628287106,9.605665617787354,10,1000,9,0.4212972372608283,0.7079472422660497,0.0,0.43509039368105623,0.0003162309608563602,-0.006353834922503659,0.0005153865360664391,0.0064544661533968905,0.13202333333333333,0.008493333333333334,0.09737666666666667,0.008650000000000001,0.002916666666666667,0.19322333333333333,0.09839333333333333,0.19157666666666667,0.22980666666666663,0.018653333333333334,0.018886666666666666,-3.5525854212829113,-6.733798728495343,0.14
state_dependence,theta0.35_kappa0.1,noinfo,4.673674999999994,0.12002500000000003,0.10295400000000003,1.2869249999999992,4.099785233291741,3.724915808032894,857.459,860.363,401.805,4.418,120.025,51.477,5.8843652332917395,2.015060728391324,-0.07472492035843029,-0.016,1.242,0.03353400000000001,0.0024840000000000005,0.031050000000000005,10.954938041326587,1.7149180000000002,1.7149180000000002,9.240020041326584,10.95493804132463,1.955736295133903e-12,172.744,0.0,1.3393499999999998,60.019,60.006,18.642,18.138,22.94,17.938,2.689,45.313,22.955,45.288,54.62,25.724,25.753,4.907,229.881,377.791,-0.998769043226792,0.22122486865726929,0.0,84.881,191.551,0.4430126305724723,-0.001045802915416088,-0.41399178766346084,74.662,0.09993362689089064,225.85,0.47229560072655874,77.279,8.710865101499515e-34,9.240020041326584,0.30228403449579905,8.556206047492372,9.923834035160796,10,1000,9,0.9137563751105743,0.8429248562784004,0.07083151883217387,10.954938041326583,0.3033194206569848,10.268781841271583,11.641094241381584,10,1000,9,0.9200267094768889,0.855852325684646,0.06417438379224294,0.4431248074925216,0.00041884915192259354,-0.00554487942545687,0.0004424778697847715,0.0061115646000408745,0.06214,0.06046000000000001,0.07646666666666667,0.05979333333333333,0.008963333333333334,0.15104333333333334,0.07651666666666666,0.15095999999999998,0.18206666666666665,0.08574666666666667,0.08584333333333333,-4.569482352050067,-8.135620840448944,0.123
state_dependence,theta0.35_kappa0.1,taker,0.0,0.0,0.24570000000000014,3.0712499999999934,5.950408367746588,2.7234098333631556,1031.25,1033.47,464.894,3.0,0.0,122.85,8.600608367746588,0.0,0.07320983336315566,-0.01,1.18,0.031860000000000006,0.00236,0.029500000000000005,5.325008201118339,2.0625,2.0625,3.2625082011183393,5.3250082011097515,8.58871462838806e-12,124.03,0.0,1.5496466666666666,0.0,0.0,177.15,0.0,0.0,0.0,0.0,0.0,0.0,0.0,0.0,61.42,61.43,300.0,0.0,0.0,,,,,,,,0.0,0.0,0.0,0.0,0.0,0.0,,3.2625082011183393,0.3092629855301031,2.562906723213059,3.9621096790236194,10,1000,9,0.9564359421899277,0.9517184691116342,0.00471747307829351,5.325008201118339,0.30527745224320035,4.6344226258855965,6.015593776351082,10,1000,9,0.9319432284809948,0.9572665276792515,0.0,,,,,,0.5905,0.0,0.0,0.0,0.0,0.0,0.0,0.0,0.0,0.20473333333333335,0.20476666666666665,-10.55019929407063,-15.576104915243265,0.293
state_dependence,theta0.65_kappa0.002,abstain,0.0,0.0,0.0,0.0,0.0,0.0,0.0,0.0,0.0,0.0,0.0,0.0,0.0,0.0,0.0,0.0,0.0,0.0,0.0,0.0,0.0,0.0,0.0,0.0,0.0,0.0,0.0,0.0,0.0,0.0,0.0,300.0,0.0,0.0,0.0,0.0,0.0,0.0,0.0,0.0,0.0,0.0,300.0,0.0,0.0,,,,,,,,0.0,0.0,0.0,0.0,0.0,0.0,,0.0,0.0,0.0,0.0,10,1000,9,0.0,0.0,0.0,0.0,0.0,0.0,0.0,10,1000,9,0.0,0.0,0.0,,,,,,1.0,0.0,0.0,0.0,0.0,0.0,0.0,0.0,0.0,0.0,0.0,0.0,0.0,0.0
state_dependence,theta0.65_kappa0.002,active,3.4587250000000016,0.10542200000000004,0.12845200000000007,1.6056499999999974,3.509615470086437,19.523851133180646,1034.224,1037.96,451.658,4.125,105.422,64.226,5.036975470086438,18.01984652488622,-0.02335539170557369,-0.04,1.53,0.04131,0.0030600000000000007,0.038250000000000006,24.61135760327067,2.0684480000000005,2.0684480000000005,22.542909603270665,24.61135760326709,3.5802016351560438e-12,171.178,0.0,1.5055266666666667,52.66,52.762,82.831,5.005,2.568,4.956,30.013,52.948,2.001,53.264,2.188,32.144,32.082,23.43,152.943,291.356,-0.8628024039673017,0.031606036858270854,0.025893333333333317,4.106,6.01,0.6893151444391417,-0.032638981204678695,-3.7185398462158323,68.109,-0.19611748302685816,154.278,3.6427874843247254,68.969,2.0431973803327447e-117,22.542909603270665,0.45802553401643364,21.506783860750918,23.579035345790412,10,1000,9,2.097873898110392,4.637448133567452,0.0,24.61135760327067,0.463919545546336,23.561898680350936,25.660816526190402,10,1000,9,2.1522134473991894,4.671551898103871,0.0,0.6831946755407654,-0.0009331190877070152,-0.054596893893844166,-0.0012711953942030501,0.052817751226271595,0.27610333333333337,0.01668333333333333,0.00856,0.01652,0.10004333333333335,0.17649333333333334,0.00667,0.17754666666666669,0.007293333333333334,0.10714666666666667,0.10694000000000001,-7.033755374066581,-11.887071119477906,0.134
state_dependence,theta0.65_kappa0.002,full_information,3.369400000000002,0.10348500000000004,0.13545200000000004,1.6931499999999968,3.4497571262833833,21.938785626968404,1044.233,1048.096,455.327,4.111,103.485,67.726,4.963977126283384,20.41349289672598,0.01107273024242436,-0.049,1.569,0.042363000000000005,0.0031379999999999997,0.039225,26.78349275325565,2.088466,2.088466,24.695026753255647,26.783492753251792,3.857120955963467e-12,172.78,0.0,1.5177566666666666,51.763,51.722,89.833,0.412,0.0,0.272,32.378,54.591,0.0,54.788,0.0,33.818,33.908,149.411,142.441,284.198,,,,,,,,,67.753,,147.534,,68.911,,24.695026753255647,0.40512233795629327,23.77857635463826,25.611477151873032,10,1000,9,1.641241087111731,4.39457669419448,0.0,26.783492753255643,0.41290928133650373,25.849427064894414,27.717558441616873,10,1000,9,1.70494074613828,4.424993779286734,0.0,,,,,,0.29944333333333334,0.0013733333333333332,0.0,0.0009066666666666667,0.10792666666666667,0.18197,0.0,0.18262666666666666,0.0,0.11272666666666666,0.11302666666666666,-5.387768901358523,-9.601918354405418,0.111
state_dependence,theta0.65_kappa0.002,independent,5.399174999999996,0.1368040000000001,0.094392,1.1798999999999997,4.290116361118789,1.2961059051060553,1007.311,1010.689,454.959,4.573,136.804,47.196,6.172766361118789,-0.587015857203353,0.00047176230940817023,-0.006,1.41,0.03807000000000001,0.002820000000000001,0.03525,9.536231266226194,2.014622,2.014622,7.521609266226195,9.53623126622484,1.353968492878721e-12,185.41,0.0,1.51653,68.594,68.21,0.0,35.27,0.011,36.274,0.0,36.284,0.004,36.755,108.206,23.403,23.793,4.389,252.804,434.049,,,,,,,-0.004633164389090137,-0.475014863517436,78.362,-0.9759457190403108,275.066,-0.5057589414534306,80.621,,7.521609266226193,0.4974095758289881,6.39639063142023,8.646827901032156,10,1000,9,2.4741628612637387,7.000120219569946,0.0,9.536231266226194,0.49489507578839265,8.416700825697921,10.655761706754467,10,1000,9,2.449211360395989,6.999761763788321,0.0,,-0.004633164389090139,-0.0060618011729848134,-0.0035480419937044595,-0.006273290351811942,0.0,0.11756666666666668,3.6666666666666666e-05,0.12091333333333333,0.0,0.12094666666666666,1.3333333333333333e-05,0.12251666666666668,0.36068666666666666,0.07801,0.07930999999999999,-28.3040798559034,-33.3315993388048,0.43
state_dependence,theta0.65_kappa0.002,myopic,2.079575000000003,0.07413800000000004,0.002418,0.030225000000000002,0.11284672620011142,13.231574171451769,722.814,724.433,225.922,2.893,74.138,1.209,0.14578672620011143,13.191164267642085,0.0074699038096813644,-0.053,0.509,0.013743,0.0010180000000000002,0.012725000000000002,15.3034718976515,1.4456280000000001,1.4456280000000001,13.857843897651499,15.303471897651882,-3.812273691172763e-13,75.856,0.0,0.7530733333333333,37.043,37.095,200.899,4.716,0.371,4.327,60.762,12.739,0.361,12.713,1.903,0.604,0.605,189.534,97.892,186.009,-1.041202669133384,0.13025172148133635,0.006863333333333325,3.819,6.01,0.6534590471091002,-0.18401235955319623,-2.8480238499284574,45.258,0.11028359983165828,94.668,2.5859868154979475,46.083,3.179419374864863e-117,13.8578438976515,0.689591605156855,12.29787930864041,15.417808486662592,10,1000,9,4.7553658190280785,3.8351226358351838,0.9202431831928948,15.3034718976515,0.7570455805409187,13.590915815066134,17.016027980236863,10,1000,9,5.731180110165367,4.5412432492109245,1.1899368609544423,0.6354409317803661,-0.000815839204548444,-0.0629286280862711,0.00116495119609222,0.05611585216886808,0.6696633333333334,0.01572,0.0012366666666666667,0.014423333333333333,0.20254,0.04246333333333334,0.0012033333333333334,0.04237666666666667,0.006343333333333334,0.002013333333333333,0.0020166666666666666,-1.4880656927759843,-2.3702011743123474,0.328
state_dependence,theta0.65_kappa0.002,noinfo,2.355100000000001,0.07143500000000001,0.16951800000000009,2.118974999999996,4.173444911398127,15.334274821591313,1037.086,1039.988,458.56,3.768,71.435,84.759,6.044664911398126,13.431407089446573,0.03164773214474085,0.012,1.312,0.035424000000000004,0.0026240000000000005,0.032799999999999996,19.467467732994756,2.074172,2.074172,17.39329573299475,19.467467732989444,5.306843520180848e-12,157.506,0.0,1.5285333333333333,35.717,35.718,115.365,0.404,0.475,0.296,21.144,37.079,0.465,38.003,2.01,42.386,42.373,174.376,99.876,198.112,-0.9760314199553108,0.1225150702994034,0.0074766666666666575,3.889,6.01,0.6653099573144009,-0.14883531116539184,-2.8765420379390725,46.418,-0.08505617681364613,104.206,2.6691269619587565,47.488,2.9170857606414956e-117,17.39329573299475,0.7486454422393187,15.699742083436847,19.086849382552657,10,1000,9,5.604699981857051,4.29094334231589,1.313756639541161,19.467467732994752,0.7533553154531843,17.76325961001023,21.171675855979274,10,1000,9,5.67544231321567,4.31259908475567,1.36284322846,0.6470881863560732,-0.0014762924648378812,-0.06197040023135578,-0.0008162310885519656,0.05620634606550616,0.38455,0.0013466666666666668,0.0015833333333333333,0.0009866666666666667,0.07048,0.12359666666666667,0.0015500000000000002,0.12667666666666666,0.006699999999999999,0.14128666666666667,0.14124333333333333,-7.598703335065685,-12.57357404514887,0.176
state_dependence,theta0.65_kappa0.002,taker,0.0,0.0,0.2453940000000001,3.067424999999993,5.77533526851141,2.6202301667553094,1033.482,1035.729,465.164,3.0,0.0,122.697,8.42601526851141,0.0,-0.030449833244690794,0.021,1.205,0.032535,0.0024100000000000002,0.030125,5.050211435275327,2.066964,2.066964,2.9832474352753264,5.050211435266727,8.60041277084278e-12,123.902,0.0,1.5505466666666665,0.0,0.0,177.303,0.0,0.0,0.0,0.0,0.0,0.0,0.0,0.0,61.359,61.338,300.0,0.0,0.0,,,,,,,,0.0,0.0,0.0,0.0,0.0,0.0,,2.9832474352753264,0.32374215684297114,2.2508917962732595,3.7156030742773933,10,1000,9,1.0480898411733894,0.9124936815421998,0.13559615963118965,5.050211435275327,0.3247545273666209,4.315565655041779,5.784857215508874,10,1000,9,1.0546550304511735,0.9178805421720627,0.13677448827911076,,,,,,0.59101,0.0,0.0,0.0,0.0,0.0,0.0,0.0,0.0,0.20453000000000002,0.20446,-10.629892726072844,-14.594719795235052,0.312
state_dependence,theta0.65_kappa0.02,abstain,0.0,0.0,0.0,0.0,0.0,0.0,0.0,0.0,0.0,0.0,0.0,0.0,0.0,0.0,0.0,0.0,0.0,0.0,0.0,0.0,0.0,0.0,0.0,0.0,0.0,0.0,0.0,0.0,0.0,0.0,0.0,300.0,0.0,0.0,0.0,0.0,0.0,0.0,0.0,0.0,0.0,0.0,300.0,0.0,0.0,,,,,,,,0.0,0.0,0.0,0.0,0.0,0.0,,0.0,0.0,0.0,0.0,10,1000,9,0.0,0.0,0.0,0.0,0.0,0.0,0.0,10,1000,9,0.0,0.0,0.0,,,,,,1.0,0.0,0.0,0.0,0.0,0.0,0.0,0.0,0.0,0.0,0.0,0.0,0.0,0.0
state_dependence,theta0.65_kappa0.02,active,3.7084999999999964,0.11186500000000003,0.11379200000000006,1.4223999999999988,3.3644641492066465,15.52790397297611,953.549,957.032,426.177,4.445,111.865,56.896,4.868394149206646,13.97251060184268,0.05146337113343153,0.003,1.445,0.03901500000000001,0.0028900000000000006,0.036125,20.91379612218579,1.907098,1.907098,19.006698122185785,20.913796122182752,3.03537575629953e-12,170.206,0.0,1.4205900000000002,55.586,56.279,65.849,11.394,10.801,11.566,28.792,51.548,7.415,51.583,4.156,28.796,28.1,9.898,177.255,313.334,-0.9373290663480711,0.0960692313102531,0.025396666666666637,25.46,52.923,0.4800956137365554,-0.006384748566049779,-2.799348491448467,74.214,0.12523347627499362,167.068,2.989696709571212,72.052,4.669554849940779e-194,19.00669812218579,0.5523975937026544,17.757087948878837,20.25630829549274,10,1000,9,3.0514310152848285,1.6967660543741878,1.3546649609106407,20.913796122185794,0.5506394967502378,19.668163040492644,22.159429203878943,10,1000,9,3.032038553813552,1.7308737793013957,1.3011647745121562,0.48107628063412883,0.0010071734774960244,-0.03771995164589521,0.0007495958308891806,0.04149359781229129,0.21949666666666667,0.03798,0.03600333333333333,0.038553333333333335,0.09597333333333334,0.17182666666666668,0.024716666666666668,0.17194333333333334,0.013853333333333332,0.09598666666666666,0.09366666666666668,-0.2934609425988459,-4.275547460671132,0.054
state_dependence,theta0.65_kappa0.02,full_information,3.3027749999999965,0.10723600000000005,0.13755000000000006,1.7193749999999977,3.610790314886699,22.40106836218181,1089.39,1093.287,468.972,4.519,107.236,68.775,5.1460703148867,20.810151119532193,0.05563724264961694,0.013,1.541,0.041607,0.0030819999999999997,0.038525,27.30886567707263,2.17878,2.17878,25.13008567707263,27.30886567706851,4.11789402576801e-12,177.552,0.0,1.56324,53.661,53.575,88.225,0.457,0.0,0.359,55.882,42.658,0.0,43.644,0.0,34.351,34.424,89.628,143.0,285.184,,,,,,,,,69.556,,147.579,,68.049,,25.13008567707263,0.5488659502924501,23.888464636202517,26.37170671794274,10,1000,9,3.012538313904343,1.717937263955618,1.294601049948725,27.308865677072628,0.5472908811605337,26.070807690121185,28.54692366402407,10,1000,9,2.995273086014735,1.7631999853013176,1.2320731007134174,,,,,,0.2940833333333333,0.0015233333333333334,0.0,0.0011966666666666666,0.18627333333333332,0.14219333333333334,0.0,0.14548,0.0,0.11450333333333333,0.11474666666666666,5.620937021379056,0.751788483022879,0.015
state_dependence,theta0.65_kappa0.02,independent,5.396874999999994,0.13674800000000006,0.09457600000000002,1.1822,4.215808172369314,1.7167932444102951,1003.012,1006.306,454.094,4.549,136.748,47.288,6.101488172369314,-0.29898954023665364,0.13010278464694874,0.052,1.368,0.03693600000000001,0.0027360000000000006,0.0342,9.87901641678097,2.006024,2.006024,7.872992416780972,9.879016416779605,1.3672352139337817e-12,185.404,0.0,1.5136466666666666,68.539,68.209,0.0,35.339,0.007,35.989,0.0,36.425,0.008,36.798,108.146,23.505,23.783,4.406,252.712,434.081,,,,,,,-0.0021288620054232257,0.3007603743605948,79.307,-0.7092074430386969,275.981,-0.5881847321107441,78.793,,7.8729924167809715,0.5374249982678634,6.657252607482512,9.088732226079431,10,1000,9,2.8882562876321294,2.295017673273574,0.5932386143585555,9.87901641678097,0.5335891919583944,8.671953804200582,11.08607902936136,10,1000,9,2.847174257748123,2.3046173954585356,0.5425568622895875,,-0.002128862005423226,0.003792355963037245,-0.0025697690893166443,-0.007464936379002501,0.0,0.11779666666666666,2.3333333333333332e-05,0.11996333333333332,0.0,0.12141666666666666,2.6666666666666667e-05,0.12266,0.3604866666666667,0.07835,0.07927666666666668,-14.143318708166575,-19.82031722078209,0.264
state_dependence,theta0.65_kappa0.02,myopic,2.1619999999999973,0.07292000000000001,0.011314000000000001,0.141425,0.6418567498015375,10.962789527554511,697.465,699.864,246.821,4.369,72.92,5.657,0.8745967498015372,10.733851059131933,-0.0038015315774212067,0.065,0.839,0.022653000000000003,0.001678,0.020975,13.518334277356045,1.39493,1.39493,12.123404277356045,13.518334277356045,-1.5367984662617573e-15,79.416,0.0,0.8227366666666667,36.495,36.425,190.408,3.189,5.351,3.285,53.619,14.367,5.622,14.38,4.122,2.826,2.831,41.009,103.935,190.423,-0.984067402166035,0.16444959978003637,0.0117633333333333,28.795,52.923,0.5521752641658993,-0.021245523842824496,-2.13241837683805,49.413,0.045874104147025675,91.786,2.2152055915480267,49.224,1.0423425849499579e-193,12.123404277356043,0.37545875231459236,11.27405757147231,12.972750983239775,10,1000,9,1.409692746896304,1.2414145539618102,0.16827819293449386,13.518334277356042,0.3844172124084461,12.648722126803357,14.387946427908727,10,1000,9,1.477765931958804,1.407197683908684,0.07056824805011996,0.5440923605993614,0.0006756606022224348,-0.043155007322729845,0.0004997941314255516,0.0450025514291408,0.6346933333333333,0.01063,0.017836666666666667,0.01095,0.17873,0.04789,0.01874,0.047933333333333335,0.01374,0.00942,0.009436666666666666,-2.1902499274419656,-3.9624225818109484,0.108
state_dependence,theta0.65_kappa0.02,noinfo,2.4506249999999974,0.07384,0.16552000000000008,2.0689999999999964,4.470154336610058,13.2431042149778,1032.912,1036.146,457.438,4.233,73.84,82.76,6.381874336610057,11.190373571068369,0.1410106439094322,0.006,1.366,0.036882000000000005,0.002732,0.03415000000000001,17.818641551593,2.065824,2.065824,15.752817551593,17.818641551587863,5.139939862619514e-12,157.966,0.0,1.5247933333333332,36.83,37.01,107.489,0.98,5.673,0.952,25.599,33.028,5.714,33.792,4.013,41.473,41.287,34.019,109.751,206.183,-0.9906398547923109,0.15522919917070596,0.012839999999999968,28.781,52.923,0.5491422082337546,-0.018112111498584434,-2.2263434466825207,47.525,0.06260998885930114,110.505,2.302320322490535,48.153,1.0943229518686653e-193,15.752817551593001,0.38252659971740155,14.88748226408144,16.618152839104564,10,1000,9,1.4632659949135716,1.5660351503343526,0.0,17.818641551592997,0.3813510004079772,16.95596565447983,18.681317448706164,10,1000,9,1.4542858551216504,1.5925281419242032,0.0,0.5438278253311415,0.0006721546619620225,-0.04684573270242021,0.0005665805968897438,0.04781260404316522,0.3582966666666667,0.0032666666666666664,0.01891,0.003173333333333333,0.08533,0.11009333333333333,0.019046666666666667,0.11264,0.013376666666666667,0.13824333333333333,0.13762333333333332,-1.5697763525240516,-6.196227871430283,0.061
state_dependence,theta0.65_kappa0.02,taker,0.0,0.0,0.24533800000000014,3.0667249999999933,6.235477136191564,2.7919276367539982,1028.206,1030.413,463.658,3.0,0.0,122.669,8.892817136191566,0.0,0.13458763675399824,-0.005,1.167,0.03150900000000001,0.0023340000000000006,0.029175000000000003,5.6838327729542195,2.0564120000000004,2.0564120000000004,3.6274207729542205,5.6838327729455695,8.65089028190269e-12,123.836,0.0,1.5455266666666667,0.0,0.0,177.331,0.0,0.0,0.0,0.0,0.0,0.0,0.0,0.0,61.332,61.337,300.0,0.0,0.0,,,,,,,,0.0,0.0,0.0,0.0,0.0,0.0,,3.6274207729542214,0.17778312077686664,3.2252474128642143,4.029594133044228,10,1000,9,0.3160683803316195,0.9047021308696703,0.0,5.683832772954221,0.176518326118411,5.2845205771603085,6.083144968748134,10,1000,9,0.311587194556457,0.9111680428638989,0.0,,,,,,0.5911033333333333,0.0,0.0,0.0,0.0,0.0,0.0,0.0,0.0,0.20444,0.20445666666666668,-10.15355182661349,-13.925398904714562,0.268
state_dependence,theta0.65_kappa0.1,abstain,0.0,0.0,0.0,0.0,0.0,0.0,0.0,0.0,0.0,0.0,0.0,0.0,0.0,0.0,0.0,0.0,0.0,0.0,0.0,0.0,0.0,0.0,0.0,0.0,0.0,0.0,0.0,0.0,0.0,0.0,0.0,300.0,0.0,0.0,0.0,0.0,0.0,0.0,0.0,0.0,0.0,0.0,300.0,0.0,0.0,,,,,,,,0.0,0.0,0.0,0.0,0.0,0.0,,0.0,0.0,0.0,0.0,10,1000,9,0.0,0.0,0.0,0.0,0.0,0.0,0.0,10,1000,9,0.0,0.0,0.0,,,,,,1.0,0.0,0.0,0.0,0.0,0.0,0.0,0.0,0.0,0.0,0.0,0.0,0.0,0.0
state_dependence,theta0.65_kappa0.1,active,4.169774999999994,0.12213500000000005,0.09204000000000002,1.1505,3.3468376494775174,9.424961626117183,820.29,823.557,390.466,4.428,122.135,46.02,4.789927649477517,7.916412000131395,0.06545962598578643,-0.079,1.337,0.036099000000000006,0.002674,0.033425,15.54080027559676,1.64058,1.64058,13.900220275596759,15.540800275594695,2.0660537725092354e-12,169.492,0.0,1.3015533333333333,60.717,61.418,42.663,17.717,21.326,17.781,26.821,50.264,15.957,49.914,11.537,23.321,22.699,4.621,211.317,349.853,-0.9525257315364677,0.18597563773366713,0.0,71.593,193.559,0.369397231491442,-0.0029781820784762865,-1.952481391841263,80.755,-0.3803867409666484,190.38,2.170160880266534,78.718,3.438499417846014e-243,13.900220275596757,0.1921223968744362,13.465609219373292,14.334831331820222,10,1000,9,0.3691101538077837,1.0066256616012468,0.0,15.540800275596757,0.19570840281000154,15.098077110360316,15.983523440833197,10,1000,9,0.38301778930441815,1.0315332105090582,0.0,0.3698768850841346,-0.0004650731951458952,-0.02417783904205638,-0.0019980393999718894,0.027568801039997638,0.14220999999999998,0.05905666666666666,0.07108666666666667,0.059269999999999996,0.08940333333333333,0.16754666666666668,0.05319,0.16638,0.03845666666666667,0.07773666666666668,0.07566333333333333,-0.22703326398873847,-4.344776250967094,0.052
state_dependence,theta0.65_kappa0.1,full_information,3.386124999999994,0.11115500000000003,0.11045400000000004,1.380674999999999,2.878864716473651,22.82251564583347,880.621,883.989,420.141,4.557,111.155,55.227,4.115074716473651,21.575837181832394,0.01046846400107134,-0.058,1.412,0.03812400000000001,0.0028240000000000006,0.035300000000000005,27.447097362310295,1.761242,1.761242,25.685855362310292,27.447097362307115,3.1763853769462e-12,167.794,0.0,1.40047,55.654,55.501,98.037,0.356,0.0,0.238,62.645,41.186,0.0,42.311,0.0,27.508,27.719,31.914,146.736,292.878,,,,,,,,,72.088,,148.688,,72.102,,25.685855362310292,0.1603183855434253,25.32318997812499,26.048520746495594,10,1000,9,0.2570198474325036,0.9656451731607805,0.0,27.44709736231029,0.16647455248472295,27.070505760983348,27.823688963637235,10,1000,9,0.2771377662498878,1.0026970544940224,0.0,,,,,,0.32679,0.0011866666666666666,0.0,0.0007933333333333333,0.20881666666666668,0.13728666666666667,0.0,0.14103666666666667,0.0,0.09169333333333334,0.09239666666666667,11.942294111638349,8.636233430620281,0.002
state_dependence,theta0.65_kappa0.1,independent,5.418924999999995,0.1373720000000001,0.09458200000000003,1.1822749999999997,4.214020349123286,1.7682682220235522,1007.734,1011.029,455.512,4.554,137.372,47.291,6.100600349123285,-0.1609113554682661,0.04259957749181839,-0.109,1.361,0.036747,0.0027220000000000005,0.03402500000000001,9.950237571148216,2.0154680000000003,2.0154680000000003,7.934769571148217,9.950237571146834,1.3825895983643477e-12,186.024,0.0,1.5183733333333331,68.821,68.551,0.0,35.828,0.008,35.664,0.0,36.544,0.017,37.049,107.599,23.456,23.835,4.36,252.709,433.901,,,,,,,-0.0012883279530095813,-0.16144710286331287,79.299,-0.5039281481069735,275.436,0.1290040660760658,79.166,,7.934769571148216,0.2733627798638007,7.31638000063689,8.553159141659542,10,1000,9,0.7472720941486477,1.3127945179565192,0.0,9.950237571148216,0.27936698730432924,9.318265539768372,10.58220960252806,10,1000,9,0.7804591359549725,1.3148342353749096,0.0,,-0.0012883279530095813,-0.0020359286102386268,-0.0018295653004943924,0.0016295387676030844,0.0,0.11942666666666668,2.6666666666666667e-05,0.11888,0.0,0.12181333333333333,5.666666666666667e-05,0.12349666666666667,0.35866333333333333,0.07818666666666667,0.07945,-8.906934860771399,-14.137294849891441,0.183
state_dependence,theta0.65_kappa0.1,myopic,3.454549999999995,0.10020200000000001,0.024808000000000007,0.31010000000000004,1.1402685308596057,8.30250730396237,755.335,757.939,309.745,4.572,100.202,12.404,1.6671285308596058,7.816360387204517,-0.04071308324214724,-0.05,1.044,0.028188,0.002088,0.0261,12.434027834821949,1.5106700000000002,1.5106700000000002,10.92335783482195,12.434027834821968,-2.0671242495495793e-14,113.65,0.0,1.0324833333333336,50.197,50.005,123.774,1.901,18.158,1.884,44.596,27.765,17.842,29.369,22.307,6.081,6.323,9.276,163.822,287.859,-1.001868905334242,0.1991810587141552,0.0,79.74,193.559,0.411426837578143,-0.0047957490017818535,-1.7728036546057775,70.65,-0.48441259712816553,147.764,2.0632852262110832,69.445,8.30705299365957e-243,10.923357834821948,0.2273894579851093,10.408967143696131,11.437748525947764,10,1000,9,0.5170596560276178,0.9277181693038884,0.0,12.434027834821949,0.22901411137775501,11.915961922386895,12.952093747257003,10,1000,9,0.5244746321014279,0.9898226007801464,0.0,0.41196741045366014,-0.0006737014494000873,-0.025092762273259413,-0.0032782856252413684,0.029711069568883048,0.41258,0.006336666666666667,0.06052666666666667,0.00628,0.14865333333333333,0.09255000000000001,0.05947333333333333,0.09789666666666666,0.07435666666666667,0.02027,0.021076666666666667,-1.421510941141438,-4.9961455818272125,0.074
state_dependence,theta0.65_kappa0.1,noinfo,3.330024999999995,0.093353,0.1377880000000001,1.7223499999999978,4.30630675580349,9.325240315560263,984.957,988.23,439.391,4.516,93.353,68.894,6.1378967558034905,7.4370560406090345,0.0565942749512297,-0.043,1.333,0.035991,0.0026660000000000004,0.033325,14.97209007136751,1.969914,1.969914,13.002176071367508,14.972090071363752,3.757819722061128e-12,163.58,0.0,1.4646366666666668,46.775,46.578,71.015,5.5,17.005,5.323,19.594,39.306,17.054,40.945,15.364,34.327,34.567,8.205,160.091,275.3,-0.9748649613094151,0.20039896865315687,0.0,79.668,193.559,0.4109445781371891,-0.004077558164947425,-1.6697106028595772,61.105,-0.2774429467690787,153.966,1.923865112678391,60.229,2.761472936006324e-242,13.002176071367506,0.240033967218099,12.459181513110213,13.5451706296248,10,1000,9,0.5761630541845942,1.1372710863915088,0.0,14.972090071367509,0.24693835143226378,14.413476710905433,15.530703431829584,10,1000,9,0.609785494080842,1.1603461582741872,0.0,0.4115954308505417,-8.459294206416681e-05,-0.02732526966466864,-0.0018019754151506094,0.031942504651885154,0.23671666666666666,0.018333333333333333,0.05668333333333333,0.017743333333333333,0.06531333333333333,0.13102,0.05684666666666666,0.13648333333333335,0.05121333333333333,0.11442333333333332,0.11522333333333333,-2.576543034903789,-6.758621491450381,0.079
state_dependence,theta0.65_kappa0.1,taker,0.0,0.0,0.2454940000000001,3.068674999999993,6.230776094932534,2.8247148886172013,1032.312,1034.569,465.316,3.0,0.0,122.747,8.882026094932534,0.0,0.17346488861720089,-0.063,1.173,0.031671000000000005,0.002346,0.029325000000000004,5.709650983558342,2.064624,2.064624,3.6450269835583415,5.709650983549743,8.599205236770047e-12,123.92,0.0,1.5510533333333334,0.0,0.0,177.253,0.0,0.0,0.0,0.0,0.0,0.0,0.0,0.0,61.342,61.405,300.0,0.0,0.0,,,,,,,,0.0,0.0,0.0,0.0,0.0,0.0,,3.645026983558342,0.34945855899206946,2.854496801233293,4.435557165883391,10,1000,9,1.2212128445281367,1.0055215105819517,0.215691333946185,5.709650983558342,0.35370640465132314,4.909511506748752,6.509790460367933,10,1000,9,1.2510822069136553,1.0130381665226638,0.23804404039099158,,,,,,0.5908433333333333,0.0,0.0,0.0,0.0,0.0,0.0,0.0,0.0,0.20447333333333334,0.20468333333333333,-10.234287485775983,-15.014075113000683,0.282
