environment,pilot,episode,active,noinfo,active_minus_noinfo
theta0.15_kappa0.002,0,0,12.046463362237535,12.722382515634385,-0.67591915339684938
theta0.15_kappa0.002,0,1,21.260513278782295,21.418189611630851,-0.1576763328485562
theta0.15_kappa0.002,0,2,27.135791319389575,28.335454086870936,-1.1996627674813602
theta0.15_kappa0.002,0,3,7.1791137565668182,9.0247632730306506,-1.8456495164638325
theta0.15_kappa0.002,0,4,-2.4607093570664382,-1.9304944833605859,-0.5302148737058523
theta0.15_kappa0.002,0,5,17.426252489868997,15.441463612432129,1.984788877436868
theta0.15_kappa0.002,0,6,20.216832547501323,18.064716744868189,2.1521158026331335
theta0.15_kappa0.002,0,7,2.0623250244515985,3.2390159244751828,-1.1766909000235843
theta0.15_kappa0.002,0,8,-7.1375793261867262,-7.0945679085605633,-0.043011417626162896
theta0.15_kappa0.002,0,9,3.6676892956155696,3.490246900794443,0.17744239482112656
theta0.15_kappa0.002,0,10,-1.4610232339567084,-0.44689191250643501,-1.0141313214502734
theta0.15_kappa0.002,0,11,22.185062474327253,23.511077436590767,-1.326014962263514
theta0.15_kappa0.002,0,12,7.232754495195028,7.4448864060031719,-0.21213191080814386
theta0.15_kappa0.002,0,13,16.61860969958547,16.643609699585106,-0.024999999999636202
theta0.15_kappa0.002,0,14,18.276322357067016,18.22532235706754,0.050999999999476131
theta0.15_kappa0.002,0,15,16.638886658938834,15.81327064859294,0.82561601034589316
theta0.15_kappa0.002,0,16,7.9237415774021862,11.922092538589656,-3.9983509611874695
theta0.15_kappa0.002,0,17,-19.43354718907398,-21.095424226592723,1.6618770375187424
theta0.15_kappa0.002,0,18,4.0187612766741392,5.4934008873996092,-1.47463961072547
theta0.15_kappa0.002,0,19,10.60654370837312,14.365608298138744,-3.7590645897656234
theta0.15_kappa0.002,0,20,19.008018358172169,19.002831567075759,0.0051867910964098485
theta0.15_kappa0.002,0,21,18.678676133630713,17.810657323443298,0.86801881018741511
theta0.15_kappa0.002,0,22,7.7267377490745703,10.32028401602248,-2.5935462669479099
theta0.15_kappa0.002,0,23,14.418281594094561,14.472472766032631,-0.054191171938070326
theta0.15_kappa0.002,0,24,7.6708478088990857,8.2331302695619613,-0.56228246066287557
theta0.15_kappa0.002,0,25,19.931077501843365,21.042025097504531,-1.1109475956611661
theta0.15_kappa0.002,0,26,-1.756761783597929,-1.4681082601081656,-0.28865352348976336
theta0.15_kappa0.002,0,27,4.2145823863550795,8.40446855375985,-4.1898861674047705
theta0.15_kappa0.002,0,28,12.582375215744529,12.183189327831606,0.39918588791292287
theta0.15_kappa0.002,0,29,15.912183440418278,12.265257758614707,3.6469256818035714
theta0.15_kappa0.002,0,30,9.5895148726599917,9.5140240481900769,0.075490824469914841
theta0.15_kappa0.002,0,31,17.027376547597726,15.060456240383482,1.9669203072142434
theta0.15_kappa0.002,0,32,-18.600147651711247,-16.862461561418744,-1.7376860902925024
theta0.15_kappa0.002,0,33,0.6774234402691981,0.73181490580900932,-0.054391465539811223
theta0.15_kappa0.002,0,34,16.17034454826193,17.487586275916584,-1.317241727654654
theta0.15_kappa0.002,0,35,17.079654691330688,17.422242057353468,-0.34258736602278006
theta0.15_kappa0.002,0,36,0.72973222397549753,3.316181036335339,-2.5864488123598415
theta0.15_kappa0.002,0,37,4.2563505543265414,3.3506854591584849,0.90566509516805649
theta0.15_kappa0.002,0,38,15.792196642018689,15.441178923889524,0.3510177181291656
theta0.15_kappa0.002,0,39,11.342221161072288,10.619040043348312,0.72318111772397664
theta0.15_kappa0.002,0,40,-7.5205380729341273,-7.683080079893247,0.16254200695911969
theta0.15_kappa0.002,0,41,-2.6912376700558425,-2.2432137709643256,-0.44802389909151685
theta0.15_kappa0.002,0,42,13.86832725898409,12.855555912569272,1.0127713464148176
theta0.15_kappa0.002,0,43,4.7739540344438609,3.8169184688600648,0.9570355655837961
theta0.15_kappa0.002,0,44,12.686065162256265,10.772083957466398,1.9139812047898666
theta0.15_kappa0.002,0,45,7.9654694216250324,2.2774362175953211,5.6880332040297112
theta0.15_kappa0.002,0,46,13.078937240842537,14.345493282647208,-1.2665560418046713
theta0.15_kappa0.002,0,47,6.6699321428729341,6.5790639011705023,0.090868241702431796
theta0.15_kappa0.002,0,48,6.2983834635653437,5.3201653419693207,0.97821812159602306
theta0.15_kappa0.002,0,49,26.978383469127479,26.978383469127479,0
theta0.15_kappa0.002,0,50,23.575007515948915,23.575007515948915,0
theta0.15_kappa0.002,0,51,18.497620383891697,16.71332083235389,1.7842995515378064
theta0.15_kappa0.002,0,52,7.8711334925877443,9.2889451176883444,-1.4178116251006001
theta0.15_kappa0.002,0,53,19.484255087859324,20.525794963232993,-1.0415398753736689
theta0.15_kappa0.002,0,54,5.2650983081930729,4.5580834686324652,0.70701483956060773
theta0.15_kappa0.002,0,55,7.4807875818389711,3.9399140589587209,3.5408735228802501
theta0.15_kappa0.002,0,56,4.2002711237734625,4.0612544203022782,0.13901670347118422
theta0.15_kappa0.002,0,57,15.807254674209,15.104759248304472,0.7024954259045284
theta0.15_kappa0.002,0,58,-2.8880474214749654,-1.6589144695996758,-1.2291329518752896
theta0.15_kappa0.002,0,59,13.418511097292924,13.469723533740725,-0.051212436447800158
theta0.15_kappa0.002,0,60,9.0264859374526338,8.0588361574797336,0.96764977997290025
theta0.15_kappa0.002,0,61,14.808206635569222,14.681206635569724,0.12699999999949796
theta0.15_kappa0.002,0,62,2.1794429488569849,2.2421845002520282,-0.062741551395043338
theta0.15_kappa0.002,0,63,-4.5308958881454853,-4.0311128046852787,-0.49978308346020661
theta0.15_kappa0.002,0,64,18.387468881145217,18.279064002747845,0.10840487839737278
theta0.15_kappa0.002,0,65,5.7309225459432698,1.0676398999581944,4.6632826459850758
theta0.15_kappa0.002,0,66,5.0782239907448563,2.8677321155067075,2.2104918752381488
theta0.15_kappa0.002,0,67,32.075439104275908,32.075439104275908,0
theta0.15_kappa0.002,0,68,7.4720072971537954,8.3667927917010712,-0.89478549454727574
theta0.15_kappa0.002,0,69,10.297728102687376,11.539320008419958,-1.2415919057325819
theta0.15_kappa0.002,0,70,-5.0320685642529126,-6.6793881949059424,1.6473196306530298
theta0.15_kappa0.002,0,71,-0.73938754398735895,0.092905388933431698,-0.83229293292079065
theta0.15_kappa0.002,0,72,8.9736938356858662,9.5408074244000538,-0.5671135887141876
theta0.15_kappa0.002,0,73,8.6659891970265406,14.050193865509025,-5.384204668482484
theta0.15_kappa0.002,0,74,12.14200464638683,13.443627561162582,-1.3016229147757521
theta0.15_kappa0.002,0,75,2.643784666310526,2.9699452966922433,-0.32616063038171728
theta0.15_kappa0.002,0,76,-1.4363558331265005,-1.4623558331263402,0.025999999999839707
theta0.15_kappa0.002,0,77,-4.286216009286929,-5.6035715070527203,1.3173554977657913
theta0.15_kappa0.002,0,78,23.925800695286352,23.39818782643054,0.52761286885581171
theta0.15_kappa0.002,0,79,16.827136652347118,16.827136652347118,0
theta0.15_kappa0.002,0,80,11.262642338767026,14.965454567557885,-3.702812228790858
theta0.15_kappa0.002,0,81,16.153421458884399,18.423673667560028,-2.2702522086756289
theta0.15_kappa0.002,0,82,11.823928027670076,14.316309339519954,-2.4923813118498774
theta0.15_kappa0.002,0,83,15.199319300455524,15.069709199688374,0.12961010076715063
theta0.15_kappa0.002,0,84,6.34930425948831,7.5311232323791124,-1.1818189728908024
theta0.15_kappa0.002,0,85,20.223778115060711,20.900235170682784,-0.67645705562207326
theta0.15_kappa0.002,0,86,-1.8588619601791407,-2.0813310310429416,0.22246907086380086
theta0.15_kappa0.002,0,87,-0.18162463994309919,0.7246081530415367,-0.90623279298463588
theta0.15_kappa0.002,0,88,10.263594691332186,8.7908562201830041,1.4727384711491815
theta0.15_kappa0.002,0,89,24.063425302575201,24.99282630291501,-0.92940100033980855
theta0.15_kappa0.002,0,90,-6.8972690629673119,-5.6913973050199669,-1.205871757947345
theta0.15_kappa0.002,0,91,22.07400752302587,21.858188446212687,0.21581907681318313
theta0.15_kappa0.002,0,92,11.268137655431104,3.9925168559373372,7.2756207994937672
theta0.15_kappa0.002,0,93,19.927676135435309,21.84355476099589,-1.9158786255605804
theta0.15_kappa0.002,0,94,-10.676898031352785,-10.685516127180264,0.0086180958274795216
theta0.15_kappa0.002,0,95,13.133310399518477,14.501515124511711,-1.3682047249932339
theta0.15_kappa0.002,0,96,4.7924475123088772,3.8718596780897712,0.92058783421910606
theta0.15_kappa0.002,0,97,22.896087453723005,22.845087453723529,0.050999999999476131
theta0.15_kappa0.002,0,98,13.501208584260166,12.316811483210904,1.184397101049262
theta0.15_kappa0.002,0,99,23.878522886477651,24.77355519143666,-0.89503230495900965
theta0.15_kappa0.002,1,0,13.68273330982559,15.263396139812672,-1.580662829987082
theta0.15_kappa0.002,1,1,20.3609356608684,18.935220391788938,1.4257152690794612
theta0.15_kappa0.002,1,2,17.985370684699063,18.697907071918429,-0.71253638721936596
theta0.15_kappa0.002,1,3,-1.7648518254383598,-0.57653066502667216,-1.1883211604116877
theta0.15_kappa0.002,1,4,-2.9207546680992689,-2.6581915405663641,-0.26256312753290478
theta0.15_kappa0.002,1,5,-1.0886392447877606,-1.110581437422401,0.021942192634640367
theta0.15_kappa0.002,1,6,11.666302310737636,12.904318051918644,-1.2380157411810071
theta0.15_kappa0.002,1,7,4.6420204010140278,4.2966398384850741,0.34538056252895366
theta0.15_kappa0.002,1,8,3.7001995284232359,4.2872074556016013,-0.58700792717836547
theta0.15_kappa0.002,1,9,15.882720411361632,15.994415097262973,-0.11169468590134102
theta0.15_kappa0.002,1,10,24.796126282072215,25.08197939571,-0.28585311363778487
theta0.15_kappa0.002,1,11,13.018915251602058,11.585041465519538,1.4338737860825201
theta0.15_kappa0.002,1,12,14.943272733611316,15.30869589426762,-0.36542316065630409
theta0.15_kappa0.002,1,13,20.828341649485623,20.878341649485808,-0.050000000000185452
theta0.15_kappa0.002,1,14,16.313954238124229,15.569511774258295,0.74444246386593349
theta0.15_kappa0.002,1,15,15.354280667281058,15.701899217969949,-0.34761855068889069
theta0.15_kappa0.002,1,16,-18.066472669627551,-19.739182731209503,1.6727100615819523
theta0.15_kappa0.002,1,17,3.9509500619960818,-2.1942112615183289,6.1451613235144107
theta0.15_kappa0.002,1,18,8.1353921291019482,6.2322420326916452,1.903150096410303
theta0.15_kappa0.002,1,19,8.3684383488326368,7.2470750649864453,1.1213632838461915
theta0.15_kappa0.002,1,20,1.693368762847216,1.6078880735269756,0.085480689320240444
theta0.15_kappa0.002,1,21,11.904196961959377,10.59949136884295,1.3047055931164273
theta0.15_kappa0.002,1,22,21.398490606656519,21.5137605755103,-0.11526996885378082
theta0.15_kappa0.002,1,23,2.7214920940460123,4.9712819231358782,-2.2497898290898659
theta0.15_kappa0.002,1,24,2.368510507222235,2.3432818603907433,0.02522864683149173
theta0.15_kappa0.002,1,25,3.4226371351892135,3.6313394609753633,-0.20870232578614978
theta0.15_kappa0.002,1,26,14.069477528767326,14.01847752876785,0.050999999999476131
theta0.15_kappa0.002,1,27,18.736885577610817,18.957068726169041,-0.22018314855822396
theta0.15_kappa0.002,1,28,11.434212072536823,12.638225534738684,-1.2040134622018606
theta0.15_kappa0.002,1,29,3.9572271572178681,2.1522136571784385,1.8050135000394296
theta0.15_kappa0.002,1,30,11.893384211409812,12.573333787921561,-0.67994957651174914
theta0.15_kappa0.002,1,31,3.9232672233716439,1.4590112968500917,2.4642559265215525
theta0.15_kappa0.002,1,32,14.78605922989189,12.868876555917632,1.9171826739742581
theta0.15_kappa0.002,1,33,-8.5589555711758543,-6.5277229530760481,-2.0312326180998062
theta0.15_kappa0.002,1,34,7.9818109472204446,7.9116079491768687,0.070202998043575882
theta0.15_kappa0.002,1,35,8.9476450061846808,4.7269144605274152,4.2207305456572657
theta0.15_kappa0.002,1,36,21.049234504825865,22.416336717526519,-1.3671022127006545
theta0.15_kappa0.002,1,37,-2.3065360490628537,-2.2473537647706672,-0.059182284292186527
theta0.15_kappa0.002,1,38,7.341088039408536,7.341088039408536,0
theta0.15_kappa0.002,1,39,15.09361223625122,15.267442342079246,-0.17383010582802605
theta0.15_kappa0.002,1,40,5.0094716569693185,4.1562292549506594,0.85324240201865909
theta0.15_kappa0.002,1,41,3.2011717668134279,1.4950693285988164,1.7061024382146115
theta0.15_kappa0.002,1,42,16.810536567054356,16.252851178293081,0.55768538876127494
theta0.15_kappa0.002,1,43,-1.6604342079115786,-0.80363580475147045,-0.85679840316010814
theta0.15_kappa0.002,1,44,13.908328508244876,12.16431570088165,1.7440128073632266
theta0.15_kappa0.002,1,45,-0.20033875295685361,0.28061525393811099,-0.48095400689496459
theta0.15_kappa0.002,1,46,16.899641209019883,16.488535204352029,0.41110600466785385
theta0.15_kappa0.002,1,47,-3.8573074622313879,-4.4311678381630237,0.57386037593163586
theta0.15_kappa0.002,1,48,35.601402165016673,35.601402165016673,0
theta0.15_kappa0.002,1,49,27.618267527384702,24.82425146469274,2.7940160626919628
theta0.15_kappa0.002,1,50,21.486947660745258,22.500576590893537,-1.013628930148279
theta0.15_kappa0.002,1,51,-8.0856598505650155,-9.9036587055052632,1.8179988549402477
theta0.15_kappa0.002,1,52,4.5310387968224397,5.5452854531003268,-1.0142466562778871
theta0.15_kappa0.002,1,53,-1.197018634425902,-0.1021046143779786,-1.0949140200479233
theta0.15_kappa0.002,1,54,-5.1953412410854218,-2.4407576505475337,-2.7545835905378881
theta0.15_kappa0.002,1,55,15.621413666128884,13.749335065235874,1.8720786008930101
theta0.15_kappa0.002,1,56,19.824364165760691,19.736379466532195,0.087984699228496055
theta0.15_kappa0.002,1,57,14.317869372954272,14.754989403992669,-0.43712003103839692
theta0.15_kappa0.002,1,58,12.254530116629253,13.341082490355332,-1.0865523737260787
theta0.15_kappa0.002,1,59,13.483522925105438,15.709614536927528,-2.2260916118220901
theta0.15_kappa0.002,1,60,26.236513229781796,26.780733555898941,-0.54422032611714499
theta0.15_kappa0.002,1,61,19.502344119219455,19.451344119219979,0.050999999999476131
theta0.15_kappa0.002,1,62,7.7327726733008264,8.9899346407121072,-1.2571619674112808
theta0.15_kappa0.002,1,63,16.799980144225067,16.791841055005801,0.0081390892192665376
theta0.15_kappa0.002,1,64,12.68288307627102,13.69601239568067,-1.01312931940965
theta0.15_kappa0.002,1,65,16.031822758915059,15.390587783960228,0.64123497495483051
theta0.15_kappa0.002,1,66,2.0423498540952538,0.1023158752918143,1.9400339788034395
theta0.15_kappa0.002,1,67,-1.8578627837111872,-1.3234658906863206,-0.53439689302486659
theta0.15_kappa0.002,1,68,20.97566376734887,22.856169754340847,-1.8805059869919774
theta0.15_kappa0.002,1,69,3.6434362544163861,4.8692604746747215,-1.2258242202583354
theta0.15_kappa0.002,1,70,-12.255827987218449,-9.2136633703867297,-3.0421646168317196
theta0.15_kappa0.002,1,71,2.5917154585396656,0.79954336877997967,1.7921720897596858
theta0.15_kappa0.002,1,72,5.1432138390999196,7.7852307560611766,-2.6420169169612571
theta0.15_kappa0.002,1,73,24.526884231188721,24.415577233363479,0.11130699782524189
theta0.15_kappa0.002,1,74,25.179196086438399,25.910712240283647,-0.7315161538452486
theta0.15_kappa0.002,1,75,-23.816492989597869,-21.775871403843031,-2.0406215857548382
theta0.15_kappa0.002,1,76,11.488986780031734,8.6067826354531469,2.8822041445785871
theta0.15_kappa0.002,1,77,21.861312585348848,20.866317867137671,0.9949947182111778
theta0.15_kappa0.002,1,78,-5.6911400098946379,-6.2043218703391965,0.5131818604445586
theta0.15_kappa0.002,1,79,0.87155655981574842,2.1122760945824561,-1.2407195347667077
theta0.15_kappa0.002,1,80,29.975657685993099,29.975657685993099,0
theta0.15_kappa0.002,1,81,0.53638458721374893,1.4495946333113183,-0.91321004609756939
theta0.15_kappa0.002,1,82,14.293780346522244,14.415683797762789,-0.12190345124054502
theta0.15_kappa0.002,1,83,-7.0782080355296539,-7.6027421550724981,0.52453411954284412
theta0.15_kappa0.002,1,84,8.1098270679658171,5.9236941293300243,2.1861329386357928
theta0.15_kappa0.002,1,85,18.145730800106005,20.029379094027263,-1.883648293921258
theta0.15_kappa0.002,1,86,4.6564503534488964,6.4755790311703727,-1.8191286777214764
theta0.15_kappa0.002,1,87,-5.6846645527099335,-6.4647604310867264,0.78009587837679284
theta0.15_kappa0.002,1,88,2.7866749095096388,3.3937168182635444,-0.60704190875390562
theta0.15_kappa0.002,1,89,11.57004591747654,11.67754438995075,-0.10749847247421052
theta0.15_kappa0.002,1,90,-15.253064202436551,-15.310869693518624,0.057805491082072891
theta0.15_kappa0.002,1,91,3.0379797471192576,4.1760225748437119,-1.1380428277244543
theta0.15_kappa0.002,1,92,6.6657063469779265,6.3082267963767462,0.35747955060118031
theta0.15_kappa0.002,1,93,5.2695584623290186,5.8970702963420729,-0.62751183401305433
theta0.15_kappa0.002,1,94,11.361091171536442,11.361091171536442,0
theta0.15_kappa0.002,1,95,-2.0312129775039649,-3.7933250458934271,1.7621120683894622
theta0.15_kappa0.002,1,96,11.301424293477597,12.21150452655718,-0.91008023307958297
theta0.15_kappa0.002,1,97,-6.5285092086977823,-9.9170950348324105,3.3885858261346282
theta0.15_kappa0.002,1,98,7.9436774492626743,9.7125898004657305,-1.7689123512030562
theta0.15_kappa0.002,1,99,24.116923724730452,24.289323417898881,-0.17239969316842974
theta0.15_kappa0.002,2,0,21.453890051452689,18.085877965692148,3.3680120857605402
theta0.15_kappa0.002,2,1,5.9648614584270261,5.490920593523807,0.47394086490321907
theta0.15_kappa0.002,2,2,-16.845768315818297,-16.494203729354165,-0.35156458646413213
theta0.15_kappa0.002,2,3,-2.77816904737415,-4.3132870780154864,1.5351180306413363
theta0.15_kappa0.002,2,4,-6.4558912341222499,-3.4280197119751938,-3.027871522147056
theta0.15_kappa0.002,2,5,7.2424836895792559,8.3066805814519107,-1.0641968918726548
theta0.15_kappa0.002,2,6,-2.2155310498690417,-3.7613820741589299,1.5458510242898882
theta0.15_kappa0.002,2,7,26.618292902241738,26.943506272961987,-0.32521337072024892
theta0.15_kappa0.002,2,8,16.985940502840975,16.985940502840975,0
theta0.15_kappa0.002,2,9,23.860344227813247,23.860344227813247,0
theta0.15_kappa0.002,2,10,7.0912888535519762,12.328834244628933,-5.2375453910769565
theta0.15_kappa0.002,2,11,10.479950320090598,11.268696237578537,-0.78874591748793854
theta0.15_kappa0.002,2,12,12.710904774063049,10.485834170332796,2.2250706037302539
theta0.15_kappa0.002,2,13,-11.996416682130469,-12.097195960018084,0.10077927788761443
theta0.15_kappa0.002,2,14,1.1099846277079468,2.5390286645867075,-1.4290440368787607
theta0.15_kappa0.002,2,15,5.8399629655067109,5.5140460801291118,0.32591688537759911
theta0.15_kappa0.002,2,16,23.728065699392989,23.8752593251394,-0.14719362574641082
theta0.15_kappa0.002,2,17,-7.4150226685093186,-5.4837169578556093,-1.9313057106537093
theta0.15_kappa0.002,2,18,14.78317626460478,14.323344608299754,0.45983165630502576
theta0.15_kappa0.002,2,19,-5.9754404245832502,-6.4557889738270919,0.48034854924384174
theta0.15_kappa0.002,2,20,18.70876847567391,15.999302199620438,2.7094662760534725
theta0.15_kappa0.002,2,21,31.006953287656959,30.099134745406339,0.9078185422506202
theta0.15_kappa0.002,2,22,5.1485525350399737,3.3466923113408455,1.8018602236991281
theta0.15_kappa0.002,2,23,7.4314703353542146,6.7937914254007925,0.63767890995342214
theta0.15_kappa0.002,2,24,6.2002619968194388,5.9820505899397656,0.21821140687967322
theta0.15_kappa0.002,2,25,16.813625987495328,16.813625987495328,0
theta0.15_kappa0.002,2,26,3.6032139955448392,3.6032139955448392,0
theta0.15_kappa0.002,2,27,21.702434959368716,21.104643827027232,0.5977911323414844
theta0.15_kappa0.002,2,28,3.4640406377035551,3.8674207134103971,-0.40338007570684198
theta0.15_kappa0.002,2,29,11.016168712981926,11.3473623271706,-0.33119361418867399
theta0.15_kappa0.002,2,30,27.900143703985112,27.900143703985112,0
theta0.15_kappa0.002,2,31,30.031440973774021,29.301091339016676,0.73034963475734571
theta0.15_kappa0.002,2,32,0.73219634450126225,0.43623312834170441,0.29596321615955784
theta0.15_kappa0.002,2,33,12.7152307325637,13.676861525712184,-0.96163079314848332
theta0.15_kappa0.002,2,34,0.39353089697882931,1.6356449900873766,-1.2421140931085473
theta0.15_kappa0.002,2,35,12.266061765165391,11.791441721060796,0.47462004410459535
theta0.15_kappa0.002,2,36,12.50070044150999,12.208630371849354,0.29207006966063531
theta0.15_kappa0.002,2,37,20.339604755889969,20.871715220866889,-0.53211046497692038
theta0.15_kappa0.002,2,38,-4.3355021945920429,-2.441145601022451,-1.8943565935695919
theta0.15_kappa0.002,2,39,13.617103134888948,22.543810835639409,-8.9267077007504607
theta0.15_kappa0.002,2,40,-4.7281166961392591,-1.7058839035491182,-3.0222327925901409
theta0.15_kappa0.002,2,41,7.0165069050207451,6.4430026861852232,0.57350421883552194
theta0.15_kappa0.002,2,42,5.0691182615729833,4.528458252518492,0.5406600090544913
theta0.15_kappa0.002,2,43,-2.0619211328350828,-1.5988758733630712,-0.46304525947201158
theta0.15_kappa0.002,2,44,9.8661696457093164,9.7641696457094564,0.10199999999985998
theta0.15_kappa0.002,2,45,28.125361895611285,27.838888081996721,0.28647381361456326
theta0.15_kappa0.002,2,46,18.440782113707304,16.5736219460555,1.8671601676518037
theta0.15_kappa0.002,2,47,11.527512465570069,13.090219952987388,-1.5627074874173186
theta0.15_kappa0.002,2,48,11.912893918016309,13.077818520117034,-1.1649246021007258
theta0.15_kappa0.002,2,49,13.880394055471864,13.345769173511629,0.5346248819602355
theta0.15_kappa0.002,2,50,-6.293665112965952,-6.003814154377773,-0.289850958588179
theta0.15_kappa0.002,2,51,9.4578746138849237,5.4228406309928818,4.0350339828920418
theta0.15_kappa0.002,2,52,5.2296731452035132,4.2138414265707436,1.0158317186327697
theta0.15_kappa0.002,2,53,9.8645833234240108,10.10862818224207,-0.24404485881805904
theta0.15_kappa0.002,2,54,9.5861001351483743,7.8774678467754802,1.7086322883728942
theta0.15_kappa0.002,2,55,10.376893591623867,4.3244231468223058,6.0524704448015614
theta0.15_kappa0.002,2,56,29.598622612234639,29.598622612234639,0
theta0.15_kappa0.002,2,57,2.089353059198106,0.83571805926045895,1.253634999937647
theta0.15_kappa0.002,2,58,7.6743566662159388,6.7507928252431846,0.92356384097275424
theta0.15_kappa0.002,2,59,19.950212944124992,20.000212944125515,-0.050000000000522959
theta0.15_kappa0.002,2,60,2.1966264391143557,2.2055577224595324,-0.0089312833451766771
theta0.15_kappa0.002,2,61,7.7073192503126595,7.6427242197555367,0.06459503055712279
theta0.15_kappa0.002,2,62,22.44941530677481,20.015526306531935,2.4338890002428748
theta0.15_kappa0.002,2,63,9.0648762191422136,8.6788497012630827,0.38602651787913089
theta0.15_kappa0.002,2,64,9.4345650113362183,8.4972435680075193,0.93732144332869893
theta0.15_kappa0.002,2,65,21.770508095227356,23.713577419966075,-1.943069324738719
theta0.15_kappa0.002,2,66,-1.3384481639024359,-1.8410682060402592,0.5026200421378233
theta0.15_kappa0.002,2,67,10.935412382707954,11.165955170211948,-0.23054278750399426
theta0.15_kappa0.002,2,68,14.840491272865636,14.865491272865272,-0.024999999999636202
theta0.15_kappa0.002,2,69,13.71584554926144,14.353284199084063,-0.63743864982262366
theta0.15_kappa0.002,2,70,14.514904069934817,12.984452224947686,1.5304518449871303
theta0.15_kappa0.002,2,71,6.4311890895565478,7.1931458583346277,-0.76195676877807994
theta0.15_kappa0.002,2,72,7.8344845275632293,9.3238201715359477,-1.4893356439727183
theta0.15_kappa0.002,2,73,1.2699077605902458,3.4313439876595178,-2.161436227069272
theta0.15_kappa0.002,2,74,9.0415621804754966,8.884581616988104,0.15698056348739264
theta0.15_kappa0.002,2,75,8.3263746505016485,8.2564202606083352,0.069954389893313262
theta0.15_kappa0.002,2,76,-8.8562471976497132,-8.4730308737647633,-0.38321632388494997
theta0.15_kappa0.002,2,77,-6.1525673797565332,-5.308840664647648,-0.84372671510888519
theta0.15_kappa0.002,2,78,-5.5997471205848246,-4.0409130097677819,-1.5588341108170427
theta0.15_kappa0.002,2,79,7.9410755288002397,8.2132923300525693,-0.27221680125232961
theta0.15_kappa0.002,2,80,-17.569286043502608,-18.556116249708825,0.98683020620621775
theta0.15_kappa0.002,2,81,12.062403116538068,12.091622802178428,-0.029219685640359927
theta0.15_kappa0.002,2,82,3.7685653231606047,-0.18833580521240509,3.9569011283730098
theta0.15_kappa0.002,2,83,8.0996324113645812,5.7397254263182749,2.3599069850463064
theta0.15_kappa0.002,2,84,1.2240088566398517,1.9596874444646744,-0.73567858782482265
theta0.15_kappa0.002,2,85,15.867730396172398,14.185216028112752,1.6825143680596462
theta0.15_kappa0.002,2,86,-16.734463789393818,-19.210824240734137,2.4763604513403195
theta0.15_kappa0.002,2,87,23.549820428046353,25.023161181007385,-1.4733407529610325
theta0.15_kappa0.002,2,88,4.7299903718474745,5.5985771301078859,-0.86858675826041143
theta0.15_kappa0.002,2,89,25.708458406622366,25.118394843946614,0.590063562675752
theta0.15_kappa0.002,2,90,9.4202152693111625,10.304240226617017,-0.88402495730585429
theta0.15_kappa0.002,2,91,-5.7357512642095099,-5.5727624525697905,-0.16298881163971934
theta0.15_kappa0.002,2,92,-3.7254476423462983,-3.9013544486149696,0.17590680626867128
theta0.15_kappa0.002,2,93,-4.4711043715154357,-4.6210025764220317,0.149898204906596
theta0.15_kappa0.002,2,94,12.302860229249578,13.543362527235068,-1.2405022979854898
theta0.15_kappa0.002,2,95,16.559439653010312,13.635278891478723,2.9241607615315885
theta0.15_kappa0.002,2,96,-0.2761258196269929,0.3334038144183058,-0.6095296340452987
theta0.15_kappa0.002,2,97,21.282455156016749,22.104886801473945,-0.82243164545719694
theta0.15_kappa0.002,2,98,10.100983091809571,9.5470004377771307,0.55398265403244018
theta0.15_kappa0.002,2,99,10.251022564895068,11.314948377081585,-1.0639258121865165
theta0.15_kappa0.002,3,0,7.7848090027670906,9.3589622544769142,-1.5741532517098236
theta0.15_kappa0.002,3,1,14.356213523678489,14.423764283601257,-0.067550759922767156
theta0.15_kappa0.002,3,2,20.856073234800579,19.55990593395013,1.2961673008504491
theta0.15_kappa0.002,3,3,15.573906041774482,15.9651899310243,-0.39128388924981827
theta0.15_kappa0.002,3,4,21.063696402052429,21.063696402052429,0
theta0.15_kappa0.002,3,5,10.038953882787354,10.874646927691613,-0.835693044904259
theta0.15_kappa0.002,3,6,11.473669581356296,11.517520837517155,-0.04385125616085972
theta0.15_kappa0.002,3,7,6.5553262636575411,5.8526684370489797,0.70265782660856146
theta0.15_kappa0.002,3,8,-15.026499942821747,-17.589157670333329,2.5626577275115814
theta0.15_kappa0.002,3,9,1.0185063288351504,2.706016992698582,-1.6875106638634316
theta0.15_kappa0.002,3,10,23.728867910672964,21.783581617291464,1.9452862933814998
theta0.15_kappa0.002,3,11,19.830168095648823,19.830168095648823,0
theta0.15_kappa0.002,3,12,-13.427658278028638,-10.994078297138502,-2.4335799808901353
theta0.15_kappa0.002,3,13,17.05040586877897,15.818596055324573,1.2318098134543973
theta0.15_kappa0.002,3,14,13.310453785538646,12.740975436244344,0.56947834929430208
theta0.15_kappa0.002,3,15,12.903902743639293,7.632777077138714,5.2711256665005788
theta0.15_kappa0.002,3,16,17.040573457545818,17.105304353990917,-0.064730896445098551
theta0.15_kappa0.002,3,17,11.662024395139944,11.662024395139944,0
theta0.15_kappa0.002,3,18,7.9096894754902625,9.5852658610784527,-1.6755763855881902
theta0.15_kappa0.002,3,19,2.109865959031278,1.0112428299258862,1.0986231291053918
theta0.15_kappa0.002,3,20,28.158204304593873,26.594429281226944,1.5637750233669294
theta0.15_kappa0.002,3,21,32.732883964667877,32.541254201256798,0.19162976341107907
theta0.15_kappa0.002,3,22,7.0413246827482894,7.3241028868875162,-0.28277820413922683
theta0.15_kappa0.002,3,23,2.3335532262157317,2.6991612716839115,-0.36560804546817982
theta0.15_kappa0.002,3,24,3.0847749310868435,4.3015397351746918,-1.2167648040878483
theta0.15_kappa0.002,3,25,10.268276163500619,10.24227616350078,0.025999999999839929
theta0.15_kappa0.002,3,26,6.6888362420485761,6.3724032868763212,0.31643295517225489
theta0.15_kappa0.002,3,27,-6.9736444456125435,-6.8977614721408145,-0.075882973471729009
theta0.15_kappa0.002,3,28,14.805105552624084,19.243143740180631,-4.4380381875565469
theta0.15_kappa0.002,3,29,4.3658206269804714,4.5988765227512074,-0.23305589577073604
theta0.15_kappa0.002,3,30,21.764958173478625,20.947271267575545,0.81768690590308069
theta0.15_kappa0.002,3,31,11.83449248187118,14.675700484055907,-2.841208002184727
theta0.15_kappa0.002,3,32,0.56691585865830163,0.34182866794934852,0.22508719070895311
theta0.15_kappa0.002,3,33,4.6783398244093872,-0.769703282459548,5.4480431068689352
theta0.15_kappa0.002,3,34,7.4477967444367863,5.4505344128817477,1.9972623315550386
theta0.15_kappa0.002,3,35,15.41063157782917,15.918373066161376,-0.507741488332206
theta0.15_kappa0.002,3,36,-2.2735786503781927,-2.6288156285180411,0.35523697813984834
theta0.15_kappa0.002,3,37,10.752919522187002,11.054241675430321,-0.30132215324331924
theta0.15_kappa0.002,3,38,-2.2245476513906342,1.941114927371252,-4.1656625787618857
theta0.15_kappa0.002,3,39,-0.068110373450468595,-1.1802746455745474,1.1121642721240788
theta0.15_kappa0.002,3,40,15.791619521477058,16.835342460061565,-1.0437229385845068
theta0.15_kappa0.002,3,41,21.05605188891872,21.05605188891872,0
theta0.15_kappa0.002,3,42,11.497355393111588,11.309866364646824,0.18748902846476412
theta0.15_kappa0.002,3,43,1.5525742698489438,2.3972754622064674,-0.84470119235752361
theta0.15_kappa0.002,3,44,1.7178041665291248,2.1908250726004415,-0.47302090607131664
theta0.15_kappa0.002,3,45,24.559259290360167,25.902404588140239,-1.3431452977800724
theta0.15_kappa0.002,3,46,15.900573166915869,16.057053640532743,-0.15648047361687389
theta0.15_kappa0.002,3,47,-0.255084254489925,-2.9163112032818788,2.6612269487919535
theta0.15_kappa0.002,3,48,3.5739020496775877,2.5038620128538085,1.0700400368237792
theta0.15_kappa0.002,3,49,18.891461890501382,20.003472369755396,-1.112010479254014
theta0.15_kappa0.002,3,50,6.6677531843961848,5.7255249126548655,0.94222827174131929
theta0.15_kappa0.002,3,51,-7.4029572012108993,-5.6058434166246958,-1.7971137845862035
theta0.15_kappa0.002,3,52,15.816020121529499,17.419876817173321,-1.6038566956438221
theta0.15_kappa0.002,3,53,14.70173349364144,12.894801535984335,1.8069319576571043
theta0.15_kappa0.002,3,54,8.1729123880836241,8.2246087234180578,-0.051696335334433741
theta0.15_kappa0.002,3,55,-1.9240491188075977,-0.82591251235624075,-1.0981366064513569
theta0.15_kappa0.002,3,56,34.865835662066935,34.673370724827961,0.19246493723897373
theta0.15_kappa0.002,3,57,-3.7080864645701599,-3.2343144592214284,-0.47377200534873154
theta0.15_kappa0.002,3,58,11.700232738457382,13.405017279666728,-1.7047845412093459
theta0.15_kappa0.002,3,59,14.348051591898106,14.486857491931191,-0.1388059000330859
theta0.15_kappa0.002,3,60,23.24613041308309,19.40121118770157,3.8449192253815205
theta0.15_kappa0.002,3,61,3.2446127339678257,1.5404734342382835,1.7041392997295421
theta0.15_kappa0.002,3,62,12.819689889709368,12.483992719636555,0.33569717007281241
theta0.15_kappa0.002,3,63,5.2430410263253435,3.0625657130465109,2.1804753132788326
theta0.15_kappa0.002,3,64,12.229012050727396,11.932663221717144,0.2963488290102525
theta0.15_kappa0.002,3,65,10.78027064500696,13.843385228980321,-3.0631145839733609
theta0.15_kappa0.002,3,66,10.730581191214259,11.747399002330203,-1.0168178111159438
theta0.15_kappa0.002,3,67,13.571568144717908,14.376792162550512,-0.80522401783260378
theta0.15_kappa0.002,3,68,-13.40947998503276,-15.014893702502643,1.605413717469883
theta0.15_kappa0.002,3,69,9.8883998937596935,9.0622202650852444,0.82617962867444916
theta0.15_kappa0.002,3,70,26.881238642525695,22.145972941516064,4.7352657010096308
theta0.15_kappa0.002,3,71,6.5507136571785551,14.25314070925057,-7.7024270520720144
theta0.15_kappa0.002,3,72,14.341084952242518,10.67751929297094,3.663565659271578
theta0.15_kappa0.002,3,73,13.157517463577204,12.02239304769328,1.135124415883924
theta0.15_kappa0.002,3,74,10.96920104995187,9.8708930580897203,1.0983079918621499
theta0.15_kappa0.002,3,75,24.166444122532223,24.166444122532223,0
theta0.15_kappa0.002,3,76,19.359443080825248,19.279216247018141,0.080226833807106601
theta0.15_kappa0.002,3,77,-0.7788212267000354,-0.35140725108810228,-0.42741397561193312
theta0.15_kappa0.002,3,78,21.389595979261397,22.481162795043875,-1.0915668157824783
theta0.15_kappa0.002,3,79,18.848331950946069,18.830201013187462,0.01813093775860608
theta0.15_kappa0.002,3,80,-0.97341706392393845,1.0269007850104903,-2.0003178489344289
theta0.15_kappa0.002,3,81,12.170604087442021,18.473924820215188,-6.3033207327731677
theta0.15_kappa0.002,3,82,16.00782751968578,9.3233067903724205,6.6845207293133591
theta0.15_kappa0.002,3,83,19.658355694813803,19.607355694813418,0.051000000000385626
theta0.15_kappa0.002,3,84,5.7412668300356442,4.904984676230244,0.83628215380540016
theta0.15_kappa0.002,3,85,6.0159903700317043,3.8452253362128648,2.1707650338188396
theta0.15_kappa0.002,3,86,1.190879902288684,1.6953404580072191,-0.5044605557185351
theta0.15_kappa0.002,3,87,-10.824885702843988,-7.882346413874445,-2.9425392889695425
theta0.15_kappa0.002,3,88,9.8564215792289076,9.2664502356213543,0.58997134360755332
theta0.15_kappa0.002,3,89,11.942070564670503,12.343126997352591,-0.40105643268208802
theta0.15_kappa0.002,3,90,17.041471698449648,18.317261235522775,-1.2757895370731269
theta0.15_kappa0.002,3,91,-5.5399813678422731,-5.4838252691646776,-0.056156098677595523
theta0.15_kappa0.002,3,92,-0.19999408788333151,0.31485038703448381,-0.51484447491781538
theta0.15_kappa0.002,3,93,17.861800275264574,17.765642370580014,0.096157904684559981
theta0.15_kappa0.002,3,94,8.5416534069018262,9.0422058566386916,-0.50055244973686541
theta0.15_kappa0.002,3,95,21.125398536783258,20.574472097965032,0.55092643881822667
theta0.15_kappa0.002,3,96,-2.0662203980905751,-2.3082707006737895,0.24205030258321436
theta0.15_kappa0.002,3,97,8.7065520664793628,5.8591514257215129,2.8474006407578498
theta0.15_kappa0.002,3,98,0.52155581743289803,-1.1571090065250318,1.6786648239579298
theta0.15_kappa0.002,3,99,7.6981479014996506,7.2788901578108378,0.41925774368881275
theta0.15_kappa0.002,4,0,25.209246182173921,25.822921525290791,-0.61367534311687066
theta0.15_kappa0.002,4,1,2.9028064829919158,-2.2196387533274682,5.1224452363193844
theta0.15_kappa0.002,4,2,24.70659206309643,25.227816695143765,-0.52122463204733549
theta0.15_kappa0.002,4,3,8.0886833406729934,6.9088096114947408,1.1798737291782526
theta0.15_kappa0.002,4,4,2.836434350171388,3.4641755740063851,-0.62774122383499709
theta0.15_kappa0.002,4,5,18.141428488704339,16.17058419656022,1.9708442921441183
theta0.15_kappa0.002,4,6,15.328576503842154,14.145633502021376,1.1829430018207781
theta0.15_kappa0.002,4,7,12.652564809465902,13.037718285587999,-0.38515347612209716
theta0.15_kappa0.002,4,8,16.318980975250451,16.318980975250451,0
theta0.15_kappa0.002,4,9,12.424478245020548,12.449478245020185,-0.024999999999636202
theta0.15_kappa0.002,4,10,12.238790431696771,12.11320924464038,0.12558118705639032
theta0.15_kappa0.002,4,11,14.470363748730636,9.1618441314256316,5.308519617305004
theta0.15_kappa0.002,4,12,17.27204656657015,18.305336256447177,-1.0332896898770265
theta0.15_kappa0.002,4,13,27.452230253928661,27.452230253928661,0
theta0.15_kappa0.002,4,14,13.627406820500294,15.214065704231494,-1.5866588837312001
theta0.15_kappa0.002,4,15,16.359499519831289,16.359499519831289,0
theta0.15_kappa0.002,4,16,4.6452414316700814,4.4994902220720903,0.14575120959799115
theta0.15_kappa0.002,4,17,16.774998347922278,18.55067254220145,-1.7756741942791727
theta0.15_kappa0.002,4,18,-12.817409643904396,-12.95037265682549,0.13296301292109369
theta0.15_kappa0.002,4,19,19.912320533917008,18.245363581198031,1.6669569527189765
theta0.15_kappa0.002,4,20,20.952250070671123,20.952250070671123,0
theta0.15_kappa0.002,4,21,12.625133155188855,12.47181214669585,0.15332100849300545
theta0.15_kappa0.002,4,22,10.248150526111964,9.9946970152934362,0.25345351081852741
theta0.15_kappa0.002,4,23,6.2315081336610412,6.0951242176606488,0.13638391600039235
theta0.15_kappa0.002,4,24,-2.6840321894773633,-2.1062314394236381,-0.57780075005372522
theta0.15_kappa0.002,4,25,22.215092745081435,22.240092745081981,-0.025000000000545697
theta0.15_kappa0.002,4,26,4.8547484573108388,4.7555463357157066,0.099202121595132198
theta0.15_kappa0.002,4,27,2.1158580120078168,2.8370035143533987,-0.72114550234558195
theta0.15_kappa0.002,4,28,13.234758543431951,12.590239513547484,0.64451902988446719
theta0.15_kappa0.002,4,29,-8.0572688028001487,-8.5017208341818602,0.44445203138171152
theta0.15_kappa0.002,4,30,0.94446508905047977,2.5097060444779249,-1.5652409554274451
theta0.15_kappa0.002,4,31,-4.1588343010566549,-4.5354311269780538,0.37659682592139898
theta0.15_kappa0.002,4,32,32.238177060069624,32.238177060069624,0
theta0.15_kappa0.002,4,33,14.115679268748931,15.064615714278064,-0.94893644552913337
theta0.15_kappa0.002,4,34,-13.530981705613472,-16.306289327255836,2.775307621642364
theta0.15_kappa0.002,4,35,20.643751421841699,20.643751421841699,0
theta0.15_kappa0.002,4,36,12.569614308114152,12.569614308114152,0
theta0.15_kappa0.002,4,37,7.7432277997968377,7.9879040467348057,-0.24467624693796797
theta0.15_kappa0.002,4,38,20.846191374754923,20.72877281089751,0.11741856385741301
theta0.15_kappa0.002,4,39,2.1124322831447953,0.46933294543242837,1.6430993377123668
theta0.15_kappa0.002,4,40,26.718836149439987,26.292045168886144,0.42679098055384301
theta0.15_kappa0.002,4,41,16.023210880544458,16.732029385532986,-0.70881850498852828
theta0.15_kappa0.002,4,42,28.11334535272379,30.782601111945475,-2.6692557592216843
theta0.15_kappa0.002,4,43,7.3224928514724006,7.8745429160370541,-0.55205006456465355
theta0.15_kappa0.002,4,44,1.4307776165997166,2.1564079722199088,-0.72563035562019218
theta0.15_kappa0.002,4,45,20.554731030245136,22.27967437752098,-1.7249433472758433
theta0.15_kappa0.002,4,46,19.674356476877932,21.607014393839663,-1.9326579169617304
theta0.15_kappa0.002,4,47,7.5182782022205794,11.369982131232373,-3.8517039290117934
theta0.15_kappa0.002,4,48,18.121228509596936,20.552546216137564,-2.4313177065406286
theta0.15_kappa0.002,4,49,12.978569592158038,15.422333821174735,-2.443764229016697
theta0.15_kappa0.002,4,50,21.390533859498987,24.344287277664233,-2.9537534181652454
theta0.15_kappa0.002,4,51,-2.2025861764960446,-1.2912561059020029,-0.9113300705940417
theta0.15_kappa0.002,4,52,3.7385766754384231,1.2542265032206634,2.4843501722177597
theta0.15_kappa0.002,4,53,13.509498572657169,8.7623982343199067,4.7471003383372619
theta0.15_kappa0.002,4,54,5.6686392972263242,7.2983135185334778,-1.6296742213071536
theta0.15_kappa0.002,4,55,11.768118794246428,11.932529345611435,-0.16441055136500715
theta0.15_kappa0.002,4,56,3.8067936558721449,3.7865649973221114,0.020228658550033529
theta0.15_kappa0.002,4,57,15.713674982413211,15.738674982413755,-0.02500000000054392
theta0.15_kappa0.002,4,58,18.395807306836968,18.395807306836968,0
theta0.15_kappa0.002,4,59,-11.6775730916469,-3.3723685929339524,-8.3052044987129481
theta0.15_kappa0.002,4,60,10.759005539944734,11.32914834479438,-0.5701428048496453
theta0.15_kappa0.002,4,61,3.029538149975938,2.4033067695948072,0.6262313803811308
theta0.15_kappa0.002,4,62,-5.3169228045512877,-3.7509812835044376,-1.5659415210468501
theta0.15_kappa0.002,4,63,12.418032459926932,14.539264110873322,-2.12123165094639
theta0.15_kappa0.002,4,64,8.6426408378967032,9.7579043951758724,-1.1152635572791691
theta0.15_kappa0.002,4,65,17.792131806523592,17.93694407090582,-0.14481226438222805
theta0.15_kappa0.002,4,66,20.288119003571989,20.288119003571989,0
theta0.15_kappa0.002,4,67,3.4345643265910164,4.2855908173719559,-0.8510264907809395
theta0.15_kappa0.002,4,68,0.73893715294577023,1.0232985072405345,-0.28436135429476428
theta0.15_kappa0.002,4,69,0.097958660861381802,-0.85256566712448423,0.95052432798586606
theta0.15_kappa0.002,4,70,16.328022314269312,18.214189086190068,-1.886166771920756
theta0.15_kappa0.002,4,71,9.1623423459171303,8.3654270301025662,0.7969153158145641
theta0.15_kappa0.002,4,72,9.2922495713282043,9.0581937469265537,0.23405582440165063
theta0.15_kappa0.002,4,73,-5.338134310718063,-6.7894244130708792,1.4512901023528162
theta0.15_kappa0.002,4,74,9.2906468642760736,9.2584033129346821,0.032243551341391452
theta0.15_kappa0.002,4,75,15.74046496883512,16.522278828662284,-0.78181385982716378
theta0.15_kappa0.002,4,76,3.5678068919579378,5.0939094146620132,-1.5261025227040754
theta0.15_kappa0.002,4,77,-3.7685080714209542,-7.8865685993391512,4.118060527918197
theta0.15_kappa0.002,4,78,20.195769723629382,19.344363588102873,0.8514061355265099
theta0.15_kappa0.002,4,79,11.3830031584978,15.768411365833702,-4.3854082073359013
theta0.15_kappa0.002,4,80,0.56329511365119456,0.31773817742291771,0.24555693622827685
theta0.15_kappa0.002,4,81,16.198207512842956,17.203306453494204,-1.0050989406512478
theta0.15_kappa0.002,4,82,11.051346984337975,8.5807741602731724,2.4705728240648028
theta0.15_kappa0.002,4,83,17.709997521633767,7.2241137049810238,10.485883816652743
theta0.15_kappa0.002,4,84,12.003563380083024,9.0753426570977744,2.9282207229852499
theta0.15_kappa0.002,4,85,12.287264380801812,12.638391494921692,-0.35112711411987974
theta0.15_kappa0.002,4,86,11.583613087530278,14.243441494064625,-2.6598284065343467
theta0.15_kappa0.002,4,87,-0.30298012537282187,-0.28243322984677821,-0.020546895526043663
theta0.15_kappa0.002,4,88,-6.0936725459251324,-4.7990903172252084,-1.294582228699924
theta0.15_kappa0.002,4,89,11.213229047428497,10.206894625216384,1.0063344222121131
theta0.15_kappa0.002,4,90,-9.7516797431857007,-14.247320537017664,4.4956407938319636
theta0.15_kappa0.002,4,91,-2.5347170326094366,-2.2742995137330202,-0.2604175188764164
theta0.15_kappa0.002,4,92,12.001478179827505,15.76141704298306,-3.7599388631555559
theta0.15_kappa0.002,4,93,-8.0142833424758848,-7.0339960131931463,-0.98028732928273854
theta0.15_kappa0.002,4,94,21.463169106665564,21.091138242315765,0.37203086434979937
theta0.15_kappa0.002,4,95,12.881576798740786,14.598012444929028,-1.7164356461882413
theta0.15_kappa0.002,4,96,0.16861235533012309,3.8900735615327622,-3.7214612062026391
theta0.15_kappa0.002,4,97,-4.7354254437876513,-5.8519724667242308,1.1165470229365795
theta0.15_kappa0.002,4,98,20.055453104862064,21.981724947683997,-1.926271842821933
theta0.15_kappa0.002,4,99,7.7765901240676794,8.2581614128892227,-0.48157128882154332
theta0.15_kappa0.002,5,0,-0.82496810481585192,-1.2967501506917534,0.47178204587590145
theta0.15_kappa0.002,5,1,18.755015728172452,18.594258836992875,0.16075689117957737
theta0.15_kappa0.002,5,2,9.0439233844914675,9.5373653046586355,-0.49344192016716804
theta0.15_kappa0.002,5,3,29.054071135549705,29.054071135549705,0
theta0.15_kappa0.002,5,4,6.8641353728278558,7.9327487886288877,-1.0686134158010319
theta0.15_kappa0.002,5,5,8.9406684012577422,4.5319745615358276,4.4086938397219146
theta0.15_kappa0.002,5,6,-2.2965357296932853,-6.6956375602407263,4.3991018305474405
theta0.15_kappa0.002,5,7,11.71799928043572,13.069786701799169,-1.3517874213634489
theta0.15_kappa0.002,5,8,3.3761236517038662,2.8081885641221969,0.56793508758166933
theta0.15_kappa0.002,5,9,16.910381374465093,16.910381374465093,0
theta0.15_kappa0.002,5,10,0.24000948358456009,0.42770252669122488,-0.18769304310666479
theta0.15_kappa0.002,5,11,0.26620744829481913,3.1534066402780478,-2.8871991919832287
theta0.15_kappa0.002,5,12,17.009286861885357,17.54731849817443,-0.53803163628907313
theta0.15_kappa0.002,5,13,15.328570085236111,13.913501342085356,1.4150687431507549
theta0.15_kappa0.002,5,14,14.428638727330991,14.41353465224616,0.015104075084831692
theta0.15_kappa0.002,5,15,-2.497644974072915,-4.5554424195190153,2.0577974454461003
theta0.15_kappa0.002,5,16,5.3852401011072395,5.559156470560719,-0.17391636945347955
theta0.15_kappa0.002,5,17,10.601004848754217,7.6969951475155369,2.9040097012386799
theta0.15_kappa0.002,5,18,-0.79863499032890561,2.4952313092938967,-3.2938662996228025
theta0.15_kappa0.002,5,19,0.83675052888834012,0.86705220160581309,-0.030301672717472972
theta0.15_kappa0.002,5,20,3.199920937429571,3.5253123262034891,-0.32539138877391816
theta0.15_kappa0.002,5,21,-5.0519931747159861,-6.4277186438352114,1.3757254691192253
theta0.15_kappa0.002,5,22,-4.9714385892383177,-5.0075565995975158,0.036118010359198038
theta0.15_kappa0.002,5,23,6.3096863233397826,7.4485383621826262,-1.1388520388428436
theta0.15_kappa0.002,5,24,6.5577920201177147,2.2586711886273241,4.2991208314903906
theta0.15_kappa0.002,5,25,9.5217968972592288,8.1200303604312509,1.4017665368279779
theta0.15_kappa0.002,5,26,14.935160219640936,15.383791556142222,-0.44863133650128617
theta0.15_kappa0.002,5,27,24.38397131362462,25.094271054778524,-0.7102997411539036
theta0.15_kappa0.002,5,28,19.055073465787991,19.202163264946915,-0.14708979915892328
theta0.15_kappa0.002,5,29,-7.0842769668007737,-4.3163997237781935,-2.7678772430225802
theta0.15_kappa0.002,5,30,18.203536089103071,17.230018949211647,0.97351713989142397
theta0.15_kappa0.002,5,31,6.8853334129574648,8.8924277168123194,-2.0070943038548545
theta0.15_kappa0.002,5,32,12.190883625361966,12.4640402697423,-0.27315664438033416
theta0.15_kappa0.002,5,33,19.821187467975022,22.446407576077831,-2.625220108102809
theta0.15_kappa0.002,5,34,-3.5117944597834772,-4.5244877285372693,1.0126932687537922
theta0.15_kappa0.002,5,35,21.65745289291586,22.503270404256149,-0.84581751134028949
theta0.15_kappa0.002,5,36,2.1268301279138222,1.059232821252136,1.0675973066616862
theta0.15_kappa0.002,5,37,-0.26032923537684849,-1.2403262160389203,0.97999698066207186
theta0.15_kappa0.002,5,38,9.2720663590992807,8.4800122955234443,0.79205406357583641
theta0.15_kappa0.002,5,39,11.113052857762749,11.116492425781496,-0.0034395680187468969
theta0.15_kappa0.002,5,40,11.172196166711521,13.382309670417396,-2.210113503705875
theta0.15_kappa0.002,5,41,7.7714027648766901,7.0226002840328086,0.74880248084388157
theta0.15_kappa0.002,5,42,-3.3229779395488968,-1.3738387074606773,-1.9491392320882195
theta0.15_kappa0.002,5,43,0.2235368291515869,-0.37698480924925731,0.60052163840084427
theta0.15_kappa0.002,5,44,3.5295817326883929,2.3140853178003833,1.2154964148880096
theta0.15_kappa0.002,5,45,18.270605631470087,21.306230015577125,-3.0356243841070381
theta0.15_kappa0.002,5,46,9.9056908427239758,10.365840506188579,-0.46014966346460362
theta0.15_kappa0.002,5,47,19.296702829186767,18.540440165259369,0.75626266392739794
theta0.15_kappa0.002,5,48,13.10324574737105,11.917829810123695,1.1854159372473543
theta0.15_kappa0.002,5,49,21.324844121704903,21.27384412170543,0.050999999999472578
theta0.15_kappa0.002,5,50,25.240656534778825,24.982648599254329,0.25800793552449619
theta0.15_kappa0.002,5,51,30.271283695394775,27.404164616089069,2.8671190793057058
theta0.15_kappa0.002,5,52,13.955068219618852,14.216123001055269,-0.26105478143641747
theta0.15_kappa0.002,5,53,19.263640994166561,20.871225553914119,-1.6075845597475578
theta0.15_kappa0.002,5,54,11.425517977145354,11.95874566829723,-0.5332276911518754
theta0.15_kappa0.002,5,55,10.226060763502758,12.544727824750415,-2.3186670612476572
theta0.15_kappa0.002,5,56,0.7259900772481731,-0.060358558269216503,0.78634863551738965
theta0.15_kappa0.002,5,57,5.7197381016303375,5.6081779607942988,0.11156014083603871
theta0.15_kappa0.002,5,58,4.2775340752846454,4.8521130959866774,-0.57457902070203204
theta0.15_kappa0.002,5,59,9.6402692554402751,9.8828768807457674,-0.24260762530549229
theta0.15_kappa0.002,5,60,21.737349604600013,23.651480969781915,-1.9141313651819019
theta0.15_kappa0.002,5,61,3.1319774241349005,3.2203591049489333,-0.088381680814032748
theta0.15_kappa0.002,5,62,17.013076873510382,10.796697219053469,6.2163796544569134
theta0.15_kappa0.002,5,63,12.541933230590525,13.629725271261492,-1.0877920406709674
theta0.15_kappa0.002,5,64,15.622870275765401,12.266507369256679,3.3563629065087213
theta0.15_kappa0.002,5,65,3.2943922275604995,2.733301836879455,0.56109039068104449
theta0.15_kappa0.002,5,66,1.3648308915639089,1.3160986682395477,0.048732223324361224
theta0.15_kappa0.002,5,67,6.5794989890115776,3.4020527552545703,3.1774462337570073
theta0.15_kappa0.002,5,68,0.91531450161571981,1.4339783387208007,-0.5186638371050809
theta0.15_kappa0.002,5,69,10.355375176507,10.922213654571214,-0.56683847806421461
theta0.15_kappa0.002,5,70,9.1606945295997377,8.7151624996104822,0.44553202998925556
theta0.15_kappa0.002,5,71,19.136322705647196,19.136322705647196,0
theta0.15_kappa0.002,5,72,-1.7806773112553231,-2.0768854607330134,0.29620814947769025
theta0.15_kappa0.002,5,73,9.1303231508837364,9.1751313903213276,-0.044808239437591268
theta0.15_kappa0.002,5,74,4.3656315187304564,-0.8248088392836499,5.1904403580141061
theta0.15_kappa0.002,5,75,-1.1881362072468,-0.72117370063954511,-0.46696250660725491
theta0.15_kappa0.002,5,76,20.694944197665063,19.654993205519347,1.039950992145716
theta0.15_kappa0.002,5,77,11.024821157495044,11.159939756810134,-0.13511859931509029
theta0.15_kappa0.002,5,78,-3.4543259225187795,-3.8764249760793028,0.42209905356052335
theta0.15_kappa0.002,5,79,9.2006942969330296,7.7444550483954302,1.4562392485375995
theta0.15_kappa0.002,5,80,8.4331797210296049,4.4433127327749666,3.9898669882546383
theta0.15_kappa0.002,5,81,14.561501811142792,14.510501811142406,0.051000000000385626
theta0.15_kappa0.002,5,82,16.837720270585059,16.268044543761082,0.56967572682397716
theta0.15_kappa0.002,5,83,24.584637188190385,25.278231721875528,-0.69359453368514323
theta0.15_kappa0.002,5,84,15.002502071926029,15.002502071926029,0
theta0.15_kappa0.002,5,85,16.796092636519091,16.796092636519091,0
theta0.15_kappa0.002,5,86,2.5485173102394336,2.5485173102394336,0
theta0.15_kappa0.002,5,87,18.599825588916989,21.414707887616292,-2.8148822986993025
theta0.15_kappa0.002,5,88,18.925606185575074,19.39009970044243,-0.46449351486735679
theta0.15_kappa0.002,5,89,-4.6814369495603092,-5.6239435780734128,0.94250662851310363
theta0.15_kappa0.002,5,90,-0.40429952659201351,-0.31092875244345031,-0.093370774148563207
theta0.15_kappa0.002,5,91,9.3401839361704937,12.360322038151866,-3.020138101981372
theta0.15_kappa0.002,5,92,3.3087882497216397,2.686094412204691,0.62269383751694862
theta0.15_kappa0.002,5,93,9.7216957083163607,12.203691055476757,-2.4819953471603959
theta0.15_kappa0.002,5,94,13.165632123280307,13.878042094143222,-0.71240997086291458
theta0.15_kappa0.002,5,95,20.018623648070772,19.43403559411443,0.58458805395634172
theta0.15_kappa0.002,5,96,-4.6133358991971818,-3.4185062953774743,-1.1948296038197075
theta0.15_kappa0.002,5,97,18.364537158210076,17.304991250320978,1.059545907889099
theta0.15_kappa0.002,5,98,-3.4455354441883537,-4.055180594444959,0.60964515025660537
theta0.15_kappa0.002,5,99,0.66418113198152673,1.3212767540897601,-0.65709562210823336
theta0.15_kappa0.002,6,0,22.051344625230211,24.569438685026149,-2.5180940597959385
theta0.15_kappa0.002,6,1,16.069474466178967,16.069474466178967,0
theta0.15_kappa0.002,6,2,5.8709649324758288,3.3130341654209623,2.5579307670548665
theta0.15_kappa0.002,6,3,20.010043137612605,18.595898035116345,1.4141451024962599
theta0.15_kappa0.002,6,4,10.268364294989922,9.4107397400457344,0.85762455494418788
theta0.15_kappa0.002,6,5,16.519561564835399,16.519928841725594,-0.00036727689019500076
theta0.15_kappa0.002,6,6,1.188945407546206,-3.700790750744813,4.8897361582910186
theta0.15_kappa0.002,6,7,21.884278122904583,21.434791321883509,0.44948680102107375
theta0.15_kappa0.002,6,8,16.271972111742464,16.416905514466677,-0.14493340272421307
theta0.15_kappa0.002,6,9,8.0915893693098759,7.4211869147992129,0.67040245451066305
theta0.15_kappa0.002,6,10,12.018499624445081,12.018499624445081,0
theta0.15_kappa0.002,6,11,13.18222401758068,10.804022489027112,2.3782015285535678
theta0.15_kappa0.002,6,12,8.631822771779964,9.6292164934798645,-0.99739372169990048
theta0.15_kappa0.002,6,13,8.0913601361773555,10.902244862936907,-2.8108847267595518
theta0.15_kappa0.002,6,14,9.2668162837795762,12.088330671043728,-2.8215143872641519
theta0.15_kappa0.002,6,15,11.293708277836579,11.921829148949575,-0.62812087111299597
theta0.15_kappa0.002,6,16,-7.5720183586765417,-6.5852979112417671,-0.98672044743477461
theta0.15_kappa0.002,6,17,7.8670700460472478,7.8066499870902017,0.060420058957046052
theta0.15_kappa0.002,6,18,9.1697942845345235,11.291135516788286,-2.1213412322537621
theta0.15_kappa0.002,6,19,20.344880246648895,15.565608475046105,4.7792717716027902
theta0.15_kappa0.002,6,20,14.271053591247377,16.144140998509826,-1.8730874072624495
theta0.15_kappa0.002,6,21,30.859984887387903,30.859984887387903,0
theta0.15_kappa0.002,6,22,10.526357055986017,9.9212925575549455,0.60506449843107113
theta0.15_kappa0.002,6,23,5.5439307782870735,7.0362225091693285,-1.492291730882255
theta0.15_kappa0.002,6,24,1.4048652868954858,-1.4416547471010883,2.8465200339965744
theta0.15_kappa0.002,6,25,13.22027367067923,13.219273670679026,0.0010000000002037268
theta0.15_kappa0.002,6,26,23.352649323975736,22.988005000198623,0.36464432377711375
theta0.15_kappa0.002,6,27,7.8353494293133519,7.7716921597362774,0.063657269577074516
theta0.15_kappa0.002,6,28,19.607103675177019,19.374265062261077,0.23283861291594121
theta0.15_kappa0.002,6,29,13.395846168705615,11.625501721232157,1.7703444474734589
theta0.15_kappa0.002,6,30,10.807530853151396,9.4553278408620205,1.352203012289376
theta0.15_kappa0.002,6,31,-4.9643779789186198,-5.01457363555161,0.050195656632990193
theta0.15_kappa0.002,6,32,9.6960618369074165,9.6218941003046634,0.074167736602753109
theta0.15_kappa0.002,6,33,10.568007264573865,10.930532846820723,-0.36252558224685849
theta0.15_kappa0.002,6,34,5.2953090165379368,6.5337966986544469,-1.2384876821165101
theta0.15_kappa0.002,6,35,-8.4482839054696441,-7.4268357834319527,-1.0214481220376914
theta0.15_kappa0.002,6,36,38.701717333273571,38.876829540783376,-0.17511220750980527
theta0.15_kappa0.002,6,37,8.8781321689098238,8.2449761041093286,0.63315606480049524
theta0.15_kappa0.002,6,38,-2.8677867755511537,-5.7569934801283775,2.8892067045772238
theta0.15_kappa0.002,6,39,21.755601124622995,20.729173938671391,1.0264271859516043
theta0.15_kappa0.002,6,40,15.278973425838476,15.753490717809886,-0.47451729197140935
theta0.15_kappa0.002,6,41,4.7687066157747253,4.2009875078626067,0.56771910791211866
theta0.15_kappa0.002,6,42,6.2227205756326995,7.3174070604769996,-1.0946864848443001
theta0.15_kappa0.002,6,43,13.53126876411204,11.497254163272192,2.0340146008398481
theta0.15_kappa0.002,6,44,23.496301285294152,23.445301285294676,0.050999999999476131
theta0.15_kappa0.002,6,45,19.09678722786775,19.21907383310328,-0.12228660523553003
theta0.15_kappa0.002,6,46,-5.8909240264582401,-5.7026700679648492,-0.18825395849339088
theta0.15_kappa0.002,6,47,-1.836623383953196,3.2685612849497807,-5.105184668902977
theta0.15_kappa0.002,6,48,6.9926134543861718,8.1095056838105535,-1.1168922294243817
theta0.15_kappa0.002,6,49,14.902268113064476,14.921989903330861,-0.019721790266384431
theta0.15_kappa0.002,6,50,4.2604734588300426,4.2604734588300426,0
theta0.15_kappa0.002,6,51,6.1291386765652369,-1.5782585449108535,7.7073972214760902
theta0.15_kappa0.002,6,52,18.941217694556556,18.024076741838034,0.91714095271852258
theta0.15_kappa0.002,6,53,15.474766799204316,14.819569154206972,0.65519764499734379
theta0.15_kappa0.002,6,54,16.496709922426085,17.074783704187798,-0.57807378176171298
theta0.15_kappa0.002,6,55,1.4790070657080632,-2.6307058296410086,4.1097128953490714
theta0.15_kappa0.002,6,56,15.515981077211334,15.82403748128641,-0.30805640407507617
theta0.15_kappa0.002,6,57,2.9481293384142053,0.83533041005426356,2.1127989283599415
theta0.15_kappa0.002,6,58,12.360485880463584,11.639864460089351,0.72062142037423271
theta0.15_kappa0.002,6,59,-0.27233252520265,5.909529467860053,-6.1818619930627028
theta0.15_kappa0.002,6,60,13.512093465205965,15.12595432567414,-1.6138608604681757
theta0.15_kappa0.002,6,61,-13.619640248538996,-13.743877145062379,0.12423689652338332
theta0.15_kappa0.002,6,62,-10.82453695850662,-8.0584323108297458,-2.7661046476768743
theta0.15_kappa0.002,6,63,21.375945363435989,20.954543244309832,0.42140211912615655
theta0.15_kappa0.002,6,64,17.841319566967776,17.771790616564125,0.069528950403650924
theta0.15_kappa0.002,6,65,3.3927645686660179,-0.016328871215795598,3.4090934398818136
theta0.15_kappa0.002,6,66,4.76560105946918,4.8915015053489297,-0.12590044587974969
theta0.15_kappa0.002,6,67,-5.0511059343647755,-5.167857637820835,0.11675170345605945
theta0.15_kappa0.002,6,68,13.031233071978363,12.004294149889375,1.0269389220889877
theta0.15_kappa0.002,6,69,19.314019530970331,19.034907788323132,0.27911174264719918
theta0.15_kappa0.002,6,70,30.378200547612288,31.025434038848569,-0.64723349123628182
theta0.15_kappa0.002,6,71,9.1492445404302707,8.8921984399613549,0.25704610046891574
theta0.15_kappa0.002,6,72,2.0455869837272109,3.4384349710914099,-1.392847987364199
theta0.15_kappa0.002,6,73,13.37636967405032,14.829283692496039,-1.4529140184457194
theta0.15_kappa0.002,6,74,-11.652393833337332,-11.473998093918709,-0.17839573941862241
theta0.15_kappa0.002,6,75,10.335346453068226,11.523058172204085,-1.1877117191358586
theta0.15_kappa0.002,6,76,11.083936762674062,12.644226136316297,-1.5602893736422345
theta0.15_kappa0.002,6,77,7.3804177472582673,5.8158467832128018,1.5645709640454655
theta0.15_kappa0.002,6,78,12.822216720900569,13.744578821485932,-0.92236210058536372
theta0.15_kappa0.002,6,79,30.257784624268957,28.749638699987948,1.5081459242810098
theta0.15_kappa0.002,6,80,26.892973906488347,26.623864127520346,0.26910977896800148
theta0.15_kappa0.002,6,81,5.1991528416956116,5.2297817239386841,-0.030628882243072475
theta0.15_kappa0.002,6,82,10.725209849645342,9.2629572003064045,1.4622526493389376
theta0.15_kappa0.002,6,83,3.1573970027534388,2.5089649037425232,0.64843209901091559
theta0.15_kappa0.002,6,84,5.0358474061019107,5.0098474061020708,0.025999999999839929
theta0.15_kappa0.002,6,85,23.616579470784544,26.709323074832227,-3.0927436040476834
theta0.15_kappa0.002,6,86,8.783810768731545,12.593902615354668,-3.8100918466231235
theta0.15_kappa0.002,6,87,13.055705724937347,12.077416115750523,0.97828960918682384
theta0.15_kappa0.002,6,88,11.335617228746855,14.249401985637199,-2.9137847568903439
theta0.15_kappa0.002,6,89,-0.1462401197142324,-1.0399510637880569,0.89371094407382445
theta0.15_kappa0.002,6,90,14.728312824919024,14.856326236518395,-0.12801341159937074
theta0.15_kappa0.002,6,91,22.189800779383699,22.189800779383699,0
theta0.15_kappa0.002,6,92,3.3518298280182872,2.5656813774449412,0.78614845057334604
theta0.15_kappa0.002,6,93,18.14228952930462,19.677820655347855,-1.5355311260432352
theta0.15_kappa0.002,6,94,6.4660619331596401,6.2813772518633666,0.18468468129627347
theta0.15_kappa0.002,6,95,26.798513930857805,26.991473511450447,-0.19295958059264251
theta0.15_kappa0.002,6,96,12.592060925362221,11.489584168735108,1.1024767566271123
theta0.15_kappa0.002,6,97,21.652408641779427,21.372560249940442,0.27984839183898558
theta0.15_kappa0.002,6,98,7.9708564045875789,8.6564272399061402,-0.68557083531856122
theta0.15_kappa0.002,6,99,16.44640000730325,14.505308456542878,1.9410915507603725
theta0.15_kappa0.002,7,0,9.5851455304509798,5.3043767829587445,4.2807687474922353
theta0.15_kappa0.002,7,1,21.047065809689325,22.05006984341837,-1.0030040337290451
theta0.15_kappa0.002,7,2,23.154676386750921,20.058636359342348,3.0960400274085735
theta0.15_kappa0.002,7,3,10.724141877011718,15.59475412646364,-4.8706122494519217
theta0.15_kappa0.002,7,4,3.6153179929016068,4.5507727370364579,-0.93545474413485108
theta0.15_kappa0.002,7,5,18.130089400377564,17.955135521978498,0.17495387839906584
theta0.15_kappa0.002,7,6,0.045909116239035902,0.39747657814392001,-0.35156746190488408
theta0.15_kappa0.002,7,7,6.4132318746504566,7.5595466488981797,-1.1463147742477231
theta0.15_kappa0.002,7,8,20.295293158101011,19.500167439556357,0.79512571854465364
theta0.15_kappa0.002,7,9,13.387262799768898,14.469519421797759,-1.0822566220288614
theta0.15_kappa0.002,7,10,30.756474430846794,29.593406945540785,1.1630674853060086
theta0.15_kappa0.002,7,11,21.568814202696615,18.030686490372084,3.5381277123245312
theta0.15_kappa0.002,7,12,12.592146739322564,13.844769177417779,-1.2526224380952158
theta0.15_kappa0.002,7,13,-10.332835715542036,-11.529301389920844,1.1964656743788087
theta0.15_kappa0.002,7,14,-10.997062580890663,-13.056822883877476,2.0597603029868132
theta0.15_kappa0.002,7,15,0.65001751216350745,0.30861015822319682,0.34140735394031063
theta0.15_kappa0.002,7,16,22.260738531038783,22.108137362384127,0.15260116865465534
theta0.15_kappa0.002,7,17,4.5989399026907467,9.0702218351044888,-4.4712819324137421
theta0.15_kappa0.002,7,18,24.432450248382221,23.062687910003099,1.3697623383791218
theta0.15_kappa0.002,7,19,-9.144620254478836,-8.3892610347057204,-0.7553592197731156
theta0.15_kappa0.002,7,20,13.7920559081522,16.999079239069051,-3.2070233309168508
theta0.15_kappa0.002,7,21,29.357929297443452,29.306929297443062,0.051000000000389178
theta0.15_kappa0.002,7,22,10.753988555473832,10.023824722211891,0.73016383326194045
theta0.15_kappa0.002,7,23,7.8441066309004546,7.9681673402029567,-0.12406070930250213
theta0.15_kappa0.002,7,24,-1.62165173213657,-2.5295959381882582,0.90794420605168824
theta0.15_kappa0.002,7,25,12.276161262680777,13.347823581679751,-1.0716623189989747
theta0.15_kappa0.002,7,26,9.5673451482671847,16.241418789815761,-6.674073641548576
theta0.15_kappa0.002,7,27,5.3466391057504143,6.7041709498466435,-1.3575318440962292
theta0.15_kappa0.002,7,28,7.1467490232941318,8.3456698249701304,-1.1989208016759987
theta0.15_kappa0.002,7,29,2.6901790484964692,2.8779716132190583,-0.18779256472258909
theta0.15_kappa0.002,7,30,18.501429254292248,20.7819569323302,-2.2805276780379522
theta0.15_kappa0.002,7,31,12.76076467620179,12.709764676201404,0.051000000000385626
theta0.15_kappa0.002,7,32,25.349309881255039,23.833593467452879,1.5157164138021599
theta0.15_kappa0.002,7,33,9.8114754077120363,9.9293819808849904,-0.11790657317295405
theta0.15_kappa0.002,7,34,-19.27398698944079,-19.857297399458723,0.58331041001793338
theta0.15_kappa0.002,7,35,8.9531663321545185,10.061089730624596,-1.1079233984700778
theta0.15_kappa0.002,7,36,1.6123389062384297,1.493470534641411,0.11886837159701868
theta0.15_kappa0.002,7,37,25.694216066753427,26.621380353820665,-0.92716428706723875
theta0.15_kappa0.002,7,38,3.1271709650267585,5.1626799210704917,-2.0355089560437332
theta0.15_kappa0.002,7,39,4.104636383630579,7.9075288772931174,-3.8028924936625383
theta0.15_kappa0.002,7,40,7.0585815186771139,4.806503235620486,2.2520782830566279
theta0.15_kappa0.002,7,41,17.191905070579516,17.191905070579516,0
theta0.15_kappa0.002,7,42,3.6216772653147822,4.8124311040375147,-1.1907538387227325
theta0.15_kappa0.002,7,43,6.0445400373441887,0.1001280708113625,5.9444119665328259
theta0.15_kappa0.002,7,44,-3.659291881408266,-2.3274900927621713,-1.3318017886460947
theta0.15_kappa0.002,7,45,4.147686914139217,3.8448230517164856,0.30286386242273133
theta0.15_kappa0.002,7,46,4.6645737290040792,4.2471340640778816,0.41743966492619755
theta0.15_kappa0.002,7,47,5.8220014462474277,6.1678436248546706,-0.34584217860724298
theta0.15_kappa0.002,7,48,0.80757462237515565,-2.3494178558342176,3.1569924782093732
theta0.15_kappa0.002,7,49,6.6492154017596272,6.8871387798517656,-0.23792337809213837
theta0.15_kappa0.002,7,50,6.8457726709811668,8.8901713535644866,-2.0443986825833198
theta0.15_kappa0.002,7,51,3.3510801246584552,3.333424002812734,0.017656121845721184
theta0.15_kappa0.002,7,52,11.867985797450418,11.867985797450418,0
theta0.15_kappa0.002,7,53,14.567771462695612,14.44954246333549,0.11822899936012199
theta0.15_kappa0.002,7,54,24.278734557714163,20.987025116066533,3.2917094416476296
theta0.15_kappa0.002,7,55,9.4545464014135039,10.374953877431286,-0.9204074760177825
theta0.15_kappa0.002,7,56,14.878819863176227,13.451309033386105,1.4275108297901227
theta0.15_kappa0.002,7,57,15.145089657907009,14.008722494327261,1.1363671635797488
theta0.15_kappa0.002,7,58,10.66962422805492,14.177807006311204,-3.508182778256284
theta0.15_kappa0.002,7,59,-0.67637132819584811,-0.65137132819621191,-0.024999999999636202
theta0.15_kappa0.002,7,60,19.798596950316323,18.968008676593449,0.83058827372287425
theta0.15_kappa0.002,7,61,7.5042118766403361,7.5042118766403361,0
theta0.15_kappa0.002,7,62,3.7889453816704841,-1.7401021853302558,5.52904756700074
theta0.15_kappa0.002,7,63,10.838762216445769,11.105738739296926,-0.26697652285115758
theta0.15_kappa0.002,7,64,8.1756994454680836,9.4196628563487916,-1.2439634108807081
theta0.15_kappa0.002,7,65,29.77528501717709,29.77528501717709,0
theta0.15_kappa0.002,7,66,4.0390750174404912,5.0256787266328118,-0.98660370919232054
theta0.15_kappa0.002,7,67,8.6520079732429824,11.129385537768265,-2.4773775645252822
theta0.15_kappa0.002,7,68,-9.8959787423060153,-7.7287212548672484,-2.1672574874387669
theta0.15_kappa0.002,7,69,9.0971663452685103,8.9156615777482067,0.18150476752030364
theta0.15_kappa0.002,7,70,13.181515270643064,11.93012848686468,1.2513867837783845
theta0.15_kappa0.002,7,71,6.6735597172948236,7.9579095687972172,-1.2843498515023937
theta0.15_kappa0.002,7,72,18.082377958000155,18.106845242392438,-0.024467284392283517
theta0.15_kappa0.002,7,73,-7.7501354197543373,-10.283093309365944,2.5329578896116063
theta0.15_kappa0.002,7,74,17.015750931375351,15.305966762163992,1.7097841692113587
theta0.15_kappa0.002,7,75,7.3621323322847116,8.5625264499507132,-1.2003941176660016
theta0.15_kappa0.002,7,76,3.9773171720795624,-0.34193241202739139,4.319249584106954
theta0.15_kappa0.002,7,77,11.963188063575799,10.796091925748287,1.167096137827512
theta0.15_kappa0.002,7,78,1.9260450568389813,3.8682945005508289,-1.9422494437118476
theta0.15_kappa0.002,7,79,4.3824080340706946,4.6083848277831363,-0.22597679371244173
theta0.15_kappa0.002,7,80,9.491944772470962,7.261342707474931,2.230602064996031
theta0.15_kappa0.002,7,81,29.549483406140975,31.174330433884737,-1.6248470277437619
theta0.15_kappa0.002,7,82,14.683422282588062,15.309717076217687,-0.6262947936296257
theta0.15_kappa0.002,7,83,1.8332710572987323,2.6824874869832329,-0.84921642968450062
theta0.15_kappa0.002,7,84,-7.1537252184025251,-11.95045542370462,4.7967302053020946
theta0.15_kappa0.002,7,85,16.693979940869866,16.226879672470762,0.46710026839910412
theta0.15_kappa0.002,7,86,12.466497623868262,12.466497623868262,0
theta0.15_kappa0.002,7,87,15.719941112156414,15.668941112156483,0.050999999999930878
theta0.15_kappa0.002,7,88,15.739503304823568,15.556151265600301,0.18335203922326748
theta0.15_kappa0.002,7,89,6.2928515493443085,7.3299649262222273,-1.0371133768779188
theta0.15_kappa0.002,7,90,20.516511170361653,20.516511170361653,0
theta0.15_kappa0.002,7,91,11.451506587471536,11.248460500690175,0.20304608678136127
theta0.15_kappa0.002,7,92,15.559677853744892,19.309306522676945,-3.7496286689320524
theta0.15_kappa0.002,7,93,14.363567185549613,15.388839552053192,-1.0252723665035788
theta0.15_kappa0.002,7,94,1.16346148637262,1.874433432751208,-0.71097194637858796
theta0.15_kappa0.002,7,95,9.0837770342329218,8.257709144718735,0.82606788951418686
theta0.15_kappa0.002,7,96,5.7319169316151672,7.9412352620305615,-2.2093183304153943
theta0.15_kappa0.002,7,97,1.25621919347356,1.0537294359534788,0.20248975752008125
theta0.15_kappa0.002,7,98,1.9975375359808467,1.987808144888958,0.0097293910918887505
theta0.15_kappa0.002,7,99,2.2809559908010368,1.4695045767692561,0.81145141403178078
theta0.15_kappa0.002,8,0,14.089417923464238,8.2047833411466318,5.8846345823176058
theta0.15_kappa0.002,8,1,6.9861006277665165,6.9861006277665165,0
theta0.15_kappa0.002,8,2,-3.3670933087941965,-4.3416053410327251,0.97451203223852856
theta0.15_kappa0.002,8,3,8.2803422607986281,8.5462289591858021,-0.26588669838717394
theta0.15_kappa0.002,8,4,9.2425338276432445,12.383682342987598,-3.1411485153443532
theta0.15_kappa0.002,8,5,8.1961631746450045,8.7732532920873521,-0.57709011744234751
theta0.15_kappa0.002,8,6,20.313000014108361,21.087804236866656,-0.77480422275829497
theta0.15_kappa0.002,8,7,9.9578755857744632,9.9756398662324663,-0.017764280458003157
theta0.15_kappa0.002,8,8,10.587545097802851,11.216645336145415,-0.62910023834256457
theta0.15_kappa0.002,8,9,-1.4056261265705654,-0.90406460793908283,-0.50156151863148257
theta0.15_kappa0.002,8,10,5.7061629536735303,2.541237072631271,3.1649258810422594
theta0.15_kappa0.002,8,11,7.854547189650809,9.2191224168535673,-1.3645752272027583
theta0.15_kappa0.002,8,12,-0.39158518394898228,-1.266884248536343,0.87529906458736062
theta0.15_kappa0.002,8,13,2.4117631972469855,3.661182774126496,-1.2494195768795104
theta0.15_kappa0.002,8,14,15.700096436651307,15.223734928656938,0.47636150799436905
theta0.15_kappa0.002,8,15,7.9312497584725667,8.3029783111681201,-0.37172855269555338
theta0.15_kappa0.002,8,16,17.331676869672538,19.235391791499271,-1.9037149218267331
theta0.15_kappa0.002,8,17,-12.671423806131555,-15.239942860440031,2.5685190543084762
theta0.15_kappa0.002,8,18,0.81736241067040183,1.3187604206876975,-0.50139801001729567
theta0.15_kappa0.002,8,19,-5.6651425210801705,-5.5165521064118099,-0.14859041466836054
theta0.15_kappa0.002,8,20,4.1537208904281142,7.9755512316098134,-3.8218303411816992
theta0.15_kappa0.002,8,21,7.6406698321992188,7.080727725366236,0.55994210683298284
theta0.15_kappa0.002,8,22,3.8000495583727441,4.1721153648960296,-0.37206580652328558
theta0.15_kappa0.002,8,23,19.465936855135485,21.652568884011998,-2.1866320288765131
theta0.15_kappa0.002,8,24,0.27680707316454217,-3.838443002929294,4.1152500760938358
theta0.15_kappa0.002,8,25,2.2158010158242236,-0.66293730339849399,2.8787383192227178
theta0.15_kappa0.002,8,26,10.256011267741384,9.2508532824626286,1.0051579852787551
theta0.15_kappa0.002,8,27,12.965724721798791,12.87237354289881,0.093351178899981235
theta0.15_kappa0.002,8,28,-1.8705619439102092,-2.0481407579036688,0.17757881399345954
theta0.15_kappa0.002,8,29,2.8412405292853897,5.3029354135186022,-2.4616948842332125
theta0.15_kappa0.002,8,30,20.915803387329547,20.915803387329547,0
theta0.15_kappa0.002,8,31,15.171480232092158,15.90564958415013,-0.73416935205797174
theta0.15_kappa0.002,8,32,9.1568407738885647,10.813187480588915,-1.6563467067003508
theta0.15_kappa0.002,8,33,0.3001995312931493,1.0268255932255803,-0.72662606193243096
theta0.15_kappa0.002,8,34,7.5489172607093842,5.3292502516106195,2.2196670090987647
theta0.15_kappa0.002,8,35,15.389165598494351,16.371873377684192,-0.98270777918984109
theta0.15_kappa0.002,8,36,17.397424959444336,16.752414640067762,0.64501031937657416
theta0.15_kappa0.002,8,37,14.019585738648722,12.483047903013681,1.5365378356350412
theta0.15_kappa0.002,8,38,17.384307519306251,18.226494764320183,-0.84218724501393183
theta0.15_kappa0.002,8,39,-7.569010960986656,-8.0291137785959954,0.46010281760933935
theta0.15_kappa0.002,8,40,-1.7600447886426849,-1.5441842196295841,-0.2158605690131008
theta0.15_kappa0.002,8,41,7.6244435429692592,8.2934209463903894,-0.66897740342113021
theta0.15_kappa0.002,8,42,25.754981293662276,25.821764217578711,-0.066782923916434811
theta0.15_kappa0.002,8,43,27.589355072292506,26.324149146750717,1.2652059255417889
theta0.15_kappa0.002,8,44,12.73888789964079,12.39303169230719,0.34585620733360045
theta0.15_kappa0.002,8,45,-11.092139842580774,-10.452446589221829,-0.63969325335894567
theta0.15_kappa0.002,8,46,6.2020395367551258,5.8721993749390515,0.32984016181607423
theta0.15_kappa0.002,8,47,28.132138144785198,28.132138144785198,0
theta0.15_kappa0.002,8,48,9.5317915784666525,9.7708763907633287,-0.23908481229667622
theta0.15_kappa0.002,8,49,2.6090639776300555,1.4274211157420216,1.1816428618880339
theta0.15_kappa0.002,8,50,10.072242637536275,10.876707978680871,-0.80446534114459567
theta0.15_kappa0.002,8,51,-13.332868546601889,-9.4653089180929957,-3.8675596285088929
theta0.15_kappa0.002,8,52,5.9555910449694665,6.2484748181307976,-0.29288377316133118
theta0.15_kappa0.002,8,53,24.542075807495564,17.016750387092397,7.525325420403167
theta0.15_kappa0.002,8,54,16.093572097323523,16.093572097323523,0
theta0.15_kappa0.002,8,55,-4.9038283600503201,-1.2497749946193144,-3.6540533654310057
theta0.15_kappa0.002,8,56,4.0291229037485552,3.24529101034185,0.78383189340670523
theta0.15_kappa0.002,8,57,12.706467302358345,13.06059078918544,-0.35412348682709549
theta0.15_kappa0.002,8,58,-1.1874092885988792,-4.5093581396568192,3.32194885105794
theta0.15_kappa0.002,8,59,22.780136587838363,22.811121295669789,-0.030984707831425595
theta0.15_kappa0.002,8,60,-2.2911693778768241,-1.9046010679427128,-0.38656830993411129
theta0.15_kappa0.002,8,61,7.75180119199179,7.4836996190593323,0.26810157293245762
theta0.15_kappa0.002,8,62,17.744228350948902,16.914965077089192,0.82926327385970922
theta0.15_kappa0.002,8,63,-0.35443871468607191,-1.7725707656297418,1.4181320509436699
theta0.15_kappa0.002,8,64,12.002876220170863,11.736511225911908,0.26636499425895543
theta0.15_kappa0.002,8,65,28.515039982447263,28.515955335749609,-0.00091535330234648882
theta0.15_kappa0.002,8,66,1.9324161812446663,1.2447205512457302,0.68769562999893608
theta0.15_kappa0.002,8,67,18.763175015611441,15.020464979293962,3.7427100363174794
theta0.15_kappa0.002,8,68,19.386616265336659,20.99500269153398,-1.6083864261973204
theta0.15_kappa0.002,8,69,3.2464728511532082,4.0100930572779614,-0.76362020612475323
theta0.15_kappa0.002,8,70,23.758749476042983,23.775557432992333,-0.01680795694935
theta0.15_kappa0.002,8,71,18.853608350414529,18.878608350414165,-0.024999999999636202
theta0.15_kappa0.002,8,72,19.493563723409963,19.836715524521736,-0.34315180111177312
theta0.15_kappa0.002,8,73,27.139942515081028,27.236070317570238,-0.096127802489210268
theta0.15_kappa0.002,8,74,19.615607619844418,15.244880626627831,4.3707269932165875
theta0.15_kappa0.002,8,75,12.764580562306426,12.253700684078222,0.51087987822820402
theta0.15_kappa0.002,8,76,20.622733184149183,21.176836001135246,-0.55410281698606312
theta0.15_kappa0.002,8,77,14.176420411850311,15.293782819708785,-1.1173624078584741
theta0.15_kappa0.002,8,78,-8.2998080756545498,-9.6917341770495007,1.3919261013949509
theta0.15_kappa0.002,8,79,2.2620810219863237,3.5991780517030678,-1.3370970297167442
theta0.15_kappa0.002,8,80,6.7002719377917845,5.9592732090419567,0.74099872874982786
theta0.15_kappa0.002,8,81,23.430152494517355,24.154410888150583,-0.72425839363322808
theta0.15_kappa0.002,8,82,4.8318714818943072,4.3803657434637522,0.45150573843055497
theta0.15_kappa0.002,8,83,12.980398314791517,12.803226088524411,0.17717222626710516
theta0.15_kappa0.002,8,84,1.2318238566440141,2.6794681140423542,-1.4476442573983401
theta0.15_kappa0.002,8,85,13.28071580500923,12.379266772653043,0.90144903235618656
theta0.15_kappa0.002,8,86,17.725895982100578,17.342113475251118,0.38378250684946025
theta0.15_kappa0.002,8,87,2.501519688052638,4.3041831910972794,-1.8026635030446414
theta0.15_kappa0.002,8,88,5.0834419619737847,6.138072415669499,-1.0546304536957143
theta0.15_kappa0.002,8,89,16.610927691215942,16.610927691215942,0
theta0.15_kappa0.002,8,90,14.16001191638019,14.527420478003981,-0.36740856162379032
theta0.15_kappa0.002,8,91,5.8444732157150074,-2.7432494246771801,8.5877226403921867
theta0.15_kappa0.002,8,92,2.4821926266556873,5.1372452521873164,-2.6550526255316291
theta0.15_kappa0.002,8,93,0.97312877498316075,0.83546229437877617,0.13766648060438458
theta0.15_kappa0.002,8,94,6.735798043379658,7.1661851546008517,-0.43038711122119366
theta0.15_kappa0.002,8,95,20.427421290872836,18.563484598134536,1.8639366927382994
theta0.15_kappa0.002,8,96,23.077551588187184,19.247543460980104,3.8300081272070798
theta0.15_kappa0.002,8,97,-12.795153429202887,-12.392010538097027,-0.4031428911058601
theta0.15_kappa0.002,8,98,5.1111880736484894,5.5992532690516459,-0.48806519540315652
theta0.15_kappa0.002,8,99,0.20259704000801229,1.5799634670609419,-1.3773664270529296
theta0.15_kappa0.002,9,0,18.831683037835081,18.491557002498297,0.34012603533678387
theta0.15_kappa0.002,9,1,8.1879273406834407,5.506912066614249,2.6810152740691917
theta0.15_kappa0.002,9,2,26.721871729957577,26.670871729957192,0.051000000000385626
theta0.15_kappa0.002,9,3,6.0816527780102128,7.1630742663009102,-1.0814214882906974
theta0.15_kappa0.002,9,4,10.31224394606757,11.312621902352465,-1.0003779562848951
theta0.15_kappa0.002,9,5,6.5214423585351984,5.1067628258538287,1.4146795326813697
theta0.15_kappa0.002,9,6,26.289422848536624,26.401872550593509,-0.11244970205688531
theta0.15_kappa0.002,9,7,-7.6043918564441162,-6.6318271608550026,-0.97256469558911363
theta0.15_kappa0.002,9,8,-6.9256457734794132,-7.0285452964282058,0.10289952294879257
theta0.15_kappa0.002,9,9,-17.789243635455705,-18.682453363087241,0.89320972763153605
theta0.15_kappa0.002,9,10,18.180038494805572,18.180038494805572,0
theta0.15_kappa0.002,9,11,13.375921876794344,13.215673507732861,0.16024836906148288
theta0.15_kappa0.002,9,12,7.1308884926033267,7.1558884926029629,-0.024999999999636202
theta0.15_kappa0.002,9,13,-0.12790151277893619,-0.2049015127782523,0.076999999999316115
theta0.15_kappa0.002,9,14,-2.6521104961101645,-1.0523955341417732,-1.5997149619683912
theta0.15_kappa0.002,9,15,-1.6281387444534774,0.63227189622679703,-2.2604106406802744
theta0.15_kappa0.002,9,16,6.0195279230012995,6.0195279230012995,0
theta0.15_kappa0.002,9,17,-4.765694041822961,-3.7640002453426966,-1.0016937964802644
theta0.15_kappa0.002,9,18,-3.7757691460045737,-1.3998525953729315,-2.3759165506316422
theta0.15_kappa0.002,9,19,14.442355623950018,15.130745118189786,-0.68838949423976814
theta0.15_kappa0.002,9,20,16.209370627756794,15.943124610337509,0.26624601741928444
theta0.15_kappa0.002,9,21,10.022310226976876,5.7355093317278865,4.2868008952489891
theta0.15_kappa0.002,9,22,17.845798972394302,19.259877242742984,-1.4140782703486821
theta0.15_kappa0.002,9,23,-0.27388947386290979,1.2297564407441095,-1.5036459146070194
theta0.15_kappa0.002,9,24,20.254608983372695,22.025350426207293,-1.7707414428345984
theta0.15_kappa0.002,9,25,5.4504340168115721,5.5348602120954871,-0.084426195283914929
theta0.15_kappa0.002,9,26,6.1562956220093872,7.6401287132999798,-1.4838330912905926
theta0.15_kappa0.002,9,27,-1.7173545919935598,-1.2546581758281854,-0.46269641616537438
theta0.15_kappa0.002,9,28,0.52043581612646816,0.99317313730456958,-0.47273732117810141
theta0.15_kappa0.002,9,29,17.238687009619809,12.703997187572879,4.5346898220469303
theta0.15_kappa0.002,9,30,0.86049881455508714,2.6125658553673401,-1.752067040812253
theta0.15_kappa0.002,9,31,-6.1521846492163021,-7.6186033234461208,1.4664186742298186
theta0.15_kappa0.002,9,32,-11.518255958205687,-10.986684644706529,-0.53157131349915865
theta0.15_kappa0.002,9,33,-0.56747038461034482,2.3878378727010121,-2.9553082573113567
theta0.15_kappa0.002,9,34,9.4173087746569983,9.9163921959325432,-0.49908342127554484
theta0.15_kappa0.002,9,35,16.192029486714141,16.059934405227146,0.13209508148699456
theta0.15_kappa0.002,9,36,13.58436730338564,14.963567639781161,-1.3792003363955203
theta0.15_kappa0.002,9,37,26.24906427474335,26.24906427474335,0
theta0.15_kappa0.002,9,38,16.012314788889036,17.12338845264896,-1.1110736637599246
theta0.15_kappa0.002,9,39,11.782170131788664,13.631951348034589,-1.8497812162459244
theta0.15_kappa0.002,9,40,15.921059831706836,17.680591602262595,-1.7595317705557587
theta0.15_kappa0.002,9,41,13.008421403644389,14.330898864812911,-1.3224774611685213
theta0.15_kappa0.002,9,42,6.5184954165621525,8.0304969026773101,-1.5120014861151576
theta0.15_kappa0.002,9,43,-7.1567991960287589,-8.9920334400524382,1.8352342440236793
theta0.15_kappa0.002,9,44,-6.2047634433623644,-5.173493949333217,-1.0312694940291474
theta0.15_kappa0.002,9,45,12.699255835079271,12.74476623571465,-0.045510400635379256
theta0.15_kappa0.002,9,46,1.2555506496052593,-0.84417745277033374,2.0997281023755932
theta0.15_kappa0.002,9,47,18.664208868944502,18.467043330616249,0.19716553832825312
theta0.15_kappa0.002,9,48,2.1513983684520652,0.5322681142621013,1.6191302541899639
theta0.15_kappa0.002,9,49,4.8148076061947878,7.720254173348434,-2.9054465671536462
theta0.15_kappa0.002,9,50,18.883269102196273,22.548942352583225,-3.665673250386952
theta0.15_kappa0.002,9,51,2.202093778850112,5.745392822138121,-3.5432990432880089
theta0.15_kappa0.002,9,52,-1.7130801079898741,0.30137853845804052,-2.0144586464479146
theta0.15_kappa0.002,9,53,13.753123703288487,13.298191324350196,0.45493237893829175
theta0.15_kappa0.002,9,54,14.157841291841882,13.429386986434787,0.72845430540709444
theta0.15_kappa0.002,9,55,-11.476517616571652,-11.402985020424421,-0.073532596147231288
theta0.15_kappa0.002,9,56,16.872481440355958,17.172043657728995,-0.29956221737303679
theta0.15_kappa0.002,9,57,-2.67937020665146,-1.4420515157402334,-1.2373186909112266
theta0.15_kappa0.002,9,58,28.801646591992327,29.946105973632783,-1.1444593816404556
theta0.15_kappa0.002,9,59,11.142568256604877,8.7367226977381591,2.4058455588667176
theta0.15_kappa0.002,9,60,2.7998379838720493,3.5450060003038586,-0.7451680164318093
theta0.15_kappa0.002,9,61,15.175118512621134,15.007755454018117,0.16736305860301748
theta0.15_kappa0.002,9,62,0.64457637967497239,0.164152135884293,0.48042424379067938
theta0.15_kappa0.002,9,63,-7.707170954669075,-7.3938313754134448,-0.31333957925563016
theta0.15_kappa0.002,9,64,14.317276372035494,11.874983870152269,2.4422925018832249
theta0.15_kappa0.002,9,65,-4.8226037593309137,-1.9278563945500848,-2.8947473647808288
theta0.15_kappa0.002,9,66,14.371565980648374,14.610374688912074,-0.23880870826370071
theta0.15_kappa0.002,9,67,6.2507617178523329,6.2507617178523329,0
theta0.15_kappa0.002,9,68,25.221266982864243,23.510061780758168,1.7112052021060755
theta0.15_kappa0.002,9,69,14.567239780052848,9.356324254846184,5.2109155252066639
theta0.15_kappa0.002,9,70,14.260440601887558,14.277709375876199,-0.017268773988641684
theta0.15_kappa0.002,9,71,4.0654520922443487,6.6147930834092996,-2.5493409911649509
theta0.15_kappa0.002,9,72,16.237962645720032,15.916008144905572,0.32195450081445998
theta0.15_kappa0.002,9,73,1.6127790921732212,2.1336045935119237,-0.52082550133870242
theta0.15_kappa0.002,9,74,5.5030064270531156,5.0643459359285705,0.43866049112454508
theta0.15_kappa0.002,9,75,4.5468044345270773,7.7425470114012951,-3.1957425768742178
theta0.15_kappa0.002,9,76,16.631705761832492,16.631705761832492,0
theta0.15_kappa0.002,9,77,2.0306306124796465,1.323484795268967,0.70714581721067948
theta0.15_kappa0.002,9,78,16.988954577751425,16.894250086727467,0.094704491023957615
theta0.15_kappa0.002,9,79,3.1974996251801944,4.303584631865867,-1.1060850066856727
theta0.15_kappa0.002,9,80,9.9368985918816009,7.278603140990362,2.6582954508912389
theta0.15_kappa0.002,9,81,13.398087040656184,15.403233514290674,-2.0051464736344897
theta0.15_kappa0.002,9,82,-13.509272894492874,-11.833687419120649,-1.675585475372225
theta0.15_kappa0.002,9,83,9.1878225319075284,11.179091229292624,-1.9912686973850953
theta0.15_kappa0.002,9,84,18.864194858288528,20.748465901073615,-1.8842710427850875
theta0.15_kappa0.002,9,85,-9.5124770110487837,-9.5232227641235223,0.010745753074738573
theta0.15_kappa0.002,9,86,-2.2142690502438618,-0.64101351159976727,-1.5732555386440945
theta0.15_kappa0.002,9,87,17.698675215311653,16.107134079445842,1.5915411358658105
theta0.15_kappa0.002,9,88,24.421693139424391,25.397879100452258,-0.97618596102786626
theta0.15_kappa0.002,9,89,13.274447789705308,13.32444778970549,-0.050000000000181899
theta0.15_kappa0.002,9,90,0.70137954282405079,1.5830338690519921,-0.88165432622794127
theta0.15_kappa0.002,9,91,7.2331408005853284,6.4084800041622181,0.8246607964231103
theta0.15_kappa0.002,9,92,10.397591189081098,8.2337645468391862,2.1638266422419115
theta0.15_kappa0.002,9,93,17.856428748167151,15.542279282080804,2.3141494660863469
theta0.15_kappa0.002,9,94,6.05456890937098,8.2832533182865085,-2.2286844089155284
theta0.15_kappa0.002,9,95,12.504950642156,11.685216311448066,0.81973433070793433
theta0.15_kappa0.002,9,96,20.387461505917244,20.387461505917244,0
theta0.15_kappa0.002,9,97,-0.84851101471763923,0.2287493937949682,-1.0772604085126074
theta0.15_kappa0.002,9,98,-0.47391735078760128,-0.68641642821739968,0.2124990774297984
theta0.15_kappa0.002,9,99,4.7511789757787239,6.0534205055576571,-1.3022415297789331
theta0.15_kappa0.02,0,0,17.071030520258763,17.355829117676162,-0.28479859741739944
theta0.15_kappa0.02,0,1,6.8506899220192237,6.8756899220193146,-0.025000000000090949
theta0.15_kappa0.02,0,2,-5.1433011731790188,-5.2453011731797901,0.10200000000077125
theta0.15_kappa0.02,0,3,-2.0669248867896486,-3.8989486743924018,1.8320237876027532
theta0.15_kappa0.02,0,4,-0.25243194189339202,-0.2211599244540112,-0.031272017439380823
theta0.15_kappa0.02,0,5,3.2705612440887557,3.7583345628132294,-0.48777331872447371
theta0.15_kappa0.02,0,6,-4.297787790249278,-4.1212957697233126,-0.17649202052596547
theta0.15_kappa0.02,0,7,9.8938836256101403,9.9188836256097765,-0.024999999999636202
theta0.15_kappa0.02,0,8,10.765368563067334,11.664208771804001,-0.89884020873666692
theta0.15_kappa0.02,0,9,10.851408885770075,9.2469843242511693,1.6044245615189059
theta0.15_kappa0.02,0,10,3.4061254698563186,0.16922771868069519,3.2368977511756234
theta0.15_kappa0.02,0,11,2.6685712329689122,2.1680503249828216,0.50052090798609061
theta0.15_kappa0.02,0,12,23.223089407155307,22.172545254345337,1.0505441528099695
theta0.15_kappa0.02,0,13,11.380716517682758,11.50051687101163,-0.11980035332887162
theta0.15_kappa0.02,0,14,7.567785713106904,9.5747716309592885,-2.0069859178523846
theta0.15_kappa0.02,0,15,27.612423916150743,27.465317014725951,0.14710690142479166
theta0.15_kappa0.02,0,16,2.7525876243194305,1.3676107442610901,1.3849768800583404
theta0.15_kappa0.02,0,17,2.2911202154751824,2.6185921330890793,-0.32747191761389693
theta0.15_kappa0.02,0,18,10.464629635927164,13.498770823232093,-3.0341411873049289
theta0.15_kappa0.02,0,19,-1.2813370502892658,1.424269036626908,-2.7056060869161738
theta0.15_kappa0.02,0,20,22.502337810125912,22.778921416642653,-0.2765836065167413
theta0.15_kappa0.02,0,21,12.138432866532227,12.247045390753128,-0.1086125242209004
theta0.15_kappa0.02,0,22,9.9569585864470103,9.5752514047433621,0.38170718170364815
theta0.15_kappa0.02,0,23,10.116818753516725,3.0841922395206467,7.0326265139960782
theta0.15_kappa0.02,0,24,-2.8311543101501875,-1.8671014194628797,-0.96405289068730782
theta0.15_kappa0.02,0,25,14.310095948315492,16.223824440085583,-1.9137284917700903
theta0.15_kappa0.02,0,26,-3.4497023942531397,-3.5002697140434407,0.050567319790300935
theta0.15_kappa0.02,0,27,9.4847305491401084,9.0590664191379275,0.42566413000218084
theta0.15_kappa0.02,0,28,19.507511316284361,19.450314380498956,0.057196935785405856
theta0.15_kappa0.02,0,29,10.800059492331384,8.7137439059848045,2.0863155863465792
theta0.15_kappa0.02,0,30,5.3275980591804446,2.6463645630204455,2.6812334961599991
theta0.15_kappa0.02,0,31,16.656213242510919,17.918846503257598,-1.2626332607466786
theta0.15_kappa0.02,0,32,-4.0090340814807401,-3.2470305147950578,-0.76200356668568237
theta0.15_kappa0.02,0,33,16.72614825146443,16.776148251464157,-0.049999999999727152
theta0.15_kappa0.02,0,34,14.732574936682935,13.898748892293558,0.83382604438937769
theta0.15_kappa0.02,0,35,2.3525338116705212,2.1768292512455272,0.17570456042499405
theta0.15_kappa0.02,0,36,5.5378582706468737,5.5118582706470338,0.025999999999839929
theta0.15_kappa0.02,0,37,18.026860944407915,16.06001202224946,1.9668489221584551
theta0.15_kappa0.02,0,38,-2.4807896491915016,-2.8211392643944126,0.34034961520291107
theta0.15_kappa0.02,0,39,1.451398910370246,2.3657938920340511,-0.91439498166380506
theta0.15_kappa0.02,0,40,14.802174848543103,15.750422335612967,-0.94824748706986384
theta0.15_kappa0.02,0,41,19.427980738273742,19.733573145234537,-0.3055924069607947
theta0.15_kappa0.02,0,42,5.5434373304635027,4.4584667400177551,1.0849705904457476
theta0.15_kappa0.02,0,43,22.399093977388887,22.670530427911562,-0.27143645052267473
theta0.15_kappa0.02,0,44,16.756716722224787,16.133308980606234,0.6234077416185535
theta0.15_kappa0.02,0,45,19.040533339551754,19.359209584264502,-0.3186762447127478
theta0.15_kappa0.02,0,46,16.708644330850429,14.417157602638362,2.2914867282120674
theta0.15_kappa0.02,0,47,-3.4137184052545253,-2.5129081795196599,-0.90081022573486536
theta0.15_kappa0.02,0,48,12.173432572446398,11.309862437069924,0.86357013537647376
theta0.15_kappa0.02,0,49,28.377062220648337,28.008308016127909,0.36875420452042817
theta0.15_kappa0.02,0,50,7.3020947997658627,7.6822067741852145,-0.38011197441935174
theta0.15_kappa0.02,0,51,9.0263144989431492,10.020373425614528,-0.99405892667137863
theta0.15_kappa0.02,0,52,10.049800070425125,9.6358672341440474,0.41393283628107724
theta0.15_kappa0.02,0,53,24.368970178019847,23.844047003406708,0.52492317461313931
theta0.15_kappa0.02,0,54,7.3548111173900637,7.5848234809168549,-0.23001236352679122
theta0.15_kappa0.02,0,55,13.972988759899405,12.822320232225829,1.1506685276735755
theta0.15_kappa0.02,0,56,13.588534041915461,12.356372435817946,1.2321616060975149
theta0.15_kappa0.02,0,57,19.361706756889991,20.855209160249768,-1.493502403359777
theta0.15_kappa0.02,0,58,14.390984959880456,14.158801840331003,0.23218311954945214
theta0.15_kappa0.02,0,59,-10.252940334658875,-10.52531166616599,0.27237133150711479
theta0.15_kappa0.02,0,60,20.059903167841284,19.88094874624089,0.17895442160039465
theta0.15_kappa0.02,0,61,11.252753060011846,11.564868431126332,-0.31211537111448528
theta0.15_kappa0.02,0,62,0.28776882106230989,3.4843512920440824,-3.1965824709817725
theta0.15_kappa0.02,0,63,11.108264939260527,10.426164511737831,0.68210042752269651
theta0.15_kappa0.02,0,64,2.3067848382305653,1.911180576025961,0.39560426220460432
theta0.15_kappa0.02,0,65,11.710647049041524,11.916155852708464,-0.20550880366693924
theta0.15_kappa0.02,0,66,18.216398153592817,17.551047782678186,0.66535037091463067
theta0.15_kappa0.02,0,67,0.51367795397204286,0.53867795397167906,-0.024999999999636202
theta0.15_kappa0.02,0,68,8.054491936311905,9.2846360482357806,-1.2301441119238756
theta0.15_kappa0.02,0,69,1.2441534200283204,1.1762946562305971,0.067858763797723265
theta0.15_kappa0.02,0,70,15.4643411216156,15.4643411216156,0
theta0.15_kappa0.02,0,71,-5.7851247311328358,-5.2746602972025745,-0.51046443393026131
theta0.15_kappa0.02,0,72,-1.8811274542201719,-2.6629501883710618,0.78182273415088988
theta0.15_kappa0.02,0,73,12.895850402634323,15.182640679936592,-2.2867902773022681
theta0.15_kappa0.02,0,74,8.3259381705991107,7.0319812987680743,1.2939568718310364
theta0.15_kappa0.02,0,75,19.454796820104502,18.789062427024643,0.66573439307985893
theta0.15_kappa0.02,0,76,10.215748511159729,10.65711782731759,-0.44136931615786068
theta0.15_kappa0.02,0,77,17.134344510734465,17.252971729704903,-0.11862721897043826
theta0.15_kappa0.02,0,78,4.7639978699525853,6.7042563531157038,-1.9402584831631184
theta0.15_kappa0.02,0,79,5.016900309533276,4.8471823511492431,0.16971795838403292
theta0.15_kappa0.02,0,80,7.0433710709626869,6.9677489605772687,0.075622110385418218
theta0.15_kappa0.02,0,81,2.9874413122304815,5.5590646885926747,-2.5716233763621932
theta0.15_kappa0.02,0,82,18.418216749735951,18.418216749735951,0
theta0.15_kappa0.02,0,83,19.266435305176337,19.266435305176337,0
theta0.15_kappa0.02,0,84,17.875569392350709,15.679460184575264,2.1961092077754447
theta0.15_kappa0.02,0,85,15.220194064551633,12.744618179513234,2.4755758850383991
theta0.15_kappa0.02,0,86,4.991543948772879,5.0353108942063622,-0.043766945433483251
theta0.15_kappa0.02,0,87,9.1470017650432105,10.232796075020875,-1.0857943099776648
theta0.15_kappa0.02,0,88,9.3115355014023642,8.6191653248497744,0.69237017655258981
theta0.15_kappa0.02,0,89,10.775677990528433,12.343504945655978,-1.5678269551275452
theta0.15_kappa0.02,0,90,5.8971539338291592,6.6787055670232611,-0.78155163319410192
theta0.15_kappa0.02,0,91,-4.5616206101101149,-7.0504799577192774,2.4888593476091625
theta0.15_kappa0.02,0,92,15.812243515650581,16.287863776524613,-0.47562026087403275
theta0.15_kappa0.02,0,93,3.5041819610083929,3.8533234849532079,-0.34914152394481501
theta0.15_kappa0.02,0,94,10.293422286998789,12.183436161078212,-1.8900138740794237
theta0.15_kappa0.02,0,95,7.6373582636951607,7.5613582636951389,0.076000000000021828
theta0.15_kappa0.02,0,96,16.423710709566549,17.883085125545954,-1.4593744159794042
theta0.15_kappa0.02,0,97,14.458477565382941,10.058830434822928,4.3996471305600124
theta0.15_kappa0.02,0,98,15.481032452595407,14.845572228579762,0.63546022401564528
theta0.15_kappa0.02,0,99,13.233340061783284,13.333340061783648,-0.1000000000003638
theta0.15_kappa0.02,1,0,24.314008147855695,24.005489205964373,0.30851894189132167
theta0.15_kappa0.02,1,1,11.277422769429396,11.736839816211615,-0.45941704678221917
theta0.15_kappa0.02,1,2,7.8047034270089295,7.7027034270090677,0.10199999999986176
theta0.15_kappa0.02,1,3,11.105573093838675,9.0098900618338238,2.0956830320048514
theta0.15_kappa0.02,1,4,3.455068002023471,2.594247068972606,0.86082093305086493
theta0.15_kappa0.02,1,5,3.2736380544395249,2.8636825604722649,0.40995549396726005
theta0.15_kappa0.02,1,6,-1.839236013766228,-2.8782709020237225,1.0390348882574945
theta0.15_kappa0.02,1,7,-11.408719403343364,-11.482936119976513,0.074216716633149105
theta0.15_kappa0.02,1,8,5.7685311152856116,5.7686442687044357,-0.000113153418824119
theta0.15_kappa0.02,1,9,8.8053462020037667,8.7481995687273635,0.057146633276403236
theta0.15_kappa0.02,1,10,4.3000900019065442,3.8575582130990882,0.44253178880745603
theta0.15_kappa0.02,1,11,-4.9797136910640845,-4.883140077395554,-0.096573613668530456
theta0.15_kappa0.02,1,12,-4.6036227493199693,-3.9479498350742319,-0.65567291424573737
theta0.15_kappa0.02,1,13,18.679743580383931,14.526024559239092,4.1537190211448394
theta0.15_kappa0.02,1,14,4.6401586545906852,5.2371935570405066,-0.59703490244982138
theta0.15_kappa0.02,1,15,0.1823899768590109,-0.34486119048732689,0.52725116734633781
theta0.15_kappa0.02,1,16,3.4212232888154306,2.6410184693304299,0.78020481948500064
theta0.15_kappa0.02,1,17,28.476478944549488,24.295961107645745,4.1805178369037428
theta0.15_kappa0.02,1,18,18.814913612218444,18.839913612218989,-0.025000000000545697
theta0.15_kappa0.02,1,19,11.11502126270717,11.140021262707259,-0.025000000000089173
theta0.15_kappa0.02,1,20,16.077708287681546,16.077708287681546,0
theta0.15_kappa0.02,1,21,11.917989109830538,12.604155674522609,-0.68616656469207093
theta0.15_kappa0.02,1,22,26.018311417225032,26.017311417223919,0.0010000000011132215
theta0.15_kappa0.02,1,23,17.138928160334228,18.072287058729863,-0.93335889839563535
theta0.15_kappa0.02,1,24,12.242000546160169,11.53208759147785,0.70991295468231819
theta0.15_kappa0.02,1,25,0.28834474165240231,-0.81777049837202243,1.1061152400244247
theta0.15_kappa0.02,1,26,13.332601075537667,15.423501531608338,-2.0909004560706705
theta0.15_kappa0.02,1,27,5.8614805432464507,6.1053110795603223,-0.24383053631387153
theta0.15_kappa0.02,1,28,14.58708184211298,14.98923978145648,-0.40215793934349975
theta0.15_kappa0.02,1,29,25.13088159788737,25.13088159788737,0
theta0.15_kappa0.02,1,30,-0.60701360604644039,1.7791179288809316,-2.386131534927372
theta0.15_kappa0.02,1,31,14.169603713715308,14.167020399743246,0.002583313972062129
theta0.15_kappa0.02,1,32,17.895082829200973,17.391230481956086,0.50385234724488726
theta0.15_kappa0.02,1,33,18.245761402977489,18.051742158508564,0.19401924446892593
theta0.15_kappa0.02,1,34,8.133177791078781,8.0266957815580486,0.10648200952073239
theta0.15_kappa0.02,1,35,14.430735824263376,14.250693805070192,0.18004201919318419
theta0.15_kappa0.02,1,36,15.630501340283001,13.286539970366304,2.3439613699166966
theta0.15_kappa0.02,1,37,7.2419969995303681,7.0796432488168559,0.16235375071351221
theta0.15_kappa0.02,1,38,-2.8188430310476797,-1.8708305546756312,-0.94801247637204855
theta0.15_kappa0.02,1,39,10.468458567398772,11.355995814769498,-0.88753724737072659
theta0.15_kappa0.02,1,40,10.06433029729342,13.09719464154918,-3.0328643442557599
theta0.15_kappa0.02,1,41,18.140454643895431,19.832918149329533,-1.6924635054341017
theta0.15_kappa0.02,1,42,3.5691944882861715,3.3207534824219911,0.24844100586418039
theta0.15_kappa0.02,1,43,28.786254153482204,29.477061190988739,-0.69080703750653427
theta0.15_kappa0.02,1,44,8.7223099621645694,7.4406273272334031,1.2816826349311663
theta0.15_kappa0.02,1,45,11.648506433362671,12.465952859529549,-0.81744642616687813
theta0.15_kappa0.02,1,46,13.239104285806617,10.566125437300355,2.6729788485062613
theta0.15_kappa0.02,1,47,18.189430618319651,17.439344051331453,0.7500865669881982
theta0.15_kappa0.02,1,48,-8.2971858100788243,-8.466736323158166,0.16955051307934177
theta0.15_kappa0.02,1,49,16.996068884537568,14.243447318927799,2.7526215656097683
theta0.15_kappa0.02,1,50,28.470356982140828,28.49311458649791,-0.022757604357082073
theta0.15_kappa0.02,1,51,16.386126855639702,17.690252356193451,-1.3041255005537487
theta0.15_kappa0.02,1,52,12.145154340457376,11.929489345433474,0.2156649950239018
theta0.15_kappa0.02,1,53,19.024465748463129,17.540632068541584,1.4838336799215455
theta0.15_kappa0.02,1,54,16.47876709453578,16.443505629677084,0.035261464858695746
theta0.15_kappa0.02,1,55,16.158399059101093,18.158851308267263,-2.0004522491661696
theta0.15_kappa0.02,1,56,7.7432521811750972,9.3691425503186796,-1.6258903691435824
theta0.15_kappa0.02,1,57,19.42345435023697,19.912510474345716,-0.4890561241087461
theta0.15_kappa0.02,1,58,17.167408440590229,18.790265152888939,-1.6228567122987094
theta0.15_kappa0.02,1,59,7.3006167968190718,8.8718544309753415,-1.5712376341562697
theta0.15_kappa0.02,1,60,16.27314079478915,16.767713646496034,-0.49457285170688436
theta0.15_kappa0.02,1,61,30.706691976392342,29.278952178618649,1.4277397977736932
theta0.15_kappa0.02,1,62,9.5688494001733897,10.599097105881292,-1.030247705707902
theta0.15_kappa0.02,1,63,5.4957572996030422,6.3653130571756478,-0.86955575757260561
theta0.15_kappa0.02,1,64,9.5538305672174619,9.5538305672174619,0
theta0.15_kappa0.02,1,65,22.064635524270528,22.064635524270528,0
theta0.15_kappa0.02,1,66,-1.4723809119259486,-0.80934868220189227,-0.66303222972405629
theta0.15_kappa0.02,1,67,9.7727516560310796,9.0696732687378905,0.70307838729318917
theta0.15_kappa0.02,1,68,18.660790656786595,17.498341635141756,1.1624490216448393
theta0.15_kappa0.02,1,69,6.3260126990861973,6.4613092233349381,-0.13529652424874072
theta0.15_kappa0.02,1,70,15.701278321381247,16.108014261635752,-0.40673594025450477
theta0.15_kappa0.02,1,71,10.716752453260399,10.741752453260036,-0.024999999999636202
theta0.15_kappa0.02,1,72,5.5054854011789338,5.6713949225365781,-0.16590952135764425
theta0.15_kappa0.02,1,73,20.079668678992693,18.867418305959529,1.2122503730331644
theta0.15_kappa0.02,1,74,2.2089886596267059,2.689625932394363,-0.48063727276765711
theta0.15_kappa0.02,1,75,-4.5951752916777222,-2.1103528502024567,-2.4848224414752655
theta0.15_kappa0.02,1,76,3.6896180651905368,3.6202080322276182,0.069410032962918589
theta0.15_kappa0.02,1,77,16.199286023033835,15.447668857229443,0.75161716580439197
theta0.15_kappa0.02,1,78,8.4032842194080004,9.1529016746526235,-0.74961745524462309
theta0.15_kappa0.02,1,79,9.3091805461518433,8.958691352176734,0.35048919397510936
theta0.15_kappa0.02,1,80,12.46588863769013,12.711495344299518,-0.24560670660938833
theta0.15_kappa0.02,1,81,21.46689590024295,21.347154599853365,0.11974130038958464
theta0.15_kappa0.02,1,82,-6.940539867791351,-8.4772787984617182,1.5367389306703672
theta0.15_kappa0.02,1,83,6.3548273384256957,5.5755439743670161,0.7792833640586796
theta0.15_kappa0.02,1,84,19.975649373676799,18.11838381093483,1.8572655627419685
theta0.15_kappa0.02,1,85,11.146510618527104,11.171510618526966,-0.024999999999861799
theta0.15_kappa0.02,1,86,7.9708027534140857,7.4209055245165834,0.54989722889750237
theta0.15_kappa0.02,1,87,-0.93637449470027523,0.43066370646775898,-1.3670382011680342
theta0.15_kappa0.02,1,88,4.144083147594765,4.3024358957103992,-0.15835274811563416
theta0.15_kappa0.02,1,89,-1.2535674760531474,-2.9815495904711389,1.7279821144179914
theta0.15_kappa0.02,1,90,12.263069412469203,12.236069412469616,0.026999999999587132
theta0.15_kappa0.02,1,91,7.1110278274107594,6.3253878272347075,0.78564000017605196
theta0.15_kappa0.02,1,92,16.573814815588356,15.26380276260012,1.3100120529882364
theta0.15_kappa0.02,1,93,-6.7179584630791505,-6.5631419882397495,-0.15481647483940097
theta0.15_kappa0.02,1,94,3.2282836181329082,4.0378196578803998,-0.80953603974749155
theta0.15_kappa0.02,1,95,17.556165621343077,17.556165621343077,0
theta0.15_kappa0.02,1,96,3.866451623559219,6.0901461760739917,-2.2236945525147727
theta0.15_kappa0.02,1,97,17.033963117852409,17.083963117852591,-0.050000000000181899
theta0.15_kappa0.02,1,98,4.6844019530580283,4.5676410369273306,0.11676091613069772
theta0.15_kappa0.02,1,99,6.4988513776535655,8.0619839400615891,-1.5631325624080237
theta0.15_kappa0.02,2,0,5.0872782429079697,3.499957831676106,1.5873204112318637
theta0.15_kappa0.02,2,1,7.2475793536642339,7.660770064425293,-0.41319071076105907
theta0.15_kappa0.02,2,2,11.040347739925725,10.364247589791985,0.67610015013374003
theta0.15_kappa0.02,2,3,7.0389570168513469,5.0922127530534933,1.9467442637978536
theta0.15_kappa0.02,2,4,19.59536429486247,20.737430144823001,-1.142065849960531
theta0.15_kappa0.02,2,5,5.8076898369858601,5.2910147401470526,0.51667509683880741
theta0.15_kappa0.02,2,6,20.651352185199823,20.705004499868505,-0.053652314668681811
theta0.15_kappa0.02,2,7,18.720640209795473,18.669640209795997,0.050999999999476131
theta0.15_kappa0.02,2,8,11.004046037772504,9.0673782761478599,1.9366677616246442
theta0.15_kappa0.02,2,9,14.90242239730734,14.866658903721012,0.035763493586328465
theta0.15_kappa0.02,2,10,7.9365819871829766,7.8999074944387608,0.036674492744215748
theta0.15_kappa0.02,2,11,13.651023528233781,13.348506917935678,0.30251661029810251
theta0.15_kappa0.02,2,12,8.2109834782333859,8.6382874976380624,-0.42730401940467644
theta0.15_kappa0.02,2,13,-6.4327886968316577,-4.4042529600517781,-2.0285357367798795
theta0.15_kappa0.02,2,14,6.0985959050121101,5.408048821884698,0.69054708312741209
theta0.15_kappa0.02,2,15,16.251387875972263,18.074082163836355,-1.8226942878640919
theta0.15_kappa0.02,2,16,16.679479886426019,16.136746694013322,0.54273319241269746
theta0.15_kappa0.02,2,17,11.242403941720733,11.191403941720802,0.050999999999930878
theta0.15_kappa0.02,2,18,16.161598685547919,15.684401678736611,0.47719700681130739
theta0.15_kappa0.02,2,19,-9.5993347629154595,-7.2492062240227977,-2.3501285388926618
theta0.15_kappa0.02,2,20,7.9857128085930515,9.2477104267508672,-1.2619976181578156
theta0.15_kappa0.02,2,21,17.390415803950908,16.622422259929824,0.76799354402108477
theta0.15_kappa0.02,2,22,20.910819474996771,23.752686797826328,-2.8418673228295575
theta0.15_kappa0.02,2,23,0.67014762997166955,1.0030028316551824,-0.3328552016835129
theta0.15_kappa0.02,2,24,12.772863833225848,11.131527903226001,1.6413359299998476
theta0.15_kappa0.02,2,25,4.8778177562046903,4.7840595892340341,0.093758166970656198
theta0.15_kappa0.02,2,26,5.564892291800291,6.4673653623671861,-0.90247307056689507
theta0.15_kappa0.02,2,27,16.614859313844939,17.904201535617734,-1.2893422217727952
theta0.15_kappa0.02,2,28,16.123286037523702,16.159644937138694,-0.036358899614992168
theta0.15_kappa0.02,2,29,12.654474803709927,12.679474803709564,-0.024999999999636202
theta0.15_kappa0.02,2,30,15.371748646272779,16.765415879658285,-1.3936672333855054
theta0.15_kappa0.02,2,31,24.26328247153517,23.984863046939385,0.27841942459578561
theta0.15_kappa0.02,2,32,-16.073858091812497,-15.968185128164643,-0.10567296364785328
theta0.15_kappa0.02,2,33,2.6130427205446862,3.4071079828520556,-0.7940652623073694
theta0.15_kappa0.02,2,34,-5.6146024993230892,-8.0687592412330993,2.4541567419100101
theta0.15_kappa0.02,2,35,11.668178519186442,11.170589342263192,0.49758917692325078
theta0.15_kappa0.02,2,36,-2.3250473120288628,-3.1944356855783047,0.86938837354944187
theta0.15_kappa0.02,2,37,10.867277763080384,7.9799231379103013,2.887354625170083
theta0.15_kappa0.02,2,38,12.766696074398464,12.280789363881372,0.48590671051709222
theta0.15_kappa0.02,2,39,-1.149216578869523,0.39199087167934049,-1.5412074505488635
theta0.15_kappa0.02,2,40,-0.13602734033237809,-0.27934224890869253,0.14331490857631443
theta0.15_kappa0.02,2,41,-8.8054799482818797,-8.6743760485946417,-0.13110389968723801
theta0.15_kappa0.02,2,42,5.5215310179650547,8.5966113556236738,-3.0750803376586191
theta0.15_kappa0.02,2,43,9.7629755311693405,7.8506373924918229,1.9123381386775176
theta0.15_kappa0.02,2,44,20.79494444962571,19.933283765185301,0.86166068444040889
theta0.15_kappa0.02,2,45,5.1356021793188837,4.4927344396734252,0.64286773964545851
theta0.15_kappa0.02,2,46,-2.4238287433892109,-0.71493648606343774,-1.7088922573257732
theta0.15_kappa0.02,2,47,-7.0607250558432559,-7.4432156260626794,0.38249057021942345
theta0.15_kappa0.02,2,48,17.820797438943622,17.149662803395557,0.6711346355480643
theta0.15_kappa0.02,2,49,-4.8012726747547898,-6.1564784497827789,1.3552057750279891
theta0.15_kappa0.02,2,50,-2.0508935624611495,-2.3136040572600969,0.26271049479894737
theta0.15_kappa0.02,2,51,17.866555134012696,19.301454947214527,-1.4348998132018309
theta0.15_kappa0.02,2,52,11.361618406267931,10.612688029101374,0.74893037716655719
theta0.15_kappa0.02,2,53,9.9875669382511951,6.9924457078145252,2.9951212304366699
theta0.15_kappa0.02,2,54,-7.3680696638096324,-7.3250726593066338,-0.042997004502998593
theta0.15_kappa0.02,2,55,4.8981214243689859,6.1472159576514542,-1.2490945332824683
theta0.15_kappa0.02,2,56,-2.4390899024753123,-2.5690050126117496,0.12991511013643731
theta0.15_kappa0.02,2,57,22.423359412510447,21.948279616140901,0.47507979636954545
theta0.15_kappa0.02,2,58,-7.0820803201404079,-6.5589440250509465,-0.52313629508946136
theta0.15_kappa0.02,2,59,6.6781890730424864,6.5508363882348686,0.12735268480761786
theta0.15_kappa0.02,2,60,7.3966101601384828,7.3456101601385519,0.050999999999930878
theta0.15_kappa0.02,2,61,6.8235960451034376,6.8485960451030738,-0.024999999999636202
theta0.15_kappa0.02,2,62,9.5635380703528057,8.4124717501570458,1.1510663201957598
theta0.15_kappa0.02,2,63,-0.38938447122793157,0.31362984484902712,-0.70301431607695863
theta0.15_kappa0.02,2,64,7.9897409559789008,5.9191329785409943,2.0706079774379065
theta0.15_kappa0.02,2,65,1.4107902083611501,2.866899577219987,-1.4561093688588369
theta0.15_kappa0.02,2,66,12.706291263842084,13.434981794869351,-0.72869053102726689
theta0.15_kappa0.02,2,67,15.961465662897425,14.559440909193563,1.402024753703861
theta0.15_kappa0.02,2,68,16.704297963234151,17.143085124092678,-0.43878716085852787
theta0.15_kappa0.02,2,69,14.923530439311811,14.872530439311426,0.051000000000385626
theta0.15_kappa0.02,2,70,4.764830656560072,3.8896720440793833,0.87515861248068871
theta0.15_kappa0.02,2,71,17.960556056836221,17.689733474647241,0.27082258218898048
theta0.15_kappa0.02,2,72,6.2987745413658178,3.7253360991347031,2.5734384422311147
theta0.15_kappa0.02,2,73,13.401729545685638,13.829068739465708,-0.42733919378006924
theta0.15_kappa0.02,2,74,7.7028856454072336,7.9850356683324604,-0.28215002292522673
theta0.15_kappa0.02,2,75,8.3410962211813064,6.3314395336322322,2.0096566875490742
theta0.15_kappa0.02,2,76,11.315311313657544,11.063539137647728,0.2517721760098155
theta0.15_kappa0.02,2,77,5.9273921600033699,5.9523921600030061,-0.024999999999636202
theta0.15_kappa0.02,2,78,13.215335723833162,13.944222069488649,-0.72888634565548749
theta0.15_kappa0.02,2,79,18.382044733992821,18.515412539147611,-0.13336780515479063
theta0.15_kappa0.02,2,80,15.073065788122074,14.143694665851717,0.92937112227035712
theta0.15_kappa0.02,2,81,9.9121051203907715,8.6062405569817386,1.3058645634090329
theta0.15_kappa0.02,2,82,13.545064046749255,13.49541574657594,0.049648300173315008
theta0.15_kappa0.02,2,83,6.5881934798273631,5.0972676853233585,1.4909257945040046
theta0.15_kappa0.02,2,84,31.663142789880407,31.857332601344002,-0.19418981146359471
theta0.15_kappa0.02,2,85,7.508678702320001,7.5336787023196372,-0.024999999999636202
theta0.15_kappa0.02,2,86,9.0144534481123095,6.8945433447031572,2.1199101034091523
theta0.15_kappa0.02,2,87,16.38721830273553,18.772089500447141,-2.384871197711611
theta0.15_kappa0.02,2,88,4.6896729218622024,4.9891835300337446,-0.29951060817154218
theta0.15_kappa0.02,2,89,5.0157978742015858,7.4437295265072798,-2.427931652305694
theta0.15_kappa0.02,2,90,7.7224044611824283,9.0759702574588363,-1.3535657962764081
theta0.15_kappa0.02,2,91,11.298350976481965,10.611241714968036,0.68710926151392826
theta0.15_kappa0.02,2,92,11.511950482269569,11.637366790072353,-0.12541630780278368
theta0.15_kappa0.02,2,93,-7.1927636012677052,-7.8460374176793213,0.65327381641161608
theta0.15_kappa0.02,2,94,-2.7032315036327725,-2.5439847015268038,-0.15924680210596875
theta0.15_kappa0.02,2,95,0.26305506618329488,0.48884376202409752,-0.22578869584080263
theta0.15_kappa0.02,2,96,6.3911116706967253,8.185704727566069,-1.7945930568693438
theta0.15_kappa0.02,2,97,6.3432182277869646,3.4644979100659796,2.878720317720985
theta0.15_kappa0.02,2,98,4.5787890325075571,4.5277890325071715,0.051000000000385626
theta0.15_kappa0.02,2,99,-5.7651764959066494,-6.2916267012932732,0.52645020538662379
theta0.15_kappa0.02,3,0,15.73068798816124,15.240948973140441,0.48973901502079897
theta0.15_kappa0.02,3,1,16.925826183937655,15.741436793826002,1.1843893901116527
theta0.15_kappa0.02,3,2,8.523377307152014,8.523377307152014,0
theta0.15_kappa0.02,3,3,3.7072389498010629,3.926023777967512,-0.21878482816644906
theta0.15_kappa0.02,3,4,13.178307410143493,13.326917781492339,-0.14861037134884647
theta0.15_kappa0.02,3,5,-4.7268700071341554,-5.1794161089109654,0.45254610177680998
theta0.15_kappa0.02,3,6,21.952593090740976,21.952593090740976,0
theta0.15_kappa0.02,3,7,22.600859745953684,22.19689012537459,0.40396962057909391
theta0.15_kappa0.02,3,8,-3.1884793142918206,-1.830774849142552,-1.3577044651492687
theta0.15_kappa0.02,3,9,17.286949737033463,19.41464201832158,-2.127692281288116
theta0.15_kappa0.02,3,10,20.195911685002283,19.653782889272087,0.54212879573019634
theta0.15_kappa0.02,3,11,24.492798566603369,20.689343671840604,3.8034548947627655
theta0.15_kappa0.02,3,12,2.1402715950005167,2.1159284081827301,0.024343186817786577
theta0.15_kappa0.02,3,13,12.7403879022289,13.289673883734846,-0.5492859815059461
theta0.15_kappa0.02,3,14,7.8452421570016426,9.6226754134444406,-1.7774332564427979
theta0.15_kappa0.02,3,15,6.5860790657078763,6.7442363424171639,-0.15815727670928759
theta0.15_kappa0.02,3,16,15.396133979909017,15.649929664933616,-0.25379568502459904
theta0.15_kappa0.02,3,17,-4.1114520547444755,-3.7951790147258779,-0.31627304001859757
theta0.15_kappa0.02,3,18,15.651121650342841,17.589328450286033,-1.9382067999431918
theta0.15_kappa0.02,3,19,10.677762097636842,10.728762097636771,-0.050999999999929102
theta0.15_kappa0.02,3,20,19.317271861584597,22.068216308764711,-2.7509444471801139
theta0.15_kappa0.02,3,21,4.06649331681135,5.819222745255864,-1.7527294284445141
theta0.15_kappa0.02,3,22,16.746476737271724,16.494352145464731,0.25212459180699298
theta0.15_kappa0.02,3,23,-3.422612003706619,-3.3599755748640581,-0.062636428842560932
theta0.15_kappa0.02,3,24,-1.8686597481090648,-1.7903000225532559,-0.078359725555808835
theta0.15_kappa0.02,3,25,18.208931227539864,18.901739197710576,-0.69280797017071194
theta0.15_kappa0.02,3,26,2.3221882646384771,2.6160282564112065,-0.29383999177272946
theta0.15_kappa0.02,3,27,-9.3026546098596672,-8.5111431858638618,-0.79151142399580543
theta0.15_kappa0.02,3,28,20.807235145386866,19.836371492939055,0.97086365244781092
theta0.15_kappa0.02,3,29,12.05368009360064,12.779076097949863,-0.72539600434922313
theta0.15_kappa0.02,3,30,11.555851293213056,12.53254659571718,-0.97669530250412429
theta0.15_kappa0.02,3,31,7.6830519933699719,8.5547465855483864,-0.8716945921784145
theta0.15_kappa0.02,3,32,9.3055676701951153,9.5068243869431157,-0.20125671674800039
theta0.15_kappa0.02,3,33,-10.957405216483837,-12.281966310663394,1.3245610941795576
theta0.15_kappa0.02,3,34,10.900674621702642,12.09927482317844,-1.1986002014757986
theta0.15_kappa0.02,3,35,16.368576114372619,16.317576114372233,0.051000000000385626
theta0.15_kappa0.02,3,36,13.348521846349673,12.988026608949504,0.36049523740016909
theta0.15_kappa0.02,3,37,-2.8937306307063122,-2.0334579988300101,-0.8602726318763021
theta0.15_kappa0.02,3,38,11.110092564582851,13.884699965443309,-2.7746074008604573
theta0.15_kappa0.02,3,39,-9.4629229067060976,-8.1202718279119033,-1.3426510787941943
theta0.15_kappa0.02,3,40,4.4723702489847161,4.62629136296915,-0.15392111398443387
theta0.15_kappa0.02,3,41,-3.7118974421337345,-2.8601213196987865,-0.85177612243494805
theta0.15_kappa0.02,3,42,9.5237402419955117,9.1835624442955464,0.34017779769996537
theta0.15_kappa0.02,3,43,0.51019712498766667,-1.0683939312678148,1.5785910562554815
theta0.15_kappa0.02,3,44,4.5549192053715082,6.0688097257412439,-1.5138905203697357
theta0.15_kappa0.02,3,45,13.639056856859993,14.009561760589143,-0.37050490372915057
theta0.15_kappa0.02,3,46,-2.2941375514580393,-4.2381351228999158,1.9439975714418765
theta0.15_kappa0.02,3,47,13.102991119077783,11.82177282545762,1.2812182936201637
theta0.15_kappa0.02,3,48,0.4665616640775358,1.8808314688528609,-1.414269804775325
theta0.15_kappa0.02,3,49,8.8606754283789986,9.1756540831965463,-0.31497865481754772
theta0.15_kappa0.02,3,50,2.1299686819077452,2.2269994720764461,-0.097030790168700864
theta0.15_kappa0.02,3,51,-8.1872973148034642,-11.931327064654294,3.7440297498508297
theta0.15_kappa0.02,3,52,-3.0332603981648543,-3.8596877584554652,0.82642736029061092
theta0.15_kappa0.02,3,53,12.63686850144609,12.189875830596012,0.44699267085007754
theta0.15_kappa0.02,3,54,5.9115309123729949,7.4617006577707059,-1.550169745397711
theta0.15_kappa0.02,3,55,3.9851561943790577,4.3012895903749371,-0.31613339599587942
theta0.15_kappa0.02,3,56,10.092733227406621,10.39906420998472,-0.30633098257809976
theta0.15_kappa0.02,3,57,3.994521122923989,1.7278962256321599,2.266624897291829
theta0.15_kappa0.02,3,58,14.432157230892654,16.234347421027547,-1.8021901901348922
theta0.15_kappa0.02,3,59,11.366596826386154,11.39159682638579,-0.024999999999636202
theta0.15_kappa0.02,3,60,-10.393098606643475,-9.918700616260546,-0.47439799038292918
theta0.15_kappa0.02,3,61,-7.8678821737275797,-8.4693282121617344,0.60144603843415467
theta0.15_kappa0.02,3,62,16.920547901508449,22.108943289504538,-5.1883953879960885
theta0.15_kappa0.02,3,63,12.360488982273097,13.616919816416118,-1.2564308341430213
theta0.15_kappa0.02,3,64,13.414600687336749,14.219309581884389,-0.80470889454763928
theta0.15_kappa0.02,3,65,11.004120881857048,9.4815445345219178,1.5225763473351304
theta0.15_kappa0.02,3,66,8.6730724303217883,8.9934531703076157,-0.32038073998582739
theta0.15_kappa0.02,3,67,16.575125120567954,16.524125120568023,0.050999999999930878
theta0.15_kappa0.02,3,68,11.473784037227924,12.593548288584399,-1.1197642513564752
theta0.15_kappa0.02,3,69,-0.63027545516944339,0.10300564174646749,-0.73328109691591092
theta0.15_kappa0.02,3,70,9.0263042758332563,11.93430659900779,-2.908002323174534
theta0.15_kappa0.02,3,71,14.54993044708603,15.075981326560839,-0.52605087947480911
theta0.15_kappa0.02,3,72,7.0329983244232386,8.1249280076016799,-1.0919296831784413
theta0.15_kappa0.02,3,73,17.97915429997677,17.27073102022413,0.70842327975264041
theta0.15_kappa0.02,3,74,14.008619129707348,12.221639533892937,1.7869795958144117
theta0.15_kappa0.02,3,75,10.2410514939405,10.297395384030072,-0.056343890089571858
theta0.15_kappa0.02,3,76,8.2113560793113169,8.3593660320767853,-0.14800995276546836
theta0.15_kappa0.02,3,77,2.0750963007524525,1.2486770412416126,0.82641925951083994
theta0.15_kappa0.02,3,78,14.562500174891998,14.054691117076006,0.50780905781599195
theta0.15_kappa0.02,3,79,0.39166856595898669,1.005885167559526,-0.61421660160053926
theta0.15_kappa0.02,3,80,7.8127994277335393,7.7617994277340632,0.050999999999476131
theta0.15_kappa0.02,3,81,14.356752572699795,14.305752572700319,0.050999999999476131
theta0.15_kappa0.02,3,82,12.92909469867045,11.8971198509457,1.0319748477247508
theta0.15_kappa0.02,3,83,18.108743594301242,18.133743594301784,-0.025000000000542144
theta0.15_kappa0.02,3,84,1.7714063710782011,2.7334555439269552,-0.96204917284875413
theta0.15_kappa0.02,3,85,7.3261995897978309,8.3261071590437794,-0.99990756924594848
theta0.15_kappa0.02,3,86,1.9475166393930767,2.3079175391317031,-0.36040089973862632
theta0.15_kappa0.02,3,87,13.627322524118068,12.759694009743352,0.86762851437471511
theta0.15_kappa0.02,3,88,1.2607632466280891,1.1724917529499881,0.088271493678101054
theta0.15_kappa0.02,3,89,8.877658709482656,8.877658709482656,0
theta0.15_kappa0.02,3,90,-4.9701507161141087,-5.76337965322928,0.79322893711517128
theta0.15_kappa0.02,3,91,17.153260838388508,16.691482294100879,0.46177854428762899
theta0.15_kappa0.02,3,92,20.297642214093564,18.664191784517268,1.6334504295762962
theta0.15_kappa0.02,3,93,8.7884918164849921,8.838491816485174,-0.050000000000181899
theta0.15_kappa0.02,3,94,11.502387245298424,11.952905181082528,-0.45051793578410404
theta0.15_kappa0.02,3,95,3.9765374525506099,4.483706916482971,-0.50716946393236118
theta0.15_kappa0.02,3,96,5.0911182730401681,3.4827778716221127,1.6083404014180553
theta0.15_kappa0.02,3,97,12.298879172802748,12.373879172801656,-0.074999999998908606
theta0.15_kappa0.02,3,98,11.62193267552637,11.048504395130172,0.57342828039619853
theta0.15_kappa0.02,3,99,-4.4126854735536867,-4.0275203074190689,-0.38516516613461782
theta0.15_kappa0.02,4,0,11.652624470187396,11.790293534692539,-0.13766906450514327
theta0.15_kappa0.02,4,1,5.1616741106497122,5.3978688844833833,-0.23619477383367116
theta0.15_kappa0.02,4,2,11.914964504597584,11.80229978378248,0.11266472081510415
theta0.15_kappa0.02,4,3,-0.066532238292702495,0.54634769524960025,-0.61287993354230275
theta0.15_kappa0.02,4,4,-2.6331833938953841,-4.2544229233825295,1.6212395294871453
theta0.15_kappa0.02,4,5,22.717357363122691,22.510812837866784,0.20654452525590727
theta0.15_kappa0.02,4,6,19.133554131529696,18.808223217751816,0.32533091377787926
theta0.15_kappa0.02,4,7,11.067650898856789,10.536580446975911,0.53107045188087731
theta0.15_kappa0.02,4,8,9.5371325787218044,10.99033122582029,-1.4531986470984855
theta0.15_kappa0.02,4,9,-2.8866960279885752,-3.2068956593184845,0.32019963132990936
theta0.15_kappa0.02,4,10,24.259069760252537,25.838844015179696,-1.5797742549271589
theta0.15_kappa0.02,4,11,-2.3172387745482874,-0.83332655412234014,-1.4839122204259474
theta0.15_kappa0.02,4,12,23.873671601323871,23.873671601323871,0
theta0.15_kappa0.02,4,13,26.807126242985337,26.491743409136426,0.3153828338489113
theta0.15_kappa0.02,4,14,16.892069932843011,18.788622327335929,-1.8965523944929181
theta0.15_kappa0.02,4,15,10.141906028215216,9.3678656344717055,0.77404039374351008
theta0.15_kappa0.02,4,16,1.0833043921300058,-1.003131347940168,2.0864357400701738
theta0.15_kappa0.02,4,17,3.3446204424529915,3.3446407968783078,-2.035442531633791e-05
theta0.15_kappa0.02,4,18,0.52455495774758776,1.2451762514652771,-0.72062129371768935
theta0.15_kappa0.02,4,19,1.5702210187202408,5.4105430967899313,-3.8403220780696907
theta0.15_kappa0.02,4,20,20.543337823912051,20.42931809143619,0.11401973247586028
theta0.15_kappa0.02,4,21,-1.2791282795629368,-0.78624640681020463,-0.49288187275273221
theta0.15_kappa0.02,4,22,11.739613696763749,12.164729023272098,-0.42511532650834916
theta0.15_kappa0.02,4,23,19.203140680619825,18.096780641830385,1.1063600387894397
theta0.15_kappa0.02,4,24,-2.2094973044559567,-1.4320644777624492,-0.77743282669350755
theta0.15_kappa0.02,4,25,19.241380992467413,17.580402206579766,1.6609787858876466
theta0.15_kappa0.02,4,26,2.8877692420888335,2.2595891748534278,0.62818006723540565
theta0.15_kappa0.02,4,27,3.9221737376413301,5.6612698079159243,-1.7390960702745941
theta0.15_kappa0.02,4,28,-8.5652579949934502,-6.7053599825087655,-1.8598980124846847
theta0.15_kappa0.02,4,29,0.46616866926849809,-1.2822039674454555,1.7483726367139536
theta0.15_kappa0.02,4,30,4.749016766969147,4.966854222923776,-0.217837455954629
theta0.15_kappa0.02,4,31,-12.77345370410128,-12.369104814658105,-0.40434888944317571
theta0.15_kappa0.02,4,32,10.387468272032759,10.437468272032032,-0.049999999999272404
theta0.15_kappa0.02,4,33,2.4413460237700582,1.2128347697130684,1.2285112540569898
theta0.15_kappa0.02,4,34,5.5218938618322104,4.6510937170283659,0.87080014480384449
theta0.15_kappa0.02,4,35,6.6374444823940664,6.6060844342706488,0.031360048123417528
theta0.15_kappa0.02,4,36,9.6287396766617093,9.9856183305850035,-0.35687865392329421
theta0.15_kappa0.02,4,37,9.6717303405304058,10.184528781660456,-0.51279844113004991
theta0.15_kappa0.02,4,38,5.5551520641831056,5.5659396244531134,-0.010787560270007823
theta0.15_kappa0.02,4,39,10.475389722939752,10.387104260697065,0.088285462242687629
theta0.15_kappa0.02,4,40,-2.1838731975463381,-2.5040598230254836,0.32018662547914545
theta0.15_kappa0.02,4,41,2.5803882832459721,3.669390498880531,-1.0890022156345589
theta0.15_kappa0.02,4,42,12.764671109876192,12.890847946942539,-0.12617683706634786
theta0.15_kappa0.02,4,43,0.70095019725500762,-1.1869516039464345,1.8879018012014421
theta0.15_kappa0.02,4,44,20.320327486510426,19.109276732498884,1.2110507540115414
theta0.15_kappa0.02,4,45,1.5803712080114971,2.5835228778817663,-1.0031516698702692
theta0.15_kappa0.02,4,46,18.701533585594795,21.004155762388955,-2.3026221767941593
theta0.15_kappa0.02,4,47,7.370247362792524,8.0996357414271323,-0.72938837863460826
theta0.15_kappa0.02,4,48,2.4153169477480727,4.1406890053146741,-1.7253720575666014
theta0.15_kappa0.02,4,49,6.6080385893277338,2.9394361298996881,3.6686024594280457
theta0.15_kappa0.02,4,50,-0.064565103108030694,1.0215342031594885,-1.0860993062675193
theta0.15_kappa0.02,4,51,1.3687411145223196,-0.031146268706845299,1.3998873832291649
theta0.15_kappa0.02,4,52,-3.0675206824995005,-4.1135064053274366,1.0459857228279361
theta0.15_kappa0.02,4,53,5.539997993556911,7.100960868187487,-1.5609628746305759
theta0.15_kappa0.02,4,54,14.823310391474156,16.81458219278171,-1.9912718013075548
theta0.15_kappa0.02,4,55,16.590439169692242,16.137707012853603,0.4527321568386391
theta0.15_kappa0.02,4,56,-1.0283571142064729,-0.59235143741402319,-0.43600567679244973
theta0.15_kappa0.02,4,57,7.9494314217227036,8.4719154926180167,-0.52248407089531312
theta0.15_kappa0.02,4,58,18.894606307990177,18.302134904854285,0.59247140313589242
theta0.15_kappa0.02,4,59,20.012871234364319,20.030818162586964,-0.017946928222645653
theta0.15_kappa0.02,4,60,18.25345435070523,17.066817016162101,1.1866373345431285
theta0.15_kappa0.02,4,61,12.491129581519807,10.372114419738264,2.1190151617815438
theta0.15_kappa0.02,4,62,5.6494505479796118,5.8303470428892448,-0.180896494909633
theta0.15_kappa0.02,4,63,13.649889251501834,14.63873664100613,-0.98884738950429529
theta0.15_kappa0.02,4,64,18.725251855046945,16.794752156668828,1.9304996983781173
theta0.15_kappa0.02,4,65,-2.3847764896755508,-0.95779745206637401,-1.4269790376091769
theta0.15_kappa0.02,4,66,2.5276105306492425,2.5276105306492425,0
theta0.15_kappa0.02,4,67,13.17135454896872,13.67300071004794,-0.50164616107922022
theta0.15_kappa0.02,4,68,18.832450053280457,19.541310902226488,-0.7088608489460313
theta0.15_kappa0.02,4,69,2.2598439350205153,2.3098439350206972,-0.050000000000181899
theta0.15_kappa0.02,4,70,17.456745201048708,19.662245523448657,-2.2055003223999492
theta0.15_kappa0.02,4,71,9.3803641292920883,9.2625047405769116,0.11785938871517665
theta0.15_kappa0.02,4,72,19.626052070768832,19.600052070769902,0.025999999998930434
theta0.15_kappa0.02,4,73,3.2211785080030455,3.2718074416752199,-0.050628933672174359
theta0.15_kappa0.02,4,74,1.3865452163198515,-0.21370816524202199,1.6002533815618736
theta0.15_kappa0.02,4,75,6.541362203499558,7.2537751979147664,-0.71241299441520844
theta0.15_kappa0.02,4,76,7.9328283786434701,9.3492412182089488,-1.4164128395654787
theta0.15_kappa0.02,4,77,1.6068532833396609,1.0891477292423739,0.51770555409728702
theta0.15_kappa0.02,4,78,16.220281105539787,16.65654734173182,-0.43626623619203286
theta0.15_kappa0.02,4,79,17.500254889140855,15.347117096734973,2.1531377924058823
theta0.15_kappa0.02,4,80,15.907291130774905,16.467038605418349,-0.55974747464344432
theta0.15_kappa0.02,4,81,13.634765131506279,15.408205021956986,-1.7734398904507067
theta0.15_kappa0.02,4,82,8.0377737780510401,6.1713517890067422,1.8664219890442979
theta0.15_kappa0.02,4,83,2.7291101494491099,2.0613138186841913,0.66779633076491862
theta0.15_kappa0.02,4,84,16.002319540183844,16.085405062824428,-0.083085522640583775
theta0.15_kappa0.02,4,85,7.3420552226901075,7.608902381499016,-0.26684715880890852
theta0.15_kappa0.02,4,86,8.7827103086736251,7.3769205360299779,1.4057897726436472
theta0.15_kappa0.02,4,87,9.2654588636463409,9.7969394994627095,-0.53148063581636862
theta0.15_kappa0.02,4,88,3.1139153088994567,3.4374604429115929,-0.32354513401213625
theta0.15_kappa0.02,4,89,1.0439691424326436,0.2062583698522604,0.83771077258038318
theta0.15_kappa0.02,4,90,-3.413033151222483,-3.5826009141623207,0.16956776293983777
theta0.15_kappa0.02,4,91,14.258744890196676,15.29895817626717,-1.0402132860704949
theta0.15_kappa0.02,4,92,3.0921612854460681,4.2230257043465667,-1.1308644189004986
theta0.15_kappa0.02,4,93,-3.9465281233702409,-3.9290493881760562,-0.017478735194184747
theta0.15_kappa0.02,4,94,15.957507677327373,14.261109053101736,1.6963986242256368
theta0.15_kappa0.02,4,95,15.579052004481261,12.032327411048859,3.5467245934324012
theta0.15_kappa0.02,4,96,23.993476140967811,24.923996203938955,-0.93052006297114431
theta0.15_kappa0.02,4,97,0.28136398598784762,0.30636398598793851,-0.025000000000090894
theta0.15_kappa0.02,4,98,21.673071481718964,20.817245704460102,0.85582577725886111
theta0.15_kappa0.02,4,99,2.1376540498139192,3.5189464845663938,-1.3812924347524747
theta0.15_kappa0.02,5,0,17.608483006738705,18.232013319049617,-0.62353031231091194
theta0.15_kappa0.02,5,1,17.230501349017466,17.17950134901799,0.050999999999476131
theta0.15_kappa0.02,5,2,-0.82153244824811023,0.74750932024907502,-1.5690417684971854
theta0.15_kappa0.02,5,3,-11.90241501500968,-13.759432460079244,1.8570174450695642
theta0.15_kappa0.02,5,4,15.766986526630548,17.127900198933101,-1.3609136723025532
theta0.15_kappa0.02,5,5,19.602109722089327,20.512620866065109,-0.91051114397578203
theta0.15_kappa0.02,5,6,12.607806125326125,12.910093194562249,-0.30228706923612414
theta0.15_kappa0.02,5,7,15.382424634822735,15.572351094260773,-0.18992645943803765
theta0.15_kappa0.02,5,8,12.085956645831532,11.46571226176934,0.6202443840621914
theta0.15_kappa0.02,5,9,15.617712363771741,15.919872185864593,-0.30215982209285208
theta0.15_kappa0.02,5,10,19.403222240007992,19.45222224000706,-0.048999999999068677
theta0.15_kappa0.02,5,11,7.827061627543511,7.7880541068437292,0.03900752069978175
theta0.15_kappa0.02,5,12,26.124588137534829,26.662038236188231,-0.53745009865340165
theta0.15_kappa0.02,5,13,20.677478201943575,22.792092057064259,-2.1146138551206839
theta0.15_kappa0.02,5,14,17.080269857201387,22.020080631956812,-4.9398107747554256
theta0.15_kappa0.02,5,15,12.858863044876101,12.857863044874986,0.0010000000011149979
theta0.15_kappa0.02,5,16,9.3122241128014327,9.9860172790381299,-0.67379316623669716
theta0.15_kappa0.02,5,17,-8.1102528265447784,-8.9693336514409623,0.85908082489618387
theta0.15_kappa0.02,5,18,14.42865734348417,15.272360297547063,-0.84370295406289308
theta0.15_kappa0.02,5,19,3.803152506317574,3.3179707352526542,0.48518177106491978
theta0.15_kappa0.02,5,20,7.2130795042067577,5.7266392469867204,1.4864402572200373
theta0.15_kappa0.02,5,21,3.3732756910188515,3.3732756910188515,0
theta0.15_kappa0.02,5,22,8.857838896286502,8.1196484845001056,0.73819041178639644
theta0.15_kappa0.02,5,23,-4.4175465137845942,-3.4295536002625058,-0.9879929135220884
theta0.15_kappa0.02,5,24,-2.9093053899664247,-1.9334061833351823,-0.97589920663124241
theta0.15_kappa0.02,5,25,17.954572152026302,17.542120591277509,0.41245156074879219
theta0.15_kappa0.02,5,26,-11.996327072019804,-13.510218798074472,1.513891726054668
theta0.15_kappa0.02,5,27,15.518945283735162,20.225201778796123,-4.7062564950609609
theta0.15_kappa0.02,5,28,9.6823486869492594,7.9594671186404202,1.7228815683088392
theta0.15_kappa0.02,5,29,9.0655461541428082,8.7008368989255533,0.36470925521725484
theta0.15_kappa0.02,5,30,-4.8411310514032166,-3.5364664252645932,-1.3046646261386234
theta0.15_kappa0.02,5,31,8.8008129785269702,7.3223293928019153,1.4784835857250549
theta0.15_kappa0.02,5,32,12.987441787702091,12.972880794345931,0.014560993356159457
theta0.15_kappa0.02,5,33,-1.1636400006693419,-0.99896137841693244,-0.16467862225240948
theta0.15_kappa0.02,5,34,14.204425107029907,14.810136476815655,-0.60571136978574813
theta0.15_kappa0.02,5,35,2.0217051447041099,1.5795931615095176,0.44211198319459233
theta0.15_kappa0.02,5,36,24.563570626929611,24.711853410918195,-0.1482827839885843
theta0.15_kappa0.02,5,37,7.1227875567846324,5.7582260824543887,1.3645614743302437
theta0.15_kappa0.02,5,38,2.894699897892564,3.1701496165406513,-0.27544971864808732
theta0.15_kappa0.02,5,39,11.221043313120225,11.440570930792694,-0.21952761767246898
theta0.15_kappa0.02,5,40,-12.986284047627356,-12.992198100693926,0.005914053066570446
theta0.15_kappa0.02,5,41,1.7566619035859168,0.97288902001987843,0.78377288356603836
theta0.15_kappa0.02,5,42,3.2004499832567781,6.2780889541456215,-3.0776389708888434
theta0.15_kappa0.02,5,43,3.303596953480362,4.4790408208463521,-1.1754438673659902
theta0.15_kappa0.02,5,44,15.40071758291942,14.625117518187448,0.77560006473197163
theta0.15_kappa0.02,5,45,0.30155800224680201,-0.67298737529802377,0.97454537754482584
theta0.15_kappa0.02,5,46,3.8880820280585304,3.6379891361712815,0.25009289188724892
theta0.15_kappa0.02,5,47,11.288869320170344,11.211869320170576,0.076999999999767255
theta0.15_kappa0.02,5,48,3.9402307353448416,3.6493702825738512,0.29086045277099037
theta0.15_kappa0.02,5,49,-3.4689060007025621,-2.6870708425276608,-0.78183515817490123
theta0.15_kappa0.02,5,50,9.4200171269904516,6.7368127328847258,2.6832043941057258
theta0.15_kappa0.02,5,51,4.1026788653264283,3.132192805268367,0.97048606005806137
theta0.15_kappa0.02,5,52,12.983286251627067,13.785017293649339,-0.80173104202227208
theta0.15_kappa0.02,5,53,19.629449384426621,18.921129055370685,0.70832032905593678
theta0.15_kappa0.02,5,54,0.3606855497115613,-0.38079391458358802,0.74147946429514933
theta0.15_kappa0.02,5,55,7.3572623582166337,8.1489074244800097,-0.79164506626337605
theta0.15_kappa0.02,5,56,1.4800625011500752,2.2867886445326446,-0.80672614338256943
theta0.15_kappa0.02,5,57,-0.1174957170710184,0.62817976819878085,-0.74567548526979921
theta0.15_kappa0.02,5,58,10.896300354677059,10.896300354677059,0
theta0.15_kappa0.02,5,59,11.546028063344307,11.055793891970383,0.490234171373924
theta0.15_kappa0.02,5,60,9.5813775155903151,9.5813775155903151,0
theta0.15_kappa0.02,5,61,-7.9811649639621063,-8.8571770397734362,0.87601207581132989
theta0.15_kappa0.02,5,62,17.652886075082751,16.141960513943189,1.5109255611395618
theta0.15_kappa0.02,5,63,9.7912685670824207,7.9365682586888484,1.8547003083935723
theta0.15_kappa0.02,5,64,20.218350337090257,18.027108398808213,2.1912419382820438
theta0.15_kappa0.02,5,65,7.8964072392998821,7.4139591817655166,0.48244805753436548
theta0.15_kappa0.02,5,66,-1.453319377144412,-2.1104750876338239,0.6571557104894119
theta0.15_kappa0.02,5,67,27.96716323370665,28.042163233706468,-0.074999999999818101
theta0.15_kappa0.02,5,68,5.1556678949123009,5.0204398239535433,0.13522807095875766
theta0.15_kappa0.02,5,69,10.684368848630916,10.703740651639274,-0.019371803008358057
theta0.15_kappa0.02,5,70,7.460992514098387,3.3587389261447056,4.1022535879536814
theta0.15_kappa0.02,5,71,15.200625087946584,14.49932720808394,0.70129787986264347
theta0.15_kappa0.02,5,72,18.672246408431249,15.881190425187253,2.7910559832439965
theta0.15_kappa0.02,5,73,5.6274965187102461,5.6524965187098823,-0.024999999999636202
theta0.15_kappa0.02,5,74,3.9986447042042745,3.4260160188472506,0.57262868535702394
theta0.15_kappa0.02,5,75,15.343607938477104,13.641068261293436,1.7025396771836689
theta0.15_kappa0.02,5,76,1.9489999044363184,6.4069747303430162,-4.4579748259066978
theta0.15_kappa0.02,5,77,12.463267021463306,15.294892778547007,-2.8316257570837013
theta0.15_kappa0.02,5,78,8.0304322673273489,6.1144161310903362,1.9160161362370127
theta0.15_kappa0.02,5,79,31.001110996085561,30.514757893551668,0.48635310253389363
theta0.15_kappa0.02,5,80,16.338367400868783,17.527480822891921,-1.1891134220231372
theta0.15_kappa0.02,5,81,10.435668844294849,10.435668844294849,0
theta0.15_kappa0.02,5,82,15.69087615434962,15.689876154349417,0.0010000000002037268
theta0.15_kappa0.02,5,83,14.649869208420387,15.494967521977262,-0.84509831355687481
theta0.15_kappa0.02,5,84,13.598503031517442,11.384970784033412,2.2135322474840304
theta0.15_kappa0.02,5,85,10.1795410514422,9.3929438994539201,0.78659715198828017
theta0.15_kappa0.02,5,86,15.527410849540196,15.384623591995082,0.14278725754511434
theta0.15_kappa0.02,5,87,4.8699832184220266,5.5547730439714336,-0.68478982554940693
theta0.15_kappa0.02,5,88,3.0880557920089191,6.7855018063793535,-3.6974460143704344
theta0.15_kappa0.02,5,89,18.00178854113873,16.88237018641567,1.1194183547230594
theta0.15_kappa0.02,5,90,-1.57574190162362,-1.5183744812162223,-0.057367420407397729
theta0.15_kappa0.02,5,91,4.9683067775361014,3.3104141891465657,1.6578925883895357
theta0.15_kappa0.02,5,92,8.5595969608879852,5.8107249776064531,2.748871983281532
theta0.15_kappa0.02,5,93,-3.7697303260115809,-2.754706659378928,-1.0150236666326529
theta0.15_kappa0.02,5,94,2.7506125885402612,3.0489966849939192,-0.29838409645365793
theta0.15_kappa0.02,5,95,4.4780553472541662,3.934325688859333,0.54372965839483323
theta0.15_kappa0.02,5,96,12.142931262977342,12.116931262977502,0.025999999999839929
theta0.15_kappa0.02,5,97,-1.5084395969043916,-3.005740932505665,1.4973013356012734
theta0.15_kappa0.02,5,98,17.376164875792551,17.401164875792187,-0.024999999999636202
theta0.15_kappa0.02,5,99,-1.4685596836752921,-2.4352629729648867,0.96670328928959459
theta0.15_kappa0.02,6,0,2.3111413294006926,3.4497826369040991,-1.1386413075034065
theta0.15_kappa0.02,6,1,17.450940450753372,18.22996455418588,-0.7790241034325085
theta0.15_kappa0.02,6,2,14.174493558656769,14.199493558656858,-0.025000000000089173
theta0.15_kappa0.02,6,3,-1.6260318868452506,-4.363430906214866,2.7373990193696152
theta0.15_kappa0.02,6,4,-8.6306255817535273,-8.0567888142072537,-0.57383676754627366
theta0.15_kappa0.02,6,5,1.3188858775778591,2.0808134776957763,-0.76192760011791716
theta0.15_kappa0.02,6,6,8.3743759791404422,7.7983398638858104,0.57603611525463183
theta0.15_kappa0.02,6,7,11.617117493846743,11.505002746349115,0.11211474749762829
theta0.15_kappa0.02,6,8,17.850131097445857,17.721654221489718,0.12847687595613877
theta0.15_kappa0.02,6,9,8.1179392081517499,7.5067001309617476,0.61123907719000226
theta0.15_kappa0.02,6,10,11.508339787479164,11.545485912729514,-0.037146125250350437
theta0.15_kappa0.02,6,11,-3.840050029800131,-3.981701640328061,0.14165161052792996
theta0.15_kappa0.02,6,12,7.2706898750100173,7.9690540153926284,-0.69836414038261108
theta0.15_kappa0.02,6,13,5.5685379390967658,6.7424654776821935,-1.1739275385854278
theta0.15_kappa0.02,6,14,-0.43596383971289843,-1.7952531153758782,1.3592892756629797
theta0.15_kappa0.02,6,15,15.070843302014111,14.63479773225755,0.43604556975656195
theta0.15_kappa0.02,6,16,8.976177029739338,9.5974909004908397,-0.6213138707515018
theta0.15_kappa0.02,6,17,3.5437428189697919,4.0607017559719782,-0.51695893700218631
theta0.15_kappa0.02,6,18,16.275224435337229,16.366723934790688,-0.09149949945345881
theta0.15_kappa0.02,6,19,13.079512367853493,10.302162328690706,2.777350039162787
theta0.15_kappa0.02,6,20,8.6811007576835184,9.6254854322258261,-0.94438467454230768
theta0.15_kappa0.02,6,21,7.3229085818932722,8.9846267604186867,-1.6617181785254145
theta0.15_kappa0.02,6,22,-2.4716983097355341,-2.7449494455521282,0.2732511358165941
theta0.15_kappa0.02,6,23,19.110909747731579,19.071796581099505,0.03911316663207387
theta0.15_kappa0.02,6,24,15.162960666542274,14.945187442865832,0.21777322367644203
theta0.15_kappa0.02,6,25,4.0257085443509508,5.1000519828939375,-1.0743434385429866
theta0.15_kappa0.02,6,26,28.158529682718996,27.382598644738568,0.77593103798042762
theta0.15_kappa0.02,6,27,8.8555028957058859,11.134131064756232,-2.2786281690503465
theta0.15_kappa0.02,6,28,-0.72199265829022274,-0.72199265829022274,0
theta0.15_kappa0.02,6,29,10.683620810883454,10.447111807774975,0.23650900310847867
theta0.15_kappa0.02,6,30,25.206409572876332,25.155409572875943,0.051000000000389178
theta0.15_kappa0.02,6,31,20.602035934983885,21.124025489308693,-0.52198955432480787
theta0.15_kappa0.02,6,32,4.1181917094936979,0.37442017581862092,3.7437715336750772
theta0.15_kappa0.02,6,33,16.66763641486633,16.66763641486633,0
theta0.15_kappa0.02,6,34,19.581334599667606,19.581334599667606,0
theta0.15_kappa0.02,6,35,14.142963111554383,14.912350295024698,-0.76938718347031454
theta0.15_kappa0.02,6,36,32.804944740833598,34.622324020239454,-1.8173792794058556
theta0.15_kappa0.02,6,37,7.3162466256802423,7.3162466256802423,0
theta0.15_kappa0.02,6,38,3.4056674209750479,5.6430320458370957,-2.2373646248620478
theta0.15_kappa0.02,6,39,17.548579105184313,19.334331553993223,-1.7857524488089105
theta0.15_kappa0.02,6,40,-0.1146417777713639,2.3955852367006711,-2.5102270144720351
theta0.15_kappa0.02,6,41,1.7700470694600754,1.6980689642954985,0.071978105164576922
theta0.15_kappa0.02,6,42,1.5334425957178437,2.8424389839633228,-1.3089963882454791
theta0.15_kappa0.02,6,43,13.188904133352651,12.725777164180412,0.46312696917223839
theta0.15_kappa0.02,6,44,10.705985147408278,10.654985147408349,0.050999999999929102
theta0.15_kappa0.02,6,45,4.8560651778494739,5.9028461032317079,-1.046780925382234
theta0.15_kappa0.02,6,46,16.476071252550717,18.206877715957784,-1.7308064634070668
theta0.15_kappa0.02,6,47,2.1785937287963395,2.6726408703169224,-0.49404714152058293
theta0.15_kappa0.02,6,48,2.3085054976364896,2.2784899709433284,0.03001552669316121
theta0.15_kappa0.02,6,49,11.206095573669137,10.390591620745292,0.81550395292384437
theta0.15_kappa0.02,6,50,17.053896009789511,19.401665849182603,-2.3477698393930915
theta0.15_kappa0.02,6,51,18.672271261328095,18.766416633263812,-0.094145371935717037
theta0.15_kappa0.02,6,52,6.7129535210099203,9.3900821836800432,-2.6771286626701229
theta0.15_kappa0.02,6,53,15.223221554348164,14.083924795067654,1.1392967592805103
theta0.15_kappa0.02,6,54,15.78849199817768,15.322064984914659,0.46642701326302038
theta0.15_kappa0.02,6,55,6.2601545525950435,6.2591545525948398,0.0010000000002037268
theta0.15_kappa0.02,6,56,16.499445678780212,14.738283051498822,1.7611626272813901
theta0.15_kappa0.02,6,57,18.71680832209762,19.212422211151761,-0.49561388905414105
theta0.15_kappa0.02,6,58,12.033950431852638,11.78248144135139,0.25146899050124816
theta0.15_kappa0.02,6,59,10.002873147385795,7.8399109692894644,2.1629621780963308
theta0.15_kappa0.02,6,60,0.69642345519873938,0.50724009688950189,0.18918335830923749
theta0.15_kappa0.02,6,61,-0.72012978804305394,-0.72128349307297679,0.0011537050299228468
theta0.15_kappa0.02,6,62,17.706175741411762,17.230830481884983,0.47534525952677953
theta0.15_kappa0.02,6,63,5.0532833985998433,4.3149127463291874,0.7383706522706559
theta0.15_kappa0.02,6,64,13.90938441350615,14.56931297671586,-0.65992856320971072
theta0.15_kappa0.02,6,65,12.772646014516489,13.256462022859427,-0.48381600834293792
theta0.15_kappa0.02,6,66,9.4937857695289694,5.6753572604970053,3.8184285090319641
theta0.15_kappa0.02,6,67,1.2524996991587587,1.6219327785783051,-0.3694330794195464
theta0.15_kappa0.02,6,68,22.737944384650785,23.71920400058297,-0.98125961593218491
theta0.15_kappa0.02,6,69,-2.1458204350693251,-0.6446224287578135,-1.5011980063115116
theta0.15_kappa0.02,6,70,-3.4047097438928775,-4.4823225853631907,1.0776128414703132
theta0.15_kappa0.02,6,71,-8.7977079456350005,-8.9262713736547532,0.12856342801975273
theta0.15_kappa0.02,6,72,-8.1047073940574137,-7.8054712442002776,-0.29923614985713609
theta0.15_kappa0.02,6,73,11.231133484858216,10.979523302129969,0.2516101827282462
theta0.15_kappa0.02,6,74,23.467123481575129,23.858245218011575,-0.3911217364364461
theta0.15_kappa0.02,6,75,4.8670041196952294,4.0405159705892615,0.82648814910596791
theta0.15_kappa0.02,6,76,1.6609830701325046,4.0828031097646713,-2.4218200396321667
theta0.15_kappa0.02,6,77,30.294413153175885,30.647370848248485,-0.35295769507260033
theta0.15_kappa0.02,6,78,16.817433677909555,16.487002843458658,0.33043083445089749
theta0.15_kappa0.02,6,79,-8.0585978152347266,-4.8048716159033527,-3.253726199331374
theta0.15_kappa0.02,6,80,12.017085602223506,12.042085602224052,-0.025000000000545697
theta0.15_kappa0.02,6,81,19.291654373868223,19.505499665124432,-0.21384529125620944
theta0.15_kappa0.02,6,82,-1.0772938168085529,1.4164559040265012,-2.4937497208350541
theta0.15_kappa0.02,6,83,9.8505094812445595,10.828595996882513,-0.97808651563795301
theta0.15_kappa0.02,6,84,1.6617504222832511,1.7388268902907666,-0.077076468007515553
theta0.15_kappa0.02,6,85,11.966355614359138,11.941355614358592,0.025000000000545697
theta0.15_kappa0.02,6,86,14.144330631886437,14.246934374945612,-0.1026037430591753
theta0.15_kappa0.02,6,87,1.6445698198965619,4.6062988767599311,-2.9617290568633692
theta0.15_kappa0.02,6,88,19.186218114369876,19.186218114369876,0
theta0.15_kappa0.02,6,89,-2.6944268693622675,-5.3844141457362307,2.6899872763739632
theta0.15_kappa0.02,6,90,9.5691393035425527,10.048021332098612,-0.47888202855605932
theta0.15_kappa0.02,6,91,7.1611350161656135,6.5908607066716414,0.57027430949397218
theta0.15_kappa0.02,6,92,21.454448994694825,21.368141608259322,0.08630738643550373
theta0.15_kappa0.02,6,93,3.0705919355085989,2.9924395001686479,0.078152435339950976
theta0.15_kappa0.02,6,94,10.688248255185757,11.218436054321144,-0.53018779913538694
theta0.15_kappa0.02,6,95,7.762993812302259,7.7817205298564964,-0.018726717554237382
theta0.15_kappa0.02,6,96,14.703434951516387,14.728434951516023,-0.024999999999636202
theta0.15_kappa0.02,6,97,4.3966355930853371,3.3625391890123155,1.0340964040730216
theta0.15_kappa0.02,6,98,18.710288774322144,18.696968626358309,0.013320147963835183
theta0.15_kappa0.02,6,99,12.083447523415485,12.108447523415119,-0.024999999999634426
theta0.15_kappa0.02,7,0,4.2875376434474122,4.2865376434472076,0.001000000000204615
theta0.15_kappa0.02,7,1,1.8712197896727212,0.84430725356443692,1.0269125361082843
theta0.15_kappa0.02,7,2,1.0092893849342144,-2.1754233754047494,3.1847127603389636
theta0.15_kappa0.02,7,3,10.287161453361771,10.273176682953675,0.013984770408095315
theta0.15_kappa0.02,7,4,13.764778323812971,11.238648290885443,2.5261300329275276
theta0.15_kappa0.02,7,5,20.545303010413832,21.130573716901395,-0.58527070648756307
theta0.15_kappa0.02,7,6,4.8542788219453321,4.3034178458827332,0.55086097606259887
theta0.15_kappa0.02,7,7,8.1792249036394118,4.9358436848074687,3.2433812188319431
theta0.15_kappa0.02,7,8,8.5835744752975831,7.9806564829065412,0.60291799239104193
theta0.15_kappa0.02,7,9,7.8192506853917694,9.6906260927653527,-1.8713754073735833
theta0.15_kappa0.02,7,10,0.41595008921374371,0.44095008921337991,-0.024999999999636202
theta0.15_kappa0.02,7,11,1.128482282403217,1.5219443411204712,-0.39346205871725415
theta0.15_kappa0.02,7,12,26.003889523514768,25.511224772758737,0.49266475075603111
theta0.15_kappa0.02,7,13,7.5464479765185546,4.4569249530721189,3.0895230234464357
theta0.15_kappa0.02,7,14,-8.7119368911101009,-6.7171953912376523,-1.9947414998724486
theta0.15_kappa0.02,7,15,7.4722206614368334,7.445220661436335,0.027000000000498403
theta0.15_kappa0.02,7,16,-3.0076065826452067,-1.6504093231215411,-1.3571972595236657
theta0.15_kappa0.02,7,17,7.8115129688732061,5.0145719176651831,2.7969410512080231
theta0.15_kappa0.02,7,18,8.9069642359967318,8.2178908226236516,0.68907341337308026
theta0.15_kappa0.02,7,19,5.2230080408499306,5.6054353658308935,-0.38242732498096288
theta0.15_kappa0.02,7,20,3.9246440405847896,4.0164611096589722,-0.091817069074182633
theta0.15_kappa0.02,7,21,9.7058318277657527,9.8570949392959015,-0.15126311153014882
theta0.15_kappa0.02,7,22,6.0028408965439919,5.7646164961587019,0.23822440038529002
theta0.15_kappa0.02,7,23,6.0866174592375382,6.9152395919022087,-0.82862213266467055
theta0.15_kappa0.02,7,24,3.1255107270777187,2.1573497301853894,0.96816099689232926
theta0.15_kappa0.02,7,25,3.4131914519355586,3.6252345614943744,-0.21204310955881578
theta0.15_kappa0.02,7,26,9.3520782529863116,8.9076341020581431,0.44444415092816847
theta0.15_kappa0.02,7,27,17.063442032535946,15.879788900637196,1.1836531318987493
theta0.15_kappa0.02,7,28,20.782255892861212,19.872887057137472,0.90936883572373972
theta0.15_kappa0.02,7,29,20.664374730269749,20.542665793115965,0.12170893715378384
theta0.15_kappa0.02,7,30,25.351083010217032,22.243936165498848,3.1071468447181836
theta0.15_kappa0.02,7,31,18.817059111205857,14.914388108097532,3.9026710031083258
theta0.15_kappa0.02,7,32,16.170223074230229,16.654392139963722,-0.48416906573349294
theta0.15_kappa0.02,7,33,1.2178111638373994,1.4809803510443926,-0.26316918720699323
theta0.15_kappa0.02,7,34,34.797299381724336,35.222685581213234,-0.42538619948889789
theta0.15_kappa0.02,7,35,21.733627595382838,20.756467875637579,0.97715971974525928
theta0.15_kappa0.02,7,36,15.364849151344471,15.263356824171341,0.10149232717312984
theta0.15_kappa0.02,7,37,5.8381680288541045,5.7003023034536033,0.13786572540050113
theta0.15_kappa0.02,7,38,-10.207462323004885,-10.350475926851759,0.14301360384687456
theta0.15_kappa0.02,7,39,2.2891935305392126,0.87645569368134058,1.412737836857872
theta0.15_kappa0.02,7,40,11.820788271011748,11.562897895664658,0.25789037534709003
theta0.15_kappa0.02,7,41,18.150451473498244,18.178775222956823,-0.028323749458579073
theta0.15_kappa0.02,7,42,8.4991429903395694,9.1247896393992498,-0.62564664905968037
theta0.15_kappa0.02,7,43,-6.3796096858737306,-5.5898428541153855,-0.78976683175834506
theta0.15_kappa0.02,7,44,18.037067469619007,16.585950885059699,1.4511165845593084
theta0.15_kappa0.02,7,45,7.8484689606708748,7.3316749300614941,0.51679403060938078
theta0.15_kappa0.02,7,46,26.777955661079467,24.732982010156604,2.0449736509228629
theta0.15_kappa0.02,7,47,16.532463704228938,15.8189706190383,0.71349308519063825
theta0.15_kappa0.02,7,48,19.957746223256837,20.154197559755623,-0.19645133649878588
theta0.15_kappa0.02,7,49,4.8579303858635736,6.0493611667158493,-1.1914307808522757
theta0.15_kappa0.02,7,50,2.3515174421774647,3.8348029303630282,-1.4832854881855635
theta0.15_kappa0.02,7,51,10.276039327245751,9.5697326098231503,0.70630671742260098
theta0.15_kappa0.02,7,52,8.3007373560853708,7.1186249318880339,1.1821124241973369
theta0.15_kappa0.02,7,53,12.537092454826318,12.201763765804335,0.3353286890219831
theta0.15_kappa0.02,7,54,14.255532581991996,14.280532581992087,-0.025000000000090949
theta0.15_kappa0.02,7,55,13.573061460050162,12.599311884922104,0.97374957512805871
theta0.15_kappa0.02,7,56,6.7318625720664196,6.6399768627578295,0.09188570930859008
theta0.15_kappa0.02,7,57,2.3261302980387519,1.3190248539114218,1.0071054441273302
theta0.15_kappa0.02,7,58,12.075237495616925,12.149595601426579,-0.074358105809654518
theta0.15_kappa0.02,7,59,-4.2158269420661929,-1.2876365308785171,-2.9281904111876758
theta0.15_kappa0.02,7,60,8.1447094233369661,5.428421851072593,2.7162875722643731
theta0.15_kappa0.02,7,61,19.511443608650143,19.843112840932132,-0.33166923228198897
theta0.15_kappa0.02,7,62,6.8231348970636496,6.873134897064741,-0.050000000001091394
theta0.15_kappa0.02,7,63,2.8279691004792404,2.1081561882494793,0.71981291222976118
theta0.15_kappa0.02,7,64,9.3713052304921565,8.7751953571621986,0.59610987332995791
theta0.15_kappa0.02,7,65,17.588559293975329,16.696038084478719,0.89252120949661062
theta0.15_kappa0.02,7,66,-5.2331867671578367,-4.252006819247617,-0.98117994791021967
theta0.15_kappa0.02,7,67,4.8513964444691364,4.887285338969769,-0.035888894500632595
theta0.15_kappa0.02,7,68,-0.31316715213895718,-1.317014383393128,1.0038472312541709
theta0.15_kappa0.02,7,69,6.082713695841151,6.4302824425672558,-0.34756874672610483
theta0.15_kappa0.02,7,70,18.733485166643579,18.776242813776697,-0.042757647133118581
theta0.15_kappa0.02,7,71,10.901088751429487,10.347073428609589,0.55401532281989851
theta0.15_kappa0.02,7,72,20.773839904659511,20.270732426527218,0.50310747813229284
theta0.15_kappa0.02,7,73,16.462293705325603,16.361123455875795,0.10117024944980813
theta0.15_kappa0.02,7,74,19.628676362861441,18.992867205982801,0.63580915687863993
theta0.15_kappa0.02,7,75,11.430483166582118,12.170809152846516,-0.74032598626439849
theta0.15_kappa0.02,7,76,3.6072077408844461,4.795101595157389,-1.1878938542729429
theta0.15_kappa0.02,7,77,-3.6549938127474189,-2.2440361543964675,-1.4109576583509513
theta0.15_kappa0.02,7,78,2.7008256294210184,2.5988256294220662,0.10199999999895226
theta0.15_kappa0.02,7,79,-5.4138894345975315,-8.1024254568627043,2.6885360222651729
theta0.15_kappa0.02,7,80,20.892276760591823,18.931660241969791,1.9606165186220323
theta0.15_kappa0.02,7,81,20.785790114707591,20.244062369930258,0.54172774477733299
theta0.15_kappa0.02,7,82,4.8602563291368375,4.835986443263379,0.024269885873458463
theta0.15_kappa0.02,7,83,5.2916846012193171,6.0364438979767625,-0.74475929675744545
theta0.15_kappa0.02,7,84,16.087150246604867,15.841758344235238,0.24539190236962938
theta0.15_kappa0.02,7,85,18.890493499664871,20.212205750212199,-1.3217122505473284
theta0.15_kappa0.02,7,86,7.3345888626749121,5.6902383558960388,1.6443505067788733
theta0.15_kappa0.02,7,87,3.0057885589216964,1.9104103025942387,1.0953782563274577
theta0.15_kappa0.02,7,88,4.606327205602021,5.1489925702031023,-0.54266536460108128
theta0.15_kappa0.02,7,89,22.8315468736164,21.879274538644573,0.95227233497182695
theta0.15_kappa0.02,7,90,-0.38987046423279748,-1.0495337682406534,0.65966330400785589
theta0.15_kappa0.02,7,91,10.677005655006996,11.213454725670982,-0.53644907066398595
theta0.15_kappa0.02,7,92,5.7059524147835452,5.9948255302080193,-0.28887311542447414
theta0.15_kappa0.02,7,93,0.66836198644594047,-1.3109060308056175,1.979268017251558
theta0.15_kappa0.02,7,94,15.034113386940565,16.252670973220294,-1.2185575862797293
theta0.15_kappa0.02,7,95,-0.42144959707681218,1.1162409286417232,-1.5376905257185354
theta0.15_kappa0.02,7,96,6.5890890723145095,5.7107091147039606,0.87837995761054888
theta0.15_kappa0.02,7,97,-13.804827940653524,-12.705020747898846,-1.0998071927546782
theta0.15_kappa0.02,7,98,14.851909227631555,16.83631333511461,-1.984404107483055
theta0.15_kappa0.02,7,99,-10.163373607655744,-9.8808038282419552,-0.28256977941378913
theta0.15_kappa0.02,8,0,15.609855481943711,14.727504990404279,0.88235049153943201
theta0.15_kappa0.02,8,1,4.9812089927214727,5.6686994009880687,-0.68749040826659602
theta0.15_kappa0.02,8,2,-0.2033273830592115,1.9002500036024577,-2.1035773866616694
theta0.15_kappa0.02,8,3,12.392218358930039,12.392218358930039,0
theta0.15_kappa0.02,8,4,15.698158469219162,13.274070180028398,2.4240882891907649
theta0.15_kappa0.02,8,5,8.2190025849395187,5.4170228147292594,2.8019797702102593
theta0.15_kappa0.02,8,6,7.2386766090406045,7.2386766090406045,0
theta0.15_kappa0.02,8,7,13.705315859028984,15.60360221098556,-1.8982863519565765
theta0.15_kappa0.02,8,8,6.298477453584745,7.346175000088877,-1.047697546504132
theta0.15_kappa0.02,8,9,20.46909817298889,19.408658341101823,1.0604398318870665
theta0.15_kappa0.02,8,10,12.608491455880715,11.734753656517327,0.87373779936338813
theta0.15_kappa0.02,8,11,20.635624912672984,20.937288054562345,-0.30166314188936028
theta0.15_kappa0.02,8,12,3.9703775420256671,2.925579947517849,1.0447975945078181
theta0.15_kappa0.02,8,13,3.4494961193240887,4.6144622558190438,-1.1649661364949551
theta0.15_kappa0.02,8,14,16.863614821489605,17.26792694383856,-0.40431212234895497
theta0.15_kappa0.02,8,15,8.581111852200257,9.4646312729594992,-0.88351942075924228
theta0.15_kappa0.02,8,16,18.432100852762773,13.828795939470609,4.6033049132921633
theta0.15_kappa0.02,8,17,15.486719146185511,15.673852970771868,-0.18713382458635763
theta0.15_kappa0.02,8,18,11.588767935342066,13.453217719086522,-1.8644497837444565
theta0.15_kappa0.02,8,19,-0.206925347441207,-0.0305100140695613,-0.17641533337164569
theta0.15_kappa0.02,8,20,28.276600284390454,27.157256036859259,1.1193442475311954
theta0.15_kappa0.02,8,21,0.73190504836311265,1.0857446951750698,-0.35383964681195712
theta0.15_kappa0.02,8,22,21.51677377192847,21.36722040219955,0.14955336972892042
theta0.15_kappa0.02,8,23,25.79111827177028,25.560597466527629,0.23052080524265151
theta0.15_kappa0.02,8,24,11.17116396369717,9.6892725058651443,1.4818914578320257
theta0.15_kappa0.02,8,25,4.1894983532652361,4.3383422050132854,-0.14884385174804926
theta0.15_kappa0.02,8,26,4.589761924490376,4.589761924490376,0
theta0.15_kappa0.02,8,27,8.3613710339257565,6.796211734567347,1.5651592993584096
theta0.15_kappa0.02,8,28,7.2394830492502624,7.2174579840764821,0.022025065173780334
theta0.15_kappa0.02,8,29,-0.88167054209710305,-3.2337814983774829,2.3521109562803799
theta0.15_kappa0.02,8,30,3.1379160552406731,3.2584748352742396,-0.12055878003356657
theta0.15_kappa0.02,8,31,11.656954919308603,11.490715813639911,0.16623910566869249
theta0.15_kappa0.02,8,32,26.672421010102969,27.986880093253198,-1.3144590831502292
theta0.15_kappa0.02,8,33,6.848374811021654,5.4832529772577772,1.3651218337638769
theta0.15_kappa0.02,8,34,-6.4697578939429778,-6.9222113366567184,0.45245344271374055
theta0.15_kappa0.02,8,35,9.8026973776262842,8.8699111804667048,0.93278619715957944
theta0.15_kappa0.02,8,36,2.0976099314795102,2.210962614680164,-0.11335268320065373
theta0.15_kappa0.02,8,37,17.025633131278056,16.731606957082903,0.29402617419515309
theta0.15_kappa0.02,8,38,0.58189026256502085,2.039129214321167,-1.4572389517561462
theta0.15_kappa0.02,8,39,8.8700810708041224,8.8700810708041224,0
theta0.15_kappa0.02,8,40,7.390411071100778,7.9388955472734848,-0.54848447617270679
theta0.15_kappa0.02,8,41,9.3199779202096522,8.6090916245264868,0.71088629568316541
theta0.15_kappa0.02,8,42,17.955648408701283,17.592081921191657,0.36356648750962606
theta0.15_kappa0.02,8,43,7.8129376244009325,7.3392256651561318,0.4737119592448007
theta0.15_kappa0.02,8,44,7.9784539095082909,9.6771122986870886,-1.6986583891787976
theta0.15_kappa0.02,8,45,9.8617623027871169,9.4609894104015364,0.40077289238558045
theta0.15_kappa0.02,8,46,23.36470609788913,23.46458320902525,-0.099877111136120078
theta0.15_kappa0.02,8,47,20.902760988158882,20.108282277292471,0.79447871086641086
theta0.15_kappa0.02,8,48,4.4391067384289702,3.4689938312549757,0.97011290717399445
theta0.15_kappa0.02,8,49,-3.839720366547215,0.47406417397280531,-4.3137845405200199
theta0.15_kappa0.02,8,50,-5.5165250238592236,-2.5652873149478017,-2.9512377089114219
theta0.15_kappa0.02,8,51,3.5550177895578079,4.0165413352971289,-0.46152354573932097
theta0.15_kappa0.02,8,52,5.8763261161656928,6.6154288700803745,-0.73910275391468172
theta0.15_kappa0.02,8,53,9.0809967935210008,8.8769735712314137,0.20402322228958703
theta0.15_kappa0.02,8,54,7.1924773989074691,7.1914773989081748,0.00099999999929423211
theta0.15_kappa0.02,8,55,22.449885220024683,22.478762992613031,-0.028877772588348449
theta0.15_kappa0.02,8,56,20.405680270635713,20.303680270635851,0.10199999999986176
theta0.15_kappa0.02,8,57,3.5172630681704797,3.5172630681704797,0
theta0.15_kappa0.02,8,58,-11.983941283448768,-11.69628883923736,-0.28765244421140856
theta0.15_kappa0.02,8,59,15.742695497262243,15.710825658438184,0.031869838824059471
theta0.15_kappa0.02,8,60,21.993928945466592,20.55294169164139,1.4409872538252024
theta0.15_kappa0.02,8,61,6.2027532509990193,8.2027367078900078,-1.9999834568909884
theta0.15_kappa0.02,8,62,6.5872294410187182,7.1587292034819274,-0.57149976246320922
theta0.15_kappa0.02,8,63,5.4040367464874173,5.0423137883164779,0.36172295817093936
theta0.15_kappa0.02,8,64,5.9933387788746399,5.7632407402976655,0.23009803857697442
theta0.15_kappa0.02,8,65,8.9720268029142094,9.9170267303345767,-0.94499992742036731
theta0.15_kappa0.02,8,66,19.893407498246436,20.810109220557145,-0.91670172231070879
theta0.15_kappa0.02,8,67,10.629844609633947,13.157145227957672,-2.527300618323725
theta0.15_kappa0.02,8,68,12.431012779875809,12.247340548163322,0.18367223171248703
theta0.15_kappa0.02,8,69,18.640227040797249,19.058307038044859,-0.41807999724760947
theta0.15_kappa0.02,8,70,10.744444507909344,11.2882233728944,-0.54377886498505568
theta0.15_kappa0.02,8,71,2.9599696180111934,2.9089696180117173,0.050999999999476131
theta0.15_kappa0.02,8,72,16.937855884998555,18.078724115446967,-1.1408682304484117
theta0.15_kappa0.02,8,73,22.488593340755905,22.488593340755905,0
theta0.15_kappa0.02,8,74,15.727880890442616,12.377763477653035,3.3501174127895812
theta0.15_kappa0.02,8,75,5.3111194289957542,4.8231531597169495,0.48796626927880471
theta0.15_kappa0.02,8,76,-4.274441058094002,-2.6654934189214621,-1.6089476391725399
theta0.15_kappa0.02,8,77,5.431137802561107,5.0957324654962637,0.33540533706484332
theta0.15_kappa0.02,8,78,14.161365116812531,12.63949667152295,1.5218684452895808
theta0.15_kappa0.02,8,79,-7.5758013858783908,-7.2413268838553728,-0.33447450202301798
theta0.15_kappa0.02,8,80,-0.059794445201488002,0.57570386311245692,-0.63549830831394494
theta0.15_kappa0.02,8,81,10.413951775823154,10.362951775823678,0.050999999999476131
theta0.15_kappa0.02,8,82,10.007988970743186,9.9897896139257352,0.018199356817451218
theta0.15_kappa0.02,8,83,10.48367812873807,10.300422584214925,0.18325554452314563
theta0.15_kappa0.02,8,84,1.9803132280663247,2.2819623042141974,-0.30164907614787273
theta0.15_kappa0.02,8,85,-7.6462608450002634,-7.9338727937835616,0.28761194878329821
theta0.15_kappa0.02,8,86,17.735040540573465,17.603493188289395,0.13154735228406977
theta0.15_kappa0.02,8,87,23.749214346552662,23.605016864279268,0.14419748227339468
theta0.15_kappa0.02,8,88,14.691793656458868,16.518468884838544,-1.8266752283796759
theta0.15_kappa0.02,8,89,-2.0886609429857055,-2.8565496330255176,0.76788869003981208
theta0.15_kappa0.02,8,90,2.5995944397252959,1.9072532081612508,0.69234123156404515
theta0.15_kappa0.02,8,91,-7.7585023895488305,-8.3091900309036895,0.55068764135485893
theta0.15_kappa0.02,8,92,26.46505095155138,25.472524938103149,0.99252601344823077
theta0.15_kappa0.02,8,93,9.9871768601455209,9.7335737247192569,0.253603135426264
theta0.15_kappa0.02,8,94,18.621552092190548,18.496680367930846,0.12487172425970172
theta0.15_kappa0.02,8,95,15.261918606268836,15.098339980271646,0.16357862599718942
theta0.15_kappa0.02,8,96,13.119127881543603,14.462538461484623,-1.3434105799410201
theta0.15_kappa0.02,8,97,9.6921276893885153,9.7135405265095685,-0.02141283712105313
theta0.15_kappa0.02,8,98,0.946366304278492,-3.5093224211967371,4.4556887254752287
theta0.15_kappa0.02,8,99,11.48483749705429,11.127298683395876,0.35753881365841345
theta0.15_kappa0.02,9,0,2.5816004187380739,2.6306004187380521,-0.048999999999978172
theta0.15_kappa0.02,9,1,-2.839882451945817,-2.1961091876310119,-0.64377326431480508
theta0.15_kappa0.02,9,2,9.8201873433947657,10.554360878901701,-0.73417353550693498
theta0.15_kappa0.02,9,3,4.0270935961655123,4.5543767588466793,-0.52728316268116693
theta0.15_kappa0.02,9,4,1.5337521628665969,0.94716114281064856,0.58659102005594832
theta0.15_kappa0.02,9,5,-0.79007173494865046,-1.2110557997635178,0.42098406481486739
theta0.15_kappa0.02,9,6,3.7434023819841022,5.4750922088413141,-1.7316898268572118
theta0.15_kappa0.02,9,7,13.400425419200978,15.157484768005222,-1.7570593488042441
theta0.15_kappa0.02,9,8,15.962492180095616,16.007754304833107,-0.045262124737490694
theta0.15_kappa0.02,9,9,21.132272308298592,20.413091836701703,0.71918047159688925
theta0.15_kappa0.02,9,10,1.6750618591457158,1.5590028552303909,0.11605900391532487
theta0.15_kappa0.02,9,11,3.8187888403325423,6.0536152995862551,-2.2348264592537128
theta0.15_kappa0.02,9,12,0.013476418541236801,0.54562651833683229,-0.53215009979559547
theta0.15_kappa0.02,9,13,22.729115922680677,21.565024316703958,1.1640916059767186
theta0.15_kappa0.02,9,14,4.7969651507067335,5.3442971364024396,-0.54733198569570618
theta0.15_kappa0.02,9,15,10.709003524155891,7.6876411810338503,3.0213623431220409
theta0.15_kappa0.02,9,16,5.4514793176250604,1.4757033763174767,3.9757759413075835
theta0.15_kappa0.02,9,17,9.5369054293768105,9.9911689912601798,-0.45426356188336925
theta0.15_kappa0.02,9,18,8.2598246180770847,8.1578246180772229,0.10199999999986176
theta0.15_kappa0.02,9,19,5.3904923784029304,5.2198076602366923,0.17068471816623809
theta0.15_kappa0.02,9,20,-3.9840658859516771,-3.5373260305755685,-0.44673985537610861
theta0.15_kappa0.02,9,21,-12.110907058611764,-13.517046434005834,1.406139375394071
theta0.15_kappa0.02,9,22,8.2466458208690412,8.0974572907750577,0.14918853009398347
theta0.15_kappa0.02,9,23,14.937944037538362,15.324983646723735,-0.38703960918537383
theta0.15_kappa0.02,9,24,5.2333817896941381,5.1460912708674131,0.087290518826725005
theta0.15_kappa0.02,9,25,7.2360988972718401,7.5697303203552728,-0.33363142308343274
theta0.15_kappa0.02,9,26,6.2034562775649524,5.1270173396151932,1.0764389379497592
theta0.15_kappa0.02,9,27,2.3652751131103802,5.1733366674392602,-2.80806155432888
theta0.15_kappa0.02,9,28,7.6403349864784689,7.588334986478789,0.051999999999679858
theta0.15_kappa0.02,9,29,11.052345828786128,10.797389979036613,0.25495584974951591
theta0.15_kappa0.02,9,30,22.11007805498765,21.354033984490982,0.75604407049666733
theta0.15_kappa0.02,9,31,20.970702694244405,19.157752990294082,1.8129497039503235
theta0.15_kappa0.02,9,32,12.673269549032121,12.175349557498279,0.49791999153384126
theta0.15_kappa0.02,9,33,4.9024158186054212,4.4488679356878365,0.45354788291758474
theta0.15_kappa0.02,9,34,10.404448218366143,9.9477460925887033,0.45670212577743996
theta0.15_kappa0.02,9,35,20.031442874236554,19.086576643896414,0.94486623034013917
theta0.15_kappa0.02,9,36,-6.8123427371638199,-7.2421188674650789,0.42977613030125905
theta0.15_kappa0.02,9,37,25.442901141961109,25.391901141961633,0.050999999999476131
theta0.15_kappa0.02,9,38,16.548939341731945,16.062815351354942,0.48612399037700271
theta0.15_kappa0.02,9,39,0.84098830852093687,0.84098830852093687,0
theta0.15_kappa0.02,9,40,19.028554043410811,15.810567125347134,3.2179869180636764
theta0.15_kappa0.02,9,41,0.96528230982986685,-0.47299698037653992,1.4382792902064068
theta0.15_kappa0.02,9,42,14.998537870395934,15.03704805812362,-0.038510187727686329
theta0.15_kappa0.02,9,43,14.289149396641909,14.388205602869036,-0.099056206227126964
theta0.15_kappa0.02,9,44,27.39916173343525,27.453571554871569,-0.054409821436319561
theta0.15_kappa0.02,9,45,-1.6776752217058819,-1.8140913232339335,0.13641610152805161
theta0.15_kappa0.02,9,46,20.494837887532881,20.54483788753215,-0.049999999999268852
theta0.15_kappa0.02,9,47,6.8663940710593385,5.9534455805751234,0.91294849048421511
theta0.15_kappa0.02,9,48,10.838560793085223,10.838560793085223,0
theta0.15_kappa0.02,9,49,10.011072632641872,10.245744770988056,-0.23467213834618406
theta0.15_kappa0.02,9,50,-2.2438464391084509,-0.27087856442240632,-1.9729678746860446
theta0.15_kappa0.02,9,51,16.296333950522421,17.115604890940492,-0.8192709404180718
theta0.15_kappa0.02,9,52,1.589343287358941,1.47319227974489,0.11615100761405106
theta0.15_kappa0.02,9,53,3.3752851555232937,4.5182404486880241,-1.1429552931647304
theta0.15_kappa0.02,9,54,13.351993744913155,15.09597355543786,-1.7439798105247046
theta0.15_kappa0.02,9,55,2.9890113373233795,1.4499136623783269,1.5390976749450527
theta0.15_kappa0.02,9,56,2.1572924044994322,-0.18945989057364571,2.3467522950730779
theta0.15_kappa0.02,9,57,5.467805577396323,5.7233210515436763,-0.25551547414735332
theta0.15_kappa0.02,9,58,16.754910915949431,16.886696105744782,-0.1317851897953517
theta0.15_kappa0.02,9,59,16.821967086613718,17.413631121409082,-0.59166403479536456
theta0.15_kappa0.02,9,60,7.8022957774021844,7.8964701389922549,-0.094174361590070532
theta0.15_kappa0.02,9,61,6.4093652569185,6.5957765065686003,-0.18641124965010025
theta0.15_kappa0.02,9,62,6.9800436582891177,9.1512386767237306,-2.1711950184346129
theta0.15_kappa0.02,9,63,7.3542468236276424,7.8495137363908754,-0.49526691276323298
theta0.15_kappa0.02,9,64,15.745473668267232,9.5458735293218897,6.1996001389453426
theta0.15_kappa0.02,9,65,5.7502385605657382,5.7752385605653744,-0.024999999999636202
theta0.15_kappa0.02,9,66,8.245427581751203,5.9074029838009734,2.3380245979502297
theta0.15_kappa0.02,9,67,5.5519403368702607,6.1357038839261637,-0.58376354705590305
theta0.15_kappa0.02,9,68,6.7600194656704664,7.3073150417891419,-0.54729557611867552
theta0.15_kappa0.02,9,69,0.94476582188866076,-0.99072371671838122,1.9354895386070421
theta0.15_kappa0.02,9,70,9.3217714694649114,9.3978390652135779,-0.076067595748666506
theta0.15_kappa0.02,9,71,-4.6386811405306823,-4.2463317189030887,-0.39234942162759356
theta0.15_kappa0.02,9,72,8.2179568489173178,9.1243778458874161,-0.90642099697009826
theta0.15_kappa0.02,9,73,-1.9430125165213503,-1.2490798103617271,-0.69393270615962321
theta0.15_kappa0.02,9,74,-4.6980031113838514,-4.851003111383644,0.15299999999979264
theta0.15_kappa0.02,9,75,2.3968138301624164,1.50589777641623,0.89091605374618643
theta0.15_kappa0.02,9,76,-4.5057787384263985,-4.6587787384261912,0.15299999999979264
theta0.15_kappa0.02,9,77,16.239436864403917,17.028740319494684,-0.78930345509076716
theta0.15_kappa0.02,9,78,4.4217174746143399,4.0491553210434637,0.3725621535708763
theta0.15_kappa0.02,9,79,-3.1713747587294048,-3.4251472252538395,0.25377246652443475
theta0.15_kappa0.02,9,80,7.3476711031662632,10.524936658374299,-3.1772655552080362
theta0.15_kappa0.02,9,81,10.931513213963427,11.414558987954376,-0.48304577399094839
theta0.15_kappa0.02,9,82,25.219981068369624,25.24498106836926,-0.024999999999636202
theta0.15_kappa0.02,9,83,4.8569912382785319,4.0498268006252536,0.80716443765327828
theta0.15_kappa0.02,9,84,-8.9312150000933563,-7.1661452955584881,-1.7650697045348682
theta0.15_kappa0.02,9,85,12.810460787395243,12.810460787395243,0
theta0.15_kappa0.02,9,86,5.077249168455829,3.9210028783543809,1.1562462901014481
theta0.15_kappa0.02,9,87,7.7894356145046011,7.7134356145045793,0.076000000000021828
theta0.15_kappa0.02,9,88,12.83051826562089,12.966973235658005,-0.13645497003711426
theta0.15_kappa0.02,9,89,5.5681941723872965,6.6262307421630187,-1.0580365697757221
theta0.15_kappa0.02,9,90,-1.3674535978289759,-1.2977286894462277,-0.069724908382748252
theta0.15_kappa0.02,9,91,7.5142777286614777,6.2626572908455316,1.2516204378159461
theta0.15_kappa0.02,9,92,1.8825972103301785,1.6314556926875183,0.25114151764266013
theta0.15_kappa0.02,9,93,-7.0066288486618831,-5.9881669766962879,-1.0184618719655951
theta0.15_kappa0.02,9,94,21.830464194146671,21.415161331333564,0.4153028628131068
theta0.15_kappa0.02,9,95,5.6386489962373894,3.1667779185565461,2.4718710776808432
theta0.15_kappa0.02,9,96,0.78087210266195162,0.53235571752006017,0.24851638514189145
theta0.15_kappa0.02,9,97,-6.7609798337006088,-7.5390799489422697,0.77810011524166089
theta0.15_kappa0.02,9,98,-8.432260608579746,-8.3372670944243872,-0.094993514155358838
theta0.15_kappa0.02,9,99,1.6405147628073,1.7974311447666778,-0.15691638195937774
theta0.15_kappa0.1,0,0,16.506493394682074,17.32491423564996,-0.81842084096788525
theta0.15_kappa0.1,0,1,20.621897245544336,21.27148499138108,-0.64958774583674384
theta0.15_kappa0.1,0,2,-9.9137878352998197,-10.170804058955778,0.25701622365595789
theta0.15_kappa0.1,0,3,12.004930287038336,12.004930287038336,0
theta0.15_kappa0.1,0,4,9.1834935839112966,9.2084935839118423,-0.025000000000545697
theta0.15_kappa0.1,0,5,12.10163018571202,12.624176092370224,-0.52254590665820366
theta0.15_kappa0.1,0,6,3.9021472876853447,3.8761472876853911,0.025999999999953616
theta0.15_kappa0.1,0,7,8.173409460296341,8.173409460296341,0
theta0.15_kappa0.1,0,8,22.269260741512607,22.553314428616257,-0.28405368710365053
theta0.15_kappa0.1,0,9,4.2395574394612883,4.5593730207420302,-0.31981558128074195
theta0.15_kappa0.1,0,10,15.933493784032107,15.933493784032107,0
theta0.15_kappa0.1,0,11,9.9243378556837882,11.387581700406262,-1.4632438447224736
theta0.15_kappa0.1,0,12,1.0944437091604595,1.2172314667223365,-0.12278775756187699
theta0.15_kappa0.1,0,13,18.500542179507228,18.500542179507228,0
theta0.15_kappa0.1,0,14,9.0690035445929258,9.0690035445929258,0
theta0.15_kappa0.1,0,15,-2.8210732734416482,-1.9437110658056873,-0.87736220763596084
theta0.15_kappa0.1,0,16,17.91694881660792,17.941948816607557,-0.024999999999636202
theta0.15_kappa0.1,0,17,0.65726911104538788,1.0855507298285585,-0.42828161878317061
theta0.15_kappa0.1,0,18,10.783805261876594,10.839025688951349,-0.055220427074754497
theta0.15_kappa0.1,0,19,7.8147784302715726,7.8147784302715726,0
theta0.15_kappa0.1,0,20,4.6953822087206989,4.6953822087206989,0
theta0.15_kappa0.1,0,21,16.208025204024189,16.208025204024189,0
theta0.15_kappa0.1,0,22,2.465545775411436,2.4145457754119599,0.050999999999476131
theta0.15_kappa0.1,0,23,13.294096269707977,13.743587455554051,-0.44949118584607461
theta0.15_kappa0.1,0,24,19.794707928243927,19.794707928243927,0
theta0.15_kappa0.1,0,25,23.706617641261513,23.706617641261513,0
theta0.15_kappa0.1,0,26,-3.6431272371494039,-4.3380388296852681,0.69491159253586421
theta0.15_kappa0.1,0,27,3.2092090462270333,3.2092090462270333,0
theta0.15_kappa0.1,0,28,16.342796473689283,16.342796473689283,0
theta0.15_kappa0.1,0,29,1.8737851200849271,2.331838099996423,-0.45805297991149585
theta0.15_kappa0.1,0,30,10.945664759154869,10.748529657583616,0.19713510157125391
theta0.15_kappa0.1,0,31,10.749274596405661,10.950894138675396,-0.20161954226973577
theta0.15_kappa0.1,0,32,15.429949830855492,15.429949830855492,0
theta0.15_kappa0.1,0,33,5.535021274327681,5.535021274327681,0
theta0.15_kappa0.1,0,34,4.2646262972408069,2.5623899298471442,1.7022363673936627
theta0.15_kappa0.1,0,35,11.071931034853929,11.071931034853929,0
theta0.15_kappa0.1,0,36,1.4824277325127475,1.5074277325123835,-0.02499999999963598
theta0.15_kappa0.1,0,37,2.6851565372402972,2.7101565372399334,-0.024999999999636202
theta0.15_kappa0.1,0,38,14.191238077170375,14.78352908385547,-0.5922910066850946
theta0.15_kappa0.1,0,39,-6.1007376533092774,-5.9028218391619323,-0.19791581414734516
theta0.15_kappa0.1,0,40,9.2301026803156283,9.2301026803156283,0
theta0.15_kappa0.1,0,41,19.00299406863234,20.538012020860791,-1.5350179522284506
theta0.15_kappa0.1,0,42,16.923712473735751,16.923712473735751,0
theta0.15_kappa0.1,0,43,6.4345784138013862,6.4345784138013862,0
theta0.15_kappa0.1,0,44,15.908557708431401,15.933557708431035,-0.024999999999634426
theta0.15_kappa0.1,0,45,4.1153394138288002,4.1153394138288002,0
theta0.15_kappa0.1,0,46,-1.0906016445309761,-0.2015276301127959,-0.88907401441818013
theta0.15_kappa0.1,0,47,16.321494330759069,16.321494330759069,0
theta0.15_kappa0.1,0,48,0.1030213065890994,0.0828135420908757,0.020207764498223701
theta0.15_kappa0.1,0,49,-0.1164519327575117,-0.091451932757875498,-0.024999999999636202
theta0.15_kappa0.1,0,50,13.177825004435872,11.134428360431333,2.0433966440045399
theta0.15_kappa0.1,0,51,-2.1390535571721605,-1.7118159183997823,-0.42723763877237819
theta0.15_kappa0.1,0,52,20.684041667971837,20.684041667971837,0
theta0.15_kappa0.1,0,53,12.284538068944606,12.284538068944606,0
theta0.15_kappa0.1,0,54,10.229713263923394,9.892480941125676,0.33723232279771764
theta0.15_kappa0.1,0,55,-3.4819355927891502,-3.4819355927891502,0
theta0.15_kappa0.1,0,56,8.307251873267754,8.399511356415406,-0.092259483147651977
theta0.15_kappa0.1,0,57,9.2156579403196517,9.2156579403196517,0
theta0.15_kappa0.1,0,58,4.8194682449004915,4.9649798578728817,-0.14551161297239013
theta0.15_kappa0.1,0,59,18.206736576884651,18.155736576885175,0.050999999999476131
theta0.15_kappa0.1,0,60,6.0471331227106493,6.0471331227106493,0
theta0.15_kappa0.1,0,61,5.3778573971431642,5.3778573971431642,0
theta0.15_kappa0.1,0,62,15.553852443399483,15.934694519528437,-0.38084207612895327
theta0.15_kappa0.1,0,63,-2.3105173931369607,-2.5276448827154052,0.21712748957844452
theta0.15_kappa0.1,0,64,12.451007929524756,12.366914181907029,0.084093747617727033
theta0.15_kappa0.1,0,65,0.77531263519070559,0.9203200405948162,-0.14500740540411061
theta0.15_kappa0.1,0,66,13.99691423090867,14.422210665675127,-0.42529643476645695
theta0.15_kappa0.1,0,67,1.6820123729438841,1.3726119123951777,0.3094004605487064
theta0.15_kappa0.1,0,68,16.975556439397042,16.975556439397042,0
theta0.15_kappa0.1,0,69,1.3087279324034045,1.2577279324030188,0.051000000000385626
theta0.15_kappa0.1,0,70,17.038429216054073,17.038429216054073,0
theta0.15_kappa0.1,0,71,14.025599732753829,14.775821270410169,-0.75022153765634059
theta0.15_kappa0.1,0,72,4.8332229193561087,4.8332229193561087,0
theta0.15_kappa0.1,0,73,19.186817230087208,19.771204719485901,-0.58438748939869356
theta0.15_kappa0.1,0,74,15.343169128981742,15.343169128981742,0
theta0.15_kappa0.1,0,75,16.455059070071236,16.789270947279324,-0.33421187720808732
theta0.15_kappa0.1,0,76,10.788116963364493,11.815932206048029,-1.0278152426835359
theta0.15_kappa0.1,0,77,5.3299036668710205,5.3299036668710205,0
theta0.15_kappa0.1,0,78,18.774978636340553,18.774978636340553,0
theta0.15_kappa0.1,0,79,11.358501780664454,13.371913607912894,-2.01341182724844
theta0.15_kappa0.1,0,80,3.4663418068962435,4.0068909402430304,-0.54054913334678689
theta0.15_kappa0.1,0,81,8.5260787301348753,8.5260787301348753,0
theta0.15_kappa0.1,0,82,-2.4241605606815773,-2.4241605606815773,0
theta0.15_kappa0.1,0,83,17.388508684117909,17.388508684117909,0
theta0.15_kappa0.1,0,84,9.2881331830697889,8.5541773021298582,0.73395588093993069
theta0.15_kappa0.1,0,85,-11.006620637679356,-11.006620637679356,0
theta0.15_kappa0.1,0,86,25.249222233863684,25.249222233863684,0
theta0.15_kappa0.1,0,87,-6.0016569957105297,-5.5360432493003735,-0.46561374641015618
theta0.15_kappa0.1,0,88,-10.353273141222774,-10.26644885804008,-0.086824283182693307
theta0.15_kappa0.1,0,89,-3.9122253369749602,-3.9122253369749602,0
theta0.15_kappa0.1,0,90,-2.4314121857968458,-2.4314121857968458,0
theta0.15_kappa0.1,0,91,4.6831151934773709,5.3538583266144899,-0.67074313313711897
theta0.15_kappa0.1,0,92,23.346608084550503,22.65310857439626,0.69349951015424338
theta0.15_kappa0.1,0,93,10.071261146129476,10.215932433503852,-0.14467128737437562
theta0.15_kappa0.1,0,94,17.30467899991524,17.329678999914876,-0.024999999999636202
theta0.15_kappa0.1,0,95,0.60180850343417291,2.603290775481264,-2.0014822720470908
theta0.15_kappa0.1,0,96,19.604934762436599,19.604934762436599,0
theta0.15_kappa0.1,0,97,26.041536293717151,26.041536293717151,0
theta0.15_kappa0.1,0,98,28.192759813632794,28.192759813632794,0
theta0.15_kappa0.1,0,99,7.8302768151908619,7.8302768151908619,0
theta0.15_kappa0.1,1,0,2.9226848416937612,2.9773686774906603,-0.054683835796899061
theta0.15_kappa0.1,1,1,18.769895070098254,18.769895070098254,0
theta0.15_kappa0.1,1,2,-5.496097176851336,-5.6562608274488992,0.16016365059756321
theta0.15_kappa0.1,1,3,4.090134110173854,5.4237274266735218,-1.3335933164996678
theta0.15_kappa0.1,1,4,13.028053169613418,13.028053169613418,0
theta0.15_kappa0.1,1,5,-5.34941785283314,-5.6118652872885137,0.26244743445537377
theta0.15_kappa0.1,1,6,15.552136655353488,15.285321530636624,0.26681512471686375
theta0.15_kappa0.1,1,7,13.78599432772544,14.644286831275844,-0.85829250355040365
theta0.15_kappa0.1,1,8,7.1861721878256439,7.1861721878256439,0
theta0.15_kappa0.1,1,9,5.6145548858913497,5.6145548858913497,0
theta0.15_kappa0.1,1,10,1.3873476275371868,0.048860293478206501,1.3384873340589802
theta0.15_kappa0.1,1,11,6.6349815858687311,6.6349815858687311,0
theta0.15_kappa0.1,1,12,11.595534212871989,11.595534212871989,0
theta0.15_kappa0.1,1,13,15.481881783236505,15.481881783236505,0
theta0.15_kappa0.1,1,14,15.909979689309443,15.909979689309443,0
theta0.15_kappa0.1,1,15,1.7835446449202661,3.4025173491153415,-1.6189727041950754
theta0.15_kappa0.1,1,16,7.1357795546163016,7.1357795546163016,0
theta0.15_kappa0.1,1,17,11.834301244642695,11.834301244642695,0
theta0.15_kappa0.1,1,18,1.6743726605981046,1.75521121927531,-0.080838558677205352
theta0.15_kappa0.1,1,19,1.8871489979353937,1.8871489979353937,0
theta0.15_kappa0.1,1,20,11.560071369785067,11.534071369784773,0.026000000000294676
theta0.15_kappa0.1,1,21,4.5676040214436595,4.5676040214436595,0
theta0.15_kappa0.1,1,22,14.18292301831046,14.318853525009144,-0.13593050669868489
theta0.15_kappa0.1,1,23,15.739820553638763,15.739820553638763,0
theta0.15_kappa0.1,1,24,13.439412338022221,13.439412338022221,0
theta0.15_kappa0.1,1,25,14.676037366671144,14.676037366671144,0
theta0.15_kappa0.1,1,26,-6.7292363122228318,-6.7292363122228318,0
theta0.15_kappa0.1,1,27,5.5458375164994029,5.5069993530138781,0.038838163485524824
theta0.15_kappa0.1,1,28,12.970549576938996,13.120279742818548,-0.14973016587955179
theta0.15_kappa0.1,1,29,-5.4738951059444485,-5.4738951059444485,0
theta0.15_kappa0.1,1,30,-1.8603629342133063,-1.8603629342133063,0
theta0.15_kappa0.1,1,31,16.877618570104367,16.486874622394872,0.39074394770949539
theta0.15_kappa0.1,1,32,-5.1442036063760606,-5.1192036063764244,-0.024999999999636202
theta0.15_kappa0.1,1,33,6.7527606463338454,6.7897059436835452,-0.036945297349699757
theta0.15_kappa0.1,1,34,8.4241432020173868,8.4241432020173868,0
theta0.15_kappa0.1,1,35,25.042133887678645,25.390569752469244,-0.34843586479059852
theta0.15_kappa0.1,1,36,15.181415542223769,15.186663391323664,-0.0052478490998950633
theta0.15_kappa0.1,1,37,6.343093311027534,6.3194836201315683,0.023609690895965763
theta0.15_kappa0.1,1,38,17.268719871767598,17.293719871768143,-0.025000000000545697
theta0.15_kappa0.1,1,39,2.0776180694995099,2.5407841182770023,-0.46316604877749246
theta0.15_kappa0.1,1,40,-3.4077385588122606,-3.4077385588122606,0
theta0.15_kappa0.1,1,41,5.6297759598642605,5.6297759598642605,0
theta0.15_kappa0.1,1,42,1.6007684312561468,1.6007684312561468,0
theta0.15_kappa0.1,1,43,10.957022837211902,11.630225887165365,-0.6732030499534627
theta0.15_kappa0.1,1,44,19.277699776525441,19.137499161154537,0.14020061537090456
theta0.15_kappa0.1,1,45,14.43238288407492,14.946171256907874,-0.51378837283295375
theta0.15_kappa0.1,1,46,11.342711217873068,11.342711217873068,0
theta0.15_kappa0.1,1,47,21.233434681869969,21.233434681869969,0
theta0.15_kappa0.1,1,48,-10.49869361161724,-10.49869361161724,0
theta0.15_kappa0.1,1,49,1.0793859333793681,2.3408453116444239,-1.2614593782650558
theta0.15_kappa0.1,1,50,-6.6810408598985225,-7.4203376346646541,0.73929677476613165
theta0.15_kappa0.1,1,51,7.6905760828637106,7.6905760828637106,0
theta0.15_kappa0.1,1,52,1.2317621573547977,1.2317621573547977,0
theta0.15_kappa0.1,1,53,6.6731727781191674,7.0495654416172782,-0.37639266349811074
theta0.15_kappa0.1,1,54,7.6985068753003247,7.9205097263581958,-0.2220028510578711
theta0.15_kappa0.1,1,55,8.2756605899923912,7.6865685300321402,0.58909205996025094
theta0.15_kappa0.1,1,56,12.505924854236644,12.505924854236644,0
theta0.15_kappa0.1,1,57,4.6855809301509819,4.6855809301509819,0
theta0.15_kappa0.1,1,58,21.289407753424751,21.314407753424732,-0.024999999999980815
theta0.15_kappa0.1,1,59,9.2657805824819661,9.2657805824819661,0
theta0.15_kappa0.1,1,60,-6.641064449624726,-5.8841281847271496,-0.75693626489757637
theta0.15_kappa0.1,1,61,8.1681184722044371,8.1681184722044371,0
theta0.15_kappa0.1,1,62,17.697897691343371,18.356513816426759,-0.65861612508338752
theta0.15_kappa0.1,1,63,2.5726363949101954,2.2906919445242027,0.2819444503859927
theta0.15_kappa0.1,1,64,-0.62300515590900807,-0.9918627247200692,0.36885756881106113
theta0.15_kappa0.1,1,65,2.3240792008675815,2.9662620450361885,-0.64218284416860705
theta0.15_kappa0.1,1,66,7.2652480427703754,7.2142480427708993,0.050999999999476131
theta0.15_kappa0.1,1,67,-3.7852711764104288,-3.0686937631567099,-0.71657741325371882
theta0.15_kappa0.1,1,68,15.292780933886688,14.825912616287694,0.46686831759899405
theta0.15_kappa0.1,1,69,-6.1803767922244415,-5.6456593817707921,-0.5347174104536494
theta0.15_kappa0.1,1,70,-2.5432225342603623,-2.5432225342603623,0
theta0.15_kappa0.1,1,71,16.61564514973298,16.61564514973298,0
theta0.15_kappa0.1,1,72,4.4779221872620916,4.5029221872626373,-0.025000000000545697
theta0.15_kappa0.1,1,73,15.600633006490169,15.600633006490169,0
theta0.15_kappa0.1,1,74,10.301690802732116,10.326690802732662,-0.025000000000545697
theta0.15_kappa0.1,1,75,6.5432797424989309,6.3832958192389686,0.15998392325996225
theta0.15_kappa0.1,1,76,2.5525766018768388,2.5525766018768388,0
theta0.15_kappa0.1,1,77,4.7353804893301765,4.7603804893298127,-0.024999999999636202
theta0.15_kappa0.1,1,78,11.297147101795719,11.297147101795719,0
theta0.15_kappa0.1,1,79,-3.8342597542890382,-3.8342597542890382,0
theta0.15_kappa0.1,1,80,11.538533980188388,11.83001446618352,-0.2914804859951321
theta0.15_kappa0.1,1,81,11.9602611085874,11.93426110858756,0.025999999999839929
theta0.15_kappa0.1,1,82,-0.93689754941488357,-1.1197072671132775,0.18280971769839394
theta0.15_kappa0.1,1,83,5.2499120680921951,5.2499120680921951,0
theta0.15_kappa0.1,1,84,7.8032402325325956,7.8032402325325956,0
theta0.15_kappa0.1,1,85,2.0005404638332518,1.9495404638337761,0.050999999999475687
theta0.15_kappa0.1,1,86,21.045752877399153,21.045752877399153,0
theta0.15_kappa0.1,1,87,13.785312848480316,13.785312848480316,0
theta0.15_kappa0.1,1,88,3.0512557625700589,3.3690585023084658,-0.31780273973840689
theta0.15_kappa0.1,1,89,8.6531801154067693,8.6781801154067466,-0.024999999999977263
theta0.15_kappa0.1,1,90,8.0673561176383455,7.6348705761076783,0.43248554153066721
theta0.15_kappa0.1,1,91,7.7462818646362646,7.7712818646363555,-0.025000000000090949
theta0.15_kappa0.1,1,92,18.429747419069397,18.378747419069921,0.050999999999476131
theta0.15_kappa0.1,1,93,11.765297382010671,11.605246625543137,0.16005075646753397
theta0.15_kappa0.1,1,94,9.2649700706011906,9.3710902123268056,-0.10612014172561501
theta0.15_kappa0.1,1,95,9.9649929889963165,9.8889929889962964,0.076000000000020052
theta0.15_kappa0.1,1,96,8.5064054357383689,8.5314054357389146,-0.025000000000545697
theta0.15_kappa0.1,1,97,-9.226843714615292,-9.226843714615292,0
theta0.15_kappa0.1,1,98,19.488659148226027,19.563659148226755,-0.075000000000727596
theta0.15_kappa0.1,1,99,-0.5562118497226366,-1.1741947809599771,0.61798293123734049
theta0.15_kappa0.1,2,0,-5.9178505562025885,-6.4543076119089813,0.53645705570639279
theta0.15_kappa0.1,2,1,2.0636203969363729,2.0636203969363729,0
theta0.15_kappa0.1,2,2,12.035611990141522,11.235008934192814,0.80060305594870762
theta0.15_kappa0.1,2,3,5.6813168883666538,5.6813168883666538,0
theta0.15_kappa0.1,2,4,5.3347439512718164,5.3347439512718164,0
theta0.15_kappa0.1,2,5,8.1933296267767002,8.1933296267767002,0
theta0.15_kappa0.1,2,6,12.176507870672012,13.211891625003474,-1.0353837543314626
theta0.15_kappa0.1,2,7,14.934781155914743,17.00110156342388,-2.0663204075091368
theta0.15_kappa0.1,2,8,24.919520944295119,25.525691077012148,-0.60617013271702902
theta0.15_kappa0.1,2,9,13.55811696378257,13.55811696378257,0
theta0.15_kappa0.1,2,10,27.33668968575601,27.699544645330349,-0.36285495957433866
theta0.15_kappa0.1,2,11,16.295908650381271,16.295908650381271,0
theta0.15_kappa0.1,2,12,22.597504927423198,22.051294817512417,0.54621010991078123
theta0.15_kappa0.1,2,13,9.4461599083099443,9.4711599083100335,-0.025000000000089173
theta0.15_kappa0.1,2,14,-5.5190382380314187,-5.5190382380314187,0
theta0.15_kappa0.1,2,15,-0.3067373140938216,-0.17738750992111441,-0.12934980417270719
theta0.15_kappa0.1,2,16,20.184149623152408,19.297067356340666,0.88708226681174196
theta0.15_kappa0.1,2,17,1.4772268227766645,1.4522268227770281,0.024999999999636424
theta0.15_kappa0.1,2,18,15.729415248090881,14.382389754453071,1.3470254936378101
theta0.15_kappa0.1,2,19,26.474740464244658,26.512513928877731,-0.037773464633072962
theta0.15_kappa0.1,2,20,6.7742160842355332,6.7742160842355332,0
theta0.15_kappa0.1,2,21,5.791849860433488,6.3598291642516989,-0.56797930381821082
theta0.15_kappa0.1,2,22,5.6584274569440662,5.6834274569437024,-0.024999999999636202
theta0.15_kappa0.1,2,23,18.615700707210436,19.632535361700238,-1.0168346544898021
theta0.15_kappa0.1,2,24,8.0849735776008487,8.0849735776008487,0
theta0.15_kappa0.1,2,25,5.3353512227180975,5.3353512227180975,0
theta0.15_kappa0.1,2,26,10.12066325729835,10.287463010935708,-0.16679975363735799
theta0.15_kappa0.1,2,27,-1.7932071573287658,-2.5566059680775233,0.76339881074875748
theta0.15_kappa0.1,2,28,13.366186900051559,13.366186900051559,0
theta0.15_kappa0.1,2,29,10.82755508452118,10.950270363793081,-0.12271527927190107
theta0.15_kappa0.1,2,30,14.904834518823703,15.101619091938908,-0.19678457311520425
theta0.15_kappa0.1,2,31,8.0700173137097231,9.6111725535712758,-1.5411552398615527
theta0.15_kappa0.1,2,32,10.463818342879744,10.056987215945906,0.40683112693383805
theta0.15_kappa0.1,2,33,20.978161604231691,20.439835818015631,0.53832578621605975
theta0.15_kappa0.1,2,34,4.6126002038776015,4.6126002038776015,0
theta0.15_kappa0.1,2,35,-3.8447471071235086,-3.8697471071240543,0.025000000000545697
theta0.15_kappa0.1,2,36,4.8000059336434511,5.0299133124055677,-0.22990737876211664
theta0.15_kappa0.1,2,37,12.586396114969183,12.586396114969183,0
theta0.15_kappa0.1,2,38,12.691047688124756,12.691047688124756,0
theta0.15_kappa0.1,2,39,9.4192721618180322,9.2531836519762862,0.16608850984174595
theta0.15_kappa0.1,2,40,12.452999232758147,13.372271319840721,-0.91927208708257346
theta0.15_kappa0.1,2,41,18.841839775080089,18.841839775080089,0
theta0.15_kappa0.1,2,42,7.73551968305632,7.73551968305632,0
theta0.15_kappa0.1,2,43,-1.0279384364818809,-1.0279384364818809,0
theta0.15_kappa0.1,2,44,32.515207816743882,32.515207816743882,0
theta0.15_kappa0.1,2,45,7.2813565134925007,7.4055879011002324,-0.12423138760773167
theta0.15_kappa0.1,2,46,7.9506111555657446,7.9506111555657446,0
theta0.15_kappa0.1,2,47,16.290499462907889,15.656562376458332,0.63393708644955638
theta0.15_kappa0.1,2,48,10.67928353085482,10.67928353085482,0
theta0.15_kappa0.1,2,49,7.0966396105157088,7.0966396105157088,0
theta0.15_kappa0.1,2,50,10.888014309637017,10.888014309637017,0
theta0.15_kappa0.1,2,51,3.0057896231772339,3.0057896231772339,0
theta0.15_kappa0.1,2,52,-3.274939027860039,-3.274939027860039,0
theta0.15_kappa0.1,2,53,2.3491140939801278,1.0320146630295806,1.3170994309505473
theta0.15_kappa0.1,2,54,10.824546062606965,10.824546062606965,0
theta0.15_kappa0.1,2,55,11.709797474498115,11.709797474498115,0
theta0.15_kappa0.1,2,56,16.759852810042247,16.759852810042247,0
theta0.15_kappa0.1,2,57,1.6559284743935203,1.6559284743935203,0
theta0.15_kappa0.1,2,58,-4.6953062110991919,-5.522006544684813,0.82670033358562112
theta0.15_kappa0.1,2,59,4.0557151116800831,2.5198220045152722,1.535893107164811
theta0.15_kappa0.1,2,60,-1.7905392487829614,-0.26809601409478812,-1.5224432346881733
theta0.15_kappa0.1,2,61,1.4819696574029151,2.431766845966886,-0.94979718856397088
theta0.15_kappa0.1,2,62,2.6258402640858418,2.5387843606727234,0.087055903413118418
theta0.15_kappa0.1,2,63,13.099010028855508,11.146645775080898,1.9523642537746095
theta0.15_kappa0.1,2,64,3.5871580046965956,3.6121580046962318,-0.024999999999636202
theta0.15_kappa0.1,2,65,-2.162807112189268,-1.8169638108382389,-0.34584330135102914
theta0.15_kappa0.1,2,66,15.965272921334623,15.965272921334623,0
theta0.15_kappa0.1,2,67,16.545146787892435,16.545146787892435,0
theta0.15_kappa0.1,2,68,9.0742480117566888,9.0742480117566888,0
theta0.15_kappa0.1,2,69,13.320960374844184,13.424631973876306,-0.10367159903212197
theta0.15_kappa0.1,2,70,5.4080972466934689,5.4080972466934689,0
theta0.15_kappa0.1,2,71,8.614523532589299,8.614523532589299,0
theta0.15_kappa0.1,2,72,-1.398575335266518,-1.398575335266518,0
theta0.15_kappa0.1,2,73,16.539792195971625,16.344508364777337,0.19528383119428838
theta0.15_kappa0.1,2,74,-1.7492798890577796,-1.7492798890577796,0
theta0.15_kappa0.1,2,75,10.847596307203649,10.833268565203396,0.014327742000252996
theta0.15_kappa0.1,2,76,8.1198346565190107,8.1448346565195564,-0.025000000000545697
theta0.15_kappa0.1,2,77,-1.5139541402358772,-1.4911759608225874,-0.022778179413289745
theta0.15_kappa0.1,2,78,6.7024409712980457,6.7024409712980457,0
theta0.15_kappa0.1,2,79,5.833662371256314,5.833662371256314,0
theta0.15_kappa0.1,2,80,2.1083984449466771,2.1083984449466771,0
theta0.15_kappa0.1,2,81,1.111207995343122,1.1362079953432129,-0.025000000000090949
theta0.15_kappa0.1,2,82,12.073284923574381,12.098284923574926,-0.025000000000545697
theta0.15_kappa0.1,2,83,10.044012811379153,10.044012811379153,0
theta0.15_kappa0.1,2,84,16.358364206677209,16.987726833076209,-0.62936262639900065
theta0.15_kappa0.1,2,85,7.1776057247027891,7.1060533221450424,0.071552402557746753
theta0.15_kappa0.1,2,86,5.5012057875978631,5.7956031866324906,-0.29439739903462758
theta0.15_kappa0.1,2,87,4.9508119567814646,4.9115107772543052,0.039301179527159391
theta0.15_kappa0.1,2,88,15.874239245333269,15.959361465553677,-0.085122220220407385
theta0.15_kappa0.1,2,89,11.906567638947839,11.906567638947839,0
theta0.15_kappa0.1,2,90,1.1080330142840178,1.1080330142840178,0
theta0.15_kappa0.1,2,91,-7.2076333122045071,-7.2076333122045071,0
theta0.15_kappa0.1,2,92,8.2182233687066883,8.2182233687066883,0
theta0.15_kappa0.1,2,93,21.29260744379215,21.317607443792696,-0.025000000000545697
theta0.15_kappa0.1,2,94,-5.0978307224256492,-5.0728307224251035,-0.025000000000545697
theta0.15_kappa0.1,2,95,11.065767825475376,11.065767825475376,0
theta0.15_kappa0.1,2,96,9.4010126815210207,9.4010126815210207,0
theta0.15_kappa0.1,2,97,-0.86331109008668871,-0.83831109008705251,-0.024999999999636202
theta0.15_kappa0.1,2,98,14.150924874538871,14.150924874538871,0
theta0.15_kappa0.1,2,99,-8.7291266288677658,-8.7291266288677658,0
theta0.15_kappa0.1,3,0,17.799808124329296,18.031154598511101,-0.23134647418180521
theta0.15_kappa0.1,3,1,17.530626882657629,17.55562688265772,-0.025000000000090949
theta0.15_kappa0.1,3,2,-18.482400749800423,-18.725622622975877,0.24322187317545385
theta0.15_kappa0.1,3,3,15.264388911066924,14.503859335303837,0.760529575763087
theta0.15_kappa0.1,3,4,10.95515110697133,10.95515110697133,0
theta0.15_kappa0.1,3,5,16.562478249938241,16.562478249938241,0
theta0.15_kappa0.1,3,6,9.330500312811532,9.330500312811532,0
theta0.15_kappa0.1,3,7,7.5885490915060574,7.6135490915056936,-0.024999999999636202
theta0.15_kappa0.1,3,8,26.527509405457351,26.476509405457421,0.050999999999930878
theta0.15_kappa0.1,3,9,-4.9049769460944415,-4.9049769460944415,0
theta0.15_kappa0.1,3,10,1.645277624990831,1.645277624990831,0
theta0.15_kappa0.1,3,11,8.0592281501893694,7.7976244276827149,0.26160372250665453
theta0.15_kappa0.1,3,12,-3.5971250823959062,-4.1508413726772275,0.5537162902813213
theta0.15_kappa0.1,3,13,16.797209809805199,16.808622579259787,-0.011412769454587135
theta0.15_kappa0.1,3,14,2.521810621627163,2.5468106216277087,-0.025000000000545697
theta0.15_kappa0.1,3,15,3.5792451718126319,3.5792451718126319,0
theta0.15_kappa0.1,3,16,8.2115351797391245,7.8361910761056404,0.37534410363348414
theta0.15_kappa0.1,3,17,-5.5742348581397003,-5.5492348581396094,-0.025000000000090949
theta0.15_kappa0.1,3,18,16.645560108027134,16.645560108027134,0
theta0.15_kappa0.1,3,19,13.328870266330323,13.328870266330323,0
theta0.15_kappa0.1,3,20,2.0144172807355161,1.9193688521660175,0.095048428569498578
theta0.15_kappa0.1,3,21,12.997563876752327,12.997563876752327,0
theta0.15_kappa0.1,3,22,2.3351765360032308,2.5107907360595467,-0.17561420005631589
theta0.15_kappa0.1,3,23,-5.289468669593929,-5.289468669593929,0
theta0.15_kappa0.1,3,24,11.191243102879969,11.140243102879584,0.051000000000385626
theta0.15_kappa0.1,3,25,1.2090438623500923,1.2090438623500923,0
theta0.15_kappa0.1,3,26,7.1693858193835833,7.1693858193835833,0
theta0.15_kappa0.1,3,27,2.8198141371375831,2.8198141371375831,0
theta0.15_kappa0.1,3,28,11.668276235783315,11.394319396853991,0.27395683892932432
theta0.15_kappa0.1,3,29,14.262506918772271,14.674118112368625,-0.41161119359635379
theta0.15_kappa0.1,3,30,-4.4389804061283469,-4.7743408940274126,0.3353604878990657
theta0.15_kappa0.1,3,31,8.9131879818089317,8.3534015955482648,0.5597863862606669
theta0.15_kappa0.1,3,32,8.4411695052025486,8.4411695052025486,0
theta0.15_kappa0.1,3,33,5.3528839531910286,5.3528839531910286,0
theta0.15_kappa0.1,3,34,12.07585130982174,12.382590334034775,-0.30673902421303545
theta0.15_kappa0.1,3,35,23.162114491943033,23.162114491943033,0
theta0.15_kappa0.1,3,36,-3.8314439991690712,-3.8314439991690712,0
theta0.15_kappa0.1,3,37,1.1932305339105316,0.50543109902658934,0.68779943488394224
theta0.15_kappa0.1,3,38,8.7293949311714876,8.7293949311714876,0
theta0.15_kappa0.1,3,39,12.332770314778903,12.332770314778903,0
theta0.15_kappa0.1,3,40,17.72355224453478,17.72355224453478,0
theta0.15_kappa0.1,3,41,-7.554527389636835,-6.2640312210170865,-1.2904961686197485
theta0.15_kappa0.1,3,42,6.2818572611494234,5.131863523252548,1.1499937378968754
theta0.15_kappa0.1,3,43,12.851276727800098,12.851276727800098,0
theta0.15_kappa0.1,3,44,12.10418164514169,11.778084416583811,0.32609722855787915
theta0.15_kappa0.1,3,45,11.956481657403,11.493665848004444,0.46281580939855615
theta0.15_kappa0.1,3,46,32.109402816658289,31.67944636996689,0.42995644669139921
theta0.15_kappa0.1,3,47,-4.725344145158882,-4.725344145158882,0
theta0.15_kappa0.1,3,48,6.9132911210329917,7.2200980383504909,-0.30680691731749921
theta0.15_kappa0.1,3,49,5.7430844426454843,5.0230619159169487,0.72002252672853562
theta0.15_kappa0.1,3,50,0.77653695991015592,3.1220601239844559,-2.3455231640742999
theta0.15_kappa0.1,3,51,-4.6214206116444432,-4.7603398364735572,0.13891922482911401
theta0.15_kappa0.1,3,52,9.4004244987374079,9.3494244987370223,0.051000000000385626
theta0.15_kappa0.1,3,53,4.7035555580763679,4.7035555580763679,0
theta0.15_kappa0.1,3,54,1.3555596474815841,1.5451992904439369,-0.18963964296235281
theta0.15_kappa0.1,3,55,-0.88355931991162651,-1.5487927094278855,0.66523338951625899
theta0.15_kappa0.1,3,56,5.6421940874121637,5.6421940874121637,0
theta0.15_kappa0.1,3,57,-6.1208786215877744,-6.1436836825627958,0.022805060975021441
theta0.15_kappa0.1,3,58,26.407973158156612,26.407973158156612,0
theta0.15_kappa0.1,3,59,9.4422758891950735,9.4422758891950735,0
theta0.15_kappa0.1,3,60,22.766885951184079,24.603437960556455,-1.8365520093723759
theta0.15_kappa0.1,3,61,8.9664239674405799,8.9154239674411038,0.050999999999476131
theta0.15_kappa0.1,3,62,-2.5077423197694415,-2.5077423197694415,0
theta0.15_kappa0.1,3,63,28.192659236588231,28.192659236588231,0
theta0.15_kappa0.1,3,64,11.656635895069533,11.656635895069533,0
theta0.15_kappa0.1,3,65,5.203050990833348,5.203050990833348,0
theta0.15_kappa0.1,3,66,-2.0667543407719924,-1.8261527482264928,-0.24060159254549962
theta0.15_kappa0.1,3,67,6.2901321538478365,6.3151321538474727,-0.024999999999636202
theta0.15_kappa0.1,3,68,0.1167665449618104,0.1167665449618104,0
theta0.15_kappa0.1,3,69,18.126585626741655,18.075585626741724,0.050999999999930878
theta0.15_kappa0.1,3,70,-2.4968634899069828,-2.4968634899069828,0
theta0.15_kappa0.1,3,71,5.65887167139865,5.65887167139865,0
theta0.15_kappa0.1,3,72,9.4900433879927739,9.56713200530268,-0.077088617309906127
theta0.15_kappa0.1,3,73,1.8022556852586176,2.3422603444496826,-0.540004659191065
theta0.15_kappa0.1,3,74,14.444798096931761,14.444798096931761,0
theta0.15_kappa0.1,3,75,-0.68754520696618915,-0.68754520696618915,0
theta0.15_kappa0.1,3,76,8.9526887412072913,11.287779650343182,-2.3350909091358911
theta0.15_kappa0.1,3,77,27.370247209218221,28.435819376770869,-1.0655721675526486
theta0.15_kappa0.1,3,78,18.17871683740297,18.17871683740297,0
theta0.15_kappa0.1,3,79,14.172140321234377,14.172140321234377,0
theta0.15_kappa0.1,3,80,16.013636702385114,14.765941856823508,1.2476948455616057
theta0.15_kappa0.1,3,81,8.8358055419960078,8.8358055419960078,0
theta0.15_kappa0.1,3,82,3.9405625478021391,3.9405625478021391,0
theta0.15_kappa0.1,3,83,-6.1304168330692033,-6.1304168330692033,0
theta0.15_kappa0.1,3,84,6.2505020870238015,5.1157452062180973,1.1347568808057042
theta0.15_kappa0.1,3,85,-5.6360392017298873,-5.6360392017298873,0
theta0.15_kappa0.1,3,86,6.7605436017091662,6.7605436017091662,0
theta0.15_kappa0.1,3,87,24.724486053796607,24.724486053796607,0
theta0.15_kappa0.1,3,88,10.741477125753237,12.441025274989116,-1.6995481492358788
theta0.15_kappa0.1,3,89,-0.44138657663330472,-0.49238657663278079,0.050999999999476076
theta0.15_kappa0.1,3,90,7.4042262948818198,8.5813301203806933,-1.1771038254988735
theta0.15_kappa0.1,3,91,8.2344049096897685,8.2344049096897685,0
theta0.15_kappa0.1,3,92,8.8005443354074906,8.7142982849069472,0.086246050500543348
theta0.15_kappa0.1,3,93,-1.5731115088720462,-1.6241115088724318,0.051000000000385626
theta0.15_kappa0.1,3,94,32.670834880496791,32.602014275513696,0.068820604983095279
theta0.15_kappa0.1,3,95,17.042512174961889,17.014944560939945,0.027567614021943854
theta0.15_kappa0.1,3,96,2.2113504448803223,1.8056191877385617,0.40573125714176062
theta0.15_kappa0.1,3,97,12.63687057889277,12.63687057889277,0
theta0.15_kappa0.1,3,98,4.7064789443555348,4.7064789443555348,0
theta0.15_kappa0.1,3,99,14.061174648980719,14.061174648980719,0
theta0.15_kappa0.1,4,0,-4.0868649413685691,-4.0368649413683872,-0.050000000000181899
theta0.15_kappa0.1,4,1,16.5682229993253,16.319099467910039,0.24912353141526111
theta0.15_kappa0.1,4,2,1.0021343876711089,1.9035202726423792,-0.90138588497127037
theta0.15_kappa0.1,4,3,7.4621629725014422,7.4111629725010566,0.051000000000385626
theta0.15_kappa0.1,4,4,33.547674851111452,33.572674851111088,-0.024999999999636202
theta0.15_kappa0.1,4,5,13.691379606107679,15.127358373813721,-1.4359787677060414
theta0.15_kappa0.1,4,6,7.837043866713687,7.837043866713687,0
theta0.15_kappa0.1,4,7,-4.1618321003260768,-3.4285538498044392,-0.73327825052163753
theta0.15_kappa0.1,4,8,4.9485082024486013,4.9485082024486013,0
theta0.15_kappa0.1,4,9,25.17730037500063,25.745169096634463,-0.56786872163383251
theta0.15_kappa0.1,4,10,15.846953392571622,15.846953392571622,0
theta0.15_kappa0.1,4,11,9.0754226860949636,9.0754226860949636,0
theta0.15_kappa0.1,4,12,21.589454002119439,21.589454002119439,0
theta0.15_kappa0.1,4,13,2.2938602413416591,2.4785954080456483,-0.18473516670398915
theta0.15_kappa0.1,4,14,-1.1624215916674976,-1.1624215916674976,0
theta0.15_kappa0.1,4,15,22.33436682810401,22.651647164118351,-0.31728033601434191
theta0.15_kappa0.1,4,16,18.095009564763043,18.095009564763043,0
theta0.15_kappa0.1,4,17,0.53498869246203706,1.6249167008459735,-1.0899280083839364
theta0.15_kappa0.1,4,18,9.6524444212992169,9.6524444212992169,0
theta0.15_kappa0.1,4,19,30.491842404227597,30.276257823789511,0.2155845804380867
theta0.15_kappa0.1,4,20,10.060139616245106,10.060139616245106,0
theta0.15_kappa0.1,4,21,4.6866838441132384,4.5582969049390192,0.12838693917421917
theta0.15_kappa0.1,4,22,18.205608245214417,18.205608245214417,0
theta0.15_kappa0.1,4,23,2.4703712917756127,2.4703712917756127,0
theta0.15_kappa0.1,4,24,8.7016210466957453,8.7016210466957453,0
theta0.15_kappa0.1,4,25,8.5419661143432783,8.5419661143432783,0
theta0.15_kappa0.1,4,26,3.1595839935440955,3.1595839935440955,0
theta0.15_kappa0.1,4,27,12.549608099696616,12.532269820344084,0.017338279352532737
theta0.15_kappa0.1,4,28,8.0672015799709857,8.0672015799709857,0
theta0.15_kappa0.1,4,29,7.2487165231149699,7.4560444359357767,-0.20732791282080676
theta0.15_kappa0.1,4,30,14.794642594613499,14.819642594614043,-0.02500000000054392
theta0.15_kappa0.1,4,31,-4.6230184469768716,-3.584546807752572,-1.0384716392242996
theta0.15_kappa0.1,4,32,12.563555229997435,12.780239072038668,-0.21668384204123292
theta0.15_kappa0.1,4,33,-9.1297535886302565,-9.1284832106386684,-0.0012703779915881341
theta0.15_kappa0.1,4,34,15.654472989439853,15.690593720641042,-0.03612073120118886
theta0.15_kappa0.1,4,35,9.3646791753130216,9.3896791753126578,-0.024999999999636202
theta0.15_kappa0.1,4,36,20.998213444715361,21.02321344471499,-0.024999999999629097
theta0.15_kappa0.1,4,37,14.797455749982213,14.797455749982213,0
theta0.15_kappa0.1,4,38,9.4478024566941503,9.4478024566941503,0
theta0.15_kappa0.1,4,39,9.7239715021636624,10.111849404471606,-0.3878779023079435
theta0.15_kappa0.1,4,40,27.489468464460384,27.489468464460384,0
theta0.15_kappa0.1,4,41,7.5601475982951971,4.5185030090090814,3.0416445892861157
theta0.15_kappa0.1,4,42,0.46823332292298803,0.46823332292298803,0
theta0.15_kappa0.1,4,43,10.385477333608945,10.385477333608945,0
theta0.15_kappa0.1,4,44,11.737098811769441,9.6019932945313151,2.1351055172381255
theta0.15_kappa0.1,4,45,6.7994955829911952,6.3243641501741834,0.47513143281701176
theta0.15_kappa0.1,4,46,-14.713191231065334,-14.713191231065334,0
theta0.15_kappa0.1,4,47,5.3163444321330013,6.6296654348540027,-1.3133210027210014
theta0.15_kappa0.1,4,48,9.3319581416678208,9.2893394002633016,0.042618741404519156
theta0.15_kappa0.1,4,49,24.172858227516539,24.222858227516262,-0.049999999999723599
theta0.15_kappa0.1,4,50,4.4989947502211294,4.1277464349438162,0.37124831527731317
theta0.15_kappa0.1,4,51,10.989599813791356,10.989599813791356,0
theta0.15_kappa0.1,4,52,6.9098329635460365,6.9098329635460365,0
theta0.15_kappa0.1,4,53,20.2436785006037,19.491122667552965,0.75255583305073515
theta0.15_kappa0.1,4,54,12.3215384298106,12.3215384298106,0
theta0.15_kappa0.1,4,55,4.3714485152209974,4.3714485152209974,0
theta0.15_kappa0.1,4,56,12.815651139094834,12.815651139094834,0
theta0.15_kappa0.1,4,57,10.44890582937852,10.069338788427718,0.37956704095080163
theta0.15_kappa0.1,4,58,28.299432986113398,28.299432986113398,0
theta0.15_kappa0.1,4,59,11.396682593067986,12.020497186931838,-0.62381459386385174
theta0.15_kappa0.1,4,60,13.324509834906172,12.426117713090459,0.89839212181571249
theta0.15_kappa0.1,4,61,22.124890752746349,22.124890752746349,0
theta0.15_kappa0.1,4,62,21.552254881451141,21.552254881451141,0
theta0.15_kappa0.1,4,63,8.0631522330141809,8.0631522330141809,0
theta0.15_kappa0.1,4,64,10.339587616540044,10.339587616540044,0
theta0.15_kappa0.1,4,65,18.144637856985053,18.270758058658533,-0.12612020167347993
theta0.15_kappa0.1,4,66,8.707535166095699,8.2970679621274801,0.4104672039682189
theta0.15_kappa0.1,4,67,2.6902071979071134,2.7152071979076591,-0.025000000000545697
theta0.15_kappa0.1,4,68,19.038378074973441,18.987378074973055,0.051000000000385626
theta0.15_kappa0.1,4,69,21.70626780326813,21.70626780326813,0
theta0.15_kappa0.1,4,70,19.011185915302079,19.011185915302079,0
theta0.15_kappa0.1,4,71,-3.1183482940324314,-3.146854863096086,0.028506569063654563
theta0.15_kappa0.1,4,72,5.61584097587847,5.61584097587847,0
theta0.15_kappa0.1,4,73,16.225206118362294,16.225206118362294,0
theta0.15_kappa0.1,4,74,-4.4748957728584342,-4.4748957728584342,0
theta0.15_kappa0.1,4,75,9.2933388902224436,9.2933388902224436,0
theta0.15_kappa0.1,4,76,22.253126121239379,22.253126121239379,0
theta0.15_kappa0.1,4,77,-2.4764026773833585,-2.4764026773833585,0
theta0.15_kappa0.1,4,78,1.2967404507779072,1.2967404507779072,0
theta0.15_kappa0.1,4,79,-4.8450296629339427,-4.8450296629339427,0
theta0.15_kappa0.1,4,80,2.372366562620301,2.3213665626208249,0.050999999999476131
theta0.15_kappa0.1,4,81,1.1183384588802108,-0.064334000107239206,1.18267245898745
theta0.15_kappa0.1,4,82,7.9952761199693638,7.9952761199693638,0
theta0.15_kappa0.1,4,83,13.777510206079086,13.420249967795828,0.35726023828325815
theta0.15_kappa0.1,4,84,8.0999639902937499,8.3712419237732547,-0.2712779334795048
theta0.15_kappa0.1,4,85,2.4555696812918235,2.4555696812918235,0
theta0.15_kappa0.1,4,86,7.6373781772408762,7.6373781772408762,0
theta0.15_kappa0.1,4,87,31.007267020412371,31.007267020412371,0
theta0.15_kappa0.1,4,88,5.5152889521360269,5.4172889521360705,0.097999999999956344
theta0.15_kappa0.1,4,89,2.5490697283720247,2.5490697283720247,0
theta0.15_kappa0.1,4,90,12.059116344884412,13.730295126470535,-1.6711787815861232
theta0.15_kappa0.1,4,91,17.573690290620622,16.456081580320586,1.1176087103000363
theta0.15_kappa0.1,4,92,21.242559473597119,21.242559473597119,0
theta0.15_kappa0.1,4,93,12.659110763711007,12.608110763710622,0.051000000000385626
theta0.15_kappa0.1,4,94,11.5820915896415,11.5820915896415,0
theta0.15_kappa0.1,4,95,25.06658433398519,25.06658433398519,0
theta0.15_kappa0.1,4,96,0.69725748366971319,1.3391600318555541,-0.64190254818584092
theta0.15_kappa0.1,4,97,9.4511095610763398,8.7508987335788877,0.70021082749745212
theta0.15_kappa0.1,4,98,5.1146598034091504,4.6905374118665275,0.42412239154262288
theta0.15_kappa0.1,4,99,24.616579176466171,24.616579176466171,0
theta0.15_kappa0.1,5,0,1.6099507748390449,1.9818157414545119,-0.37186496661546697
theta0.15_kappa0.1,5,1,-1.3374872249167264,-1.3884872249171121,0.051000000000385626
theta0.15_kappa0.1,5,2,18.627295851463561,18.652295851465016,-0.025000000001455192
theta0.15_kappa0.1,5,3,-8.9856926838506297,-8.9856926838506297,0
theta0.15_kappa0.1,5,4,6.7891758975121359,6.7891758975121359,0
theta0.15_kappa0.1,5,5,25.993978077246748,25.942978077246359,0.051000000000389178
theta0.15_kappa0.1,5,6,14.020430645586377,15.264705795421904,-1.2442751498355271
theta0.15_kappa0.1,5,7,7.4497500143309052,7.4487500143311562,0.00099999999974897946
theta0.15_kappa0.1,5,8,20.139952009732763,20.659019678534371,-0.5190676688016076
theta0.15_kappa0.1,5,9,17.259110093156014,17.259110093156014,0
theta0.15_kappa0.1,5,10,9.9208531015738046,9.9208531015738046,0
theta0.15_kappa0.1,5,11,8.077519915263947,8.2195980333557301,-0.14207811809178317
theta0.15_kappa0.1,5,12,16.445534375768688,16.445534375768688,0
theta0.15_kappa0.1,5,13,5.0473754020991715,5.0473754020991715,0
theta0.15_kappa0.1,5,14,6.5820409745182493,5.339505051976559,1.2425359225416903
theta0.15_kappa0.1,5,15,10.844618457455407,10.955691438475696,-0.11107298102028906
theta0.15_kappa0.1,5,16,31.844485062013497,31.650050771086882,0.19443429092661546
theta0.15_kappa0.1,5,17,9.1774206902051958,6.766189709695027,2.4112309805101688
theta0.15_kappa0.1,5,18,2.6027560742412987,2.6027560742412987,0
theta0.15_kappa0.1,5,19,-4.7309881986112199,-4.7309881986112199,0
theta0.15_kappa0.1,5,20,15.9797430640391,15.9797430640391,0
theta0.15_kappa0.1,5,21,4.7946485793748899,4.7436485793754137,0.050999999999476131
theta0.15_kappa0.1,5,22,23.023815292755991,23.073815292756173,-0.050000000000181899
theta0.15_kappa0.1,5,23,8.0402229962982812,8.0402229962982812,0
theta0.15_kappa0.1,5,24,10.438986649894938,12.830369229993291,-2.3913825800983535
theta0.15_kappa0.1,5,25,10.782447197224968,10.782447197224968,0
theta0.15_kappa0.1,5,26,9.6900466239802991,10.100984177026994,-0.41093755304669521
theta0.15_kappa0.1,5,27,18.744936607487471,18.744936607487471,0
theta0.15_kappa0.1,5,28,5.5805533477394329,4.843848815990544,0.73670453174888895
theta0.15_kappa0.1,5,29,17.503933245399079,17.735386316595655,-0.23145307119657588
theta0.15_kappa0.1,5,30,16.159620823843394,15.589434866501392,0.57018595734200161
theta0.15_kappa0.1,5,31,-1.4258839218587085,-1.4258839218587085,0
theta0.15_kappa0.1,5,32,-3.6519128612850382,-3.6519128612850382,0
theta0.15_kappa0.1,5,33,9.2053166721726072,9.2053166721726072,0
theta0.15_kappa0.1,5,34,15.889000499011752,16.018336830592975,-0.12933633158122326
theta0.15_kappa0.1,5,35,8.0510767208446428,8.0510767208446428,0
theta0.15_kappa0.1,5,36,4.483720191720745,4.7941423480967158,-0.31042215637597081
theta0.15_kappa0.1,5,37,5.1662860912091473,5.1912860912087835,-0.024999999999636202
theta0.15_kappa0.1,5,38,5.9526979414411541,5.1593221273392986,0.79337581410185543
theta0.15_kappa0.1,5,39,8.1186602846628269,8.1186602846628269,0
theta0.15_kappa0.1,5,40,13.20326954564028,12.620005709442385,0.58326383619789546
theta0.15_kappa0.1,5,41,4.3344387603396353,4.3344387603396353,0
theta0.15_kappa0.1,5,42,6.5283158643752666,6.5533158643753575,-0.025000000000090949
theta0.15_kappa0.1,5,43,-3.0479093820791388,-3.0229093820790478,-0.025000000000090949
theta0.15_kappa0.1,5,44,23.719935052995723,23.719935052995723,0
theta0.15_kappa0.1,5,45,19.269537365742146,19.269537365742146,0
theta0.15_kappa0.1,5,46,16.426987999541822,16.426987999541822,0
theta0.15_kappa0.1,5,47,6.4501565499736495,6.937545388182432,-0.48738883820878254
theta0.15_kappa0.1,5,48,5.9969614565828406,6.3156355925210041,-0.31867413593816352
theta0.15_kappa0.1,5,49,3.4693574074688289,3.4693574074688289,0
theta0.15_kappa0.1,5,50,11.421768666278355,11.370768666278879,0.050999999999476131
theta0.15_kappa0.1,5,51,-6.7010662948492747,-6.7010662948492747,0
theta0.15_kappa0.1,5,52,13.696075734923276,13.696075734923276,0
theta0.15_kappa0.1,5,53,14.578234094729552,13.907222918172479,0.67101117655707299
theta0.15_kappa0.1,5,54,4.4948248342362866,4.7475259470971443,-0.25270111286085761
theta0.15_kappa0.1,5,55,7.2213865132250472,7.4078877912478607,-0.18650127802281347
theta0.15_kappa0.1,5,56,1.1500738281947549,1.1500738281947549,0
theta0.15_kappa0.1,5,57,1.2130720851763417,-0.1921726343343817,1.4052447195107234
theta0.15_kappa0.1,5,58,23.200730176318423,23.200730176318423,0
theta0.15_kappa0.1,5,59,8.9008545262913117,10.050894541580108,-1.1500400152887966
theta0.15_kappa0.1,5,60,16.006079168470496,16.019803955227935,-0.013724786757439489
theta0.15_kappa0.1,5,61,-7.4060473969968541,-7.3810473969972179,-0.024999999999636202
theta0.15_kappa0.1,5,62,9.4975559619087129,11.683754333911688,-2.1861983720029752
theta0.15_kappa0.1,5,63,11.854043351277532,11.854043351277532,0
theta0.15_kappa0.1,5,64,1.7192295362447338,1.7192295362447338,0
theta0.15_kappa0.1,5,65,4.6837455633132556,4.6837455633132556,0
theta0.15_kappa0.1,5,66,10.357729565727601,10.357729565727601,0
theta0.15_kappa0.1,5,67,19.940436617556458,20.201573943867707,-0.26113732631124975
theta0.15_kappa0.1,5,68,5.7297995132153634,5.7297995132153634,0
theta0.15_kappa0.1,5,69,9.5082923606983361,9.5385359708920792,-0.030243610193743109
theta0.15_kappa0.1,5,70,24.897429892162915,24.922429892163009,-0.025000000000094502
theta0.15_kappa0.1,5,71,-8.8922663952648477,-10.138774401339074,1.246508006074226
theta0.15_kappa0.1,5,72,13.522417708388373,13.246932913030284,0.27548479535808923
theta0.15_kappa0.1,5,73,7.1893655309944497,7.1893655309944497,0
theta0.15_kappa0.1,5,74,5.330422159810964,5.3804221598111459,-0.050000000000181899
theta0.15_kappa0.1,5,75,20.35046708312063,21.990856410666812,-1.6403893275461812
theta0.15_kappa0.1,5,76,10.528007599869751,10.528007599869751,0
theta0.15_kappa0.1,5,77,7.4041846837814713,7.4749892408214924,-0.070804557040021088
theta0.15_kappa0.1,5,78,8.73440111437802,8.73440111437802,0
theta0.15_kappa0.1,5,79,12.848505358784571,12.873505358784209,-0.024999999999637978
theta0.15_kappa0.1,5,80,35.632178779877599,35.632178779877599,0
theta0.15_kappa0.1,5,81,1.9248642980119568,1.9248642980119568,0
theta0.15_kappa0.1,5,82,17.426753387697527,17.426753387697527,0
theta0.15_kappa0.1,5,83,15.060490327102144,14.870712983135538,0.18977734396660573
theta0.15_kappa0.1,5,84,8.2054008952049404,8.2054008952049404,0
theta0.15_kappa0.1,5,85,2.2402541118390844,2.0216968733850127,0.21855723845407171
theta0.15_kappa0.1,5,86,8.1956777554549056,8.6269447978977265,-0.43126704244282088
theta0.15_kappa0.1,5,87,7.4468463854112139,7.4468463854112139,0
theta0.15_kappa0.1,5,88,-11.273353178528009,-11.273353178528009,0
theta0.15_kappa0.1,5,89,11.943425506396579,12.067139584755704,-0.12371407835912507
theta0.15_kappa0.1,5,90,11.368860668203528,11.705130879290071,-0.33627021108654276
theta0.15_kappa0.1,5,91,1.3442824651750198,1.1801928111678208,0.16408965400719899
theta0.15_kappa0.1,5,92,2.2497214770657261,1.8475671128221041,0.40215436424362205
theta0.15_kappa0.1,5,93,4.078006756122706,4.078006756122706,0
theta0.15_kappa0.1,5,94,5.7867416197954098,5.811741619795046,-0.024999999999636202
theta0.15_kappa0.1,5,95,12.612118120027713,12.612118120027713,0
theta0.15_kappa0.1,5,96,15.158354606361556,15.744691418353611,-0.58633681199205512
theta0.15_kappa0.1,5,97,18.085670921835451,17.581649276250186,0.50402164558526508
theta0.15_kappa0.1,5,98,13.42467756161108,13.373677561611602,0.050999999999477907
theta0.15_kappa0.1,5,99,5.1515156581223307,5.1515156581223307,0
theta0.15_kappa0.1,6,0,12.442982625519406,12.442982625519406,0
theta0.15_kappa0.1,6,1,4.7458555154282083,4.7458555154282083,0
theta0.15_kappa0.1,6,2,0.60579094049374538,0.69152378011911053,-0.085732839625365154
theta0.15_kappa0.1,6,3,8.1858119444535902,8.4483736317286446,-0.26256168727505447
theta0.15_kappa0.1,6,4,16.423865552523278,16.423865552523278,0
theta0.15_kappa0.1,6,5,14.08697171025732,14.0077774289907,0.079194281266619981
theta0.15_kappa0.1,6,6,17.104494818518337,17.817448033683373,-0.71295321516503662
theta0.15_kappa0.1,6,7,11.004320703364399,10.953320703364923,0.050999999999476131
theta0.15_kappa0.1,6,8,17.85936539696975,17.85936539696975,0
theta0.15_kappa0.1,6,9,11.496873974195752,11.33978449781697,0.15708947637878268
theta0.15_kappa0.1,6,10,19.243173075577712,19.064791525858165,0.17838154971954623
theta0.15_kappa0.1,6,11,-1.7534574401212231,-1.7284574401215869,-0.024999999999636202
theta0.15_kappa0.1,6,12,7.4931208139882077,7.4931208139882077,0
theta0.15_kappa0.1,6,13,-13.451771546198747,-13.451771546198747,0
theta0.15_kappa0.1,6,14,10.667249751437948,10.667249751437948,0
theta0.15_kappa0.1,6,15,15.4371035870635,13.838579374235156,1.5985242128283446
theta0.15_kappa0.1,6,16,13.105935035989807,13.105935035989807,0
theta0.15_kappa0.1,6,17,-1.0842734827374234,-1.0842734827374234,0
theta0.15_kappa0.1,6,18,31.354423310403067,31.137045134006136,0.21737817639693091
theta0.15_kappa0.1,6,19,23.5749992923277,23.766329134412661,-0.1913298420849614
theta0.15_kappa0.1,6,20,-13.782035385190669,-13.711183033015011,-0.070852352175657884
theta0.15_kappa0.1,6,21,-5.0152979397486526,-5.0152979397486526,0
theta0.15_kappa0.1,6,22,10.648129103752421,11.081840323403377,-0.43371121965095583
theta0.15_kappa0.1,6,23,4.924262074554826,4.9492620745544622,-0.024999999999636202
theta0.15_kappa0.1,6,24,-2.8793418805953999,-2.8793418805953999,0
theta0.15_kappa0.1,6,25,25.880708355313292,25.880708355313292,0
theta0.15_kappa0.1,6,26,24.360553536761959,24.360553536761959,0
theta0.15_kappa0.1,6,27,24.220856586947875,24.220856586947875,0
theta0.15_kappa0.1,6,28,10.573613759539608,10.573613759539608,0
theta0.15_kappa0.1,6,29,15.560194889313109,15.560194889313109,0
theta0.15_kappa0.1,6,30,2.6080596490314236,2.6080596490314236,0
theta0.15_kappa0.1,6,31,22.716672756691676,22.716672756691676,0
theta0.15_kappa0.1,6,32,15.455193548528785,15.455193548528785,0
theta0.15_kappa0.1,6,33,10.50839738743797,10.243026873049329,0.2653705143886409
theta0.15_kappa0.1,6,34,1.8030780961607016,2.1365905674987369,-0.3335124713380353
theta0.15_kappa0.1,6,35,3.4771734866856097,3.4462294312587147,0.030944055426894934
theta0.15_kappa0.1,6,36,17.987744879772634,17.987744879772634,0
theta0.15_kappa0.1,6,37,9.239882050100098,9.4210027254028397,-0.18112067530274167
theta0.15_kappa0.1,6,38,-0.38820540281711868,-0.36320540281748248,-0.024999999999636202
theta0.15_kappa0.1,6,39,29.261315646287997,29.261315646287997,0
theta0.15_kappa0.1,6,40,23.345232147584525,23.462642277964473,-0.11741013037994819
theta0.15_kappa0.1,6,41,1.2358471020048309,1.2858471020050128,-0.050000000000181899
theta0.15_kappa0.1,6,42,22.824642048782628,22.824642048782628,0
theta0.15_kappa0.1,6,43,8.9122302374448061,8.9122302374448061,0
theta0.15_kappa0.1,6,44,1.4727632189845898,3.1747371913606073,-1.7019739723760174
theta0.15_kappa0.1,6,45,1.5698260826633268,-3.2026758763973011,4.7725019590606284
theta0.15_kappa0.1,6,46,8.6930176927835578,8.9949842210392106,-0.30196652825565273
theta0.15_kappa0.1,6,47,-7.7166997273092814,-7.7676997273087576,0.050999999999476131
theta0.15_kappa0.1,6,48,-3.048467540844777,-3.048467540844777,0
theta0.15_kappa0.1,6,49,17.670076059788393,17.803751829622634,-0.13367576983424101
theta0.15_kappa0.1,6,50,2.666050046793349,2.666050046793349,0
theta0.15_kappa0.1,6,51,-16.054073844270675,-16.054073844270675,0
theta0.15_kappa0.1,6,52,3.8854486600778615,3.8854486600778615,0
theta0.15_kappa0.1,6,53,7.3213623555142044,7.7993234555538589,-0.47796110003965442
theta0.15_kappa0.1,6,54,-2.464474721387568,-2.2955545986360093,-0.16892012275155865
theta0.15_kappa0.1,6,55,14.217523568187511,14.217523568187511,0
theta0.15_kappa0.1,6,56,3.299008912682611,3.299008912682611,0
theta0.15_kappa0.1,6,57,6.8544225151617457,6.8544225151617457,0
theta0.15_kappa0.1,6,58,18.900961060589299,19.309668034462245,-0.40870697387294541
theta0.15_kappa0.1,6,59,-1.4197924484033482,-1.2435666029865295,-0.17622584541681863
theta0.15_kappa0.1,6,60,11.283594518928403,11.333594518928583,-0.050000000000180123
theta0.15_kappa0.1,6,61,-8.2284473370233719,-6.4506310369887867,-1.7778163000345852
theta0.15_kappa0.1,6,62,9.6574623380479956,7.6840824908199767,1.9733798472280188
theta0.15_kappa0.1,6,63,-0.41095179142581229,-0.41095179142581229,0
theta0.15_kappa0.1,6,64,23.936408991642228,23.961408991641864,-0.024999999999636202
theta0.15_kappa0.1,6,65,18.566959149965061,18.566959149965061,0
theta0.15_kappa0.1,6,66,12.017948216991211,11.859629038062344,0.15831917892886693
theta0.15_kappa0.1,6,67,8.0831528503854475,8.0831528503854475,0
theta0.15_kappa0.1,6,68,-2.8759002235829612,-1.8581005294024364,-1.0177996941805247
theta0.15_kappa0.1,6,69,9.4565328099673884,9.4565328099673884,0
theta0.15_kappa0.1,6,70,2.0730717575421949,3.0246199593660927,-0.95154820182389788
theta0.15_kappa0.1,6,71,9.6327628433964705,9.6327628433964705,0
theta0.15_kappa0.1,6,72,21.658189210496747,21.658189210496747,0
theta0.15_kappa0.1,6,73,10.641900975243868,10.641900975243868,0
theta0.15_kappa0.1,6,74,12.974409273233896,12.974409273233896,0
theta0.15_kappa0.1,6,75,9.5259991138689966,9.5259991138689966,0
theta0.15_kappa0.1,6,76,0.73442341983397186,0.73442341983397186,0
theta0.15_kappa0.1,6,77,11.774014565220105,12.201180723587802,-0.42716615836769734
theta0.15_kappa0.1,6,78,10.823780906209636,10.823780906209636,0
theta0.15_kappa0.1,6,79,9.0300526498246718,9.0550526498247645,-0.025000000000092726
theta0.15_kappa0.1,6,80,21.252661968215449,21.252661968215449,0
theta0.15_kappa0.1,6,81,12.263036745420008,12.963710516379487,-0.70067377095947947
theta0.15_kappa0.1,6,82,2.957640226055922,3.8196256524109664,-0.86198542635504438
theta0.15_kappa0.1,6,83,10.762452485300528,10.762452485300528,0
theta0.15_kappa0.1,6,84,-5.3626940023770286,-5.3626940023770286,0
theta0.15_kappa0.1,6,85,29.862636860058391,29.83663686006037,0.02599999999802094
theta0.15_kappa0.1,6,86,13.546233441455344,12.345787007296916,1.2004464341584278
theta0.15_kappa0.1,6,87,7.9774980189935345,7.9774980189935345,0
theta0.15_kappa0.1,6,88,-10.597609821427987,-10.597609821427987,0
theta0.15_kappa0.1,6,89,18.569562295307048,18.594562295307593,-0.025000000000545697
theta0.15_kappa0.1,6,90,8.3802393756459974,8.3802393756459974,0
theta0.15_kappa0.1,6,91,-11.555216411038575,-11.865931704031119,0.31071529299254408
theta0.15_kappa0.1,6,92,16.585406040066502,16.585406040066502,0
theta0.15_kappa0.1,6,93,-4.4226412372498149,-4.4226412372498149,0
theta0.15_kappa0.1,6,94,14.398923349815128,14.398923349815128,0
theta0.15_kappa0.1,6,95,20.776143327234955,21.649328465190436,-0.87318513795548114
theta0.15_kappa0.1,6,96,-2.9030595563146488,-2.954059556314125,0.050999999999476131
theta0.15_kappa0.1,6,97,13.039711676344414,13.039711676344414,0
theta0.15_kappa0.1,6,98,-0.82033990605837426,1.9840311303118017,-2.8043710363701759
theta0.15_kappa0.1,6,99,16.595620736089828,16.544620736089897,0.050999999999930878
theta0.15_kappa0.1,7,0,7.2417772521992196,7.2417772521992196,0
theta0.15_kappa0.1,7,1,12.825233009514708,12.825233009514708,0
theta0.15_kappa0.1,7,2,-7.5946481913396191,-7.9078188680992811,0.31317067675966204
theta0.15_kappa0.1,7,3,25.639111420729321,25.588111420729845,0.050999999999476131
theta0.15_kappa0.1,7,4,8.238919972034088,8.2639199720337242,-0.024999999999636202
theta0.15_kappa0.1,7,5,7.5230509604852953,7.5260341255293568,-0.0029831650440614865
theta0.15_kappa0.1,7,6,21.93197251571549,22.596846285537907,-0.66487376982241742
theta0.15_kappa0.1,7,7,6.7441516552762364,6.7441516552762364,0
theta0.15_kappa0.1,7,8,5.8448770436741775,5.7143489682377595,0.13052807543641798
theta0.15_kappa0.1,7,9,5.3906344435178966,5.0702122095248621,0.32042223399303449
theta0.15_kappa0.1,7,10,0.043970106715347901,0.039763003734599497,0.0042071029807484034
theta0.15_kappa0.1,7,11,10.696728943812827,10.576349367978066,0.120379575834761
theta0.15_kappa0.1,7,12,-11.895569846093116,-11.153671031680714,-0.74189881441240146
theta0.15_kappa0.1,7,13,8.6692958601077699,8.6692958601077699,0
theta0.15_kappa0.1,7,14,11.049945116466322,11.049945116466322,0
theta0.15_kappa0.1,7,15,27.387939586179165,27.387939586179165,0
theta0.15_kappa0.1,7,16,17.980890708522402,16.44868287882186,1.5322078297005426
theta0.15_kappa0.1,7,17,5.243208655449644,5.6527729592726477,-0.40956430382300368
theta0.15_kappa0.1,7,18,5.8952684067168493,5.8952684067168493,0
theta0.15_kappa0.1,7,19,19.154995080415329,19.154995080415329,0
theta0.15_kappa0.1,7,20,-1.4872466295522864,-1.4872466295522864,0
theta0.15_kappa0.1,7,21,-7.6985885624915555,-8.6959002147003517,0.99731165220879614
theta0.15_kappa0.1,7,22,8.3295568521332441,8.3209735119438015,0.0085833401894426231
theta0.15_kappa0.1,7,23,9.7892252126309156,11.085214726327701,-1.2959895136967852
theta0.15_kappa0.1,7,24,2.076200022998111,2.076200022998111,0
theta0.15_kappa0.1,7,25,11.129699027878798,11.129699027878798,0
theta0.15_kappa0.1,7,26,6.9883270865018368,6.9883270865018368,0
theta0.15_kappa0.1,7,27,6.7529355508495215,6.0797710762094139,0.67316447464010754
theta0.15_kappa0.1,7,28,-6.4944698744591944,-6.3623062315520205,-0.13216364290717397
theta0.15_kappa0.1,7,29,-0.60723774853211587,-0.58223774853247967,-0.024999999999636202
theta0.15_kappa0.1,7,30,1.2690721871868085,0.73336136850281797,0.53571081868399051
theta0.15_kappa0.1,7,31,15.066552788163261,14.753153856389025,0.31339893177423583
theta0.15_kappa0.1,7,32,-3.7138488154973066,-3.7138488154973066,0
theta0.15_kappa0.1,7,33,4.7789216098283873,4.7789216098283873,0
theta0.15_kappa0.1,7,34,11.999625290457836,12.283345331678539,-0.28372004122070393
theta0.15_kappa0.1,7,35,4.0606516671463284,4.0856516671468741,-0.025000000000545697
theta0.15_kappa0.1,7,36,13.716230733462794,13.716230733462794,0
theta0.15_kappa0.1,7,37,-1.0579972798019279,-1.0579972798019279,0
theta0.15_kappa0.1,7,38,3.6256633342045657,2.4404260289076971,1.1852373052968685
theta0.15_kappa0.1,7,39,21.543222480781179,21.666447122773416,-0.12322464199223759
theta0.15_kappa0.1,7,40,13.530868394284781,13.530868394284781,0
theta0.15_kappa0.1,7,41,20.399785689750519,20.348785689751043,0.050999999999476131
theta0.15_kappa0.1,7,42,13.420814605617364,13.420814605617364,0
theta0.15_kappa0.1,7,43,33.520314714278413,33.858099114436257,-0.33778440015784383
theta0.15_kappa0.1,7,44,6.9269553210362549,6.9519553210358911,-0.024999999999636202
theta0.15_kappa0.1,7,45,22.92864001538895,22.92864001538895,0
theta0.15_kappa0.1,7,46,-0.0657851983670487,-1.4542369970183289,1.3884517986512801
theta0.15_kappa0.1,7,47,12.474895132957954,12.474895132957954,0
theta0.15_kappa0.1,7,48,1.3636720866564338,1.38867208665607,-0.024999999999636202
theta0.15_kappa0.1,7,49,-14.559451136394197,-14.559451136394197,0
theta0.15_kappa0.1,7,50,1.7727754331209833,1.7727754331209833,0
theta0.15_kappa0.1,7,51,13.246591358440812,13.246591358440812,0
theta0.15_kappa0.1,7,52,9.224494795538158,10.239531667964714,-1.0150368724265562
theta0.15_kappa0.1,7,53,4.9721208061146811,4.9721208061146811,0
theta0.15_kappa0.1,7,54,3.941679750038654,3.8646797500393379,0.07699999999931606
theta0.15_kappa0.1,7,55,18.601409002098727,21.631602111755033,-3.0301931096563059
theta0.15_kappa0.1,7,56,-10.397310338598816,-10.397310338598816,0
theta0.15_kappa0.1,7,57,17.901014188981723,17.88998156108336,0.01103262789836279
theta0.15_kappa0.1,7,58,10.076258481035564,10.157598531025164,-0.081340049989599095
theta0.15_kappa0.1,7,59,-1.4916874836148946,-1.4916874836148946,0
theta0.15_kappa0.1,7,60,2.8639396538665043,2.9139396538661178,-0.049999999999613465
theta0.15_kappa0.1,7,61,-5.2250242586763216,-6.0822018507042692,0.85717759202794763
theta0.15_kappa0.1,7,62,6.0821352640489321,6.0821352640489321,0
theta0.15_kappa0.1,7,63,17.908464198668874,17.908464198668874,0
theta0.15_kappa0.1,7,64,7.11545256427772,7.3942487099040708,-0.2787961456263508
theta0.15_kappa0.1,7,65,-3.1176528851471739,-3.1176528851471739,0
theta0.15_kappa0.1,7,66,3.8679465480104738,4.8496160131215476,-0.98166946511107378
theta0.15_kappa0.1,7,67,26.515928695841481,26.515928695841481,0
theta0.15_kappa0.1,7,68,6.3390645931471212,7.0599023692671246,-0.72083777612000333
theta0.15_kappa0.1,7,69,6.0958147353363543,5.7421004944760039,0.35371424086035042
theta0.15_kappa0.1,7,70,6.0278206107486803,6.0278206107486803,0
theta0.15_kappa0.1,7,71,2.9492322542684866,4.1133275008115966,-1.16409524654311
theta0.15_kappa0.1,7,72,8.7948226851381293,8.7948226851381293,0
theta0.15_kappa0.1,7,73,10.846886332950298,10.871886332949934,-0.024999999999636202
theta0.15_kappa0.1,7,74,2.8166082735919487,1.5313040842925412,1.2853041892994075
theta0.15_kappa0.1,7,75,4.5372107202293597,4.5372107202293597,0
theta0.15_kappa0.1,7,76,-7.8684783609986404,-8.2881854297776307,0.41970706877899033
theta0.15_kappa0.1,7,77,4.1158107470041472,4.1158107470041472,0
theta0.15_kappa0.1,7,78,12.953785844339432,12.902785844339046,0.051000000000385626
theta0.15_kappa0.1,7,79,12.921445762917912,12.87044576291798,0.050999999999932655
theta0.15_kappa0.1,7,80,-1.64276195744896,-1.64276195744896,0
theta0.15_kappa0.1,7,81,4.4258125813012201,4.6650419918466692,-0.23922941054544911
theta0.15_kappa0.1,7,82,10.916243533313208,10.916243533313208,0
theta0.15_kappa0.1,7,83,3.3929928004270593,3.181035335579331,0.21195746484772826
theta0.15_kappa0.1,7,84,5.214956389350994,4.6041411463627853,0.61081524298820877
theta0.15_kappa0.1,7,85,10.652535214845988,11.324033328753032,-0.6714981139070435
theta0.15_kappa0.1,7,86,15.878565596811628,15.878565596811628,0
theta0.15_kappa0.1,7,87,23.491985941819006,23.440985941817711,0.05100000000129512
theta0.15_kappa0.1,7,88,8.5698312573903497,8.4377744322356403,0.1320568251547094
theta0.15_kappa0.1,7,89,-6.8795779563798707,-6.8795779563798707,0
theta0.15_kappa0.1,7,90,8.5939433553585829,7.8641056384524708,0.7298377169061121
theta0.15_kappa0.1,7,91,-13.262024994078423,-13.313024994078807,0.051000000000383849
theta0.15_kappa0.1,7,92,14.315382838781735,14.315382838781735,0
theta0.15_kappa0.1,7,93,6.6044063076990307,6.6044063076990307,0
theta0.15_kappa0.1,7,94,3.1363946915522241,3.1363946915522241,0
theta0.15_kappa0.1,7,95,5.1326384746115394,5.1326384746115394,0
theta0.15_kappa0.1,7,96,3.9412502015763993,5.0244604997189075,-1.0832102981425082
theta0.15_kappa0.1,7,97,19.662309531369161,19.662309531369161,0
theta0.15_kappa0.1,7,98,-6.0077876787270803,-6.3143827585313055,0.30659507980422518
theta0.15_kappa0.1,7,99,19.980338249089417,19.929338249089032,0.051000000000385626
theta0.15_kappa0.1,8,0,2.9083265274089896,2.9333265274086258,-0.024999999999636202
theta0.15_kappa0.1,8,1,15.708256538796793,15.657256538796862,0.050999999999930878
theta0.15_kappa0.1,8,2,4.6587002181677111,5.0464360248903848,-0.38773580672267371
theta0.15_kappa0.1,8,3,15.579678908701188,15.604678908701278,-0.025000000000089173
theta0.15_kappa0.1,8,4,7.056406651056836,7.056406651056836,0
theta0.15_kappa0.1,8,5,7.1681360128247968,7.1681360128247968,0
theta0.15_kappa0.1,8,6,8.5565148930865789,8.4545148930867171,0.10199999999986176
theta0.15_kappa0.1,8,7,9.8314590487267086,11.121083071384662,-1.2896240226579536
theta0.15_kappa0.1,8,8,-1.3417376771405651,-2.6996151330382858,1.3578774558977207
theta0.15_kappa0.1,8,9,2.1373616972168241,0.66045700454524203,1.4769046926715821
theta0.15_kappa0.1,8,10,20.41811730156947,19.56846369141881,0.84965361015066065
theta0.15_kappa0.1,8,11,18.504327203716493,18.504327203716493,0
theta0.15_kappa0.1,8,12,0.22766105455865279,-1.1066819354689641,1.3343429900276169
theta0.15_kappa0.1,8,13,-6.202781272576134,-6.202781272576134,0
theta0.15_kappa0.1,8,14,-1.93172012779388,-1.568380625867376,-0.36333950192650399
theta0.15_kappa0.1,8,15,11.558907033273989,11.50790703327406,0.050999999999929102
theta0.15_kappa0.1,8,16,11.058941974059616,11.058941974059616,0
theta0.15_kappa0.1,8,17,16.085994825991563,15.971146599018621,0.11484822697294206
theta0.15_kappa0.1,8,18,2.5579296250183141,2.5579296250183141,0
theta0.15_kappa0.1,8,19,19.027845170443413,19.027845170443413,0
theta0.15_kappa0.1,8,20,15.203997140558371,16.565532059305067,-1.3615349187466954
theta0.15_kappa0.1,8,21,7.5635821618317332,7.5885821618322788,-0.025000000000545697
theta0.15_kappa0.1,8,22,5.9513238965589466,6.3890640188449517,-0.43774012228600512
theta0.15_kappa0.1,8,23,-3.2422139433690398,-2.7201832294493116,-0.52203071391972822
theta0.15_kappa0.1,8,24,3.8679201393564977,4.0381778374891617,-0.170257698132664
theta0.15_kappa0.1,8,25,15.371444113434915,15.371444113434915,0
theta0.15_kappa0.1,8,26,15.070488874779498,10.211511987515625,4.8589768872638732
theta0.15_kappa0.1,8,27,12.530890948275442,12.539923486105163,-0.0090325378297215764
theta0.15_kappa0.1,8,28,14.148569379278324,14.148569379278324,0
theta0.15_kappa0.1,8,29,14.787541241365451,14.868479173151544,-0.080937931786092321
theta0.15_kappa0.1,8,30,5.5901166230870194,5.5901166230870194,0
theta0.15_kappa0.1,8,31,4.9797508373362245,4.9797508373362245,0
theta0.15_kappa0.1,8,32,2.1449551947107577,2.1449551947107577,0
theta0.15_kappa0.1,8,33,18.536995426130076,18.536995426130076,0
theta0.15_kappa0.1,8,34,5.6658371521155813,6.5323443541309203,-0.86650720201533904
theta0.15_kappa0.1,8,35,7.4371562363211829,7.4371562363211829,0
theta0.15_kappa0.1,8,36,1.9975795438468569,2.2537506567819445,-0.25617111293508765
theta0.15_kappa0.1,8,37,12.29902721611932,12.29902721611932,0
theta0.15_kappa0.1,8,38,12.2987438199157,12.272743819916769,0.025999999998930434
theta0.15_kappa0.1,8,39,-14.559731669990011,-14.559731669990011,0
theta0.15_kappa0.1,8,40,8.876443618033953,8.876443618033953,0
theta0.15_kappa0.1,8,41,15.104232892053025,15.249233202766362,-0.1450003107133373
theta0.15_kappa0.1,8,42,-6.2156088309415853,-6.2156088309415853,0
theta0.15_kappa0.1,8,43,16.646349625263174,16.646349625263174,0
theta0.15_kappa0.1,8,44,9.4435001894328447,9.4435001894328447,0
theta0.15_kappa0.1,8,45,12.878798184832092,12.878798184832092,0
theta0.15_kappa0.1,8,46,12.464557393564505,12.464557393564505,0
theta0.15_kappa0.1,8,47,17.303314470713158,19.39286618406755,-2.0895517133543926
theta0.15_kappa0.1,8,48,-5.6917918104396001,-5.6917918104396001,0
theta0.15_kappa0.1,8,49,29.870065389316835,29.870065389316835,0
theta0.15_kappa0.1,8,50,13.78615339163076,10.958917750806014,2.8272356408247461
theta0.15_kappa0.1,8,51,4.8086615830421735,4.8336615830427192,-0.025000000000545697
theta0.15_kappa0.1,8,52,1.5926727452114138,1.5926727452114138,0
theta0.15_kappa0.1,8,53,19.790168761085571,19.790168761085571,0
theta0.15_kappa0.1,8,54,10.172152150673298,10.172152150673298,0
theta0.15_kappa0.1,8,55,18.542004267809961,18.542004267809961,0
theta0.15_kappa0.1,8,56,17.248911429378058,16.938652112769525,0.31025931660853345
theta0.15_kappa0.1,8,57,15.834666625670073,15.834666625670073,0
theta0.15_kappa0.1,8,58,1.4557090365779677,1.4807090365776041,-0.024999999999636424
theta0.15_kappa0.1,8,59,6.0808683139933635,6.0808683139933635,0
theta0.15_kappa0.1,8,60,-0.64103666502010415,-0.69203666502048977,0.051000000000385626
theta0.15_kappa0.1,8,61,13.949311989014502,13.974311989014138,-0.024999999999636202
theta0.15_kappa0.1,8,62,-8.0242143424391887,-7.4771818360357756,-0.54703250640341317
theta0.15_kappa0.1,8,63,5.3168024919944266,7.8241719947882213,-2.5073695027937948
theta0.15_kappa0.1,8,64,3.437700117412219,2.5492472714194871,0.88845284599273189
theta0.15_kappa0.1,8,65,3.4688982855731947,3.4688982855731947,0
theta0.15_kappa0.1,8,66,9.2597076952236321,9.2597076952236321,0
theta0.15_kappa0.1,8,67,15.418509906988106,15.71170513152874,-0.29319522454063396
theta0.15_kappa0.1,8,68,16.257833339929253,16.257833339929253,0
theta0.15_kappa0.1,8,69,6.6556428689253231,6.6556428689253231,0
theta0.15_kappa0.1,8,70,-0.92021160079356201,-0.89521160079347117,-0.025000000000090838
theta0.15_kappa0.1,8,71,3.9692529275719362,3.9942529275715719,-0.024999999999635758
theta0.15_kappa0.1,8,72,-5.0816339335481899,-5.0566339335485537,-0.024999999999636202
theta0.15_kappa0.1,8,73,5.6401695674739383,5.6401695674739383,0
theta0.15_kappa0.1,8,74,19.353809406896911,19.353809406896911,0
theta0.15_kappa0.1,8,75,-2.147164783916379,-2.147164783916379,0
theta0.15_kappa0.1,8,76,23.565302457526901,23.565302457526901,0
theta0.15_kappa0.1,8,77,10.82008340104553,10.535349756180979,0.28473364486455033
theta0.15_kappa0.1,8,78,2.8864800129558379,2.9114800129554741,-0.024999999999636202
theta0.15_kappa0.1,8,79,5.4353572544612403,5.3843572544617642,0.050999999999476131
theta0.15_kappa0.1,8,80,9.4050710038517842,9.3540710038523081,0.050999999999476131
theta0.15_kappa0.1,8,81,4.3662911724750533,4.4585795899458986,-0.092288417470845374
theta0.15_kappa0.1,8,82,38.369152592023127,38.672841110336513,-0.30368851831338617
theta0.15_kappa0.1,8,83,6.2933680008447315,6.477093058224118,-0.18372505737938649
theta0.15_kappa0.1,8,84,21.117974334440859,21.066974334440474,0.051000000000385626
theta0.15_kappa0.1,8,85,12.010620034965132,12.436135693828998,-0.42551565886386555
theta0.15_kappa0.1,8,86,35.108797201961714,35.108797201961714,0
theta0.15_kappa0.1,8,87,-1.2080563873333594,-1.1587972602434529,-0.04925912708990654
theta0.15_kappa0.1,8,88,10.895910533178771,10.84491053317884,0.050999999999930878
theta0.15_kappa0.1,8,89,14.827718152037418,15.548032394655555,-0.72031424261813726
theta0.15_kappa0.1,8,90,-2.3527546755832081,-2.3527546755832081,0
theta0.15_kappa0.1,8,91,6.0775430766965872,6.0775430766965872,0
theta0.15_kappa0.1,8,92,20.748691959428612,20.748691959428612,0
theta0.15_kappa0.1,8,93,10.127253839951829,10.127253839951829,0
theta0.15_kappa0.1,8,94,6.0657463595524774,6.0657463595524774,0
theta0.15_kappa0.1,8,95,4.5517387184422748,4.5517387184422748,0
theta0.15_kappa0.1,8,96,11.738990941041315,11.788990941040929,-0.049999999999613465
theta0.15_kappa0.1,8,97,5.0962590084248554,3.0781165023618313,2.018142506063024
theta0.15_kappa0.1,8,98,13.037435348664999,14.03233338370954,-0.99489803504454066
theta0.15_kappa0.1,8,99,-0.2393485232013062,0.69518647685760349,-0.93453500005890966
theta0.15_kappa0.1,9,0,16.712080663343102,16.712080663343102,0
theta0.15_kappa0.1,9,1,1.4099179418834946,0.85471272828740341,0.55520521359609121
theta0.15_kappa0.1,9,2,3.0823035014678259,3.0823035014678259,0
theta0.15_kappa0.1,9,3,-3.7004755790068335,-3.7004755790068335,0
theta0.15_kappa0.1,9,4,-15.949139113694612,-14.868392921249004,-1.0807461924456074
theta0.15_kappa0.1,9,5,3.2404690584956444,4.2445236316106207,-1.0040545731149764
theta0.15_kappa0.1,9,6,12.329192164091021,12.329192164091021,0
theta0.15_kappa0.1,9,7,15.02367228141282,15.02367228141282,0
theta0.15_kappa0.1,9,8,16.272600589487599,16.272600589487599,0
theta0.15_kappa0.1,9,9,10.980464831455116,11.005464831454752,-0.024999999999636202
theta0.15_kappa0.1,9,10,16.227537378162328,16.252537378161964,-0.024999999999636202
theta0.15_kappa0.1,9,11,7.6159723929709138,7.9192382907141212,-0.30326589774320745
theta0.15_kappa0.1,9,12,-1.8420854129385624,-1.8420854129385624,0
theta0.15_kappa0.1,9,13,6.9743313145555366,6.5714091647715094,0.40292214978402718
theta0.15_kappa0.1,9,14,17.481895077224301,17.481895077224301,0
theta0.15_kappa0.1,9,15,-3.5300537503029918,-3.647847642264896,0.11779389196190415
theta0.15_kappa0.1,9,16,31.767728359996536,30.614179743324481,1.1535486166720545
theta0.15_kappa0.1,9,17,18.640095215146243,18.640095215146243,0
theta0.15_kappa0.1,9,18,-10.702012959436685,-10.702012959436685,0
theta0.15_kappa0.1,9,19,9.1357250562131416,9.1357250562131416,0
theta0.15_kappa0.1,9,20,19.958173492567493,19.958173492567493,0
theta0.15_kappa0.1,9,21,-0.22992753416685249,0.74532585625618042,-0.97525339042303294
theta0.15_kappa0.1,9,22,8.5666035553766697,8.6244438823381859,-0.057840326961516197
theta0.15_kappa0.1,9,23,12.334231265375198,12.334231265375198,0
theta0.15_kappa0.1,9,24,17.191675178055323,18.029972120407241,-0.8382969423519171
theta0.15_kappa0.1,9,25,9.8878536102855517,9.2044670178590575,0.68338659242649413
theta0.15_kappa0.1,9,26,11.115057794952037,10.976805637781078,0.13825215717095851
theta0.15_kappa0.1,9,27,0.3141408260507268,0.339140826050363,-0.024999999999636202
theta0.15_kappa0.1,9,28,12.52293623944859,13.3947283163586,-0.87179207691001004
theta0.15_kappa0.1,9,29,-8.6155263816501275,-8.5655263816499456,-0.050000000000181899
theta0.15_kappa0.1,9,30,-3.8141548314000393,-3.8141548314000393,0
theta0.15_kappa0.1,9,31,-1.1732132601120917,-1.1732132601120917,0
theta0.15_kappa0.1,9,32,1.0793177330369788,1.0793177330369788,0
theta0.15_kappa0.1,9,33,27.331831217856902,27.331831217856902,0
theta0.15_kappa0.1,9,34,4.6799732923961503,4.6799732923961503,0
theta0.15_kappa0.1,9,35,14.129320026204146,16.453661253949885,-2.3243412277457391
theta0.15_kappa0.1,9,36,8.0293268098041999,8.0293268098041999,0
theta0.15_kappa0.1,9,37,4.267716829572894,4.267716829572894,0
theta0.15_kappa0.1,9,38,5.8583677537452585,5.6545130633256173,0.20385469041964122
theta0.15_kappa0.1,9,39,-2.1751503248872313,-2.1751503248872313,0
theta0.15_kappa0.1,9,40,4.2541800127984457,4.2748251482875128,-0.020645135489067101
theta0.15_kappa0.1,9,41,2.588476361160934,2.588476361160934,0
theta0.15_kappa0.1,9,42,17.053655609319655,17.053655609319655,0
theta0.15_kappa0.1,9,43,10.778939175064927,10.778939175064927,0
theta0.15_kappa0.1,9,44,24.459535073643838,24.459535073643838,0
theta0.15_kappa0.1,9,45,6.255790079036549,6.255790079036549,0
theta0.15_kappa0.1,9,46,13.018645617854071,13.418050021940431,-0.39940440408635958
theta0.15_kappa0.1,9,47,9.4413261414735032,7.7578873994989213,1.683438741974582
theta0.15_kappa0.1,9,48,19.638046050554017,19.638046050554017,0
theta0.15_kappa0.1,9,49,22.663356384999343,22.663356384999343,0
theta0.15_kappa0.1,9,50,-2.939511947734609,-2.6769591025086195,-0.26255284522598954
theta0.15_kappa0.1,9,51,18.365739869245651,18.365739869245651,0
theta0.15_kappa0.1,9,52,18.388707026417684,18.41370702641823,-0.025000000000545697
theta0.15_kappa0.1,9,53,5.3191988634150231,5.3191988634150231,0
theta0.15_kappa0.1,9,54,15.298268976310965,15.298268976310965,0
theta0.15_kappa0.1,9,55,5.2485987385910775,5.1465987385912157,0.10199999999986176
theta0.15_kappa0.1,9,56,24.350912179735925,24.350912179735925,0
theta0.15_kappa0.1,9,57,25.176505692206685,25.176505692206685,0
theta0.15_kappa0.1,9,58,2.5671445973288316,2.5671445973288316,0
theta0.15_kappa0.1,9,59,5.7590542541938445,6.3317575314434542,-0.57270327724960968
theta0.15_kappa0.1,9,60,14.281133726336767,13.61748600111437,0.6636477252223969
theta0.15_kappa0.1,9,61,-5.1924692065584912,-5.2434692065588768,0.051000000000385626
theta0.15_kappa0.1,9,62,13.590187890274285,13.539187890274809,0.050999999999476131
theta0.15_kappa0.1,9,63,8.9087974111130226,8.9087974111130226,0
theta0.15_kappa0.1,9,64,-1.1187077649255659,-0.76652809716499926,-0.35217966776056664
theta0.15_kappa0.1,9,65,4.612649833850611,4.3821149495818288,0.23053488426878221
theta0.15_kappa0.1,9,66,13.389073898873599,13.389073898873599,0
theta0.15_kappa0.1,9,67,7.7141294828283566,7.7428852226766036,-0.028755739848246975
theta0.15_kappa0.1,9,68,-1.4015341941227999,-1.3817236171369005,-0.019810576985899386
theta0.15_kappa0.1,9,69,22.968852606800809,22.968852606800809,0
theta0.15_kappa0.1,9,70,7.4961573528545085,7.4961573528545085,0
theta0.15_kappa0.1,9,71,22.557613954728051,22.557613954728051,0
theta0.15_kappa0.1,9,72,-10.38997747661676,-10.113052901017326,-0.27692457559943406
theta0.15_kappa0.1,9,73,-10.471373321358298,-10.471373321358298,0
theta0.15_kappa0.1,9,74,-3.716990619688775,-4.2680210282267144,0.55103040853793939
theta0.15_kappa0.1,9,75,11.067200050349904,10.611317123277075,0.45588292707282818
theta0.15_kappa0.1,9,76,14.972030400963016,14.972030400963016,0
theta0.15_kappa0.1,9,77,-0.2269944759505004,-1.1120677736905151,0.88507329774001475
theta0.15_kappa0.1,9,78,5.3398016017052079,4.3867907779342428,0.95301082377096513
theta0.15_kappa0.1,9,79,3.7572453549007321,3.782245354900823,-0.025000000000090949
theta0.15_kappa0.1,9,80,19.685662391000012,19.758482968910499,-0.072820577910487572
theta0.15_kappa0.1,9,81,11.119399593137606,11.119399593137606,0
theta0.15_kappa0.1,9,82,-9.2034595731185735,-9.2034595731185735,0
theta0.15_kappa0.1,9,83,22.558720672930249,22.583720672930792,-0.025000000000542144
theta0.15_kappa0.1,9,84,-9.0181201105085886,-8.943120110507861,-0.075000000000727596
theta0.15_kappa0.1,9,85,12.451040277048159,12.150960692053657,0.30007958499450282
theta0.15_kappa0.1,9,86,18.489696387268143,18.489696387268143,0
theta0.15_kappa0.1,9,87,3.2419363578845668,2.6795193181035142,0.56241703978105262
theta0.15_kappa0.1,9,88,-1.4215650464663852,-1.4215650464663852,0
theta0.15_kappa0.1,9,89,7.9167410352260381,7.8907410352261982,0.025999999999839929
theta0.15_kappa0.1,9,90,25.192566450813629,25.985970782356596,-0.79340433154296619
theta0.15_kappa0.1,9,91,20.597340911714134,20.597340911714134,0
theta0.15_kappa0.1,9,92,12.642507427472337,12.642507427472337,0
theta0.15_kappa0.1,9,93,-0.2389005521724003,-0.2389005521724003,0
theta0.15_kappa0.1,9,94,8.4064380448829361,8.3304380448829143,0.076000000000021828
theta0.15_kappa0.1,9,95,18.137720987926127,20.73187572366276,-2.5941547357366339
theta0.15_kappa0.1,9,96,2.5771540792210761,2.5771540792210761,0
theta0.15_kappa0.1,9,97,14.844628423721252,14.844628423721252,0
theta0.15_kappa0.1,9,98,2.4728972921505799,2.4728972921505799,0
theta0.15_kappa0.1,9,99,17.338756208279335,17.372030617530374,-0.033274409251038861
theta0.35_kappa0.002,0,0,-0.070989833721781803,3.618716744259276,-3.6897065779810578
theta0.35_kappa0.002,0,1,12.411047067504274,15.050475244802046,-2.6394281772977717
theta0.35_kappa0.002,0,2,16.950732628346657,16.790277106929,0.1604555214176564
theta0.35_kappa0.002,0,3,20.976128820666855,7.3108478687746903,13.665280951892164
theta0.35_kappa0.002,0,4,-6.7944012361151485,-2.3816710537042827,-4.4127301824108658
theta0.35_kappa0.002,0,5,-1.5616193255332211,-0.60968877098321794,-0.95193055455000319
theta0.35_kappa0.002,0,6,6.6026814613094365,-0.35711794148706572,6.9597994027965022
theta0.35_kappa0.002,0,7,9.2111192021663992,13.6351411602586,-4.4240219580922009
theta0.35_kappa0.002,0,8,15.123704346934316,13.876759746402991,1.2469446005313252
theta0.35_kappa0.002,0,9,29.799858138688567,21.539821120669622,8.2600370180189451
theta0.35_kappa0.002,0,10,25.64895703296483,25.597957032964899,0.050999999999930878
theta0.35_kappa0.002,0,11,-10.89513935509132,-8.6237707759802937,-2.2713685791110265
theta0.35_kappa0.002,0,12,15.076985839321406,6.0079043438248378,9.0690814954965688
theta0.35_kappa0.002,0,13,21.75925319395111,22.795963995491288,-1.0367108015401776
theta0.35_kappa0.002,0,14,31.578798968744579,1.1699282609489634,30.408870707795614
theta0.35_kappa0.002,0,15,6.9164594161431499,13.047190329923502,-6.1307309137803525
theta0.35_kappa0.002,0,16,40.065433063289873,40.065433063289873,0
theta0.35_kappa0.002,0,17,1.1965679403046294,5.5059665655712591,-4.3093986252666294
theta0.35_kappa0.002,0,18,43.511765610404808,25.608975276962735,17.902790333442073
theta0.35_kappa0.002,0,19,-1.7795264624918912,-0.16202070960310211,-1.6175057528887891
theta0.35_kappa0.002,0,20,-14.930292590418183,-10.022017398183326,-4.9082751922348571
theta0.35_kappa0.002,0,21,21.423624798927221,23.073621061091249,-1.6499962621640272
theta0.35_kappa0.002,0,22,4.8331782287393938,9.2729860583646246,-4.4398078296252308
theta0.35_kappa0.002,0,23,25.26529539792833,26.356989674890055,-1.0916942769617251
theta0.35_kappa0.002,0,24,-1.6389209083211189,-1.6739550857271042,0.035034177405985245
theta0.35_kappa0.002,0,25,-17.938470990140832,-10.297014220606505,-7.6414567695343276
theta0.35_kappa0.002,0,26,24.598129510837708,7.4817060327769642,17.116423478060746
theta0.35_kappa0.002,0,27,30.874429936791422,31.367333775999303,-0.49290383920788017
theta0.35_kappa0.002,0,28,7.5903981000393621,7.5722357055580396,0.018162394481322508
theta0.35_kappa0.002,0,29,-1.8112482268770915,1.4741975875499571,-3.2854458144270486
theta0.35_kappa0.002,0,30,4.6511698941156538,5.1413316243527438,-0.49016173023708998
theta0.35_kappa0.002,0,31,-9.2881002851770997,-9.6655784940499103,0.37747820887281058
theta0.35_kappa0.002,0,32,28.565035772366631,-1.0857073975383509,29.650743169904981
theta0.35_kappa0.002,0,33,4.8447708735034123,9.9251892674164086,-5.0804183939129963
theta0.35_kappa0.002,0,34,18.067916452246749,18.641428674827495,-0.57351222258074586
theta0.35_kappa0.002,0,35,49.615451571720037,49.917851620875929,-0.30240004915589225
theta0.35_kappa0.002,0,36,27.380007179444743,29.166243886743818,-1.786236707299075
theta0.35_kappa0.002,0,37,25.314777388193143,26.911896935466512,-1.597119547273369
theta0.35_kappa0.002,0,38,23.434919884987071,22.229460266523297,1.2054596184637738
theta0.35_kappa0.002,0,39,19.759240278973603,20.43396476239916,-0.6747244834255568
theta0.35_kappa0.002,0,40,11.069040106761856,7.3505108612165886,3.718529245545267
theta0.35_kappa0.002,0,41,17.905490423014847,17.955490423015029,-0.050000000000181899
theta0.35_kappa0.002,0,42,22.10985225959347,8.7955475654768538,13.314304694116617
theta0.35_kappa0.002,0,43,-0.95636319307459083,5.5634329811783862,-6.5197961742529769
theta0.35_kappa0.002,0,44,12.314752957626578,11.460969670170661,0.85378328745591681
theta0.35_kappa0.002,0,45,26.436523981314576,25.982868681694399,0.45365529962017703
theta0.35_kappa0.002,0,46,-5.4439121225732636,-7.1679413508481709,1.7240292282749072
theta0.35_kappa0.002,0,47,15.164714081811908,12.493929675952367,2.6707844058595409
theta0.35_kappa0.002,0,48,16.251595160400861,19.403107979479319,-3.1515128190784587
theta0.35_kappa0.002,0,49,23.095015271172045,8.4270834351242669,14.667931836047778
theta0.35_kappa0.002,0,50,23.477238818432141,28.014497469892522,-4.5372586514603803
theta0.35_kappa0.002,0,51,24.039728693282445,20.022089413792859,4.0176392794895861
theta0.35_kappa0.002,0,52,11.339937732648565,2.6607329128938209,8.6792048197547444
theta0.35_kappa0.002,0,53,27.556975625016637,28.598342963536531,-1.041367338519894
theta0.35_kappa0.002,0,54,52.844217477190462,53.609061369036368,-0.7648438918459064
theta0.35_kappa0.002,0,55,11.776807515670187,20.863569403119151,-9.0867618874489633
theta0.35_kappa0.002,0,56,0.64697993263119313,3.4088673243347491,-2.761887391703556
theta0.35_kappa0.002,0,57,18.259987650399751,19.530594090486161,-1.2706064400864108
theta0.35_kappa0.002,0,58,16.638168096271443,19.275463203244119,-2.637295106972676
theta0.35_kappa0.002,0,59,4.9998639111527794,10.624363550492546,-5.624499639339767
theta0.35_kappa0.002,0,60,11.826956248800752,13.49988698996453,-1.6729307411637784
theta0.35_kappa0.002,0,61,27.031448174340941,17.492990443418265,9.5384577309226763
theta0.35_kappa0.002,0,62,27.690781040981289,28.365241658138913,-0.6744606171576244
theta0.35_kappa0.002,0,63,12.079699212704458,3.0278715633857383,9.0518276493187209
theta0.35_kappa0.002,0,64,21.325488795384864,23.015981348080281,-1.6904925526954173
theta0.35_kappa0.002,0,65,-1.7810619424675032,-1.1442742544776858,-0.63678768798981733
theta0.35_kappa0.002,0,66,49.381863637315732,50.620144949906781,-1.2382813125910488
theta0.35_kappa0.002,0,67,35.915030684131601,33.940813458922946,1.9742172252086547
theta0.35_kappa0.002,0,68,23.877021261202657,16.272933135957057,7.6040881252455996
theta0.35_kappa0.002,0,69,25.004731118227475,24.686490677372785,0.31824044085469083
theta0.35_kappa0.002,0,70,16.379424931980608,7.1470549472020455,9.232369984778563
theta0.35_kappa0.002,0,71,39.508596645822323,39.508596645822323,0
theta0.35_kappa0.002,0,72,12.736681980050751,14.616248728799103,-1.8795667487483527
theta0.35_kappa0.002,0,73,10.971902080420255,8.0803807809477064,2.891521299472549
theta0.35_kappa0.002,0,74,24.72071229511597,27.747533988661743,-3.0268216935457737
theta0.35_kappa0.002,0,75,-3.6526673268367542,-3.3997065863873015,-0.25296074044945271
theta0.35_kappa0.002,0,76,18.886051234600689,20.629004955862815,-1.7429537212621256
theta0.35_kappa0.002,0,77,33.043700878920149,26.970611374600225,6.073089504319924
theta0.35_kappa0.002,0,78,8.8368734552526362,11.783951914222746,-2.9470784589701093
theta0.35_kappa0.002,0,79,9.5345926831528161,12.10465624249149,-2.5700635593386743
theta0.35_kappa0.002,0,80,37.984111165337595,37.984111165337595,0
theta0.35_kappa0.002,0,81,24.426885473756553,12.172218341054457,12.254667132702096
theta0.35_kappa0.002,0,82,27.222270437830733,25.284463732021855,1.9378067058088781
theta0.35_kappa0.002,0,83,-11.99689261045814,-8.5623141242738861,-3.4345784861842539
theta0.35_kappa0.002,0,84,29.423084599547071,18.256998781498449,11.166085818048622
theta0.35_kappa0.002,0,85,32.37310513519477,15.988743441855338,16.384361693339432
theta0.35_kappa0.002,0,86,-4.4076622362590081,-4.244901694354696,-0.16276054190431211
theta0.35_kappa0.002,0,87,8.7280723172090937,12.380215080781223,-3.6521427635721295
theta0.35_kappa0.002,0,88,6.8675802821351954,5.6332052106568931,1.2343750714783024
theta0.35_kappa0.002,0,89,23.009439443133676,18.403118746029374,4.6063206971043016
theta0.35_kappa0.002,0,90,21.031733426694025,10.033971170482864,10.997762256211161
theta0.35_kappa0.002,0,91,25.8061674660077,6.7816415637210223,19.024525902286676
theta0.35_kappa0.002,0,92,14.351399536263759,11.358501959819376,2.992897576444383
theta0.35_kappa0.002,0,93,5.3494187649617775,11.37432501355463,-6.0249062485928526
theta0.35_kappa0.002,0,94,8.8719945899375077,1.4902821403937905,7.3817124495437172
theta0.35_kappa0.002,0,95,0.61133004474984753,-1.6075795670564881,2.2189096118063354
theta0.35_kappa0.002,0,96,0.52972556328354758,-6.8150223132814061,7.3447478765649539
theta0.35_kappa0.002,0,97,-8.6974491349343683,-6.7455189763696461,-1.9519301585647222
theta0.35_kappa0.002,0,98,14.469091473467255,13.106757327835686,1.3623341456315696
theta0.35_kappa0.002,0,99,18.419445876727981,16.444832363500293,1.9746135132276876
theta0.35_kappa0.002,1,0,9.4683299360801847,3.9388278169931543,5.5295021190870308
theta0.35_kappa0.002,1,1,6.0964892420592482,11.489587547982104,-5.3930983059228561
theta0.35_kappa0.002,1,2,-3.5413934090374068,-5.1355192139594426,1.5941258049220357
theta0.35_kappa0.002,1,3,-2.1727585779205594,-8.2678577874602137,6.0950992095396543
theta0.35_kappa0.002,1,4,-2.7569723808874707,-3.5966440999035667,0.83967171901609605
theta0.35_kappa0.002,1,5,-13.084995416557597,-10.347083772032128,-2.7379116445254681
theta0.35_kappa0.002,1,6,-9.8851686323718049,-16.321641110422732,6.436472478050927
theta0.35_kappa0.002,1,7,2.6564703906021849,2.7556313004198918,-0.099160909817706866
theta0.35_kappa0.002,1,8,5.7708041504030714,9.5513082687102955,-3.7805041183072241
theta0.35_kappa0.002,1,9,6.5045752534681194,12.6201306463921,-6.115555392923981
theta0.35_kappa0.002,1,10,32.069556172673181,33.154869996247527,-1.0853138235743458
theta0.35_kappa0.002,1,11,18.579215042492471,14.088476286166138,4.4907387563263335
theta0.35_kappa0.002,1,12,8.589558697905094,7.4450129928364417,1.1445457050686523
theta0.35_kappa0.002,1,13,15.622316512594541,14.003634095114728,1.6186824174798122
theta0.35_kappa0.002,1,14,31.173538321706168,-2.5923670430070405,33.765905364713205
theta0.35_kappa0.002,1,15,-12.288377652779191,-12.786590440021971,0.49821278724277995
theta0.35_kappa0.002,1,16,24.26853952197974,24.598798685755629,-0.33025916377588871
theta0.35_kappa0.002,1,17,1.8983376468882431,4.9471540503605009,-3.0488164034722578
theta0.35_kappa0.002,1,18,-3.7176792466958908,0.080277463345646394,-3.7979567100415372
theta0.35_kappa0.002,1,19,35.110939434388051,34.67798926574357,0.43295016864448144
theta0.35_kappa0.002,1,20,2.3725762386714382,5.8009067612034571,-3.4283305225320189
theta0.35_kappa0.002,1,21,2.3343348543098901,3.2251034758420265,-0.89076862153213643
theta0.35_kappa0.002,1,22,6.2139757176902997,9.9944764836591382,-3.7805007659688386
theta0.35_kappa0.002,1,23,26.072830858265839,26.069294855106733,0.0035360031591054053
theta0.35_kappa0.002,1,24,10.353156025410236,9.1110152997418616,1.2421407256683743
theta0.35_kappa0.002,1,25,10.077617796044796,11.099817248697686,-1.0221994526528899
theta0.35_kappa0.002,1,26,16.236129160916626,2.0616006578388042,14.174528503077822
theta0.35_kappa0.002,1,27,-0.067414346222658406,1.9743289931608503,-2.0417433393835087
theta0.35_kappa0.002,1,28,30.97817408482198,30.97817408482198,0
theta0.35_kappa0.002,1,29,19.339166547553489,5.0391660574274342,14.300000490126056
theta0.35_kappa0.002,1,30,-7.3322328380840371,-7.7009778304042591,0.36874499232022195
theta0.35_kappa0.002,1,31,32.503509001835241,34.317734683158882,-1.8142256813236415
theta0.35_kappa0.002,1,32,-10.223013545967593,-7.2452048145031407,-2.9778087314644521
theta0.35_kappa0.002,1,33,5.3641400816757034,7.2153716337843754,-1.851231552108672
theta0.35_kappa0.002,1,34,17.617529085674935,18.73565466883111,-1.1181255831561749
theta0.35_kappa0.002,1,35,2.7276344771728138,1.7830017831047424,0.94463269406807138
theta0.35_kappa0.002,1,36,2.4982396467294254,-0.75965880169289268,3.2578984484223179
theta0.35_kappa0.002,1,37,36.846257730872786,36.846257730872786,0
theta0.35_kappa0.002,1,38,3.2776350662362619,7.0448944966825824,-3.7672594304463205
theta0.35_kappa0.002,1,39,5.6052107841084275,8.9214210818935076,-3.31621029778508
theta0.35_kappa0.002,1,40,11.607727199220092,11.414563868093666,0.19316333112642603
theta0.35_kappa0.002,1,41,10.876853056879472,11.702724771691024,-0.82587171481155153
theta0.35_kappa0.002,1,42,10.397138049693211,11.50037430970789,-1.103236260014679
theta0.35_kappa0.002,1,43,15.070162760015704,20.353867460770385,-5.2837047007546811
theta0.35_kappa0.002,1,44,5.4145485252474099,9.3028410762497113,-3.8882925510023014
theta0.35_kappa0.002,1,45,1.4663828117392641,2.9305339380538227,-1.4641511263145586
theta0.35_kappa0.002,1,46,20.148936109083809,19.251617748144085,0.89731836093972461
theta0.35_kappa0.002,1,47,25.772131643619961,29.803153064352319,-4.0310214207323583
theta0.35_kappa0.002,1,48,10.80043407213163,10.58244797467734,0.21798609745428976
theta0.35_kappa0.002,1,49,25.243694599348068,26.206544122113939,-0.96284952276587177
theta0.35_kappa0.002,1,50,12.477594579474168,12.391241791696132,0.086352787778036344
theta0.35_kappa0.002,1,51,13.254528220836258,16.622325107449985,-3.3677968866137267
theta0.35_kappa0.002,1,52,15.877664625452329,15.877664625452329,0
theta0.35_kappa0.002,1,53,3.8412186447792118,5.7620156026876375,-1.9207969579084256
theta0.35_kappa0.002,1,54,-1.9643294425293645,-0.056385663511566202,-1.9079437790177982
theta0.35_kappa0.002,1,55,12.752762350978704,19.288715127387658,-6.5359527764089531
theta0.35_kappa0.002,1,56,11.395139148573239,11.659523933732331,-0.26438478515909125
theta0.35_kappa0.002,1,57,11.975598294027956,8.0979629107448687,3.8776353832830868
theta0.35_kappa0.002,1,58,10.707818566283136,10.342075655562988,0.36574291072014731
theta0.35_kappa0.002,1,59,5.6970491573887827,4.9050182721046056,0.79203088528417709
theta0.35_kappa0.002,1,60,20.947602040255155,20.947602040255155,0
theta0.35_kappa0.002,1,61,34.458959114959015,15.421727723023064,19.037231391935951
theta0.35_kappa0.002,1,62,2.5871146072669395,1.0802732782689457,1.5068413289979938
theta0.35_kappa0.002,1,63,13.407341777273119,3.2054389492289621,10.201902828044158
theta0.35_kappa0.002,1,64,33.189424110904099,29.123306259147547,4.0661178517565517
theta0.35_kappa0.002,1,65,-11.710970598599207,-8.3330079874022438,-3.3779626111969634
theta0.35_kappa0.002,1,66,14.744159301549978,4.3568288744659558,10.387330427084022
theta0.35_kappa0.002,1,67,-15.808462030983748,-13.36971093676398,-2.4387510942197679
theta0.35_kappa0.002,1,68,23.497803170341871,2.8422272626564133,20.65557590768546
theta0.35_kappa0.002,1,69,12.372128907128356,7.6985170696888945,4.673611837439462
theta0.35_kappa0.002,1,70,-9.7536443513928592,-11.241165635448844,1.487521284055985
theta0.35_kappa0.002,1,71,25.754859113735485,24.673931008027697,1.0809281057077875
theta0.35_kappa0.002,1,72,47.287807070829714,7.2514845547652431,40.036322516064473
theta0.35_kappa0.002,1,73,9.9359487210351514,8.6635497434208499,1.2723989776143014
theta0.35_kappa0.002,1,74,15.267564868008906,18.444101375911561,-3.1765365079026555
theta0.35_kappa0.002,1,75,35.328915384122865,33.595995627508678,1.7329197566141872
theta0.35_kappa0.002,1,76,2.3630537560294993,3.5873203714551107,-1.2242666154256114
theta0.35_kappa0.002,1,77,-7.6522767738915398,-6.0329819827167643,-1.6192947911747755
theta0.35_kappa0.002,1,78,-5.0198062331129725,-6.0755469553561348,1.0557407222431623
theta0.35_kappa0.002,1,79,0.017571264747153498,4.1584707930825298,-4.1408995283353764
theta0.35_kappa0.002,1,80,3.0411651327205673,7.6800286531543875,-4.6388635204338202
theta0.35_kappa0.002,1,81,25.15672392715215,2.8587349679167322,22.297988959235418
theta0.35_kappa0.002,1,82,30.323155015572009,10.36031275086712,19.962842264704889
theta0.35_kappa0.002,1,83,12.385829985669442,13.516269968928516,-1.1304399832590732
theta0.35_kappa0.002,1,84,9.2922869299787401,9.0823756621762968,0.20991126780244329
theta0.35_kappa0.002,1,85,26.462800675268316,27.759376070393657,-1.2965753951253411
theta0.35_kappa0.002,1,86,9.5565718600910312,10.276751679375511,-0.72017981928448016
theta0.35_kappa0.002,1,87,31.068504979834145,26.466904179500354,4.6016008003337916
theta0.35_kappa0.002,1,88,29.651353434441631,29.651353434441631,0
theta0.35_kappa0.002,1,89,23.331941201022303,23.830469704903862,-0.498528503881559
theta0.35_kappa0.002,1,90,8.7105434103970367,10.382813896833271,-1.6722704864362345
theta0.35_kappa0.002,1,91,11.596500814789808,9.4037474520966953,2.1927533626931126
theta0.35_kappa0.002,1,92,-2.3325763197575644,-3.2247156790892326,0.89213935933166821
theta0.35_kappa0.002,1,93,28.916964366301904,28.916964366301904,0
theta0.35_kappa0.002,1,94,4.9238745313709416,8.0656994085643436,-3.1418248771934021
theta0.35_kappa0.002,1,95,26.723786199362713,25.21634758972165,1.5074386096410635
theta0.35_kappa0.002,1,96,-0.34565023434476089,-5.4983712102779609,5.1527209759332004
theta0.35_kappa0.002,1,97,13.17317777993091,-6.6369909685914212,19.810168748522329
theta0.35_kappa0.002,1,98,16.803216637249662,16.803216637249662,0
theta0.35_kappa0.002,1,99,22.912703145324869,22.774520843720655,0.13818230160421408
theta0.35_kappa0.002,2,0,1.4234669948164709,0.9147197619038604,0.50874723291261048
theta0.35_kappa0.002,2,1,9.440078598759472,6.994330566753888,2.445748032005584
theta0.35_kappa0.002,2,2,20.228383824228107,20.734134472588707,-0.5057506483605998
theta0.35_kappa0.002,2,3,-18.94887853173995,-18.657884060628518,-0.29099447111143206
theta0.35_kappa0.002,2,4,9.8810147540139077,0.66766514446353886,9.2133496095503684
theta0.35_kappa0.002,2,5,21.388495531738862,24.762084271162781,-3.3735887394239192
theta0.35_kappa0.002,2,6,-0.22504753240707931,-18.135019422569208,17.909971890162129
theta0.35_kappa0.002,2,7,31.787673772154523,29.927705825369575,1.8599679467849484
theta0.35_kappa0.002,2,8,8.8334541242336311,0.92232000260009039,7.9111341216335411
theta0.35_kappa0.002,2,9,15.374833957395708,-1.2836448165631149,16.658478773958823
theta0.35_kappa0.002,2,10,9.7892564841594307,6.6536312607610029,3.1356252233984279
theta0.35_kappa0.002,2,11,16.079699077301559,14.923314372379499,1.1563847049220595
theta0.35_kappa0.002,2,12,10.871892403823839,15.129242365596296,-4.2573499617724568
theta0.35_kappa0.002,2,13,41.679849572996233,37.623639927655653,4.05620964534058
theta0.35_kappa0.002,2,14,21.151233039213889,22.653653754689351,-1.5024207154754627
theta0.35_kappa0.002,2,15,5.8009523381658417,7.3582819638276256,-1.5573296256617839
theta0.35_kappa0.002,2,16,4.7709912562452423,3.8467403746332489,0.92425088161199342
theta0.35_kappa0.002,2,17,40.583596533752711,38.210057683331506,2.3735388504212054
theta0.35_kappa0.002,2,18,3.3591595348944336,0.86812946630341492,2.4910300685910185
theta0.35_kappa0.002,2,19,25.834278009807523,10.811941439677156,15.022336570130367
theta0.35_kappa0.002,2,20,23.004706033372848,19.361093654198559,3.6436123791742894
theta0.35_kappa0.002,2,21,30.374376631493242,26.362648378120618,4.011728253372624
theta0.35_kappa0.002,2,22,36.717808948408418,36.639576528018658,0.078232420389760193
theta0.35_kappa0.002,2,23,33.560492498796094,33.818826184080677,-0.25833368528458323
theta0.35_kappa0.002,2,24,22.010128302916925,14.121003826526652,7.8891244763902737
theta0.35_kappa0.002,2,25,31.328151502059175,13.026283851616943,18.301867650442233
theta0.35_kappa0.002,2,26,21.480734116679056,16.950967183272226,4.5297669334068296
theta0.35_kappa0.002,2,27,41.522984457001698,41.522984457001698,0
theta0.35_kappa0.002,2,28,18.662574283441039,20.716445179565827,-2.0538708961247885
theta0.35_kappa0.002,2,29,10.696370653667689,-2.0158359126301257,12.712206566297814
theta0.35_kappa0.002,2,30,-3.6589887832273194,-2.419153917194381,-1.2398348660329384
theta0.35_kappa0.002,2,31,41.182805125224029,28.615384712128034,12.567420413095995
theta0.35_kappa0.002,2,32,9.0307313670128764,5.2947284510313146,3.7360029159815618
theta0.35_kappa0.002,2,33,35.240967511753404,32.502869440844378,2.7380980709090252
theta0.35_kappa0.002,2,34,32.19279835616139,33.436230239092694,-1.2434318829313042
theta0.35_kappa0.002,2,35,1.4005560628578948,-1.0648254186810613,2.4653814815389561
theta0.35_kappa0.002,2,36,12.215417688445545,8.7270705382225717,3.4883471502229728
theta0.35_kappa0.002,2,37,17.363189177161161,1.6839844247503231,15.679204752410838
theta0.35_kappa0.002,2,38,18.657584484045419,-4.6565442425088452,23.314128726554266
theta0.35_kappa0.002,2,39,1.8738853343368256,5.7272107762121642,-3.8533254418753389
theta0.35_kappa0.002,2,40,31.659147107519619,31.607040814913375,0.052106292606243443
theta0.35_kappa0.002,2,41,33.454611866273808,14.198862954416059,19.255748911857751
theta0.35_kappa0.002,2,42,41.028394447185001,41.028394447185001,0
theta0.35_kappa0.002,2,43,5.408001174042889,4.0597538141962284,1.3482473598466607
theta0.35_kappa0.002,2,44,1.4946997472828678,-1.2705864086878127,2.7652861559706805
theta0.35_kappa0.002,2,45,33.865163038345898,35.00195817670285,-1.1367951383569519
theta0.35_kappa0.002,2,46,30.546955875996023,30.546955875996023,0
theta0.35_kappa0.002,2,47,35.799484848915853,35.799484848915853,0
theta0.35_kappa0.002,2,48,-1.532260248958649,2.699260869763366,-4.2315211187220152
theta0.35_kappa0.002,2,49,24.238655598257058,24.238655598257058,0
theta0.35_kappa0.002,2,50,30.712890210949961,30.712890210949961,0
theta0.35_kappa0.002,2,51,14.93791135969381,15.067123540455322,-0.12921218076151142
theta0.35_kappa0.002,2,52,8.7843115502775415,13.338496638709776,-4.5541850884322344
theta0.35_kappa0.002,2,53,25.533882255137559,19.875816903161962,5.6580653519755977
theta0.35_kappa0.002,2,54,23.012969566117267,23.012969566117267,0
theta0.35_kappa0.002,2,55,-8.870348425148288,-3.4683962578328682,-5.4019521673154198
theta0.35_kappa0.002,2,56,21.103876975287132,11.587412636614456,9.5164643386726766
theta0.35_kappa0.002,2,57,-0.41701525270416462,0.58318651160979784,-1.0002017643139625
theta0.35_kappa0.002,2,58,26.123422101535432,24.530601523531448,1.5928205780039839
theta0.35_kappa0.002,2,59,29.007126586972223,29.535620007936153,-0.52849342096392959
theta0.35_kappa0.002,2,60,36.443143879510622,30.855766423274726,5.5873774562358953
theta0.35_kappa0.002,2,61,12.658460177826626,-6.2587214406353651,18.917181618461992
theta0.35_kappa0.002,2,62,-5.8190813093530132,-7.3514025931687108,1.5323212838156977
theta0.35_kappa0.002,2,63,-2.4144157256774088,-4.5894894870235081,2.1750737613460993
theta0.35_kappa0.002,2,64,2.6390491397050222,6.2767870618316755,-3.6377379221266533
theta0.35_kappa0.002,2,65,15.719682299161764,14.636037542842336,1.083644756319428
theta0.35_kappa0.002,2,66,11.365098696639548,8.5444490411726299,2.8206496554669176
theta0.35_kappa0.002,2,67,4.8043196882533312,6.7048738910810215,-1.9005542028276903
theta0.35_kappa0.002,2,68,33.319029698465158,33.217029698465296,0.10199999999986176
theta0.35_kappa0.002,2,69,35.813743124025656,35.862837007608498,-0.049093883582841613
theta0.35_kappa0.002,2,70,30.764627231581308,28.439171740343575,2.325455491237733
theta0.35_kappa0.002,2,71,-0.99705799394949202,3.1230310136085402,-4.1200890075580325
theta0.35_kappa0.002,2,72,23.120426710726576,24.330988063170452,-1.2105613524438752
theta0.35_kappa0.002,2,73,-23.247391856517908,-27.511658918782004,4.2642670622640964
theta0.35_kappa0.002,2,74,21.637063430552583,21.075974655581987,0.56108877497059595
theta0.35_kappa0.002,2,75,19.493999456592007,18.086500295111492,1.4074991614805157
theta0.35_kappa0.002,2,76,30.528041070164299,30.528041070164299,0
theta0.35_kappa0.002,2,77,40.718851577668346,36.660886329464567,4.0579652482037787
theta0.35_kappa0.002,2,78,17.203247118627147,18.55302564347663,-1.3497785248494836
theta0.35_kappa0.002,2,79,-0.1888390095638352,-4.7467124869421422,4.5578734773783074
theta0.35_kappa0.002,2,80,-5.0058872146734554,-2.0178803030402541,-2.9880069116332013
theta0.35_kappa0.002,2,81,2.0554758496453247,-2.2071742115841877,4.2626500612295128
theta0.35_kappa0.002,2,82,9.8190715602229517,12.029420302288738,-2.2103487420657864
theta0.35_kappa0.002,2,83,17.742844627565091,9.2130755709627206,8.5297690566023707
theta0.35_kappa0.002,2,84,15.772007229527119,-6.1664949087088612,21.938502138235982
theta0.35_kappa0.002,2,85,23.398189718972201,20.192833696544668,3.2053560224275337
theta0.35_kappa0.002,2,86,22.805066663823393,22.927456590480649,-0.1223899266572559
theta0.35_kappa0.002,2,87,-12.932659025217136,-10.932546383347329,-2.0001126418698068
theta0.35_kappa0.002,2,88,18.201574188693744,17.586451517565202,0.61512267112854246
theta0.35_kappa0.002,2,89,9.8512431377870602,8.7153539339471315,1.1358892038399286
theta0.35_kappa0.002,2,90,37.812294074831676,38.231552387981431,-0.41925831314975426
theta0.35_kappa0.002,2,91,4.1870615885044442,-4.0101472662180448,8.1972088547224899
theta0.35_kappa0.002,2,92,18.748700397526814,12.939913203199772,5.8087871943270422
theta0.35_kappa0.002,2,93,-3.1858264292312661,1.4160046126163952,-4.6018310418476611
theta0.35_kappa0.002,2,94,-4.0848803623085699,3.4741978202523267,-7.5590781825608966
theta0.35_kappa0.002,2,95,24.777118351797434,26.016741835329508,-1.2396234835320747
theta0.35_kappa0.002,2,96,-6.1385645509575557,-5.1583367005257177,-0.98022785043183802
theta0.35_kappa0.002,2,97,25.716518180164311,14.718925031883291,10.99759314828102
theta0.35_kappa0.002,2,98,12.473257580324027,16.250064213111937,-3.7768066327879097
theta0.35_kappa0.002,2,99,8.7798814861149541,1.6654619880423969,7.1144194980725572
theta0.35_kappa0.002,3,0,3.6280062584578969,-6.0816755749250966,9.7096818333829944
theta0.35_kappa0.002,3,1,19.318402470411694,22.934812637515815,-3.6164101671041209
theta0.35_kappa0.002,3,2,12.545600264692592,6.0365570383883362,6.5090432263042555
theta0.35_kappa0.002,3,3,-13.283501579820864,-12.82069108255144,-0.46281049726942491
theta0.35_kappa0.002,3,4,5.0852218035165855,2.595520021176823,2.4897017823397625
theta0.35_kappa0.002,3,5,12.904474823302772,19.159892031346072,-6.2554172080432995
theta0.35_kappa0.002,3,6,1.7088777499637389,1.9112711065968169,-0.202393356633078
theta0.35_kappa0.002,3,7,7.5253766921815295,-1.0794016496855046,8.6047783418670338
theta0.35_kappa0.002,3,8,14.416294787793502,11.551895467271972,2.8643993205215299
theta0.35_kappa0.002,3,9,-5.8790887320702234,-4.2162768621949356,-1.6628118698752878
theta0.35_kappa0.002,3,10,2.6265567935605065,-3.9524133187251862,6.5789701122856927
theta0.35_kappa0.002,3,11,15.059783840747263,19.53323786444065,-4.4734540236933871
theta0.35_kappa0.002,3,12,19.395913955119816,20.818733789529738,-1.4228198344099212
theta0.35_kappa0.002,3,13,9.618452912781116,12.3351893016231,-2.7167363888419835
theta0.35_kappa0.002,3,14,32.64338419640606,26.978779238611249,5.6646049577948112
theta0.35_kappa0.002,3,15,21.659934747617047,21.895324533382016,-0.23538978576496916
theta0.35_kappa0.002,3,16,7.0342703648273108,9.4599721945236208,-2.42570182969631
theta0.35_kappa0.002,3,17,25.811610581556508,-0.43917314138211822,26.250783722938625
theta0.35_kappa0.002,3,18,19.494485315619482,20.821494697677561,-1.3270093820580797
theta0.35_kappa0.002,3,19,-24.244340538623376,-24.752478966470136,0.50813842784675955
theta0.35_kappa0.002,3,20,-3.4468897250164865,-0.46255362787408738,-2.9843360971423989
theta0.35_kappa0.002,3,21,-8.089977001966842,-8.2045404746369641,0.11456347267012212
theta0.35_kappa0.002,3,22,10.414272582279452,3.5971960348989138,6.8170765473805375
theta0.35_kappa0.002,3,23,28.660928217517306,26.128838242527969,2.5320899749893364
theta0.35_kappa0.002,3,24,2.3752120411508777,8.8221673094870319,-6.4469552683361542
theta0.35_kappa0.002,3,25,-10.080958709083149,-8.4729100978223109,-1.6080486112608376
theta0.35_kappa0.002,3,26,6.8425928044148465,10.102649240214676,-3.2600564357998296
theta0.35_kappa0.002,3,27,10.010480611878638,14.554020295326358,-4.5435396834477206
theta0.35_kappa0.002,3,28,13.063259586589286,11.371141804274805,1.6921177823144813
theta0.35_kappa0.002,3,29,16.427197560523748,16.427197560523748,0
theta0.35_kappa0.002,3,30,25.874705855414213,26.07330167874645,-0.19859582333223713
theta0.35_kappa0.002,3,31,7.9787274582420791,11.625909341934296,-3.647181883692217
theta0.35_kappa0.002,3,32,-4.849256247375914,-2.9835492514996114,-1.8657069958763026
theta0.35_kappa0.002,3,33,29.781759129491306,30.064862124807572,-0.28310299531626626
theta0.35_kappa0.002,3,34,13.525092624464079,12.120803372599619,1.4042892518644603
theta0.35_kappa0.002,3,35,21.312480027658857,2.6812213701860159,18.631258657472841
theta0.35_kappa0.002,3,36,15.795659097852576,6.0207555925790235,9.7749035052735529
theta0.35_kappa0.002,3,37,26.221192600899137,20.431171737725265,5.7900208631738721
theta0.35_kappa0.002,3,38,12.97608928217914,1.4536779452891295,11.522411336890011
theta0.35_kappa0.002,3,39,-4.0559755106855668,-4.3177656947322252,0.26179018404665833
theta0.35_kappa0.002,3,40,31.150806967130343,30.376008340746452,0.77479862638389108
theta0.35_kappa0.002,3,41,18.636179760452901,18.636179760452901,0
theta0.35_kappa0.002,3,42,12.348636662870916,8.3767119144776174,3.9719247483932989
theta0.35_kappa0.002,3,43,1.8781660264446072,-2.3655833683583154,4.2437493948029221
theta0.35_kappa0.002,3,44,10.186604516668192,11.691578317210697,-1.5049738005425048
theta0.35_kappa0.002,3,45,11.372954866217633,12.414298084680521,-1.0413432184628881
theta0.35_kappa0.002,3,46,-2.8611502133835649,-11.063907720030093,8.2027575066465275
theta0.35_kappa0.002,3,47,-14.042168259272691,-8.9677718840210794,-5.0743963752516112
theta0.35_kappa0.002,3,48,17.924244785557612,4.5299962950899859,13.394248490467625
theta0.35_kappa0.002,3,49,11.554368099132976,-2.8378021354129115,14.392170234545887
theta0.35_kappa0.002,3,50,-5.6433008174249464,-3.1188192560703119,-2.5244815613546345
theta0.35_kappa0.002,3,51,-11.620370895501139,-9.4694486374319382,-2.1509222580692011
theta0.35_kappa0.002,3,52,12.407275303098872,13.162054523433552,-0.75477922033467948
theta0.35_kappa0.002,3,53,11.624005709836966,15.675273387573666,-4.0512676777366998
theta0.35_kappa0.002,3,54,5.8197298291766142,7.6578477298316407,-1.8381179006550266
theta0.35_kappa0.002,3,55,5.2460624611750415,6.0129380904340168,-0.76687562925897534
theta0.35_kappa0.002,3,56,21.69363035936615,21.69363035936615,0
theta0.35_kappa0.002,3,57,30.89904768763278,29.327418174594097,1.5716295130386833
theta0.35_kappa0.002,3,58,22.463500868428991,23.025229794914107,-0.56172892648511663
theta0.35_kappa0.002,3,59,10.467048777876601,9.8960171875785594,0.57103159029804118
theta0.35_kappa0.002,3,60,11.964493264614449,11.291586001692258,0.67290726292219105
theta0.35_kappa0.002,3,61,24.736437532436842,20.276439744006328,4.4599977884305133
theta0.35_kappa0.002,3,62,13.21481726968387,13.094219169704242,0.12059809997962745
theta0.35_kappa0.002,3,63,10.803712975015706,10.074705892609391,0.72900708240631573
theta0.35_kappa0.002,3,64,-3.3782096273530096,-0.71431847083481448,-2.6638911565181953
theta0.35_kappa0.002,3,65,31.418091618712591,31.418091618712591,0
theta0.35_kappa0.002,3,66,11.95721312659296,15.931709294804335,-3.9744961682113757
theta0.35_kappa0.002,3,67,-1.7965018811036535,-1.5665905121410364,-0.2299113689626171
theta0.35_kappa0.002,3,68,10.832811220355374,-8.1895320590165728,19.022343279371945
theta0.35_kappa0.002,3,69,23.680382526377961,22.839055225516859,0.84132730086110286
theta0.35_kappa0.002,3,70,35.62334728835323,32.969441983254526,2.6539053050987036
theta0.35_kappa0.002,3,71,-6.2489089072575652,-6.255503950622419,0.0065950433648538365
theta0.35_kappa0.002,3,72,1.3078054518216913,4.854372859475685,-3.5465674076539937
theta0.35_kappa0.002,3,73,33.062253557716794,32.580014665022802,0.48223889269399223
theta0.35_kappa0.002,3,74,27.23975202627981,25.544831232102908,1.6949207941769018
theta0.35_kappa0.002,3,75,-1.2939347055584576,-1.3159004532272514,0.021965747668793778
theta0.35_kappa0.002,3,76,33.018908341263611,29.536841344436571,3.4820669968270401
theta0.35_kappa0.002,3,77,31.90437796218129,30.844008047513356,1.060369914667934
theta0.35_kappa0.002,3,78,8.9545917076327743,6.7003305159682061,2.2542611916645683
theta0.35_kappa0.002,3,79,10.038719127284956,8.6996260943166028,1.3390930329683535
theta0.35_kappa0.002,3,80,17.899393437672153,10.12040641190298,7.7789870257691724
theta0.35_kappa0.002,3,81,22.581474759367087,22.581474759367087,0
theta0.35_kappa0.002,3,82,25.045199337630116,25.045199337630116,0
theta0.35_kappa0.002,3,83,3.9668404679537792,7.9763896485916561,-4.0095491806378769
theta0.35_kappa0.002,3,84,16.078353145806922,1.7910659335189447,14.287287212287977
theta0.35_kappa0.002,3,85,3.9685384014102119,2.9926130834572571,0.97592531795295479
theta0.35_kappa0.002,3,86,10.082486138317639,12.232627031232909,-2.1501408929152692
theta0.35_kappa0.002,3,87,0.87910969108301362,1.4951200550287949,-0.61601036394578124
theta0.35_kappa0.002,3,88,-8.3245926002732613,-4.2210034245446604,-4.1035891757286009
theta0.35_kappa0.002,3,89,1.15692277955371,0.35901621666365657,0.79790656289005346
theta0.35_kappa0.002,3,90,-6.8340529632370925,-7.6660001052901947,0.83194714205310216
theta0.35_kappa0.002,3,91,23.457444920814073,23.457444920814073,0
theta0.35_kappa0.002,3,92,4.7909551956470562,6.8070454097472286,-2.0160902141001724
theta0.35_kappa0.002,3,93,10.445901585736358,15.105408683194822,-4.659507097458464
theta0.35_kappa0.002,3,94,28.447424390871731,23.287756026952032,5.1596683639196996
theta0.35_kappa0.002,3,95,-4.0705200787460143,-1.4461973964484045,-2.6243226822976098
theta0.35_kappa0.002,3,96,7.9188065175951632,7.2977011324069974,0.62110538518816583
theta0.35_kappa0.002,3,97,23.149744496539402,21.416780254790989,1.7329642417484123
theta0.35_kappa0.002,3,98,35.715602115757349,35.641251789353568,0.074350326403781253
theta0.35_kappa0.002,3,99,26.827065995553369,23.564098304255563,3.2629676912978063
theta0.35_kappa0.002,4,0,17.846580359219896,17.708084533360751,0.13849582585914533
theta0.35_kappa0.002,4,1,7.90629294606227,4.7036611993659534,3.2026317466963166
theta0.35_kappa0.002,4,2,45.875307133444252,44.057644378316184,1.8176627551280689
theta0.35_kappa0.002,4,3,-1.2069556705433715,3.8556914395240609,-5.0626471100674326
theta0.35_kappa0.002,4,4,9.5726844687952539,9.4304894011504299,0.14219506764482404
theta0.35_kappa0.002,4,5,50.116526666763022,49.640673971930838,0.4758526948321844
theta0.35_kappa0.002,4,6,-11.194053634658779,-12.605758768846655,1.4117051341878764
theta0.35_kappa0.002,4,7,31.607241057605716,31.607241057605716,0
theta0.35_kappa0.002,4,8,22.637312015170178,22.66231201516981,-0.024999999999632649
theta0.35_kappa0.002,4,9,23.820907925091198,16.242590339019888,7.5783175860713108
theta0.35_kappa0.002,4,10,8.2782101490878475,6.1949123014316125,2.0832978476562349
theta0.35_kappa0.002,4,11,-4.3186118755129552,-2.4245529081589368,-1.8940589673540185
theta0.35_kappa0.002,4,12,27.771303915595578,28.08444093437874,-0.3131370187831628
theta0.35_kappa0.002,4,13,18.866223164055754,16.012622430700645,2.8536007333551083
theta0.35_kappa0.002,4,14,7.3145448205684982,3.0320348451778254,4.2825099753906724
theta0.35_kappa0.002,4,15,27.283588717250257,14.477600412715349,12.805988304534909
theta0.35_kappa0.002,4,16,30.753215436896848,31.77546902136487,-1.0222535844680216
theta0.35_kappa0.002,4,17,9.8472334917678648,14.878212478886343,-5.0309789871184787
theta0.35_kappa0.002,4,18,4.842870609748454,9.1649212880613202,-4.3220506783128663
theta0.35_kappa0.002,4,19,32.640180255128179,33.573373075328881,-0.93319282020070204
theta0.35_kappa0.002,4,20,24.728894437597457,24.728894437597457,0
theta0.35_kappa0.002,4,21,-15.344979593311672,-16.384602870572337,1.0396232772606648
theta0.35_kappa0.002,4,22,3.0817937996262859,8.285981959022914,-5.2041881593966277
theta0.35_kappa0.002,4,23,-0.93300997929472318,-1.0124652744596578,0.079455295164934658
theta0.35_kappa0.002,4,24,8.35459391372504,10.055444902503984,-1.700850988778944
theta0.35_kappa0.002,4,25,15.555206155953014,16.06278262131848,-0.50757646536546552
theta0.35_kappa0.002,4,26,19.886222661464934,26.547752599396357,-6.661529937931423
theta0.35_kappa0.002,4,27,12.637564345445661,13.643798852047258,-1.0062345066015972
theta0.35_kappa0.002,4,28,1.9626802101246883,5.6530864239568599,-3.6904062138321718
theta0.35_kappa0.002,4,29,8.007338273741345,9.017320290622866,-1.009982016881521
theta0.35_kappa0.002,4,30,3.1685875509326795,6.3991613768503459,-3.2305738259176664
theta0.35_kappa0.002,4,31,3.5564798821423649,5.7831790146222328,-2.2266991324798679
theta0.35_kappa0.002,4,32,-7.8737167008251188,-7.1733882469754127,-0.7003284538497061
theta0.35_kappa0.002,4,33,34.877323749414501,33.670525529285854,1.2067982201286469
theta0.35_kappa0.002,4,34,20.767680011647389,17.704159734764882,3.0635202768825067
theta0.35_kappa0.002,4,35,27.206226444248568,20.664375428165147,6.5418510160834202
theta0.35_kappa0.002,4,36,12.941702699579848,16.711221128979453,-3.7695184293996054
theta0.35_kappa0.002,4,37,17.063005932636187,17.397891761708173,-0.33488582907198605
theta0.35_kappa0.002,4,38,27.199623202651193,2.942616447242377,24.257006755408817
theta0.35_kappa0.002,4,39,-9.3643687500064203,-14.062738161066084,4.6983694110596641
theta0.35_kappa0.002,4,40,28.031026296036927,28.451032708604011,-0.42000641256708349
theta0.35_kappa0.002,4,41,-6.0423528384636089,-3.6645876899269352,-2.3777651485366738
theta0.35_kappa0.002,4,42,25.26358675898604,21.520739127677075,3.7428476313089654
theta0.35_kappa0.002,4,43,11.224564700877178,14.73550945120696,-3.5109447503297826
theta0.35_kappa0.002,4,44,24.162784887098557,24.26278488709892,-0.1000000000003638
theta0.35_kappa0.002,4,45,-2.5048158340107292,-2.4296032136601244,-0.07521262035060472
theta0.35_kappa0.002,4,46,26.694134345639711,24.629182694765525,2.0649516508741854
theta0.35_kappa0.002,4,47,8.1094665564537252,10.757772503800698,-2.648305947346973
theta0.35_kappa0.002,4,48,23.126968590079152,24.458137369377503,-1.331168779298352
theta0.35_kappa0.002,4,49,41.96935088022601,17.422814284953191,24.546536595272819
theta0.35_kappa0.002,4,50,28.145685566415285,27.786263336642005,0.35942222977327987
theta0.35_kappa0.002,4,51,21.058252397124487,22.001863024761303,-0.94361062763681502
theta0.35_kappa0.002,4,52,21.283489489425705,21.308489489425341,-0.024999999999636202
theta0.35_kappa0.002,4,53,36.295433462177279,12.58602409492998,23.709409367247297
theta0.35_kappa0.002,4,54,17.893139790675587,9.5128067895610062,8.3803330011145807
theta0.35_kappa0.002,4,55,23.847919603950249,25.78011066177433,-1.9321910578240811
theta0.35_kappa0.002,4,56,6.1555028818318585,8.3884617771354577,-2.2329588953035993
theta0.35_kappa0.002,4,57,12.745538841460602,11.974173250543233,0.77136559091736956
theta0.35_kappa0.002,4,58,18.910928341369143,19.473232049067189,-0.56230370769804594
theta0.35_kappa0.002,4,59,1.5112987302852241,-0.69365418990372851,2.2049529201889526
theta0.35_kappa0.002,4,60,1.907786074286383,-1.0046784574957728,2.912464531782156
theta0.35_kappa0.002,4,61,33.002850819409012,33.741508616701765,-0.7386577972927526
theta0.35_kappa0.002,4,62,16.590884186310475,15.881891811348412,0.70899237496206347
theta0.35_kappa0.002,4,63,-4.1959688115683047,-3.6266259322243375,-0.56934287934396721
theta0.35_kappa0.002,4,64,31.759332097394143,29.291365940659585,2.4679661567345583
theta0.35_kappa0.002,4,65,-1.4606633436731609,-1.7035039519662534,0.24284060829309251
theta0.35_kappa0.002,4,66,37.798777942287501,37.798777942287501,0
theta0.35_kappa0.002,4,67,35.781119456009812,35.781119456009812,0
theta0.35_kappa0.002,4,68,-5.7275511764992517,-3.2470814086341653,-2.4804697678650864
theta0.35_kappa0.002,4,69,14.586154688808421,16.208652188193248,-1.6224974993848278
theta0.35_kappa0.002,4,70,5.8501820703407557,5.815667689874406,0.034514380466349692
theta0.35_kappa0.002,4,71,25.330973807708418,20.936083165408004,4.3948906423004139
theta0.35_kappa0.002,4,72,46.783750884426269,18.367232325903046,28.416518558523222
theta0.35_kappa0.002,4,73,22.292787620679213,22.317787620679759,-0.025000000000545697
theta0.35_kappa0.002,4,74,22.847235856175061,29.243186363890398,-6.3959505077153374
theta0.35_kappa0.002,4,75,23.620786690320571,22.058957622076772,1.5618290682437994
theta0.35_kappa0.002,4,76,-2.3210595384941737,-0.48517879069546299,-1.8358807477987107
theta0.35_kappa0.002,4,77,-8.2017522934375222,-10.646055510636749,2.4443032171992272
theta0.35_kappa0.002,4,78,-3.4549529872091407,-2.0090069790206524,-1.4459460081884883
theta0.35_kappa0.002,4,79,-6.3611732407278767,-5.7909982852762703,-0.57017495545160646
theta0.35_kappa0.002,4,80,21.661954620754237,21.281503132018393,0.38045148873584367
theta0.35_kappa0.002,4,81,31.824748329786011,32.74000134931692,-0.91525301953090832
theta0.35_kappa0.002,4,82,34.104272377342895,21.54377772880806,12.560494648534835
theta0.35_kappa0.002,4,83,4.5184868664936619,2.6593538348548895,1.8591330316387724
theta0.35_kappa0.002,4,84,50.362008957713385,52.395962170243543,-2.0339532125301574
theta0.35_kappa0.002,4,85,32.713995845009357,32.505578409941108,0.20841743506824884
theta0.35_kappa0.002,4,86,-2.2542819992415515,-6.2904858421062171,4.0362038428646656
theta0.35_kappa0.002,4,87,12.125870549737115,18.415082459530712,-6.2892119097935968
theta0.35_kappa0.002,4,88,30.856150402987058,30.856150402987058,0
theta0.35_kappa0.002,4,89,1.8885446440196181,8.1056648894349692,-6.2171202454153516
theta0.35_kappa0.002,4,90,24.674372224311099,21.926565446857374,2.7478067774537251
theta0.35_kappa0.002,4,91,0.024588845064772599,1.360539515613931,-1.3359506705491584
theta0.35_kappa0.002,4,92,1.2495643173547324,0.96121557355466924,0.28834874380006315
theta0.35_kappa0.002,4,93,9.9025644882857407,10.675211304383581,-0.77264681609783992
theta0.35_kappa0.002,4,94,22.069423890852622,21.845337315478449,0.22408657537417298
theta0.35_kappa0.002,4,95,28.7183141996918,29.58401424518684,-0.86570004549503921
theta0.35_kappa0.002,4,96,12.429822320595935,-3.2696562224727552,15.69947854306869
theta0.35_kappa0.002,4,97,5.4984379443137517,-0.16711877013265261,5.6655567144464039
theta0.35_kappa0.002,4,98,6.0489029455360468,0.42852426521495612,5.6203786803210907
theta0.35_kappa0.002,4,99,11.31815284917969,11.767095658168149,-0.44894280898845906
theta0.35_kappa0.002,5,0,7.7640150968702422,8.8897017347504388,-1.1256866378801966
theta0.35_kappa0.002,5,1,29.271134456963917,16.377831210317005,12.893303246646912
theta0.35_kappa0.002,5,2,7.7454120738084278,12.850015145901091,-5.1046030720926634
theta0.35_kappa0.002,5,3,38.968418938304694,38.968418938304694,0
theta0.35_kappa0.002,5,4,20.533611513950433,20.533611513950433,0
theta0.35_kappa0.002,5,5,42.10801172046164,42.10801172046164,0
theta0.35_kappa0.002,5,6,14.467288444332814,15.668979353895176,-1.2016909095623625
theta0.35_kappa0.002,5,7,1.3085565197338402,4.267809348831757,-2.9592528290979168
theta0.35_kappa0.002,5,8,26.991602491956453,27.882956841696696,-0.89135434974024363
theta0.35_kappa0.002,5,9,17.830427446790509,18.42748524564179,-0.59705779885128152
theta0.35_kappa0.002,5,10,19.514263667350271,20.279081892795404,-0.76481822544513278
theta0.35_kappa0.002,5,11,19.946852964521312,18.067515204736679,1.879337759784633
theta0.35_kappa0.002,5,12,19.52299384221039,19.194672852077005,0.32832099013338478
theta0.35_kappa0.002,5,13,8.3622446628459528,5.8611587936375829,2.5010858692083699
theta0.35_kappa0.002,5,14,34.266944604408657,27.812108577160579,6.4548360272480778
theta0.35_kappa0.002,5,15,7.6457895848899202,9.5974935691019923,-1.951703984212072
theta0.35_kappa0.002,5,16,4.1605726459487009,6.3677409983542983,-2.2071683524055974
theta0.35_kappa0.002,5,17,0.155895594184497,1.8690622154038063,-1.7131666212193093
theta0.35_kappa0.002,5,18,5.8276462661326169,5.4200312162278808,0.40761504990473618
theta0.35_kappa0.002,5,19,18.231227108456793,-14.539621725417636,32.770848833874425
theta0.35_kappa0.002,5,20,8.2753839887199074,8.546150908871045,-0.27076692015113757
theta0.35_kappa0.002,5,21,17.706723476405294,5.8645665685695185,11.842156907835776
theta0.35_kappa0.002,5,22,34.732117990945696,33.51955463349416,1.2125633574515362
theta0.35_kappa0.002,5,23,37.185732006121469,37.185732006121469,0
theta0.35_kappa0.002,5,24,-5.6960014146220743,-8.6847906196460265,2.9887892050239522
theta0.35_kappa0.002,5,25,27.627038882274352,15.581036215942603,12.046002666331749
theta0.35_kappa0.002,5,26,14.69719729909915,13.818572470041341,0.87862482905780936
theta0.35_kappa0.002,5,27,16.395169807785226,18.563041902906662,-2.1678720951214352
theta0.35_kappa0.002,5,28,-10.377254962530492,-2.8199800110027207,-7.5572749515277708
theta0.35_kappa0.002,5,29,18.445020375110996,-9.0411871377573796,27.486207512868376
theta0.35_kappa0.002,5,30,28.486836989339743,26.871687012393387,1.6151499769463555
theta0.35_kappa0.002,5,31,6.8054101825874334,10.104754856378928,-3.2993446737914951
theta0.35_kappa0.002,5,32,25.517388113307611,23.499034559392751,2.01835355391486
theta0.35_kappa0.002,5,33,32.031953044444045,32.031953044444045,0
theta0.35_kappa0.002,5,34,-3.194257015788045,-6.3801235234565734,3.1858665076685284
theta0.35_kappa0.002,5,35,32.105879592377114,32.925908793076395,-0.82002920069928109
theta0.35_kappa0.002,5,36,11.879349713785889,8.4247670946214761,3.4545826191644124
theta0.35_kappa0.002,5,37,22.377266148691284,6.0652922743483355,16.311973874342947
theta0.35_kappa0.002,5,38,25.970782184645081,19.3760114144686,6.5947707701764813
theta0.35_kappa0.002,5,39,-0.82461218547095372,1.5215160003396304,-2.346128185810584
theta0.35_kappa0.002,5,40,17.059394485999949,8.8054272220118825,8.2539672639880663
theta0.35_kappa0.002,5,41,34.558811224988162,34.558811224988162,0
theta0.35_kappa0.002,5,42,20.298326807051005,20.04534862789523,0.25297817915577525
theta0.35_kappa0.002,5,43,14.903101135861531,14.840602060855449,0.062499075006082094
theta0.35_kappa0.002,5,44,1.414965101153713,2.4054299769665661,-0.99046487581285314
theta0.35_kappa0.002,5,45,9.1008688787980407,2.5338679112600309,6.5670009675380099
theta0.35_kappa0.002,5,46,14.176221265595039,16.340248064586213,-2.1640267989911735
theta0.35_kappa0.002,5,47,6.293784715146499,6.2036272814438087,0.090157433702690248
theta0.35_kappa0.002,5,48,-1.7994663663940893,1.3338206004265221,-3.1332869668206111
theta0.35_kappa0.002,5,49,32.630516382460563,32.630516382460563,0
theta0.35_kappa0.002,5,50,2.9195945044732778,-4.6384711780707502,7.5580656825440276
theta0.35_kappa0.002,5,51,-4.1893326063126519,-0.42187997365669799,-3.7674526326559539
theta0.35_kappa0.002,5,52,-11.42854859826994,-10.436104222731799,-0.99244437553814002
theta0.35_kappa0.002,5,53,17.765516076510192,17.981888494373742,-0.21637241786354977
theta0.35_kappa0.002,5,54,42.25796856694496,42.25796856694496,0
theta0.35_kappa0.002,5,55,22.40563148171498,22.604115565102319,-0.19848408338733847
theta0.35_kappa0.002,5,56,13.120888636285352,8.2887362478520892,4.8321523884332631
theta0.35_kappa0.002,5,57,3.9013648416758651,0.060952145752803499,3.8404126959230616
theta0.35_kappa0.002,5,58,7.6568618907965353,9.8537413756889354,-2.1968794848924
theta0.35_kappa0.002,5,59,-8.2685963386350245,-2.8003720036524764,-5.4682243349825477
theta0.35_kappa0.002,5,60,-19.896782410365478,-17.222345698196914,-2.6744367121685642
theta0.35_kappa0.002,5,61,20.892587376490727,17.40249680966933,3.4900905668213973
theta0.35_kappa0.002,5,62,13.590430396407935,10.885679837077472,2.7047505593304635
theta0.35_kappa0.002,5,63,1.6843087871878717,2.7976764464094748,-1.1133676592216031
theta0.35_kappa0.002,5,64,27.348836231532079,27.348836231532079,0
theta0.35_kappa0.002,5,65,-0.28949485627352067,2.3943348843614962,-2.6838297406350167
theta0.35_kappa0.002,5,66,7.2398023127430164,11.405935779984404,-4.1661334672413872
theta0.35_kappa0.002,5,67,3.1057925271818001,1.9209976493977117,1.1847948777840884
theta0.35_kappa0.002,5,68,7.7015171103571429,8.2281058798627775,-0.5265887695056346
theta0.35_kappa0.002,5,69,9.6252180440624961,12.049169166254888,-2.4239511221923919
theta0.35_kappa0.002,5,70,-3.2632017444350705,-0.18404696659364639,-3.0791547778414241
theta0.35_kappa0.002,5,71,30.543643200581393,14.001633069206648,16.542010131374745
theta0.35_kappa0.002,5,72,14.334560608308388,10.738285836982644,3.5962747713257439
theta0.35_kappa0.002,5,73,-14.366331543225289,-3.3441934980914247,-11.022138045133865
theta0.35_kappa0.002,5,74,-5.4770366771018359,-2.1336596305104885,-3.3433770465913475
theta0.35_kappa0.002,5,75,33.446742423329624,9.2434197905894369,24.203322632740189
theta0.35_kappa0.002,5,76,14.941778535346629,16.166549353008314,-1.2247708176616854
theta0.35_kappa0.002,5,77,-8.197394321942312,2.2225497415233728,-10.419944063465685
theta0.35_kappa0.002,5,78,-2.5380202803209069,-1.7803571742173807,-0.75766310610352616
theta0.35_kappa0.002,5,79,30.105247891202858,26.694882215433967,3.4103656757688903
theta0.35_kappa0.002,5,80,12.128582883747754,3.4656157413058826,8.6629671424418717
theta0.35_kappa0.002,5,81,6.7978347292133021,6.2068472897519475,0.59098743946135457
theta0.35_kappa0.002,5,82,6.4370292747994977,7.8318584717636224,-1.3948291969641247
theta0.35_kappa0.002,5,83,15.047594986845542,5.4401444352929884,9.607450551552553
theta0.35_kappa0.002,5,84,36.261793088996406,12.973505675660244,23.288287413336164
theta0.35_kappa0.002,5,85,-5.2726175666847377,-5.6490173209751173,0.37639975429037964
theta0.35_kappa0.002,5,86,32.400244795406827,39.012077091848788,-6.6118322964419605
theta0.35_kappa0.002,5,87,42.659524455515388,42.231422238736052,0.42810221677933669
theta0.35_kappa0.002,5,88,13.484589725869183,5.4586400501790502,8.0259496756901321
theta0.35_kappa0.002,5,89,31.773701286531683,31.546022145931353,0.22767914060032979
theta0.35_kappa0.002,5,90,19.293973473629357,17.827455786135292,1.4665176874940649
theta0.35_kappa0.002,5,91,29.686857640602053,30.207722380397609,-0.52086473979555592
theta0.35_kappa0.002,5,92,32.200996919155074,11.578257737513091,20.622739181641982
theta0.35_kappa0.002,5,93,1.984741952168124,-6.8507375963898252,8.8354795485579487
theta0.35_kappa0.002,5,94,34.766407613275817,34.766407613275817,0
theta0.35_kappa0.002,5,95,-10.35633752946134,-5.9545146005982579,-4.4018229288630826
theta0.35_kappa0.002,5,96,-12.54550341197953,-10.034880789747392,-2.5106226222321375
theta0.35_kappa0.002,5,97,34.386216372025551,37.68841312098656,-3.3021967489610091
theta0.35_kappa0.002,5,98,40.061583338164397,42.742523576690999,-2.6809402385266026
theta0.35_kappa0.002,5,99,7.3496592100783324,-0.92995436535590759,8.2796135754342401
theta0.35_kappa0.002,6,0,15.983907239023573,20.528316228659808,-4.544408989636235
theta0.35_kappa0.002,6,1,21.615584469787329,22.237453649658981,-0.62186917987165202
theta0.35_kappa0.002,6,2,28.89542353610814,31.360171321978846,-2.4647477858707063
theta0.35_kappa0.002,6,3,31.779356412649076,29.409469450936108,2.3698869617129681
theta0.35_kappa0.002,6,4,24.221552892811175,4.9067518433501203,19.314801049461053
theta0.35_kappa0.002,6,5,-9.5420839799956951,-6.5187830479035398,-3.0233009320921553
theta0.35_kappa0.002,6,6,11.380733788703244,7.0908586069697837,4.2898751817334606
theta0.35_kappa0.002,6,7,15.608627762268211,14.069568246178047,1.5390595160901643
theta0.35_kappa0.002,6,8,14.151793402724786,10.782641704593059,3.3691516981317271
theta0.35_kappa0.002,6,9,35.270940727275146,35.831722792042548,-0.56078206476740178
theta0.35_kappa0.002,6,10,9.8700779350414294,12.17946736139622,-2.3093894263547909
theta0.35_kappa0.002,6,11,11.757939554248756,10.419070584162196,1.3388689700865601
theta0.35_kappa0.002,6,12,9.5608402446427672,9.1529372749954092,0.40790296964735795
theta0.35_kappa0.002,6,13,28.519996658568392,28.302526250934655,0.21747040763373704
theta0.35_kappa0.002,6,14,19.544668443535663,20.72660868024515,-1.1819402367094867
theta0.35_kappa0.002,6,15,-8.5256852587130183,-5.9465746041411531,-2.5791106545718652
theta0.35_kappa0.002,6,16,-0.082016854463832001,-0.92772171496283695,0.84570486049900495
theta0.35_kappa0.002,6,17,24.283977442398012,24.618013021160113,-0.33403557876210144
theta0.35_kappa0.002,6,18,-4.7741095151766686,-1.7065763623423127,-3.0675331528343559
theta0.35_kappa0.002,6,19,27.263550819668424,29.228187747893937,-1.9646369282255129
theta0.35_kappa0.002,6,20,30.659377188101697,5.4829256470934009,25.176451541008298
theta0.35_kappa0.002,6,21,29.77243140332558,30.848871285176468,-1.076439881850888
theta0.35_kappa0.002,6,22,33.597891134564428,35.633211126840244,-2.0353199922758165
theta0.35_kappa0.002,6,23,2.7282529808140135,6.0944659790169275,-3.3662129982029141
theta0.35_kappa0.002,6,24,-5.2319346429916642,-7.0986322588516924,1.8666976158600281
theta0.35_kappa0.002,6,25,1.8160042393292359,1.6097793921519159,0.20622484717732004
theta0.35_kappa0.002,6,26,-0.74898326040790919,-1.1398690857142064,0.39088582530629723
theta0.35_kappa0.002,6,27,-1.0308921328420877,-10.686715027136289,9.6558228942942019
theta0.35_kappa0.002,6,28,37.903498053087205,37.852498053087729,0.050999999999476131
theta0.35_kappa0.002,6,29,28.616606300095455,26.534751692578308,2.0818546075171476
theta0.35_kappa0.002,6,30,48.602587484169646,48.602587484169646,0
theta0.35_kappa0.002,6,31,19.795285866191769,30.931739021493833,-11.136453155302064
theta0.35_kappa0.002,6,32,26.711805675964666,31.795450651248078,-5.0836449752834127
theta0.35_kappa0.002,6,33,37.015386026316747,34.29741656959154,2.7179694567252071
theta0.35_kappa0.002,6,34,42.20675754768304,43.898574589642237,-1.6918170419591974
theta0.35_kappa0.002,6,35,21.176365687413572,16.24995772056657,4.9264079668470018
theta0.35_kappa0.002,6,36,11.978597862055199,13.68369800575188,-1.7051001436966811
theta0.35_kappa0.002,6,37,23.190286196830257,23.693508656630343,-0.50322245980008518
theta0.35_kappa0.002,6,38,13.746962024256881,8.587448161278143,5.1595138629787378
theta0.35_kappa0.002,6,39,3.8861439771741271,6.7559525304084413,-2.8698085532343143
theta0.35_kappa0.002,6,40,-3.4268572829404009,-6.7904702224993088,3.3636129395589078
theta0.35_kappa0.002,6,41,28.423896887732457,28.423896887732457,0
theta0.35_kappa0.002,6,42,-8.9743280918716835,-9.3581410599019943,0.38381296803031084
theta0.35_kappa0.002,6,43,6.7371577778036853,9.2330509994980634,-2.4958932216943781
theta0.35_kappa0.002,6,44,2.7755622456585947,3.7211120043107906,-0.94554975865219593
theta0.35_kappa0.002,6,45,18.42129411748607,7.1033148124490513,11.317979305037019
theta0.35_kappa0.002,6,46,13.589869512120297,11.866726908501221,1.7231426036190758
theta0.35_kappa0.002,6,47,15.755445108588612,12.896881866776496,2.8585632418121154
theta0.35_kappa0.002,6,48,23.609972091913662,15.827745860405503,7.7822262315081581
theta0.35_kappa0.002,6,49,26.523101043544685,26.54810104354523,-0.025000000000545697
theta0.35_kappa0.002,6,50,33.39510692923605,33.39510692923605,0
theta0.35_kappa0.002,6,51,5.6348435542217192,12.932346941816521,-7.2975033875948014
theta0.35_kappa0.002,6,52,26.422040448342212,26.841057699433858,-0.41901725109164545
theta0.35_kappa0.002,6,53,14.138007714350035,17.3684591077295,-3.2304513933794645
theta0.35_kappa0.002,6,54,12.17064567097305,6.368351177197618,5.8022944937754319
theta0.35_kappa0.002,6,55,-6.8698138771796389,-8.7888359879817521,1.9190221108021133
theta0.35_kappa0.002,6,56,7.0233282971277831,0.67559818668547456,6.3477301104423081
theta0.35_kappa0.002,6,57,6.1126748536012858,8.8289735874032047,-2.7162987338019189
theta0.35_kappa0.002,6,58,24.507013488853197,24.481013488854263,0.025999999998933987
theta0.35_kappa0.002,6,59,21.629337349430436,24.643452647621771,-3.0141152981913351
theta0.35_kappa0.002,6,60,9.9905022360138087,2.4004881149959689,7.5900141210178393
theta0.35_kappa0.002,6,61,19.605666093146255,16.266598592022042,3.3390675011242124
theta0.35_kappa0.002,6,62,7.020312679888205,5.4149379668872246,1.6053747130009803
theta0.35_kappa0.002,6,63,25.177801796516121,17.938267275243771,7.2395345212723505
theta0.35_kappa0.002,6,64,-2.6704943361726023,-2.2873252560527195,-0.38316908011988282
theta0.35_kappa0.002,6,65,8.4940580644776649,4.91924626826642,3.5748117962112449
theta0.35_kappa0.002,6,66,18.307375533037529,15.336549224965276,2.9708263080722528
theta0.35_kappa0.002,6,67,28.324111775127857,28.324111775127857,0
theta0.35_kappa0.002,6,68,23.13807186359686,18.73537093469487,4.4027009289019894
theta0.35_kappa0.002,6,69,4.2663540768849302,3.5634138434263041,0.70294023345862611
theta0.35_kappa0.002,6,70,-14.639692646556956,-13.320678572563429,-1.319014073993527
theta0.35_kappa0.002,6,71,16.40047621148894,17.075658997645981,-0.67518278615704119
theta0.35_kappa0.002,6,72,29.111465315277329,29.979264954049135,-0.86779963877180677
theta0.35_kappa0.002,6,73,17.366804095409357,17.884411414822818,-0.51760731941346094
theta0.35_kappa0.002,6,74,23.065569219968825,23.980712232016533,-0.91514301204770732
theta0.35_kappa0.002,6,75,4.6435769911410425,6.5982935937876945,-1.954716602646652
theta0.35_kappa0.002,6,76,2.1404787423085079,4.3864971748616481,-2.2460184325531403
theta0.35_kappa0.002,6,77,23.366174400158695,23.366174400158695,0
theta0.35_kappa0.002,6,78,-10.272961013458778,-13.560105547515279,3.2871445340565018
theta0.35_kappa0.002,6,79,31.466927618220865,31.092694859834005,0.3742327583868601
theta0.35_kappa0.002,6,80,-2.0882042606695643,-3.7390098995117751,1.6508056388422108
theta0.35_kappa0.002,6,81,24.0771092740979,-3.43099801144484,27.508107285542739
theta0.35_kappa0.002,6,82,37.417737629505808,36.807968045385742,0.6097695841200661
theta0.35_kappa0.002,6,83,10.171743657254414,11.740594350466276,-1.5688506932118624
theta0.35_kappa0.002,6,84,33.096996782914182,32.568257030668981,0.52873975224520109
theta0.35_kappa0.002,6,85,-0.1217725693744742,2.0779598868061528,-2.1997324561806271
theta0.35_kappa0.002,6,86,34.353142861161359,32.930519921915007,1.4226229392463523
theta0.35_kappa0.002,6,87,5.433293526163502,-3.5261670147164521,8.9594605408799541
theta0.35_kappa0.002,6,88,27.377667119259929,29.198741109698389,-1.8210739904384603
theta0.35_kappa0.002,6,89,6.0901527135972131,5.8989994446863943,0.19115326891081885
theta0.35_kappa0.002,6,90,19.807340813913815,18.530421083482224,1.2769197304315902
theta0.35_kappa0.002,6,91,-1.2054180660138574,0.4330725109459907,-1.6384905769598481
theta0.35_kappa0.002,6,92,17.493350385170221,9.6231153307377983,7.8702350544324222
theta0.35_kappa0.002,6,93,12.665121186668729,10.936951834466637,1.7281693522020927
theta0.35_kappa0.002,6,94,30.631614470526067,30.683891602214469,-0.052277131688402534
theta0.35_kappa0.002,6,95,25.801131730169551,25.801131730169551,0
theta0.35_kappa0.002,6,96,2.650454486146923,-2.3047832497727532,4.9552377359196758
theta0.35_kappa0.002,6,97,24.79932105483174,24.90499744192196,-0.1056763870902202
theta0.35_kappa0.002,6,98,14.259445852141466,14.642329434266388,-0.38288358212492213
theta0.35_kappa0.002,6,99,23.114324652191595,21.475197897672576,1.6391267545190189
theta0.35_kappa0.002,7,0,7.0107456416258458,4.8942900215200371,2.1164556201058087
theta0.35_kappa0.002,7,1,0.49194964049556938,1.5128868004029117,-1.0209371599073422
theta0.35_kappa0.002,7,2,-1.1875034229263948,-0.12597402115377559,-1.0615294017726191
theta0.35_kappa0.002,7,3,2.5617281853307929,3.780101513336819,-1.218373328006026
theta0.35_kappa0.002,7,4,-7.5501480613623304,-5.7616589507371962,-1.7884891106251342
theta0.35_kappa0.002,7,5,10.176651464669398,9.7776353885884646,0.39901607608093315
theta0.35_kappa0.002,7,6,4.0763677888032079,4.8631560315866489,-0.78678824278344095
theta0.35_kappa0.002,7,7,11.644573236820182,8.9452783346408538,2.6992949021793287
theta0.35_kappa0.002,7,8,2.580554128804033,6.1953559725439327,-3.6148018437398997
theta0.35_kappa0.002,7,9,13.130406675518367,10.216668256281819,2.9137384192365481
theta0.35_kappa0.002,7,10,21.384739634633345,23.137683672805633,-1.7529440381722878
theta0.35_kappa0.002,7,11,12.7122973800567,5.4045871681851692,7.3077102118715311
theta0.35_kappa0.002,7,12,24.461575075324259,20.794804205482976,3.6667708698412831
theta0.35_kappa0.002,7,13,17.891162851242658,11.924492114948762,5.9666707362938958
theta0.35_kappa0.002,7,14,7.3236761787724536,0.4964910101921769,6.8271851685802769
theta0.35_kappa0.002,7,15,33.69492686438722,20.862609586535207,12.832317277852013
theta0.35_kappa0.002,7,16,19.078838189850057,-2.0047504546929806,21.083588644543038
theta0.35_kappa0.002,7,17,10.950212511002366,-19.16141189667611,30.111624407678477
theta0.35_kappa0.002,7,18,9.8690280500782048,-9.9518458193934656,19.820873869471669
theta0.35_kappa0.002,7,19,8.8239028474172674,9.4574911083242554,-0.63358826090698805
theta0.35_kappa0.002,7,20,23.642120458833876,23.489885181093765,0.15223527774011103
theta0.35_kappa0.002,7,21,2.9170050071600868,-0.024824433304964501,2.9418294404650513
theta0.35_kappa0.002,7,22,31.428350057913836,31.512870455319632,-0.084520397405796643
theta0.35_kappa0.002,7,23,-1.5904510525979905,4.2393175473348403,-5.829768599932831
theta0.35_kappa0.002,7,24,2.4563177910599876,2.1021951257495344,0.35412266531045322
theta0.35_kappa0.002,7,25,7.7966896169108724,8.9659684156216084,-1.169278798710736
theta0.35_kappa0.002,7,26,1.5659672913455995,0.74857894095712774,0.8173883503884718
theta0.35_kappa0.002,7,27,20.887223917197769,21.44223389815475,-0.55500998095698151
theta0.35_kappa0.002,7,28,13.70426920617869,16.611258862298492,-2.9069896561198014
theta0.35_kappa0.002,7,29,15.398146661341755,11.788429297526577,3.6097173638151787
theta0.35_kappa0.002,7,30,10.054682949607333,8.5838457263250287,1.4708372232823042
theta0.35_kappa0.002,7,31,27.679031309347863,16.621872566692744,11.057158742655119
theta0.35_kappa0.002,7,32,3.9765466239032432,11.655021892783552,-7.6784752688803088
theta0.35_kappa0.002,7,33,24.543565819748139,24.517565819748299,0.025999999999839929
theta0.35_kappa0.002,7,34,26.65282143225717,28.632444122584634,-1.9796226903274636
theta0.35_kappa0.002,7,35,4.6383138111019324,3.8227034555841191,0.81561035551781336
theta0.35_kappa0.002,7,36,-11.613187906777391,-13.192993076206845,1.5798051694294539
theta0.35_kappa0.002,7,37,0.62170131848915844,2.5165235993214847,-1.8948222808323263
theta0.35_kappa0.002,7,38,13.000129080343452,14.164933003464428,-1.1648039231209761
theta0.35_kappa0.002,7,39,1.7770102470921438,2.6263110938439449,-0.84930084675180106
theta0.35_kappa0.002,7,40,19.183983961853855,9.9588228317068541,9.2251611301470007
theta0.35_kappa0.002,7,41,30.583362837914873,27.187444402947452,3.3959184349674203
theta0.35_kappa0.002,7,42,3.307177850861593,3.222745783641094,0.084432067220499007
theta0.35_kappa0.002,7,43,28.197312460162209,28.197312460162209,0
theta0.35_kappa0.002,7,44,27.592765940262449,27.824860688153837,-0.23209474789138795
theta0.35_kappa0.002,7,45,-4.2656295113222491,-3.9820878345386208,-0.28354167678362829
theta0.35_kappa0.002,7,46,36.195915867411401,24.760658894215172,11.435256973196228
theta0.35_kappa0.002,7,47,27.010590588197985,29.729318632681899,-2.7187280444839139
theta0.35_kappa0.002,7,48,25.418992657313641,10.444467338138049,14.974525319175592
theta0.35_kappa0.002,7,49,5.5230150670429623,4.5658794627966826,0.95713560424627975
theta0.35_kappa0.002,7,50,36.323735551105955,36.458192881071071,-0.13445732996511595
theta0.35_kappa0.002,7,51,1.9221212900424016,3.5691299886658685,-1.6470086986234669
theta0.35_kappa0.002,7,52,-1.5005127781196523,-3.4191614998432338,1.9186487217235815
theta0.35_kappa0.002,7,53,-4.3115578046587704,-1.1024166600274483,-3.2091411446313218
theta0.35_kappa0.002,7,54,27.311254334059232,26.927640579479011,0.38361375458022096
theta0.35_kappa0.002,7,55,27.386062007251379,31.777325432398008,-4.3912634251466294
theta0.35_kappa0.002,7,56,19.945234194077308,20.629825383413785,-0.68459118933647645
theta0.35_kappa0.002,7,57,21.290834709037377,12.390084935980189,8.9007497730571874
theta0.35_kappa0.002,7,58,22.097198780421166,21.347028852727817,0.75016992769334934
theta0.35_kappa0.002,7,59,-4.8110983238420797,-1.6162318287751842,-3.1948664950668952
theta0.35_kappa0.002,7,60,-6.572580623150559,-4.2894736287404989,-2.2831069944100602
theta0.35_kappa0.002,7,61,35.407096088374857,35.6480392194429,-0.24094313106804321
theta0.35_kappa0.002,7,62,-2.4562965431156254,-2.0411504125505626,-0.41514613056506278
theta0.35_kappa0.002,7,63,10.024201704586311,10.800858462935,-0.77665675834868964
theta0.35_kappa0.002,7,64,40.083743374867034,36.19605271828452,3.8876906565825138
theta0.35_kappa0.002,7,65,8.349527719903822,3.6409541529821929,4.7085735669216291
theta0.35_kappa0.002,7,66,9.7619289953049719,12.085656642356827,-2.3237276470518555
theta0.35_kappa0.002,7,67,11.284520695696894,12.71827567936678,-1.4337549836698855
theta0.35_kappa0.002,7,68,-5.0425192901652505,-5.1881829741562235,0.14566368399097307
theta0.35_kappa0.002,7,69,7.8740992997601813,9.1119811612701458,-1.2378818615099645
theta0.35_kappa0.002,7,70,-15.844901049225095,-15.58282661033935,-0.26207443888574566
theta0.35_kappa0.002,7,71,12.095022386236357,3.7343778967467869,8.3606444894895695
theta0.35_kappa0.002,7,72,29.784254603072402,29.158506710696329,0.6257478923760722
theta0.35_kappa0.002,7,73,35.808166179349385,34.536150950404085,1.2720152289452997
theta0.35_kappa0.002,7,74,35.085386412112889,35.104044517258274,-0.018658105145384241
theta0.35_kappa0.002,7,75,27.404332230260518,24.132286394293217,3.272045835967301
theta0.35_kappa0.002,7,76,33.104840877301392,31.180899893017138,1.9239409842842541
theta0.35_kappa0.002,7,77,-15.659229142248977,-13.765183614322982,-1.8940455279259947
theta0.35_kappa0.002,7,78,0.27778650898482882,-2.9593543329844163,3.2371408419692451
theta0.35_kappa0.002,7,79,32.21828864385391,32.21828864385391,0
theta0.35_kappa0.002,7,80,22.952222866941462,22.115435168442708,0.83678769849875323
theta0.35_kappa0.002,7,81,-1.6713454724578969,-3.385593878461723,1.7142484060038261
theta0.35_kappa0.002,7,82,15.772214901947088,17.688345322414527,-1.9161304204674394
theta0.35_kappa0.002,7,83,-0.60545258236336386,2.0490200882434535,-2.6544726706068174
theta0.35_kappa0.002,7,84,16.030739590229462,7.3985243182778415,8.6322152719516207
theta0.35_kappa0.002,7,85,19.097053359825995,13.919057453517857,5.1779959063081389
theta0.35_kappa0.002,7,86,-9.1699198502037884,-6.1523188103499979,-3.0176010398537905
theta0.35_kappa0.002,7,87,4.9861823045828046,-2.3069434601085703,7.293125764691375
theta0.35_kappa0.002,7,88,8.6905949373789877,10.101344433443122,-1.4107494960641347
theta0.35_kappa0.002,7,89,-12.088060223680204,-6.4734923724447127,-5.6145678512354911
theta0.35_kappa0.002,7,90,22.404803319065991,13.26925718203681,9.1355461370291806
theta0.35_kappa0.002,7,91,-4.1331187650497503,-3.4878305980726134,-0.64528816697713687
theta0.35_kappa0.002,7,92,4.4508164768010641,7.7489638638710456,-3.2981473870699816
theta0.35_kappa0.002,7,93,11.892540393808243,8.3967601807248791,3.4957802130833642
theta0.35_kappa0.002,7,94,40.919270758782993,40.919270758782993,0
theta0.35_kappa0.002,7,95,20.912256595828516,-0.063156023513215503,20.975412619341732
theta0.35_kappa0.002,7,96,11.549112222045483,7.9191678077310046,3.6299444143144788
theta0.35_kappa0.002,7,97,36.050036901218462,36.967679633355829,-0.91764273213736658
theta0.35_kappa0.002,7,98,13.670751028893774,4.5329258586809207,9.137825170212853
theta0.35_kappa0.002,7,99,33.251330525527869,35.07830861700333,-1.8269780914754605
theta0.35_kappa0.002,8,0,19.504921399270899,13.076400602345233,6.4285207969256657
theta0.35_kappa0.002,8,1,34.354981704582279,20.376150252661589,13.978831451920691
theta0.35_kappa0.002,8,2,9.8070453456380164,10.466181516874004,-0.65913617123598733
theta0.35_kappa0.002,8,3,-14.574602325891377,-15.177598290863386,0.6029959649720098
theta0.35_kappa0.002,8,4,36.047359686617455,37.702440346104957,-1.6550806594875027
theta0.35_kappa0.002,8,5,7.8943260151860866,10.69265654202216,-2.7983305268360734
theta0.35_kappa0.002,8,6,0.1509679931868031,-2.7566520066928568,2.9076199998796599
theta0.35_kappa0.002,8,7,19.267881530027054,17.828894916392127,1.4389866136349276
theta0.35_kappa0.002,8,8,5.392646358314817,-9.1041752683348793,14.496821626649696
theta0.35_kappa0.002,8,9,-0.92054088829328717,3.680797315127128,-4.6013382034204149
theta0.35_kappa0.002,8,10,30.055674102655843,29.048447178160018,1.007226924495825
theta0.35_kappa0.002,8,11,20.447495777631044,17.913170920026097,2.5343248576049469
theta0.35_kappa0.002,8,12,17.010977302508493,8.2913050034450784,8.719672299063415
theta0.35_kappa0.002,8,13,7.4235408519024446,9.5222468663453927,-2.0987060144429481
theta0.35_kappa0.002,8,14,9.9842751260558522,15.05446132995999,-5.0701862039041377
theta0.35_kappa0.002,8,15,-8.7802320123848308,-12.844839449730888,4.0646074373460568
theta0.35_kappa0.002,8,16,10.986729412911892,9.598950258284308,1.3877791546275837
theta0.35_kappa0.002,8,17,-3.1265570470018291,-1.7066707434551365,-1.4198863035466927
theta0.35_kappa0.002,8,18,0.15929185302083271,3.6232981395676238,-3.4640062865467911
theta0.35_kappa0.002,8,19,-12.887489448960498,-12.7873387757448,-0.10015067321569759
theta0.35_kappa0.002,8,20,29.022898311723015,29.0430529703603,-0.020154658637284939
theta0.35_kappa0.002,8,21,18.445404810564664,19.432663453328168,-0.9872586427635035
theta0.35_kappa0.002,8,22,-1.9719564722773892,-5.5340958503558024,3.5621393780784132
theta0.35_kappa0.002,8,23,8.3185922666345622,9.4309313384310158,-1.1123390717964536
theta0.35_kappa0.002,8,24,12.303376212878524,10.912070349581295,1.3913058632972284
theta0.35_kappa0.002,8,25,30.237730249999597,28.305641629710397,1.9320886202891998
theta0.35_kappa0.002,8,26,-13.13032414291882,-11.843908684346315,-1.2864154585725043
theta0.35_kappa0.002,8,27,11.375656156101709,12.152956475923585,-0.77730031982187597
theta0.35_kappa0.002,8,28,-1.6944630645184791,-0.41627441372273277,-1.2781886507957463
theta0.35_kappa0.002,8,29,21.67337246731957,22.332160890899253,-0.65878842357968281
theta0.35_kappa0.002,8,30,2.2261631050484656,-2.7504317265068985,4.9765948315553636
theta0.35_kappa0.002,8,31,17.505888988381916,17.26030609984775,0.24558288853416599
theta0.35_kappa0.002,8,32,14.045304328712325,18.267841727207745,-4.2225373984954206
theta0.35_kappa0.002,8,33,-23.486284015176977,-17.645013871294815,-5.8412701438821628
theta0.35_kappa0.002,8,34,21.767961642935024,20.660570367409115,1.1073912755259094
theta0.35_kappa0.002,8,35,-2.0521847128719757,-0.77555336578795775,-1.276631347084018
theta0.35_kappa0.002,8,36,2.3745631874026798,4.8333052219671009,-2.4587420345644211
theta0.35_kappa0.002,8,37,23.429946878687595,23.429946878687595,0
theta0.35_kappa0.002,8,38,10.128143228994819,0.78534030337525129,9.3428029256195675
theta0.35_kappa0.002,8,39,20.340347642017296,20.196176388621161,0.14417125339613435
theta0.35_kappa0.002,8,40,5.3586645376101183,3.675894634759806,1.6827699028503122
theta0.35_kappa0.002,8,41,-1.6751057988243521,-4.6487289795866342,2.9736231807622824
theta0.35_kappa0.002,8,42,31.311755955474982,32.398483261052945,-1.0867273055779627
theta0.35_kappa0.002,8,43,16.20449778834768,7.4692532486175294,8.7352445397301501
theta0.35_kappa0.002,8,44,7.4047132623236989,4.9908566399125895,2.4138566224111093
theta0.35_kappa0.002,8,45,15.599956210917931,17.254844127188232,-1.654887916270301
theta0.35_kappa0.002,8,46,6.8622607785345151,8.1035139749883527,-1.2412531964538376
theta0.35_kappa0.002,8,47,3.9579445954396624,4.7355922478025683,-0.77764765236290589
theta0.35_kappa0.002,8,48,16.93066974557809,8.080509015514993,8.8501607300630969
theta0.35_kappa0.002,8,49,2.8365203337075036,7.401532512697294,-4.5650121789897904
theta0.35_kappa0.002,8,50,16.813151295022017,15.509066539861283,1.3040847551607335
theta0.35_kappa0.002,8,51,17.342474832457206,17.7497121806386,-0.40723734818139334
theta0.35_kappa0.002,8,52,12.539746856213826,-3.9240055929887241,16.463752449202552
theta0.35_kappa0.002,8,53,3.7376371818402672,1.3910372805269726,2.3465999013132945
theta0.35_kappa0.002,8,54,19.172008192426631,6.7837621804605472,12.388246011966084
theta0.35_kappa0.002,8,55,30.992285499617893,-1.6701570101822818,32.662442509800172
theta0.35_kappa0.002,8,56,18.500306482523001,19.140924431132124,-0.64061794860912258
theta0.35_kappa0.002,8,57,13.389783829123676,7.8468798039537431,5.5429040251699329
theta0.35_kappa0.002,8,58,-5.8077816040767587,-6.1236048888745911,0.31582328479783239
theta0.35_kappa0.002,8,59,13.549052169114525,13.574052169115069,-0.02500000000054392
theta0.35_kappa0.002,8,60,-10.971531475720765,-10.773840761630522,-0.19769071409024264
theta0.35_kappa0.002,8,61,31.374684384608301,31.374684384608301,0
theta0.35_kappa0.002,8,62,2.2732917012765119,6.4446784120514042,-4.1713867107748923
theta0.35_kappa0.002,8,63,15.599285908481988,4.5780165021096977,11.021269406372291
theta0.35_kappa0.002,8,64,15.397654360407516,14.565695548085134,0.831958812322382
theta0.35_kappa0.002,8,65,26.885434878920556,21.513730662985221,5.3717042159353348
theta0.35_kappa0.002,8,66,-23.185599806713505,-20.634936572773089,-2.5506632339404156
theta0.35_kappa0.002,8,67,19.182863678727571,19.207863678727207,-0.024999999999636202
theta0.35_kappa0.002,8,68,17.748988473328204,16.409578353420248,1.3394101199079564
theta0.35_kappa0.002,8,69,19.341032482075494,16.394119089174254,2.9469133929012408
theta0.35_kappa0.002,8,70,37.559504886074826,37.157624987415986,0.40187989865884077
theta0.35_kappa0.002,8,71,16.730903386252624,13.675899761939659,3.055003624312965
theta0.35_kappa0.002,8,72,27.143469691066848,25.716083747526131,1.4273859435407168
theta0.35_kappa0.002,8,73,27.67264878179779,16.004847847005223,11.667800934792567
theta0.35_kappa0.002,8,74,39.201927221665379,31.283308547761084,7.9186186739042945
theta0.35_kappa0.002,8,75,11.726536114455229,10.819488923860424,0.90704719059480432
theta0.35_kappa0.002,8,76,-2.9417981731655671,4.7633922755622446,-7.7051904487278122
theta0.35_kappa0.002,8,77,-1.4814207628802707,-1.2545944794355728,-0.22682628344469791
theta0.35_kappa0.002,8,78,38.839853131466228,38.839853131466228,0
theta0.35_kappa0.002,8,79,-7.6298773322584932,-1.3929667005941664,-6.236910631664327
theta0.35_kappa0.002,8,80,33.710543695064274,13.408329134960605,20.302214560103671
theta0.35_kappa0.002,8,81,18.85262453719217,23.18063663454241,-4.3280120973502392
theta0.35_kappa0.002,8,82,3.6299666185771144,7.2651044982142139,-3.6351378796370994
theta0.35_kappa0.002,8,83,7.4646633023766764,7.9316707835988201,-0.46700748122214364
theta0.35_kappa0.002,8,84,2.6110981847291903,1.8411758389541757,0.76992234577501462
theta0.35_kappa0.002,8,85,-0.51745365659479625,5.2394176631053666,-5.7568713197001626
theta0.35_kappa0.002,8,86,13.151842096097504,7.4180543858365269,5.7337877102609767
theta0.35_kappa0.002,8,87,19.915670263451354,19.817626446999412,0.098043816451941268
theta0.35_kappa0.002,8,88,9.7907597754755233,10.181383274826176,-0.39062349935065299
theta0.35_kappa0.002,8,89,27.914308426700561,27.126465712531825,0.78784271416873608
theta0.35_kappa0.002,8,90,2.5917062661876331,5.2099864407621785,-2.6182801745745454
theta0.35_kappa0.002,8,91,26.295530651665331,28.038620545748191,-1.7430898940828605
theta0.35_kappa0.002,8,92,1.6551043491101027,7.598799234461838,-5.9436948853517357
theta0.35_kappa0.002,8,93,21.216480361311831,21.216480361311831,0
theta0.35_kappa0.002,8,94,5.2755564012158676,2.686964226749943,2.5885921744659246
theta0.35_kappa0.002,8,95,33.802243792933673,33.802243792933673,0
theta0.35_kappa0.002,8,96,5.8621332432508737,4.7195324472895024,1.1426007959613713
theta0.35_kappa0.002,8,97,7.8662689703383606,8.9781771906508343,-1.1119082203124737
theta0.35_kappa0.002,8,98,3.0864632719495519,3.431646566647756,-0.34518329469820408
theta0.35_kappa0.002,8,99,17.06931773942631,5.8358376199826054,11.233480119443705
theta0.35_kappa0.002,9,0,-27.228142991225329,-20.975364166007807,-6.252778825217522
theta0.35_kappa0.002,9,1,12.972248479484646,-0.45920778331377732,13.431456262798424
theta0.35_kappa0.002,9,2,25.491357285129631,10.267242637386731,15.224114647742899
theta0.35_kappa0.002,9,3,15.199346036865064,14.107305411987641,1.0920406248774235
theta0.35_kappa0.002,9,4,-16.025280017302531,-17.078065134962429,1.0527851176598979
theta0.35_kappa0.002,9,5,26.172592435596179,13.710293588619468,12.462298846976712
theta0.35_kappa0.002,9,6,8.2252187867293767,17.404618514653276,-9.179399727923899
theta0.35_kappa0.002,9,7,45.92844447246172,40.984336116416159,4.944108356045561
theta0.35_kappa0.002,9,8,30.786290797048796,5.7079551601775513,25.078335636871245
theta0.35_kappa0.002,9,9,31.25018254408559,30.909686293141128,0.34049625094446156
theta0.35_kappa0.002,9,10,7.952959219727612,5.5970777237630474,2.3558814959645646
theta0.35_kappa0.002,9,11,25.18764493311447,25.18764493311447,0
theta0.35_kappa0.002,9,12,21.856093874159029,21.856093874159029,0
theta0.35_kappa0.002,9,13,9.8157736380474017,9.2107670527184684,0.60500658532893326
theta0.35_kappa0.002,9,14,0.46188887650407379,-2.8615318664471796,3.3234207429512534
theta0.35_kappa0.002,9,15,8.227495706664774,14.816142083300996,-6.5886463766362215
theta0.35_kappa0.002,9,16,27.953244905255389,27.953244905255389,0
theta0.35_kappa0.002,9,17,18.387677265355116,9.6110646022843156,8.7766126630708001
theta0.35_kappa0.002,9,18,18.70806452808624,18.632673911542664,0.075390616543575817
theta0.35_kappa0.002,9,19,21.462221300504176,23.875511961717599,-2.4132906612134235
theta0.35_kappa0.002,9,20,39.897742413871256,40.588933697390189,-0.69119128351893266
theta0.35_kappa0.002,9,21,-3.1710034108048255,-4.4112052689251557,1.2402018581203302
theta0.35_kappa0.002,9,22,3.136033039554305,5.9038788167631751,-2.76784577720887
theta0.35_kappa0.002,9,23,37.310695014648715,4.8329919092480331,32.477703105400678
theta0.35_kappa0.002,9,24,-13.353678699361112,-12.530533031121919,-0.82314566823919222
theta0.35_kappa0.002,9,25,16.84004086218032,4.5652281765156983,12.274812685664621
theta0.35_kappa0.002,9,26,-3.0233444959490217,-2.5069505852927385,-0.51639391065628315
theta0.35_kappa0.002,9,27,14.556617868331712,14.49878439015156,0.057833478180151943
theta0.35_kappa0.002,9,28,11.64652294495964,12.781861464931094,-1.1353385199714534
theta0.35_kappa0.002,9,29,3.193327862784626,3.7461764080031896,-0.55284854521856364
theta0.35_kappa0.002,9,30,31.821005932402137,24.4339046820551,7.3871012503470368
theta0.35_kappa0.002,9,31,33.125557129003944,25.614268174656484,7.5112889543474601
theta0.35_kappa0.002,9,32,-1.0143924401129225,4.8096507225321652,-5.8240431626450881
theta0.35_kappa0.002,9,33,19.928512575710162,20.251989370643379,-0.32347679493321735
theta0.35_kappa0.002,9,34,10.412989154254117,6.179372821320344,4.2336163329337726
theta0.35_kappa0.002,9,35,19.405261445375412,20.688249306111285,-1.2829878607358722
theta0.35_kappa0.002,9,36,11.74476374323859,16.283357083410863,-4.5385933401722731
theta0.35_kappa0.002,9,37,1.6981199138364726,12.844701787790427,-11.146581873953954
theta0.35_kappa0.002,9,38,13.368375240854682,10.636415303401076,2.7319599374536061
theta0.35_kappa0.002,9,39,20.327413777828841,19.444367981271501,0.88304579655734017
theta0.35_kappa0.002,9,40,0.50752040025506728,4.2479598427391903,-3.740439442484123
theta0.35_kappa0.002,9,41,31.927421086635096,31.882094341094209,0.045326745540887003
theta0.35_kappa0.002,9,42,10.690510901592248,9.9749755395482094,0.71553536204403834
theta0.35_kappa0.002,9,43,3.2257785458380148,2.5791174368800842,0.64666110895793061
theta0.35_kappa0.002,9,44,23.225054509811191,14.458571938727138,8.7664825710840528
theta0.35_kappa0.002,9,45,6.1112457401163578,1.0096291513281792,5.101616588788179
theta0.35_kappa0.002,9,46,17.324508769516772,6.8183876462829343,10.506121123233838
theta0.35_kappa0.002,9,47,-4.1380872925293755,-6.9158937898147652,2.7778064972853898
theta0.35_kappa0.002,9,48,0.48960842943771787,1.3673912904663561,-0.87778286102863823
theta0.35_kappa0.002,9,49,25.382701905593329,24.192997172414081,1.1897047331792479
theta0.35_kappa0.002,9,50,17.982463598630147,17.150108827918764,0.8323547707113832
theta0.35_kappa0.002,9,51,7.4922779380862679,4.8259470344055533,2.6663309036807146
theta0.35_kappa0.002,9,52,21.898653450595219,20.562792806235464,1.3358606443597552
theta0.35_kappa0.002,9,53,-1.5809939090231919,-7.9637203469810833,6.3827264379578912
theta0.35_kappa0.002,9,54,-11.9235345404994,-7.825821364972704,-4.097713175526696
theta0.35_kappa0.002,9,55,13.273821027342752,6.0178739685636842,7.2559470587790678
theta0.35_kappa0.002,9,56,27.666584702302899,27.666584702302899,0
theta0.35_kappa0.002,9,57,13.031516966184039,11.448154846977484,1.583362119206555
theta0.35_kappa0.002,9,58,-2.8748584441877139,-4.9737897326339295,2.0989312884462157
theta0.35_kappa0.002,9,59,32.0133526215605,2.8873151781135413,29.126037443446958
theta0.35_kappa0.002,9,60,16.854647918123824,24.117159850171465,-7.2625119320476408
theta0.35_kappa0.002,9,61,13.816680393553478,12.641087286493006,1.1755931070604717
theta0.35_kappa0.002,9,62,1.7375712250916111,6.9531775135021139,-5.2156062884105028
theta0.35_kappa0.002,9,63,26.37820085891607,28.13674549328136,-1.7585446343652897
theta0.35_kappa0.002,9,64,24.783573463566679,24.732573463567203,0.050999999999476131
theta0.35_kappa0.002,9,65,41.412822874774882,42.920190734342768,-1.5073678595678857
theta0.35_kappa0.002,9,66,-2.038247187215311,-2.952228012984353,0.91398082576904205
theta0.35_kappa0.002,9,67,-7.3016636285153549,-8.8370766866219821,1.5354130581066272
theta0.35_kappa0.002,9,68,0.9177649302628752,2.8732869545288966,-1.9555220242660214
theta0.35_kappa0.002,9,69,-18.214479592733841,-17.525835577179038,-0.6886440155548037
theta0.35_kappa0.002,9,70,4.7295438173598594,1.2965072207269623,3.4330365966328973
theta0.35_kappa0.002,9,71,2.8381346913507848,2.8516684089588682,-0.013533717608083418
theta0.35_kappa0.002,9,72,12.812140656622235,13.793114928956289,-0.98097427233405377
theta0.35_kappa0.002,9,73,25.944590653469596,26.071351881388047,-0.12676122791845046
theta0.35_kappa0.002,9,74,4.3119574430876009,9.5159698972227176,-5.2040124541351167
theta0.35_kappa0.002,9,75,7.4496043158531133,11.991214661034691,-4.5416103451815779
theta0.35_kappa0.002,9,76,8.232256696837343,9.0042506840749947,-0.77199398723765178
theta0.35_kappa0.002,9,77,28.074241489304164,24.363594618575508,3.710646870728656
theta0.35_kappa0.002,9,78,7.7063890395594843,4.1856206398169942,3.5207683997424901
theta0.35_kappa0.002,9,79,27.659675329199548,27.659675329199548,0
theta0.35_kappa0.002,9,80,12.159243289888048,3.1482112638195794,9.0110320260684684
theta0.35_kappa0.002,9,81,1.6838537437107559,2.2918424453919841,-0.60798870168122821
theta0.35_kappa0.002,9,82,-0.37339523652291429,-0.59440188237212177,0.22100664584920748
theta0.35_kappa0.002,9,83,-18.853737741741732,-16.015559084814829,-2.8381786569269032
theta0.35_kappa0.002,9,84,0.38471575856501472,1.0461136238867783,-0.66139786532176359
theta0.35_kappa0.002,9,85,32.84894236132449,21.157139355601618,11.691803005722871
theta0.35_kappa0.002,9,86,-3.7339943114876912,-3.0915190337200658,-0.64247527776762547
theta0.35_kappa0.002,9,87,23.527941477391771,23.433824213513031,0.094117263878739976
theta0.35_kappa0.002,9,88,23.216905092564179,27.665916169893887,-4.4490110773297076
theta0.35_kappa0.002,9,89,24.938994273476176,27.825185395963398,-2.8861911224872223
theta0.35_kappa0.002,9,90,33.456582207466546,36.034447722709466,-2.5778655152429195
theta0.35_kappa0.002,9,91,-15.163382811816252,-10.368366556977696,-4.795016254838556
theta0.35_kappa0.002,9,92,42.212296398359229,39.638453267656779,2.5738431307024499
theta0.35_kappa0.002,9,93,31.612003385757792,34.533421506367894,-2.9214181206101024
theta0.35_kappa0.002,9,94,-1.4283463217241117,-0.47814713481942128,-0.95019918690469041
theta0.35_kappa0.002,9,95,23.434311961868179,20.567449018936223,2.8668629429319559
theta0.35_kappa0.002,9,96,30.396978792376871,30.396978792376871,0
theta0.35_kappa0.002,9,97,38.877631152114468,38.966344254298114,-0.088713102183646697
theta0.35_kappa0.002,9,98,-16.672737106204202,-11.059322932939194,-5.6134141732650082
theta0.35_kappa0.002,9,99,10.972556138305892,12.905577635705605,-1.9330214973997126
theta0.35_kappa0.02,0,0,2.1150533497899531,2.2464120036182544,-0.13135865382830136
theta0.35_kappa0.02,0,1,22.549130328563145,23.36028751056859,-0.81115718200544507
theta0.35_kappa0.02,0,2,10.553493913683541,15.250823792107164,-4.6973298784236235
theta0.35_kappa0.02,0,3,7.1324656044882939,6.5094653932409345,0.62300021124735938
theta0.35_kappa0.02,0,4,10.904494229022127,10.183778644963605,0.72071558405852265
theta0.35_kappa0.02,0,5,16.601791677457697,13.489622011479028,3.1121696659786693
theta0.35_kappa0.02,0,6,0.065654025758034695,7.2606064599517124,-7.1949524341936772
theta0.35_kappa0.02,0,7,13.8665993931254,12.245005216553594,1.621594176571806
theta0.35_kappa0.02,0,8,15.509867676191815,19.02771768867883,-3.5178500124870151
theta0.35_kappa0.02,0,9,-2.0153031311765681,-3.0873232957990639,1.0720201646224958
theta0.35_kappa0.02,0,10,16.478285225743246,7.7697698881919548,8.7085153375512903
theta0.35_kappa0.02,0,11,11.088827687441924,14.151253587165542,-3.0624258997236176
theta0.35_kappa0.02,0,12,16.188440600146762,14.831182865672298,1.3572577344744641
theta0.35_kappa0.02,0,13,1.494251816860604,1.8100532269010323,-0.31580141004042828
theta0.35_kappa0.02,0,14,8.1180015854591474,13.537542543892163,-5.4195409584330161
theta0.35_kappa0.02,0,15,15.017331695140678,11.990367529586608,3.0269641655540696
theta0.35_kappa0.02,0,16,17.899430640254153,8.2361799930799506,9.6632506471742019
theta0.35_kappa0.02,0,17,14.892248148599236,12.470792724378606,2.4214554242206301
theta0.35_kappa0.02,0,18,33.876483104196708,38.673427790168645,-4.7969446859719369
theta0.35_kappa0.02,0,19,19.701905913687646,18.495727672350078,1.2061782413375681
theta0.35_kappa0.02,0,20,21.450559871435971,20.269683756574818,1.1808761148611531
theta0.35_kappa0.02,0,21,14.71593091339995,14.141486323725204,0.5744445896747461
theta0.35_kappa0.02,0,22,-1.0372280545770227,1.8816885273849293,-2.9189165819619518
theta0.35_kappa0.02,0,23,47.219409061986674,48.69089188370198,-1.4714828217153055
theta0.35_kappa0.02,0,24,16.816484405373323,17.847615490427902,-1.0311310850545787
theta0.35_kappa0.02,0,25,11.083809815310202,5.6522301230793728,5.4315796922308293
theta0.35_kappa0.02,0,26,2.9232952131492653,-1.1129216514317934,4.0362168645810588
theta0.35_kappa0.02,0,27,-2.6011582129336759,0.44844381953933432,-3.0496020324730102
theta0.35_kappa0.02,0,28,7.3806257081468347,7.2264390717895104,0.15418663635732432
theta0.35_kappa0.02,0,29,18.928999288299181,14.366454854007978,4.5625444342912029
theta0.35_kappa0.02,0,30,15.202648820425608,13.906314527776724,1.2963342926488846
theta0.35_kappa0.02,0,31,21.791519351719735,12.752390585746207,9.039128765973528
theta0.35_kappa0.02,0,32,14.268836378788876,11.634666645021843,2.6341697337670329
theta0.35_kappa0.02,0,33,24.063959339788603,21.914959562649589,2.1489997771390144
theta0.35_kappa0.02,0,34,22.009974531361596,23.803252713583795,-1.793278182222199
theta0.35_kappa0.02,0,35,1.1679582025613671,7.2006880103115538,-6.0327298077501865
theta0.35_kappa0.02,0,36,9.1346014122798405,8.3087968144967572,0.82580459778308324
theta0.35_kappa0.02,0,37,14.716924171308198,11.877228485109208,2.8396956861989899
theta0.35_kappa0.02,0,38,1.2648966129438659,-3.3495657539117674,4.6144623668556335
theta0.35_kappa0.02,0,39,7.3238720871612175,2.0777697222688003,5.2461023648924172
theta0.35_kappa0.02,0,40,-1.2945467349668365,2.7262181226212738,-4.0207648575881105
theta0.35_kappa0.02,0,41,-0.17063553567982029,7.1550533942829571,-7.3256889299627774
theta0.35_kappa0.02,0,42,17.362806381861798,13.786491139082695,3.5763152427791027
theta0.35_kappa0.02,0,43,22.835905166124157,22.243367163432438,0.59253800269171819
theta0.35_kappa0.02,0,44,0.75498636771239402,-0.91470148133737161,1.6696878490497657
theta0.35_kappa0.02,0,45,25.791432232796023,25.216027770126015,0.57540446267000789
theta0.35_kappa0.02,0,46,17.009933450848663,20.844922339368587,-3.8349888885199235
theta0.35_kappa0.02,0,47,9.7924970861842198,7.8985692103098666,1.8939278758743532
theta0.35_kappa0.02,0,48,11.79359319100559,6.8394668149445437,4.9541263760610459
theta0.35_kappa0.02,0,49,29.99201767575461,28.98319373350801,1.0088239422466003
theta0.35_kappa0.02,0,50,15.972823866493499,26.602837422361755,-10.630013555868256
theta0.35_kappa0.02,0,51,12.779031058560127,12.572720692435766,0.20631036612436127
theta0.35_kappa0.02,0,52,-0.33093714694104071,4.2741578740126158,-4.605095020953657
theta0.35_kappa0.02,0,53,13.880227626349058,15.059972232356465,-1.1797446060074073
theta0.35_kappa0.02,0,54,6.0788416772305842,7.3319168359159725,-1.2530751586853883
theta0.35_kappa0.02,0,55,0.51112842804112013,7.9180181070083604,-7.4068896789672403
theta0.35_kappa0.02,0,56,-4.2643112794845415,-0.94830127856724922,-3.3160100009172924
theta0.35_kappa0.02,0,57,20.799197770767183,16.959138136163418,3.8400596346037652
theta0.35_kappa0.02,0,58,9.1476742550468728,12.485289700549702,-3.3376154455028288
theta0.35_kappa0.02,0,59,15.770380080773208,14.683321272441184,1.0870588083320243
theta0.35_kappa0.02,0,60,10.092236878448606,-2.3207999341199201,12.413036812568526
theta0.35_kappa0.02,0,61,10.922447713042736,5.8651928196489553,5.0572548933937806
theta0.35_kappa0.02,0,62,-3.5298859340387025,-4.5162351179817595,0.98634918394305693
theta0.35_kappa0.02,0,63,15.932602406954071,19.484421573476887,-3.5518191665228152
theta0.35_kappa0.02,0,64,14.724198992168503,5.1134180171415027,9.6107809750270015
theta0.35_kappa0.02,0,65,-0.82832906945539897,-2.8997495476181419,2.071420478162743
theta0.35_kappa0.02,0,66,27.072265347988647,16.292438315002709,10.779827032985938
theta0.35_kappa0.02,0,67,21.891758381915331,21.820904318552735,0.070854063362595809
theta0.35_kappa0.02,0,68,15.711858924821168,15.653256991406083,0.058601933415085128
theta0.35_kappa0.02,0,69,1.766587186855876,2.9878820752835979,-1.2212948884277219
theta0.35_kappa0.02,0,70,30.617987849479803,28.302814112697433,2.3151737367823699
theta0.35_kappa0.02,0,71,19.687210859695536,10.688222227958727,8.9989886317368093
theta0.35_kappa0.02,0,72,26.375616005910388,23.812855130149103,2.5627608757612848
theta0.35_kappa0.02,0,73,7.9659212398108963,9.2562114159447919,-1.2902901761338956
theta0.35_kappa0.02,0,74,14.079933035790924,14.384835493371884,-0.30490245758096002
theta0.35_kappa0.02,0,75,12.589580653332323,15.826785171446629,-3.2372045181143054
theta0.35_kappa0.02,0,76,-10.034912896367771,-5.9976251831667255,-4.0372877132010458
theta0.35_kappa0.02,0,77,-0.88093568129021516,-2.6446242160376858,1.7636885347474707
theta0.35_kappa0.02,0,78,-0.43216993438930151,0.98469231203742336,-1.4168622464267249
theta0.35_kappa0.02,0,79,10.02793905848322,14.06481183462807,-4.0368727761448504
theta0.35_kappa0.02,0,80,12.522020365874846,15.549547912268997,-3.0275275463941504
theta0.35_kappa0.02,0,81,8.557550579322152,4.5479571750139067,4.0095934043082453
theta0.35_kappa0.02,0,82,14.97485337536431,15.964075897935622,-0.98922252257131227
theta0.35_kappa0.02,0,83,-14.285201396905109,-15.060437291859666,0.77523589495455703
theta0.35_kappa0.02,0,84,6.3594267030356937,11.634664257785699,-5.2752375547500057
theta0.35_kappa0.02,0,85,2.245871868404155,-0.34995378375333441,2.5958256521574894
theta0.35_kappa0.02,0,86,6.7627230421489894,8.8170422593797007,-2.0543192172307112
theta0.35_kappa0.02,0,87,7.150004177203547,8.8732875686683368,-1.7232833914647898
theta0.35_kappa0.02,0,88,-4.1063756446432542,-10.810490308244049,6.7041146636007944
theta0.35_kappa0.02,0,89,16.432774157070536,9.7130668704950462,6.7197072865754901
theta0.35_kappa0.02,0,90,16.457117126566942,15.371054232815682,1.0860628937512598
theta0.35_kappa0.02,0,91,25.289945197907741,25.640138433615505,-0.35019323570776351
theta0.35_kappa0.02,0,92,-9.1509470589226076,-13.664810174157862,4.5138631152352549
theta0.35_kappa0.02,0,93,4.4186895165903426,3.2641704054624405,1.1545191111279021
theta0.35_kappa0.02,0,94,-3.217898518905284,-7.3171105529204299,4.0992120340151459
theta0.35_kappa0.02,0,95,20.027213822451639,21.90506347871554,-1.8778496562639013
theta0.35_kappa0.02,0,96,3.2168572219775307,1.7384748172121851,1.4783824047653455
theta0.35_kappa0.02,0,97,6.7268412452466384,10.876465890375981,-4.1496246451293421
theta0.35_kappa0.02,0,98,24.656814494194535,27.330849494991025,-2.6740350007964899
theta0.35_kappa0.02,0,99,3.1216760192677917,6.5912156868852669,-3.4695396676174752
theta0.35_kappa0.02,1,0,-3.3629969053888562,-0.20170124868658049,-3.1612956567022756
theta0.35_kappa0.02,1,1,-0.447698438501553,-2.2698991530074384,1.8222007145058854
theta0.35_kappa0.02,1,2,11.482208417413668,9.3696859270053707,2.1125224904082973
theta0.35_kappa0.02,1,3,-6.4811275056930713,-6.27368131851774,-0.20744618717533125
theta0.35_kappa0.02,1,4,2.2708474864294059,6.7519858411897573,-4.4811383547603514
theta0.35_kappa0.02,1,5,12.211418893668791,12.468145787094096,-0.25672689342530575
theta0.35_kappa0.02,1,6,1.2717218181019525,1.1367792952489724,0.13494252285298014
theta0.35_kappa0.02,1,7,13.16752196261818,18.679677718548231,-5.5121557559300509
theta0.35_kappa0.02,1,8,31.373160880927863,33.86200925575708,-2.4888483748292174
theta0.35_kappa0.02,1,9,13.722145371071791,12.90803918710688,0.81410618396491152
theta0.35_kappa0.02,1,10,23.480090355904391,23.560789168505423,-0.080698812601031733
theta0.35_kappa0.02,1,11,8.6434183788280645,3.8180648058069089,4.8253535730211556
theta0.35_kappa0.02,1,12,-1.12173140059454,-1.4004628822651166,0.2787314816705766
theta0.35_kappa0.02,1,13,15.97332956987251,16.657846203064008,-0.6845166331914978
theta0.35_kappa0.02,1,14,26.220730931973417,26.477978049518491,-0.25724711754507368
theta0.35_kappa0.02,1,15,-5.5330971348633859,-13.983162739861566,8.4500656049981799
theta0.35_kappa0.02,1,16,14.295122976791005,5.9554592098886676,8.339663766902337
theta0.35_kappa0.02,1,17,14.566874459506828,12.151972042676269,2.4149024168305591
theta0.35_kappa0.02,1,18,-5.6746076918281485,-0.89375120100763894,-4.7808564908205096
theta0.35_kappa0.02,1,19,42.046574295215585,41.993448518719738,0.053125776495846821
theta0.35_kappa0.02,1,20,5.1081241550900653,3.5484225432688881,1.5597016118211773
theta0.35_kappa0.02,1,21,-1.247978387332807,-7.3949243885816847,6.1469460012488781
theta0.35_kappa0.02,1,22,7.6963882649007918,5.2367033581933118,2.45968490670748
theta0.35_kappa0.02,1,23,3.3753037985992238,7.2496964930960504,-3.8743926944968266
theta0.35_kappa0.02,1,24,10.934064367634887,4.3632317860079235,6.5708325816269637
theta0.35_kappa0.02,1,25,7.9469717906133859,6.6414311976984717,1.3055405929149142
theta0.35_kappa0.02,1,26,6.1982458381370131,8.5512117244500185,-2.3529658863130054
theta0.35_kappa0.02,1,27,15.893819377754925,15.613566831744023,0.28025254601090133
theta0.35_kappa0.02,1,28,-0.29596912198766939,0.97217078235718124,-1.2681399043448507
theta0.35_kappa0.02,1,29,2.3297095461801445,-5.5783086501580668,7.9080181963382117
theta0.35_kappa0.02,1,30,14.169751970559664,16.737177675771722,-2.5674257052120577
theta0.35_kappa0.02,1,31,0.63536134019645374,-2.3338206908959753,2.9691820310924291
theta0.35_kappa0.02,1,32,23.585341072319025,21.658322131378103,1.927018940940922
theta0.35_kappa0.02,1,33,25.438110491332569,21.589592124453073,3.848518366879496
theta0.35_kappa0.02,1,34,13.952470002156652,17.803561787298538,-3.851091785141886
theta0.35_kappa0.02,1,35,-4.6930146777659552,1.0444808963414025,-5.7374955741073581
theta0.35_kappa0.02,1,36,27.963440341570102,26.653975154815686,1.3094651867544158
theta0.35_kappa0.02,1,37,13.371340766225432,21.593414905573749,-8.222074139348317
theta0.35_kappa0.02,1,38,30.884914620642743,17.855757487053321,13.029157133589422
theta0.35_kappa0.02,1,39,-2.171658645882828,0.63312835542592261,-2.8047870013087506
theta0.35_kappa0.02,1,40,-4.279938751344007,-1.1864616734773137,-3.0934770778666936
theta0.35_kappa0.02,1,41,23.126219322548867,27.582839486399926,-4.4566201638510599
theta0.35_kappa0.02,1,42,-5.1255389497672148,-5.4483931324109651,0.32285418264375032
theta0.35_kappa0.02,1,43,7.5956906219528122,9.5682121828444107,-1.9725215608915985
theta0.35_kappa0.02,1,44,15.98438002294256,14.262858632678904,1.7215213902636552
theta0.35_kappa0.02,1,45,27.228946364639032,27.444337677287152,-0.21539131264811928
theta0.35_kappa0.02,1,46,16.20760438018565,16.128650065889705,0.078954314295945238
theta0.35_kappa0.02,1,47,18.489178413833553,14.898925562250092,3.5902528515834611
theta0.35_kappa0.02,1,48,2.5403411626114165,4.5667386911625929,-2.0263975285511764
theta0.35_kappa0.02,1,49,18.308181832027209,7.8337748749983822,10.474406957028826
theta0.35_kappa0.02,1,50,14.375831038925693,17.463418651754129,-3.0875876128284361
theta0.35_kappa0.02,1,51,12.916122843307798,10.853540144949092,2.0625826983587068
theta0.35_kappa0.02,1,52,21.624378792491719,15.355150654037228,6.2692281384544906
theta0.35_kappa0.02,1,53,17.980279059344063,19.898137471537805,-1.9178584121937412
theta0.35_kappa0.02,1,54,17.531149870112475,8.9852352704956591,8.5459145996168164
theta0.35_kappa0.02,1,55,-5.310084546001093,-1.1899993246612466,-4.1200852213398464
theta0.35_kappa0.02,1,56,19.328983677331944,12.054234772785856,7.2747489045460885
theta0.35_kappa0.02,1,57,7.8120222776619341,7.8122140905063056,-0.00019181284437141954
theta0.35_kappa0.02,1,58,4.9713649573452123,7.2757056879999222,-2.3043407306547099
theta0.35_kappa0.02,1,59,8.5064572983423155,8.6342888289247366,-0.12783153058242114
theta0.35_kappa0.02,1,60,10.985322560174287,13.511901153380714,-2.5265785932064269
theta0.35_kappa0.02,1,61,13.541795529888091,15.504960047141919,-1.9631645172538281
theta0.35_kappa0.02,1,62,6.0414650507460319,8.6972177144113552,-2.6557526636653233
theta0.35_kappa0.02,1,63,-10.200682435201175,-20.29684157418265,10.096159138981475
theta0.35_kappa0.02,1,64,12.9883227259853,4.6433409620155608,8.3449817639697397
theta0.35_kappa0.02,1,65,16.642194191016358,12.709342758374866,3.9328514326414918
theta0.35_kappa0.02,1,66,17.310936221707333,11.067605583779406,6.2433306379279276
theta0.35_kappa0.02,1,67,12.663491934272011,11.599828562129328,1.0636633721426829
theta0.35_kappa0.02,1,68,3.6283760927939617,-6.1505200866061642,9.7788961794001263
theta0.35_kappa0.02,1,69,30.158164241693335,29.667247973566816,0.49091626812651867
theta0.35_kappa0.02,1,70,17.209128854776019,15.861673850795407,1.3474550039806115
theta0.35_kappa0.02,1,71,11.662019132595736,9.3206691846440997,2.3413499479516364
theta0.35_kappa0.02,1,72,-7.0700783836348382,-12.166104325241299,5.0960259416064613
theta0.35_kappa0.02,1,73,15.467237470131762,19.376721536138287,-3.9094840660065255
theta0.35_kappa0.02,1,74,3.0021360564700217,5.9642421514637629,-2.9621060949937412
theta0.35_kappa0.02,1,75,10.243584440442913,12.734557065154476,-2.4909726247115636
theta0.35_kappa0.02,1,76,16.685525826776882,22.30352416758527,-5.6179983408083878
theta0.35_kappa0.02,1,77,-8.8895305559209437,-8.121118412018788,-0.76841214390215562
theta0.35_kappa0.02,1,78,2.8959919869592401,1.781198438530623,1.1147935484286171
theta0.35_kappa0.02,1,79,16.486515732021548,17.012172519880373,-0.52565678785882497
theta0.35_kappa0.02,1,80,15.031911760415204,0.27049610153395859,14.761415658881246
theta0.35_kappa0.02,1,81,15.794729828452651,21.034725324291305,-5.2399954958386541
theta0.35_kappa0.02,1,82,-12.395638395698464,-17.933428801075603,5.5377904053771392
theta0.35_kappa0.02,1,83,11.869156647096975,14.681277424165485,-2.8121207770685093
theta0.35_kappa0.02,1,84,24.119847445884112,27.01815812911563,-2.898310683231518
theta0.35_kappa0.02,1,85,0.65781874088826497,6.8992224840267529,-6.2414037431384877
theta0.35_kappa0.02,1,86,1.4335348826871075,0.56478867849857028,0.86874620418853721
theta0.35_kappa0.02,1,87,7.9729758639524348,11.675760109956929,-3.7027842460044944
theta0.35_kappa0.02,1,88,9.3362949286111121,17.285800374046708,-7.9495054454355962
theta0.35_kappa0.02,1,89,3.5170785803249145,1.7906541228713362,1.7264244574535783
theta0.35_kappa0.02,1,90,7.3318454742155801,9.8878040302940278,-2.5559585560784477
theta0.35_kappa0.02,1,91,3.5195203987372183,9.0788643266411277,-5.5593439279039094
theta0.35_kappa0.02,1,92,13.904553403695209,16.200238558538196,-2.2956851548429871
theta0.35_kappa0.02,1,93,4.9879750661348874,6.685134405320615,-1.6971593391857276
theta0.35_kappa0.02,1,94,29.980321737824895,32.18757245683863,-2.2072507190137358
theta0.35_kappa0.02,1,95,14.001975575268096,23.242816076774517,-9.2408405015064208
theta0.35_kappa0.02,1,96,-2.4393553334081481,-0.80483730245037799,-1.63451803095777
theta0.35_kappa0.02,1,97,18.933918688762834,18.590231937931193,0.34368675083164035
theta0.35_kappa0.02,1,98,28.446817100505037,28.580888091723949,-0.13407099121891264
theta0.35_kappa0.02,1,99,13.36660822943705,3.529625342246963,9.8369828871900875
theta0.35_kappa0.02,2,0,3.0926721768685481,1.5340915395849395,1.5585806372836086
theta0.35_kappa0.02,2,1,3.5244612134586166,3.301829224092129,0.22263198936648765
theta0.35_kappa0.02,2,2,20.283257074773154,20.156915604979737,0.12634146979341665
theta0.35_kappa0.02,2,3,6.3072203146447583,10.121438376973297,-3.8142180623285382
theta0.35_kappa0.02,2,4,15.944343949261691,7.9705013021806446,7.9738426470810468
theta0.35_kappa0.02,2,5,22.148396871148748,24.154628165477071,-2.0062312943283231
theta0.35_kappa0.02,2,6,21.857785064831177,15.756903220260526,6.100881844570651
theta0.35_kappa0.02,2,7,10.044478710285674,7.7607959041328476,2.283682806152826
theta0.35_kappa0.02,2,8,7.7091751665412538,7.360116005325537,0.34905916121571678
theta0.35_kappa0.02,2,9,16.392084801726206,15.32090223844113,1.0711825632850758
theta0.35_kappa0.02,2,10,6.5366202332582084,-4.5060351951269988,11.042655428385206
theta0.35_kappa0.02,2,11,3.6794156679847529,6.5435607946476164,-2.8641451266628635
theta0.35_kappa0.02,2,12,-3.6976339681753743,-5.692252249940509,1.9946182817651348
theta0.35_kappa0.02,2,13,-8.5985992699005305,-3.3222341801542661,-5.2763650897462639
theta0.35_kappa0.02,2,14,2.7766784803130093,7.4837308143385082,-4.7070523340254988
theta0.35_kappa0.02,2,15,1.2713697234400898,1.601341231113278,-0.32997150767318817
theta0.35_kappa0.02,2,16,4.7913835657933612,5.8237013224236343,-1.032317756630273
theta0.35_kappa0.02,2,17,5.821936473585275,4.2942116327362898,1.5277248408489852
theta0.35_kappa0.02,2,18,9.3634454476778952,9.3599886124957088,0.003456835182186424
theta0.35_kappa0.02,2,19,21.002738874924219,29.198330161718687,-8.1955912867944676
theta0.35_kappa0.02,2,20,14.629128821901473,18.004599848191909,-3.3754710262904357
theta0.35_kappa0.02,2,21,24.73925420777865,26.584859466206229,-1.8456052584275788
theta0.35_kappa0.02,2,22,13.743204586684737,3.660507540313132,10.082697046371605
theta0.35_kappa0.02,2,23,18.330432813625197,22.680428346710286,-4.3499955330850888
theta0.35_kappa0.02,2,24,-5.6204769931812688,-0.057956732210305797,-5.5625202609709632
theta0.35_kappa0.02,2,25,39.870692277311889,39.312497789186239,0.55819448812565042
theta0.35_kappa0.02,2,26,13.380047581089361,14.459112735470756,-1.0790651543813947
theta0.35_kappa0.02,2,27,25.166498708948424,23.747916521820461,1.4185821871279636
theta0.35_kappa0.02,2,28,8.364476673467836,7.7545768547624228,0.60989981870541321
theta0.35_kappa0.02,2,29,20.03649403039325,21.999170996791783,-1.9626769663985328
theta0.35_kappa0.02,2,30,3.3110504804534138,3.1238852982365457,0.18716518221686806
theta0.35_kappa0.02,2,31,18.570090995672238,14.701903246071176,3.8681877496010628
theta0.35_kappa0.02,2,32,16.726213151317044,8.1479799443769849,8.5782332069400589
theta0.35_kappa0.02,2,33,7.9416084228421058,7.9567665439769346,-0.015158121134828839
theta0.35_kappa0.02,2,34,24.029057005987465,19.224776652351899,4.8042803536355656
theta0.35_kappa0.02,2,35,25.086761211748069,5.6521253008867838,19.434635910861285
theta0.35_kappa0.02,2,36,3.503393397961315,0.46459521782145208,3.0387981801398629
theta0.35_kappa0.02,2,37,20.16495961266649,19.567142660196584,0.59781695246990552
theta0.35_kappa0.02,2,38,8.0799921576430087,5.4689345513462033,2.6110576062968054
theta0.35_kappa0.02,2,39,4.684325419565222,4.2814710766477155,0.40285434291750644
theta0.35_kappa0.02,2,40,17.106118275096321,13.283703415363233,3.8224148597330885
theta0.35_kappa0.02,2,41,0.7792070586690869,-0.33323659342552769,1.1124436520946146
theta0.35_kappa0.02,2,42,5.1797111031808054,7.0537164926840124,-1.8740053895032069
theta0.35_kappa0.02,2,43,19.780623289732155,21.947963696744942,-2.1673404070127873
theta0.35_kappa0.02,2,44,9.422638465409344,5.7527978142198037,3.6698406511895403
theta0.35_kappa0.02,2,45,13.815951673186069,11.158936960845844,2.6570147123402243
theta0.35_kappa0.02,2,46,29.908644414049945,32.448125560188103,-2.5394811461381579
theta0.35_kappa0.02,2,47,16.145699514302894,16.357953093578683,-0.2122535792757887
theta0.35_kappa0.02,2,48,10.25331143449052,16.434232479212774,-6.180921044722254
theta0.35_kappa0.02,2,49,14.577436702433417,10.974876041941524,3.6025606604918927
theta0.35_kappa0.02,2,50,7.0455346185312537,7.4105987595890452,-0.3650641410577915
theta0.35_kappa0.02,2,51,-0.3570474864433244,2.3052194258697472,-2.6622669123130716
theta0.35_kappa0.02,2,52,26.703684847446574,23.42123242146485,3.2824524259817238
theta0.35_kappa0.02,2,53,-6.6957952512681391,-5.4785652084905347,-1.2172300427776044
theta0.35_kappa0.02,2,54,19.886232172998294,23.338287180532753,-3.452055007534458
theta0.35_kappa0.02,2,55,23.985554851686075,26.352427323492691,-2.3668724718066159
theta0.35_kappa0.02,2,56,32.669311690705108,30.681509690534629,1.987802000170479
theta0.35_kappa0.02,2,57,11.185651329752922,17.760092162977994,-6.5744408332250721
theta0.35_kappa0.02,2,58,0.95739457095284963,4.0322029291163357,-3.074808358163486
theta0.35_kappa0.02,2,59,11.545962182266493,10.737796660016404,0.8081655222500892
theta0.35_kappa0.02,2,60,17.655180681727813,22.220014599321232,-4.5648339175934183
theta0.35_kappa0.02,2,61,30.214210499367123,22.589606485130037,7.6246040142370859
theta0.35_kappa0.02,2,62,-4.3611235736720095,-2.9395882679563048,-1.4215353057157047
theta0.35_kappa0.02,2,63,10.497977705150134,11.73992524923152,-1.2419475440813859
theta0.35_kappa0.02,2,64,21.783308803582621,18.501138859423655,3.2821699441589658
theta0.35_kappa0.02,2,65,12.41504165393674,12.149367937173963,0.26567371676277673
theta0.35_kappa0.02,2,66,-9.2044235380313832,-2.8525253042156655,-6.3518982338157173
theta0.35_kappa0.02,2,67,22.915324641179989,18.895316574622413,4.0200080665575761
theta0.35_kappa0.02,2,68,11.379650197814469,14.045620330307043,-2.6659701324925749
theta0.35_kappa0.02,2,69,5.2245473746147679,8.0374976813103149,-2.812950306695547
theta0.35_kappa0.02,2,70,0.81300454691822766,0.66827859800812894,0.14472594891009871
theta0.35_kappa0.02,2,71,3.325145392607562,6.1221257805862832,-2.7969803879787212
theta0.35_kappa0.02,2,72,6.8268075891499764,-0.74861869511613621,7.5754262842661131
theta0.35_kappa0.02,2,73,12.505064241300744,11.754444290723711,0.75061995057703257
theta0.35_kappa0.02,2,74,18.36001441687403,23.691589082901213,-5.3315746660271834
theta0.35_kappa0.02,2,75,18.964225797209867,17.21079629141628,1.7534295057935871
theta0.35_kappa0.02,2,76,5.3717861179583881,5.4338906211843554,-0.062104503225967278
theta0.35_kappa0.02,2,77,22.902536595363564,21.421743080191103,1.4807935151724614
theta0.35_kappa0.02,2,78,24.805329222558942,22.888993941693375,1.9163352808655674
theta0.35_kappa0.02,2,79,12.80523674738207,11.128860752565735,1.6763759948163344
theta0.35_kappa0.02,2,80,17.41922767240824,19.272124680534478,-1.8528970081262379
theta0.35_kappa0.02,2,81,9.1463570401196197,8.1028965952322647,1.043460444887355
theta0.35_kappa0.02,2,82,25.106859303565912,25.129620598407463,-0.022761294841551205
theta0.35_kappa0.02,2,83,15.504896198850471,16.006963919868262,-0.50206772101779151
theta0.35_kappa0.02,2,84,26.326470632340481,23.91645993688519,2.4100106954552913
theta0.35_kappa0.02,2,85,-12.270457491212916,-13.313618045078412,1.043160553865496
theta0.35_kappa0.02,2,86,1.8950554070981935,10.961636655467268,-9.0665812483690758
theta0.35_kappa0.02,2,87,13.03440104015368,9.4694875343519556,3.5649135058017247
theta0.35_kappa0.02,2,88,1.4748390767641002,5.2894886604470672,-3.814649583682967
theta0.35_kappa0.02,2,89,8.4090052288380939,5.6172888363714897,2.7917163924666042
theta0.35_kappa0.02,2,90,8.3582405603435497,8.7647141657602212,-0.40647360541667155
theta0.35_kappa0.02,2,91,24.923617515155488,28.124722622462127,-3.2011051073066383
theta0.35_kappa0.02,2,92,-4.6692237219563903,-1.7006713302234675,-2.9685523917329228
theta0.35_kappa0.02,2,93,17.987719312164831,12.743935268229396,5.2437840439354346
theta0.35_kappa0.02,2,94,26.47467560116224,27.0718230627396,-0.59714746157736087
theta0.35_kappa0.02,2,95,-0.26954678212137589,-3.6986563720549102,3.4291095899335344
theta0.35_kappa0.02,2,96,4.0500342308852826,0.70020248221507253,3.3498317486702103
theta0.35_kappa0.02,2,97,13.677258298815415,11.58191336144268,2.0953449373727349
theta0.35_kappa0.02,2,98,6.7309924584098217,1.7028461667946331,5.0281462916151884
theta0.35_kappa0.02,2,99,3.5299373318558436,1.2840174603566146,2.245919871499229
theta0.35_kappa0.02,3,0,19.216323232149524,15.416964167051059,3.7993590650984643
theta0.35_kappa0.02,3,1,22.755587534121165,18.393656282398712,4.3619312517224529
theta0.35_kappa0.02,3,2,9.3702385242709685,4.3094184778255764,5.0608200464453921
theta0.35_kappa0.02,3,3,2.84521103308581,1.92476948668359,0.92044154640221998
theta0.35_kappa0.02,3,4,12.103384067941551,13.886247068409389,-1.7828630004678381
theta0.35_kappa0.02,3,5,18.204703934546963,11.317332076279753,6.8873718582672101
theta0.35_kappa0.02,3,6,13.269488589246375,3.3792486887394015,9.8902399005069732
theta0.35_kappa0.02,3,7,14.044447127997438,13.282191948432651,0.76225517956478761
theta0.35_kappa0.02,3,8,13.356089584394171,21.547416828523236,-8.1913272441290648
theta0.35_kappa0.02,3,9,18.370096685035733,24.141446169784462,-5.771349484748729
theta0.35_kappa0.02,3,10,7.1856840152874373,9.1527009758189113,-1.967016960531474
theta0.35_kappa0.02,3,11,8.724009507275623,13.480004846404871,-4.7559953391292478
theta0.35_kappa0.02,3,12,29.16872866849442,31.587873293373892,-2.4191446248794719
theta0.35_kappa0.02,3,13,9.3292893884933559,8.0216808547572587,1.3076085337360972
theta0.35_kappa0.02,3,14,6.2451584121873989,10.129648862209011,-3.8844904500216124
theta0.35_kappa0.02,3,15,19.938715290779385,18.895567340739643,1.0431479500397423
theta0.35_kappa0.02,3,16,42.263068274709156,35.189675284137202,7.0733929905719535
theta0.35_kappa0.02,3,17,13.709054485811167,8.4123680304968094,5.296686455314358
theta0.35_kappa0.02,3,18,12.316621212287972,7.4498133509097979,4.8668078613781738
theta0.35_kappa0.02,3,19,-0.0306263432254789,4.4568550844985033,-4.4874814277239823
theta0.35_kappa0.02,3,20,20.033671753964295,22.1590970204924,-2.1254252665281044
theta0.35_kappa0.02,3,21,13.990452119296323,11.434619418850151,2.5558327004461727
theta0.35_kappa0.02,3,22,14.779329578828236,14.017057831361994,0.76227174746624193
theta0.35_kappa0.02,3,23,8.8357653954779867,8.462497345576157,0.37326804990182971
theta0.35_kappa0.02,3,24,13.097934568036411,7.327486769005354,5.7704477990310572
theta0.35_kappa0.02,3,25,0.88668529893607406,2.3423814639530329,-1.4556961650169589
theta0.35_kappa0.02,3,26,22.154242955871908,12.091565111960422,10.062677843911485
theta0.35_kappa0.02,3,27,22.919017538934614,26.109085432645891,-3.1900678937112765
theta0.35_kappa0.02,3,28,3.2973669734006661,8.0832548997467768,-4.7858879263461107
theta0.35_kappa0.02,3,29,8.2214901466218588,2.9102601599028635,5.3112299867189954
theta0.35_kappa0.02,3,30,-2.4408863177407798,-0.021292756664140901,-2.4195935610766388
theta0.35_kappa0.02,3,31,17.484017299596164,5.4461682864474525,12.037849013148712
theta0.35_kappa0.02,3,32,-18.965600378834441,-21.544215049024952,2.578614670190511
theta0.35_kappa0.02,3,33,14.331910944709188,7.1288091863282066,7.2031017583809813
theta0.35_kappa0.02,3,34,6.3361956740465715,1.3985389105615758,4.9376567634849957
theta0.35_kappa0.02,3,35,-15.322032815352411,-15.253215514392998,-0.068817300959413075
theta0.35_kappa0.02,3,36,1.4937019443921762,3.6137035404201896,-2.1200015960280134
theta0.35_kappa0.02,3,37,13.379882052210526,15.866902307897751,-2.4870202556872254
theta0.35_kappa0.02,3,38,-0.45374057121045541,0.096273673066339993,-0.55001424427679546
theta0.35_kappa0.02,3,39,-8.4308795186591787,-8.123113317163531,-0.30776620149564771
theta0.35_kappa0.02,3,40,1.0728653952453251,-6.1581226011381212,7.2309879963834458
theta0.35_kappa0.02,3,41,22.4646392972748,16.208224431342174,6.2564148659326264
theta0.35_kappa0.02,3,42,18.906054422873275,21.811660407994196,-2.9056059851209213
theta0.35_kappa0.02,3,43,2.5887779544642013,2.8841799981820406,-0.29540204371783929
theta0.35_kappa0.02,3,44,12.686661380477201,15.363282463594921,-2.6766210831177197
theta0.35_kappa0.02,3,45,8.3310247410583251,11.788636056245,-3.457611315186675
theta0.35_kappa0.02,3,46,6.1442269734985047,11.210469749761655,-5.0662427762631506
theta0.35_kappa0.02,3,47,6.4434868923603341,6.0112885222056205,0.43219837015471363
theta0.35_kappa0.02,3,48,6.3649701543893844,12.435395573738573,-6.0704254193491884
theta0.35_kappa0.02,3,49,8.1469718031711515,2.4972665565388334,5.6497052466323181
theta0.35_kappa0.02,3,50,15.231376823934481,14.873747162432236,0.35762966150224429
theta0.35_kappa0.02,3,51,26.004552864267183,28.4656797488731,-2.4611268846059176
theta0.35_kappa0.02,3,52,11.119688015181818,6.6599090950605824,4.4597789201212361
theta0.35_kappa0.02,3,53,22.415487902923953,21.208640525842707,1.206847377081246
theta0.35_kappa0.02,3,54,11.543841329620582,0.89635121638003246,10.647490113240549
theta0.35_kappa0.02,3,55,18.813240792708545,18.13721822646534,0.67602256624320489
theta0.35_kappa0.02,3,56,-3.0777906918462232,-7.1666867105079861,4.0888960186617629
theta0.35_kappa0.02,3,57,0.2333525975780284,-5.5355089096313019,5.7688615072093299
theta0.35_kappa0.02,3,58,26.307704711105821,25.865621339995787,0.4420833711100336
theta0.35_kappa0.02,3,59,16.759776763732962,17.959679214974106,-1.1999024512411438
theta0.35_kappa0.02,3,60,26.042213665839999,27.747475867218771,-1.7052622013787726
theta0.35_kappa0.02,3,61,-1.5221943044441186,3.0300560487357662,-4.5522503531798844
theta0.35_kappa0.02,3,62,19.858799991032921,27.276032994628238,-7.4172330035953173
theta0.35_kappa0.02,3,63,35.646554468617325,28.316372382888336,7.330182085728989
theta0.35_kappa0.02,3,64,24.35346810725957,24.645932682128738,-0.2924645748691681
theta0.35_kappa0.02,3,65,22.757292739179903,25.148995574089906,-2.3917028349100029
theta0.35_kappa0.02,3,66,0.1487974891028824,0.92905589856157522,-0.78025840945869285
theta0.35_kappa0.02,3,67,15.035519676409333,4.076966347435647,10.958553328973686
theta0.35_kappa0.02,3,68,20.039045783241029,25.655267435094679,-5.6162216518536496
theta0.35_kappa0.02,3,69,23.237989058192653,23.254063563589597,-0.01607450539694355
theta0.35_kappa0.02,3,70,9.7140659065107577,7.6813233828068084,2.0327425237039494
theta0.35_kappa0.02,3,71,10.70201950719354,14.24983505824984,-3.5478155510562992
theta0.35_kappa0.02,3,72,4.581650833526953,10.387540718649545,-5.8058898851225917
theta0.35_kappa0.02,3,73,34.879619833648412,31.111541681049921,3.7680781525984912
theta0.35_kappa0.02,3,74,4.1220613080866748,2.1974672996391482,1.9245940084475266
theta0.35_kappa0.02,3,75,29.878621495312835,20.77785131884416,9.100770176468675
theta0.35_kappa0.02,3,76,17.814036306907923,20.96179289876352,-3.1477565918555968
theta0.35_kappa0.02,3,77,17.154535269348472,14.002313920795114,3.1522213485533577
theta0.35_kappa0.02,3,78,12.008843715978244,1.4136637160555448,10.595179999922699
theta0.35_kappa0.02,3,79,9.7750880391052064,13.549592227137405,-3.7745041880321981
theta0.35_kappa0.02,3,80,19.204893725666395,16.018617253720706,3.1862764719456891
theta0.35_kappa0.02,3,81,20.129591743305522,28.1156380622105,-7.9860463189049788
theta0.35_kappa0.02,3,82,6.6498322232515052,8.4710621778892428,-1.8212299546377375
theta0.35_kappa0.02,3,83,1.2206073830871746,0.37513430833515038,0.84547307475202427
theta0.35_kappa0.02,3,84,9.7565558329939286,10.032095202976812,-0.27553936998288364
theta0.35_kappa0.02,3,85,13.437231208665487,11.35137551442841,2.0858556942370772
theta0.35_kappa0.02,3,86,12.354930475138431,8.5158193659266992,3.839111109211732
theta0.35_kappa0.02,3,87,8.4238525193981459,13.313302857721276,-4.8894503383231296
theta0.35_kappa0.02,3,88,19.169510028564421,14.672333801148881,4.4971762274155402
theta0.35_kappa0.02,3,89,11.106107343166066,-0.51924168021584038,11.625349023381906
theta0.35_kappa0.02,3,90,9.3759699953592435,11.976405555671713,-2.6004355603124694
theta0.35_kappa0.02,3,91,19.387076114344051,12.395665208990168,6.9914109053538827
theta0.35_kappa0.02,3,92,27.675246297088101,28.926566156429367,-1.2513198593412653
theta0.35_kappa0.02,3,93,37.616462050241218,20.841825047753535,16.774637002487683
theta0.35_kappa0.02,3,94,1.1662321952079846,2.457902788241686,-1.2916705930337014
theta0.35_kappa0.02,3,95,-3.2620052405440565,-0.6823435439418446,-2.5796616966022121
theta0.35_kappa0.02,3,96,2.9324403124502112,5.9192288036958738,-2.9867884912456626
theta0.35_kappa0.02,3,97,15.362098222747887,10.703049775730776,4.6590484470171116
theta0.35_kappa0.02,3,98,27.777169149489229,28.213635200500427,-0.43646605101119818
theta0.35_kappa0.02,3,99,-1.1214056925123186,-2.6200064920854382,1.4986007995731196
theta0.35_kappa0.02,4,0,15.856474976882826,13.43007850692058,2.4263964699622456
theta0.35_kappa0.02,4,1,16.100690873486641,14.492844403941712,1.6078464695449295
theta0.35_kappa0.02,4,2,8.9583376253775722,7.2179519788764477,1.7403856465011245
theta0.35_kappa0.02,4,3,10.854799163508904,14.760839128417205,-3.9060399649083006
theta0.35_kappa0.02,4,4,0.088791643615689197,4.1268713301875257,-4.0380796865718365
theta0.35_kappa0.02,4,5,8.117101817466958,14.505867309185769,-6.3887654917188108
theta0.35_kappa0.02,4,6,39.497276203999981,33.449987504253592,6.0472886997463888
theta0.35_kappa0.02,4,7,37.083574408327834,38.079487120795783,-0.99591271246794832
theta0.35_kappa0.02,4,8,20.686062136234717,19.200561212167145,1.4855009240675727
theta0.35_kappa0.02,4,9,4.1703024417396763,3.3147877688497673,0.85551467288990901
theta0.35_kappa0.02,4,10,1.5199699432908582,3.6704301912173229,-2.150460247926465
theta0.35_kappa0.02,4,11,8.9633775685600465,-2.6650183034613111,11.628395872021358
theta0.35_kappa0.02,4,12,11.984888861400004,7.1480532611261705,4.8368356002738331
theta0.35_kappa0.02,4,13,-6.0348711957374732,-1.2049822885137429,-4.8298889072237303
theta0.35_kappa0.02,4,14,27.93673898121931,24.793166816477243,3.1435721647420678
theta0.35_kappa0.02,4,15,9.8045471590536195,9.6535593779509838,0.15098778110263567
theta0.35_kappa0.02,4,16,2.2016915182142083,5.030616130224816,-2.8289246120106077
theta0.35_kappa0.02,4,17,1.0774728596933136,-1.2853465835666775,2.3628194432599914
theta0.35_kappa0.02,4,18,13.336282111820706,9.4132145614787888,3.9230675503419175
theta0.35_kappa0.02,4,19,33.429713026144114,34.930416011027795,-1.5007029848836808
theta0.35_kappa0.02,4,20,1.5214265779091072,-2.9360354884201669,4.4574620663292741
theta0.35_kappa0.02,4,21,21.596084995260959,21.65535807775013,-0.059273082489170292
theta0.35_kappa0.02,4,22,-0.47318730942433662,0.95710845602867278,-1.4302957654530095
theta0.35_kappa0.02,4,23,8.1358287603334194,9.5488837761976644,-1.413055015864245
theta0.35_kappa0.02,4,24,9.4398608023386288,4.6122659358684039,4.8275948664702248
theta0.35_kappa0.02,4,25,1.8208063827367496,5.2704827690307257,-3.4496763862939761
theta0.35_kappa0.02,4,26,12.290792913474268,7.6606131048104622,4.6301798086638062
theta0.35_kappa0.02,4,27,1.3964028605127925,-1.9202052985910851,3.3166081591038776
theta0.35_kappa0.02,4,28,24.827980999388306,27.364210800218792,-2.5362298008304869
theta0.35_kappa0.02,4,29,11.3252153473181,3.4886730115002935,7.8365423358178061
theta0.35_kappa0.02,4,30,22.952472169363269,24.349154996780698,-1.396682827417429
theta0.35_kappa0.02,4,31,14.927728111738796,13.533046685268809,1.3946814264699867
theta0.35_kappa0.02,4,32,13.809248482413064,12.896054040027714,0.91319444238535041
theta0.35_kappa0.02,4,33,0.363844629612466,-0.76753550774319423,1.1313801373556602
theta0.35_kappa0.02,4,34,20.253191929228983,15.927432946815042,4.3257589824139409
theta0.35_kappa0.02,4,35,14.880506528458891,18.651666297160205,-3.7711597687013132
theta0.35_kappa0.02,4,36,31.974595607390008,30.277260694237476,1.697334913152531
theta0.35_kappa0.02,4,37,29.571960644164612,27.908265197958833,1.6636954462057787
theta0.35_kappa0.02,4,38,9.9661031870747792,13.855510107667609,-3.8894069205928297
theta0.35_kappa0.02,4,39,2.1724629257674541,2.6333613932219895,-0.46089846745453533
theta0.35_kappa0.02,4,40,-6.997087895407283,-6.8620032632842385,-0.13508463212304456
theta0.35_kappa0.02,4,41,24.911044140196797,26.648121913455647,-1.73707777325885
theta0.35_kappa0.02,4,42,19.740320702847843,23.862048442754936,-4.1217277399070937
theta0.35_kappa0.02,4,43,22.746419486797389,17.664439953932671,5.0819795328647182
theta0.35_kappa0.02,4,44,11.514592118265044,17.558348187347065,-6.0437560690820202
theta0.35_kappa0.02,4,45,19.117794272769519,19.804076020256161,-0.6862817474866425
theta0.35_kappa0.02,4,46,3.0643291607770324,1.4977733218993596,1.5665558388776728
theta0.35_kappa0.02,4,47,5.7680205452979347,0.68896581987378047,5.0790547254241538
theta0.35_kappa0.02,4,48,15.958058847171506,13.800146312112965,2.1579125350585411
theta0.35_kappa0.02,4,49,7.1020355214307678,4.4244199458354156,2.6776155755953521
theta0.35_kappa0.02,4,50,16.660632616551855,13.777011768682788,2.8836208478690661
theta0.35_kappa0.02,4,51,1.5637941227575838,1.3671481656775804,0.19664595708000343
theta0.35_kappa0.02,4,52,4.5031000412717512,6.7670870697257453,-2.263987028453994
theta0.35_kappa0.02,4,53,13.81274082336528,13.240285935152064,0.57245488821321544
theta0.35_kappa0.02,4,54,13.359057556993546,12.643279637824676,0.71577791916887001
theta0.35_kappa0.02,4,55,-2.296969756435514,-8.2102996422415249,5.9133298858060108
theta0.35_kappa0.02,4,56,16.234357571356107,15.484258412185,0.75009915917110703
theta0.35_kappa0.02,4,57,5.1137306092769466,3.4202696847385896,1.6934609245383569
theta0.35_kappa0.02,4,58,23.226932082030967,30.646769721552729,-7.4198376395217629
theta0.35_kappa0.02,4,59,10.458437530271736,3.9835084127065321,6.4749291175652033
theta0.35_kappa0.02,4,60,5.9529279526647274,9.2631322422788447,-3.3102042896141173
theta0.35_kappa0.02,4,61,24.656074294848722,24.815190027452378,-0.15911573260365586
theta0.35_kappa0.02,4,62,3.0810382031215031,8.7850843591854328,-5.7040461560639297
theta0.35_kappa0.02,4,63,24.417478020763053,20.595505254865827,3.8219727658972253
theta0.35_kappa0.02,4,64,-7.70239120481114,-1.569049784839359,-6.1333414199717815
theta0.35_kappa0.02,4,65,12.110681879885025,8.4635551140654126,3.6471267658196123
theta0.35_kappa0.02,4,66,8.7263509312333252,11.568932332666559,-2.8425814014332342
theta0.35_kappa0.02,4,67,16.957466950901466,21.077684891767941,-4.1202179408664747
theta0.35_kappa0.02,4,68,28.380359288883788,33.665492484681955,-5.2851331957981671
theta0.35_kappa0.02,4,69,23.871015925160648,17.995116280808425,5.8758996443522236
theta0.35_kappa0.02,4,70,15.18954664167342,15.824109430888528,-0.63456278921510822
theta0.35_kappa0.02,4,71,10.312907116393982,11.838058264980718,-1.5251511485867368
theta0.35_kappa0.02,4,72,7.3052321018918285,18.036055820340387,-10.730823718448558
theta0.35_kappa0.02,4,73,14.898529214219666,14.559466138258053,0.33906307596161334
theta0.35_kappa0.02,4,74,11.62773170257544,9.8062423554534366,1.8214893471220037
theta0.35_kappa0.02,4,75,39.483705774151481,34.485594938392829,4.9981108357586521
theta0.35_kappa0.02,4,76,7.9824949828884382,12.326586343964989,-4.3440913610765506
theta0.35_kappa0.02,4,77,27.734394428175182,28.798913354210097,-1.0645189260349142
theta0.35_kappa0.02,4,78,10.063206227393254,8.7944033593098503,1.2688028680834034
theta0.35_kappa0.02,4,79,29.480090860225435,37.196329654186222,-7.7162387939607875
theta0.35_kappa0.02,4,80,11.793842302897083,15.418140223255028,-3.6242979203579448
theta0.35_kappa0.02,4,81,9.6124263333393163,10.725080625895156,-1.11265429255584
theta0.35_kappa0.02,4,82,28.783380144024065,27.401835874773955,1.3815442692501101
theta0.35_kappa0.02,4,83,1.0952359962891614,2.6008991595607975,-1.5056631632716362
theta0.35_kappa0.02,4,84,24.162521453507871,28.629075779187911,-4.4665543256800397
theta0.35_kappa0.02,4,85,9.4376418463243237,10.704099773697926,-1.2664579273736027
theta0.35_kappa0.02,4,86,11.407087377098351,8.7341985681046648,2.6728888089936866
theta0.35_kappa0.02,4,87,7.6235660721889928,-1.9873921838896569,9.61095825607865
theta0.35_kappa0.02,4,88,21.233791726948603,19.900715503970513,1.3330762229780895
theta0.35_kappa0.02,4,89,1.9831370967796829,8.5239219276345999,-6.5407848308549168
theta0.35_kappa0.02,4,90,9.1451286945590979,7.7518307279257357,1.3932979666333623
theta0.35_kappa0.02,4,91,10.51706293739646,10.094170459435492,0.42289247796096774
theta0.35_kappa0.02,4,92,-6.4814492594467126,-9.1519697197820022,2.6705204603352897
theta0.35_kappa0.02,4,93,22.171764082989732,17.170923831930271,5.0008402510594614
theta0.35_kappa0.02,4,94,8.7180638685009377,8.07784386638982,0.64022000211111774
theta0.35_kappa0.02,4,95,15.947923740577121,9.1889159549685644,6.7590077856085564
theta0.35_kappa0.02,4,96,21.695490413692077,17.940839705557185,3.7546507081348928
theta0.35_kappa0.02,4,97,27.272731186927818,25.890243289867897,1.3824878970599208
theta0.35_kappa0.02,4,98,3.4928331154577235,8.6368383195702485,-5.144005204112525
theta0.35_kappa0.02,4,99,10.896231418231045,5.4455035282034956,5.4507278900275491
theta0.35_kappa0.02,5,0,1.335902805395204,4.2589419095076932,-2.9230391041124895
theta0.35_kappa0.02,5,1,12.997821509168793,14.75457540567397,-1.7567538965051774
theta0.35_kappa0.02,5,2,29.138043603808867,24.720175617522269,4.4178679862865984
theta0.35_kappa0.02,5,3,16.761368152367368,8.1169407937515263,8.6444273586158413
theta0.35_kappa0.02,5,4,-8.9683996208239112,-9.8646559464506094,0.89625632562669821
theta0.35_kappa0.02,5,5,11.568279527497426,6.1398297682050824,5.4284497592923433
theta0.35_kappa0.02,5,6,16.368733131198319,16.838558569242188,-0.46982543804386978
theta0.35_kappa0.02,5,7,21.746745570981066,27.48813587200971,-5.7413903010286447
theta0.35_kappa0.02,5,8,-13.466335534869115,-15.989693134797497,2.5233575999283815
theta0.35_kappa0.02,5,9,11.99082938217682,7.9712459420730513,4.0195834401037684
theta0.35_kappa0.02,5,10,18.922249022727438,22.228871792983007,-3.3066227702555686
theta0.35_kappa0.02,5,11,14.788543811978965,17.541242758304971,-2.7526989463260065
theta0.35_kappa0.02,5,12,18.457436588494712,15.086654419769332,3.3707821687253805
theta0.35_kappa0.02,5,13,17.551109711585799,15.032723084291847,2.5183866272939515
theta0.35_kappa0.02,5,14,20.831753745804459,18.551777442507941,2.2799763032965181
theta0.35_kappa0.02,5,15,24.639122481973494,20.835383119947519,3.8037393620259756
theta0.35_kappa0.02,5,16,19.742571576757303,21.815399614402651,-2.0728280376453476
theta0.35_kappa0.02,5,17,7.8567785402277801,7.3893600567961659,0.46741848343161418
theta0.35_kappa0.02,5,18,25.302052703688421,21.537318848876858,3.7647338548115634
theta0.35_kappa0.02,5,19,-1.0879843414855239,0.83064965135231805,-1.918633992837842
theta0.35_kappa0.02,5,20,22.447432039952226,18.249843055850327,4.1975889841018983
theta0.35_kappa0.02,5,21,8.940647645071417,8.1715027248256078,0.76914492024580916
theta0.35_kappa0.02,5,22,15.391307697520634,12.419861969056974,2.9714457284636602
theta0.35_kappa0.02,5,23,6.2415137783625667,9.1589622627511798,-2.917448484388613
theta0.35_kappa0.02,5,24,-0.62092669144106272,-4.0028562142679229,3.3819295228268604
theta0.35_kappa0.02,5,25,9.6713810923543644,14.449828538186592,-4.7784474458322279
theta0.35_kappa0.02,5,26,11.005786312718747,12.659817497698294,-1.6540311849795462
theta0.35_kappa0.02,5,27,19.190065152755952,11.389444098436412,7.8006210543195404
theta0.35_kappa0.02,5,28,16.061925390090042,20.324343151679763,-4.2624177615897203
theta0.35_kappa0.02,5,29,20.426938387679893,20.684304840891055,-0.25736645321116214
theta0.35_kappa0.02,5,30,13.148752977501646,15.774334303421066,-2.6255813259194198
theta0.35_kappa0.02,5,31,20.990292564729181,20.85873166710422,0.13156089762496137
theta0.35_kappa0.02,5,32,0.56047746264861242,2.8896061174828249,-2.3291286548342125
theta0.35_kappa0.02,5,33,5.3693231178260081,4.1088709078043664,1.2604522100216418
theta0.35_kappa0.02,5,34,21.869712242046948,24.996339731669416,-3.1266274896224679
theta0.35_kappa0.02,5,35,8.0750202710857035,11.005414611606875,-2.9303943405211719
theta0.35_kappa0.02,5,36,13.289440276699278,6.8309181710198361,6.4585221056794415
theta0.35_kappa0.02,5,37,42.329773234032714,41.772273856409733,0.55749937762298174
theta0.35_kappa0.02,5,38,7.8986459309171124,5.9635570552989572,1.9350888756181552
theta0.35_kappa0.02,5,39,12.26718131848668,13.70046825916816,-1.4332869406814801
theta0.35_kappa0.02,5,40,25.924297777958088,27.930125467680423,-2.0058276897223344
theta0.35_kappa0.02,5,41,3.3579616296346719,0.59890791830412948,2.7590537113305427
theta0.35_kappa0.02,5,42,6.0585720651951611,7.6064693428020824,-1.5478972776069213
theta0.35_kappa0.02,5,43,22.838190969496257,24.13360336019327,-1.2954123906970132
theta0.35_kappa0.02,5,44,17.169429201885176,26.416419416261476,-9.2469902143763001
theta0.35_kappa0.02,5,45,16.41782932087051,15.619666457442792,0.79816286342771825
theta0.35_kappa0.02,5,46,17.106663359342512,17.894935913545222,-0.78827255420270959
theta0.35_kappa0.02,5,47,18.426404276611095,15.236888489471751,3.189515787139344
theta0.35_kappa0.02,5,48,25.484702085176405,29.588679044207339,-4.1039769590309341
theta0.35_kappa0.02,5,49,20.906895537040725,26.687213484749183,-5.7803179477084576
theta0.35_kappa0.02,5,50,12.810695307063449,14.84331959429891,-2.0326242872354605
theta0.35_kappa0.02,5,51,8.1177835238740386,9.179838286577052,-1.0620547627030135
theta0.35_kappa0.02,5,52,9.8033563971945163,11.779774190200586,-1.9764177930060693
theta0.35_kappa0.02,5,53,-2.0688713841180304,-2.2742543269446123,0.20538294282658187
theta0.35_kappa0.02,5,54,12.246077634067996,7.0856861094997274,5.1603915245682686
theta0.35_kappa0.02,5,55,1.4808644845115688,4.0512276435490326,-2.5703631590374636
theta0.35_kappa0.02,5,56,18.63104879897654,21.803890016038434,-3.1728412170618938
theta0.35_kappa0.02,5,57,20.57453444227648,18.508678898213496,2.065855544062984
theta0.35_kappa0.02,5,58,-0.26437591864449872,-2.8010832371887582,2.5367073185442592
theta0.35_kappa0.02,5,59,22.576203849844553,26.455177417667272,-3.8789735678227188
theta0.35_kappa0.02,5,60,-3.238850106745621,-4.375122932211517,1.136272825465896
theta0.35_kappa0.02,5,61,9.4654519582153593,11.0138962896695,-1.5484443314541405
theta0.35_kappa0.02,5,62,18.574785735532991,4.205132823421363,14.369652912111629
theta0.35_kappa0.02,5,63,4.2531770528789234,3.5764474658163268,0.67672958706259667
theta0.35_kappa0.02,5,64,14.567942498895633,20.328122507299589,-5.7601800084039567
theta0.35_kappa0.02,5,65,14.265143993720097,14.371549500891431,-0.10640550717133479
theta0.35_kappa0.02,5,66,12.121650233410277,15.029601454385077,-2.9079512209748
theta0.35_kappa0.02,5,67,0.54565335428656381,1.9483306030821097,-1.4026772487955459
theta0.35_kappa0.02,5,68,2.1155110991754205,3.5720601225613677,-1.4565490233859473
theta0.35_kappa0.02,5,69,16.795529647791582,6.9207191265589412,9.8748105212326411
theta0.35_kappa0.02,5,70,7.738863156482723,7.4365333733168821,0.30232978316584092
theta0.35_kappa0.02,5,71,14.656744873729098,9.5429379087760964,5.1138069649530014
theta0.35_kappa0.02,5,72,9.2436498923686514,22.554286102165008,-13.310636209796357
theta0.35_kappa0.02,5,73,16.858682146309935,19.739900360299867,-2.8812182139899321
theta0.35_kappa0.02,5,74,3.5528970672195146,11.516001391790024,-7.9631043245705087
theta0.35_kappa0.02,5,75,-7.6985160351660911,-7.6776321472969338,-0.020883887869157292
theta0.35_kappa0.02,5,76,3.6245054514796111,4.4958113051448638,-0.87130585366525271
theta0.35_kappa0.02,5,77,1.9759148604819976,1.1807777931409602,0.7951370673410374
theta0.35_kappa0.02,5,78,0.24540020227714909,4.1770722167584937,-3.9316720144813448
theta0.35_kappa0.02,5,79,11.674417970304969,10.995451265081558,0.67896670522341118
theta0.35_kappa0.02,5,80,4.7387289714509748,-0.42890527430984737,5.167634245760822
theta0.35_kappa0.02,5,81,33.650219987648519,38.374699938973009,-4.7244799513244899
theta0.35_kappa0.02,5,82,19.096258380898632,18.713089424346503,0.38316895655212946
theta0.35_kappa0.02,5,83,11.079367152296149,14.059840353536591,-2.9804732012404429
theta0.35_kappa0.02,5,84,-9.1274972500819231,-7.7794021518661118,-1.3480950982158113
theta0.35_kappa0.02,5,85,9.3516019422532395,9.2299651651829802,0.12163677707025933
theta0.35_kappa0.02,5,86,5.4175785460333419,3.3719246149164244,2.0456539311169175
theta0.35_kappa0.02,5,87,20.406741628635235,23.316057264699928,-2.9093156360646937
theta0.35_kappa0.02,5,88,16.191245084535524,20.849036127519987,-4.6577910429844636
theta0.35_kappa0.02,5,89,12.338359087412597,13.084381021199391,-0.74602193378679438
theta0.35_kappa0.02,5,90,33.514134544824401,32.740544939327428,0.77358960549697287
theta0.35_kappa0.02,5,91,6.1973460359921804,3.4330226023654165,2.7643234336267639
theta0.35_kappa0.02,5,92,-8.7868033709120841,-19.675697883394701,10.888894512482617
theta0.35_kappa0.02,5,93,3.2372228272802133,2.2526052417056501,0.98461758557456314
theta0.35_kappa0.02,5,94,4.7280250764786746,6.4002317320064144,-1.6722066555277397
theta0.35_kappa0.02,5,95,22.228314526853335,21.642387317187747,0.58592720966558787
theta0.35_kappa0.02,5,96,22.041384260344294,22.74701154753587,-0.70562728719157519
theta0.35_kappa0.02,5,97,14.02389691856142,9.674340879467108,4.3495560390943115
theta0.35_kappa0.02,5,98,21.339193389112459,22.509552275826263,-1.1703588867138031
theta0.35_kappa0.02,5,99,4.9499480461405234,1.4589916504606744,3.4909563956798491
theta0.35_kappa0.02,6,0,4.0284725181896563,8.687616443102252,-4.6591439249125957
theta0.35_kappa0.02,6,1,8.3644200003276197,3.1378793215504865,5.2265406787771331
theta0.35_kappa0.02,6,2,12.15196270529607,17.088116493962847,-4.9361537886667772
theta0.35_kappa0.02,6,3,4.5307429783093456,9.8344576248531403,-5.3037146465437948
theta0.35_kappa0.02,6,4,4.6937772773674844,4.1727337323281102,0.52104354503937422
theta0.35_kappa0.02,6,5,-9.7978151150152204,-6.423620860842524,-3.3741942541726964
theta0.35_kappa0.02,6,6,8.6064052745981794,0.90701502616924323,7.6993902484289363
theta0.35_kappa0.02,6,7,22.435116118059582,23.157856132591068,-0.72274001453148529
theta0.35_kappa0.02,6,8,4.0156511120878458,5.7955237574212735,-1.7798726453334277
theta0.35_kappa0.02,6,9,19.580526417105048,20.924370155153721,-1.3438437380486725
theta0.35_kappa0.02,6,10,3.7344480024727522,1.9361260321920153,1.7983219702807369
theta0.35_kappa0.02,6,11,15.236283374746677,22.752733501553848,-7.5164501268071717
theta0.35_kappa0.02,6,12,4.7613440001747911,12.387775367352656,-7.6264313671778652
theta0.35_kappa0.02,6,13,-3.1231617005306225,-3.1710925146272975,0.04793081409667499
theta0.35_kappa0.02,6,14,-1.9275736259487064,-1.583033011739285,-0.34454061420942139
theta0.35_kappa0.02,6,15,-8.3172997477335802,-11.896895314688432,3.5795955669548523
theta0.35_kappa0.02,6,16,22.798361557092136,9.2465145940236528,13.551846963068483
theta0.35_kappa0.02,6,17,36.723328887639603,25.811667869118398,10.911661018521205
theta0.35_kappa0.02,6,18,28.847783037771872,28.181505049347813,0.66627798842405994
theta0.35_kappa0.02,6,19,2.6199818298832529,-0.4704946210913476,3.0904764509746006
theta0.35_kappa0.02,6,20,23.04868463426055,20.670618719096339,2.3780659151642105
theta0.35_kappa0.02,6,21,9.9408331370679921,9.8491420659405833,0.091691071127408819
theta0.35_kappa0.02,6,22,24.089044315692473,18.823871520665925,5.2651727950265474
theta0.35_kappa0.02,6,23,-0.72220039982209627,1.8608597987716049,-2.5830601985937012
theta0.35_kappa0.02,6,24,28.568287399384857,15.757601921413476,12.810685477971381
theta0.35_kappa0.02,6,25,30.360599644638793,24.363169047069931,5.9974305975688615
theta0.35_kappa0.02,6,26,4.5864494845844561,8.6354283126284379,-4.0489788280439818
theta0.35_kappa0.02,6,27,29.212561028362373,22.039334918817659,7.1732261095447143
theta0.35_kappa0.02,6,28,-7.5287688669301023,-6.1422995448781883,-1.386469322051914
theta0.35_kappa0.02,6,29,-14.230637652249383,-8.5353380905955039,-5.6952995616538793
theta0.35_kappa0.02,6,30,11.806078819553752,9.8557405186518494,1.9503383009019029
theta0.35_kappa0.02,6,31,18.108525725716191,20.647417670870588,-2.538891945154397
theta0.35_kappa0.02,6,32,9.1877486955331271,8.1699346135531172,1.0178140819800099
theta0.35_kappa0.02,6,33,16.87366285896946,11.584102139756981,5.2895607192124796
theta0.35_kappa0.02,6,34,22.873578767094006,27.964120442030204,-5.0905416749361976
theta0.35_kappa0.02,6,35,-2.7012453896298005,-2.622647564803029,-0.078597824826771578
theta0.35_kappa0.02,6,36,22.967288503944079,18.637125234971744,4.3301632689723348
theta0.35_kappa0.02,6,37,1.3443320940937082,-0.61225971334363205,1.9565918074373403
theta0.35_kappa0.02,6,38,10.733316798845754,13.934184409246086,-3.2008676104003317
theta0.35_kappa0.02,6,39,1.8053880417569708,3.752809187110056,-1.9474211453530852
theta0.35_kappa0.02,6,40,17.844200851581149,15.152323811073874,2.6918770405072756
theta0.35_kappa0.02,6,41,8.695576123255524,8.9715785589640848,-0.27600243570856087
theta0.35_kappa0.02,6,42,20.53580276284627,20.069873530008493,0.46592923283777665
theta0.35_kappa0.02,6,43,9.3241583582304699,9.4688975529337878,-0.14473919470331786
theta0.35_kappa0.02,6,44,24.718334558123495,29.855924820372671,-5.1375902622491765
theta0.35_kappa0.02,6,45,15.076262228328948,19.393516685781165,-4.3172544574522167
theta0.35_kappa0.02,6,46,7.3557399375155921,5.5817302958804609,1.7740096416351312
theta0.35_kappa0.02,6,47,-7.5868559747269053,-9.3277584139849647,1.7409024392580594
theta0.35_kappa0.02,6,48,14.695246049346226,16.894640023297956,-2.1993939739517305
theta0.35_kappa0.02,6,49,6.8219737274322227,4.071178729454342,2.7507949979778807
theta0.35_kappa0.02,6,50,25.806500840387969,22.159376194335525,3.6471246460524434
theta0.35_kappa0.02,6,51,5.5992357505784458,0.9133593275679488,4.6858764230104972
theta0.35_kappa0.02,6,52,8.5583706440266205,8.8803274140001918,-0.32195676997357126
theta0.35_kappa0.02,6,53,17.371952135494123,17.31609027036486,0.055861865129262611
theta0.35_kappa0.02,6,54,2.2341204940944643,4.7300259908030888,-2.4959054967086245
theta0.35_kappa0.02,6,55,11.483323504921804,10.552267835360112,0.93105566956169206
theta0.35_kappa0.02,6,56,11.446905999361316,17.513483605874185,-6.0665776065128689
theta0.35_kappa0.02,6,57,15.018672145905343,18.978859121364888,-3.9601869754595445
theta0.35_kappa0.02,6,58,32.006401402622458,34.309856978106353,-2.3034555754838948
theta0.35_kappa0.02,6,59,10.60540007068283,12.703061314168831,-2.0976612434860016
theta0.35_kappa0.02,6,60,22.885359521478975,22.396850007988615,0.48850951349036009
theta0.35_kappa0.02,6,61,15.938429431893343,13.951458473704498,1.9869709581888451
theta0.35_kappa0.02,6,62,10.319548789682049,4.512806420085461,5.8067423695965878
theta0.35_kappa0.02,6,63,22.964843748574932,23.665776056832328,-0.70093230825739639
theta0.35_kappa0.02,6,64,-2.6362738749928369,-2.8072478727511818,0.17097399775834488
theta0.35_kappa0.02,6,65,7.9092562291340398,6.2719422419392936,1.6373139871947462
theta0.35_kappa0.02,6,66,-3.481339569651813,-1.4386903377640228,-2.0426492318877902
theta0.35_kappa0.02,6,67,10.329411212762349,6.7085450046017945,3.620866208160554
theta0.35_kappa0.02,6,68,32.241642754637851,26.910852529776484,5.3307902248613672
theta0.35_kappa0.02,6,69,24.82612777896853,29.898670351721201,-5.0725425727526705
theta0.35_kappa0.02,6,70,8.8896458689383078,5.733072976705829,3.1565728922324787
theta0.35_kappa0.02,6,71,19.058136438437465,18.253764154067195,0.80437228437027031
theta0.35_kappa0.02,6,72,29.055186015055828,26.765551743470319,2.2896342715855091
theta0.35_kappa0.02,6,73,-12.621694010216435,-14.09736705230814,1.4756730420917048
theta0.35_kappa0.02,6,74,2.0987238185603636,6.7014580880059809,-4.6027342694456177
theta0.35_kappa0.02,6,75,18.952898942713343,18.326402659113953,0.62649628359939058
theta0.35_kappa0.02,6,76,9.9242754017772992,6.6668063903439059,3.2574690114333933
theta0.35_kappa0.02,6,77,-6.6862741153806313,-6.8489443286123564,0.16267021323172504
theta0.35_kappa0.02,6,78,7.598869162939347,5.4908725325470478,2.1079966303922992
theta0.35_kappa0.02,6,79,18.999249824044149,26.114951293892783,-7.1157014698486343
theta0.35_kappa0.02,6,80,20.200771289158819,19.560988076905137,0.63978321225368262
theta0.35_kappa0.02,6,81,22.344347316622049,20.601516178898496,1.7428311377235524
theta0.35_kappa0.02,6,82,9.3464286620600507,10.481483875324658,-1.1350552132646072
theta0.35_kappa0.02,6,83,13.759346730872725,18.195532284550861,-4.4361855536781363
theta0.35_kappa0.02,6,84,10.70791105186424,4.2467382015797632,6.461172850284477
theta0.35_kappa0.02,6,85,7.1875117347231834,3.5084998106001684,3.679011924123015
theta0.35_kappa0.02,6,86,21.203324409453252,25.738621812099968,-4.5352974026467159
theta0.35_kappa0.02,6,87,-1.0746223970040192,-1.8575656019540348,0.78294320495001557
theta0.35_kappa0.02,6,88,12.606654227997623,11.70336045810093,0.90329376989669363
theta0.35_kappa0.02,6,89,3.1533107360695847,14.533394544684397,-11.380083808614812
theta0.35_kappa0.02,6,90,9.4421282891767095,18.366848356574344,-8.9247200673976348
theta0.35_kappa0.02,6,91,8.763088866347303,13.232215449680576,-4.4691265833332725
theta0.35_kappa0.02,6,92,13.872049875958805,15.257307674045,-1.3852577980861955
theta0.35_kappa0.02,6,93,11.57628742554547,6.9204123836791185,4.6558750418663513
theta0.35_kappa0.02,6,94,-0.27104914820358328,-3.3371860066633747,3.0661368584597914
theta0.35_kappa0.02,6,95,4.8502851820473261,-0.51953399744884532,5.3698191794961714
theta0.35_kappa0.02,6,96,17.123180099281438,17.836622162286695,-0.7134420630052567
theta0.35_kappa0.02,6,97,8.925127937668357,6.2927703591171733,2.6323575785511837
theta0.35_kappa0.02,6,98,-0.96699196674693844,4.7169843599371903,-5.683976326684129
theta0.35_kappa0.02,6,99,2.5653178320239203,2.9044583956679122,-0.33914056364399192
theta0.35_kappa0.02,7,0,9.9190836029251166,7.6766592985840498,2.2424243043410668
theta0.35_kappa0.02,7,1,-2.2244512877809703,-0.1415283665824027,-2.0829229211985676
theta0.35_kappa0.02,7,2,7.038659043451327,3.0818481377551761,3.9568109056961509
theta0.35_kappa0.02,7,3,27.923815598843905,23.820371297563668,4.1034443012802377
theta0.35_kappa0.02,7,4,21.937935140506497,22.882147671291836,-0.94421253078533951
theta0.35_kappa0.02,7,5,5.8441478344250424,8.5345143208948215,-2.6903664864697792
theta0.35_kappa0.02,7,6,12.030889907530742,11.964962274285304,0.065927633245438599
theta0.35_kappa0.02,7,7,27.748042828827352,30.89680133487105,-3.1487585060436984
theta0.35_kappa0.02,7,8,13.585388144365748,9.9357869559928904,3.6496011883728574
theta0.35_kappa0.02,7,9,11.571354517426014,9.3918449625118114,2.179509554914203
theta0.35_kappa0.02,7,10,30.793179537857917,24.70469109316468,6.0884884446932368
theta0.35_kappa0.02,7,11,16.896027282315753,14.55611346646576,2.339913815849993
theta0.35_kappa0.02,7,12,8.0285116956370484,10.592941568444244,-2.5644298728071959
theta0.35_kappa0.02,7,13,5.0904016465181119,3.7867896923807671,1.3036119541373448
theta0.35_kappa0.02,7,14,11.216187274297976,3.3600234062656051,7.8561638680323709
theta0.35_kappa0.02,7,15,27.01452977248238,25.814254807682193,1.2002749648001867
theta0.35_kappa0.02,7,16,3.7962306170247908,4.5504104356443378,-0.75417981861954697
theta0.35_kappa0.02,7,17,0.3386111705935963,0.041680838540069098,0.2969303320535272
theta0.35_kappa0.02,7,18,17.554994233816181,27.596614419227951,-10.041620185411769
theta0.35_kappa0.02,7,19,12.703853213336544,11.455793113115362,1.2480601002211813
theta0.35_kappa0.02,7,20,-13.711163072074672,-13.786325234684506,0.075162162609833771
theta0.35_kappa0.02,7,21,28.811980028553105,34.608071524889809,-5.7960914963367038
theta0.35_kappa0.02,7,22,7.8090480607568269,16.479232002591107,-8.6701839418342814
theta0.35_kappa0.02,7,23,3.9417215561588681,3.186975945153991,0.75474561100487714
theta0.35_kappa0.02,7,24,15.750119491165441,18.538191298886534,-2.788071807721094
theta0.35_kappa0.02,7,25,14.125835713306,15.159935976104366,-1.0341002627983666
theta0.35_kappa0.02,7,26,18.999252536781725,13.877181709561849,5.1220708272198756
theta0.35_kappa0.02,7,27,16.582826828959558,11.020578624276096,5.5622482046834616
theta0.35_kappa0.02,7,28,8.1982845886832827,9.6485290312247312,-1.4502444425414485
theta0.35_kappa0.02,7,29,13.433846868014308,14.561774735631143,-1.1279278676168349
theta0.35_kappa0.02,7,30,-6.0594909253458571,-7.4019585698059931,1.342467644460136
theta0.35_kappa0.02,7,31,14.690950115310756,15.449819549165085,-0.75886943385432915
theta0.35_kappa0.02,7,32,17.493256925840875,18.922855774363988,-1.4295988485231135
theta0.35_kappa0.02,7,33,-6.6202702709671151,-10.17707355287731,3.5568032819101951
theta0.35_kappa0.02,7,34,9.4421705577112256,5.3478539589293934,4.0943165987818322
theta0.35_kappa0.02,7,35,23.446780534363807,20.045995170537442,3.4007853638263654
theta0.35_kappa0.02,7,36,6.6557545787088683,0.85516392969693245,5.8005906490119354
theta0.35_kappa0.02,7,37,45.536173287263786,43.573244237238832,1.9629290500249539
theta0.35_kappa0.02,7,38,1.9084127995690876,5.6631961373883657,-3.7547833378192781
theta0.35_kappa0.02,7,39,15.744023764174363,12.857026006099476,2.8869977580748873
theta0.35_kappa0.02,7,40,-0.3329408885013454,0.70040748293857447,-1.0333483714399199
theta0.35_kappa0.02,7,41,20.977437590690695,20.265406056948596,0.71203153374209904
theta0.35_kappa0.02,7,42,23.264005441522741,18.420388890833927,4.8436165506888145
theta0.35_kappa0.02,7,43,23.092742984462369,17.79469516087816,5.2980478235842092
theta0.35_kappa0.02,7,44,25.893405334799429,24.741667575251657,1.1517377595477711
theta0.35_kappa0.02,7,45,16.747944006955283,14.93613136073639,1.8118126462188933
theta0.35_kappa0.02,7,46,19.294548280897267,17.694831284019465,1.5997169968778024
theta0.35_kappa0.02,7,47,27.547431703781012,28.814988358408328,-1.2675566546273167
theta0.35_kappa0.02,7,48,11.90387184130457,4.8544598850861274,7.0494119562184423
theta0.35_kappa0.02,7,49,2.7648270685576009,1.7837449079041108,0.98108216065349008
theta0.35_kappa0.02,7,50,27.066719192224511,24.771564830099727,2.2951543621247836
theta0.35_kappa0.02,7,51,30.607236660281316,27.132802506370354,3.4744341539109627
theta0.35_kappa0.02,7,52,6.0198129793505348,3.6614090434338618,2.3584039359166731
theta0.35_kappa0.02,7,53,24.518615589938506,19.956937080434649,4.5616785095038566
theta0.35_kappa0.02,7,54,26.357991564190343,24.59285798158518,1.7651335826051628
theta0.35_kappa0.02,7,55,5.0569815326846914,8.4886432361956992,-3.4316617035110077
theta0.35_kappa0.02,7,56,28.70818788923404,28.793249595240898,-0.085061706006857918
theta0.35_kappa0.02,7,57,2.299723921581684,0.4289095592872964,1.8708143622943876
theta0.35_kappa0.02,7,58,9.2102723847025576,-2.8658473892977754,12.076119774000333
theta0.35_kappa0.02,7,59,11.141070441855533,11.799507173819411,-0.65843673196387797
theta0.35_kappa0.02,7,60,15.242699253720236,16.335387059995728,-1.0926878062754923
theta0.35_kappa0.02,7,61,28.496670329976617,26.01745563519291,2.4792146947837068
theta0.35_kappa0.02,7,62,12.002292119949056,7.719157890845203,4.2831342291038528
theta0.35_kappa0.02,7,63,9.7055589063399754,8.0418126193229966,1.6637462870169788
theta0.35_kappa0.02,7,64,9.4553883668046002,7.3904004484317669,2.0649879183728332
theta0.35_kappa0.02,7,65,10.827611442123246,13.593322836038094,-2.7657113939148488
theta0.35_kappa0.02,7,66,23.641254713039157,14.97618194418059,8.6650727688585665
theta0.35_kappa0.02,7,67,23.823323688557046,19.735803493543667,4.0875201950133793
theta0.35_kappa0.02,7,68,20.533040869844385,17.154931217648965,3.3781096521954197
theta0.35_kappa0.02,7,69,14.46309372803948,9.0323613528078859,5.4307323752315941
theta0.35_kappa0.02,7,70,22.728913012457223,20.343296771891929,2.3856162405652945
theta0.35_kappa0.02,7,71,26.10521367318551,30.41525962174785,-4.3100459485623404
theta0.35_kappa0.02,7,72,5.6884328232395118,5.4868503934424222,0.20158242979708962
theta0.35_kappa0.02,7,73,17.155492972705147,17.561684129704723,-0.40619115699957575
theta0.35_kappa0.02,7,74,3.6610457100484011,6.3699222028296241,-2.708876492781223
theta0.35_kappa0.02,7,75,-9.0022315111470252,-5.3166152111614773,-3.685616299985548
theta0.35_kappa0.02,7,76,10.935183124113957,6.0206054810955685,4.9145776430183883
theta0.35_kappa0.02,7,77,6.4278475209366732,6.0997254044174376,0.32812211651923562
theta0.35_kappa0.02,7,78,22.890110692967887,18.779406466648751,4.110704226319136
theta0.35_kappa0.02,7,79,-0.39172965367087847,-2.4748709469410897,2.0831412932702111
theta0.35_kappa0.02,7,80,7.9259982096267576,11.993915942860992,-4.0679177332342347
theta0.35_kappa0.02,7,81,33.444736381716481,29.90093521813904,3.5438011635774416
theta0.35_kappa0.02,7,82,40.093639299361477,30.711287053332509,9.3823522460289688
theta0.35_kappa0.02,7,83,11.65722744299469,9.8065645639427963,1.8506628790518942
theta0.35_kappa0.02,7,84,12.418182609591716,15.690606593370967,-3.2724239837792517
theta0.35_kappa0.02,7,85,10.888863674659293,8.4804006368301472,2.4084630378291454
theta0.35_kappa0.02,7,86,17.454539299149413,16.244666293728958,1.2098730054204552
theta0.35_kappa0.02,7,87,42.447623385689468,41.882388515974135,0.56523486971533288
theta0.35_kappa0.02,7,88,-5.3981952795160177,-6.1376150823104059,0.73941980279438813
theta0.35_kappa0.02,7,89,27.748045806553598,31.737928154229778,-3.9898823476761791
theta0.35_kappa0.02,7,90,0.22404050981741669,-4.3917764590030242,4.6158169688204405
theta0.35_kappa0.02,7,91,6.0588295114692174,6.6989206144054361,-0.64009110293621863
theta0.35_kappa0.02,7,92,18.542459835297446,20.660713775055878,-2.1182539397584321
theta0.35_kappa0.02,7,93,13.555975288503433,15.076446683803409,-1.5204713952999764
theta0.35_kappa0.02,7,94,19.618999034689757,14.52721869647787,5.0917803382118869
theta0.35_kappa0.02,7,95,20.450640468341991,15.896250865169389,4.5543896031726021
theta0.35_kappa0.02,7,96,17.495737009198002,15.36778648043795,2.1279505287600529
theta0.35_kappa0.02,7,97,-2.6151088550321475,-3.6178321579233632,1.0027233028912157
theta0.35_kappa0.02,7,98,-0.54480223356702107,3.3170070085845431,-3.8618092421515642
theta0.35_kappa0.02,7,99,1.406254955707819,1.3744705357261373,0.031784419981681689
theta0.35_kappa0.02,8,0,-7.4106145405923378,-8.3736090974927535,0.96299455690041569
theta0.35_kappa0.02,8,1,-2.2062556056294707,-1.0663963487912551,-1.1398592568382155
theta0.35_kappa0.02,8,2,15.98900978153247,9.6538915219646686,6.3351182595678015
theta0.35_kappa0.02,8,3,11.328115846258246,15.42542492858767,-4.0973090823294243
theta0.35_kappa0.02,8,4,27.0461558646181,27.480222623372349,-0.43406675875424838
theta0.35_kappa0.02,8,5,9.1614651503627567,10.343535912018419,-1.1820707616556625
theta0.35_kappa0.02,8,6,28.381382787646228,22.986671445951423,5.3947113416948049
theta0.35_kappa0.02,8,7,5.506651922983596,6.1812221169387014,-0.67457019395510542
theta0.35_kappa0.02,8,8,36.569720499503745,32.928644994442038,3.641075505061707
theta0.35_kappa0.02,8,9,21.227443131467464,23.13607946833659,-1.9086363368691259
theta0.35_kappa0.02,8,10,5.3963411325617923,4.2011947596108872,1.1951463729509051
theta0.35_kappa0.02,8,11,23.801549955662718,22.537258169618244,1.264291786044474
theta0.35_kappa0.02,8,12,-5.8399460633423876,-5.3164457959409734,-0.5235002674014142
theta0.35_kappa0.02,8,13,5.9972372953232131,3.7498076586777098,2.2474296366455033
theta0.35_kappa0.02,8,14,15.575637982674102,15.478878338370638,0.096759644303464398
theta0.35_kappa0.02,8,15,8.1940410123250178,7.94653021432587,0.24751079799914777
theta0.35_kappa0.02,8,16,18.483906509522843,17.954486177262186,0.52942033226065632
theta0.35_kappa0.02,8,17,-16.52390552843482,-9.7685607377168129,-6.7553447907180075
theta0.35_kappa0.02,8,18,15.593697008638827,12.6376997591586,2.9559972494802267
theta0.35_kappa0.02,8,19,-0.35610475380070428,2.2245019313868832,-2.5806066851875875
theta0.35_kappa0.02,8,20,24.97533393549568,26.600530274760604,-1.6251963392649245
theta0.35_kappa0.02,8,21,8.6051449263962727,10.882478349170864,-2.2773334227745909
theta0.35_kappa0.02,8,22,2.0956328230223829,7.6657261805558026,-5.5700933575334197
theta0.35_kappa0.02,8,23,27.181616533164696,17.601388552695067,9.5802279804696298
theta0.35_kappa0.02,8,24,1.1378850669608871,-1.1875993503890421,2.3254844173499292
theta0.35_kappa0.02,8,25,25.721767458503432,18.271593241347276,7.4501742171561567
theta0.35_kappa0.02,8,26,-22.631674388778915,-20.742174505650599,-1.8894998831283161
theta0.35_kappa0.02,8,27,10.029952770118774,13.658185033212469,-3.628232263093695
theta0.35_kappa0.02,8,28,10.420105736829273,12.1699902627977,-1.7498845259684277
theta0.35_kappa0.02,8,29,-0.78172370976659289,-5.5787918003056332,4.7970680905390406
theta0.35_kappa0.02,8,30,22.269468408917547,23.589258614403079,-1.3197902054855319
theta0.35_kappa0.02,8,31,16.247998232969717,18.26785835833083,-2.019860125361113
theta0.35_kappa0.02,8,32,2.9562611119503703,3.5510220912418804,-0.59476097929151006
theta0.35_kappa0.02,8,33,35.700693558845671,30.574123258132193,5.1265703007134782
theta0.35_kappa0.02,8,34,7.5245586246045928,0.65835403209959531,6.8662045925049977
theta0.35_kappa0.02,8,35,-9.1235124957103366,-8.3786813605824406,-0.744831135127896
theta0.35_kappa0.02,8,36,27.084847222736109,22.16668116946791,4.9181660532681981
theta0.35_kappa0.02,8,37,20.414547686602699,14.713850827661611,5.7006968589410878
theta0.35_kappa0.02,8,38,14.794420425629308,14.423347000159399,0.37107342546990907
theta0.35_kappa0.02,8,39,23.865592734956198,21.867146049223265,1.998446685732933
theta0.35_kappa0.02,8,40,30.858357640376113,23.585291469151478,7.2730661712246345
theta0.35_kappa0.02,8,41,26.250330921841257,27.523883244792422,-1.2735523229511649
theta0.35_kappa0.02,8,42,12.510988924876685,11.681264653058498,0.82972427181818631
theta0.35_kappa0.02,8,43,9.2115435793906482,9.4476464566764875,-0.23610287728583934
theta0.35_kappa0.02,8,44,18.304793003264823,16.36001826497704,1.9447747382877836
theta0.35_kappa0.02,8,45,27.082416526510915,28.536262121884555,-1.4538455953736396
theta0.35_kappa0.02,8,46,11.83986971579816,16.725094481717203,-4.8852247659190429
theta0.35_kappa0.02,8,47,18.654221061097996,17.019742665245161,1.6344783958528346
theta0.35_kappa0.02,8,48,-2.0862512745616604,-2.8552619749822172,0.76901070042055686
theta0.35_kappa0.02,8,49,27.006815381604326,25.756667490941716,1.2501478906626105
theta0.35_kappa0.02,8,50,10.639222355679486,12.305679376075677,-1.6664570203961908
theta0.35_kappa0.02,8,51,1.4207049517586057,2.746764990581676,-1.3260600388230703
theta0.35_kappa0.02,8,52,0.86246448644240825,-0.8829404682562727,1.745404954698681
theta0.35_kappa0.02,8,53,29.058373990076671,32.11442165789714,-3.0560476678204687
theta0.35_kappa0.02,8,54,8.5053951473309652,13.53186215224444,-5.0264670049134743
theta0.35_kappa0.02,8,55,13.03580243032274,9.013228633325248,4.0225737969974915
theta0.35_kappa0.02,8,56,6.9122508169290722,1.7055836667340465,5.2066671501950257
theta0.35_kappa0.02,8,57,15.66034049315228,14.420360961166622,1.2399795319856572
theta0.35_kappa0.02,8,58,-7.9719740769681433,-2.5702139072226009,-5.4017601697455424
theta0.35_kappa0.02,8,59,19.82903388182422,24.102230036300529,-4.2731961544763095
theta0.35_kappa0.02,8,60,10.626897699804555,8.4322064186846557,2.1946912811198995
theta0.35_kappa0.02,8,61,29.629716903441786,32.721144885048091,-3.0914279816063051
theta0.35_kappa0.02,8,62,-0.91441267192167996,-1.2877855059910437,0.37337283406936372
theta0.35_kappa0.02,8,63,-5.8109330520394264,-11.48105680250478,5.6701237504653532
theta0.35_kappa0.02,8,64,19.116597286643664,19.594118572660861,-0.4775212860171969
theta0.35_kappa0.02,8,65,27.252224220812828,26.759914254219336,0.49230996659349202
theta0.35_kappa0.02,8,66,35.812565395331163,34.781686136495075,1.0308792588360873
theta0.35_kappa0.02,8,67,-1.8031606116711227,0.35930603224611501,-2.162466643917238
theta0.35_kappa0.02,8,68,19.276048141851817,18.892751387539491,0.38329675431232602
theta0.35_kappa0.02,8,69,5.516139576057661,2.8202691106800022,2.6958704653776588
theta0.35_kappa0.02,8,70,25.926731536144036,20.297027279493086,5.6297042566509496
theta0.35_kappa0.02,8,71,15.910454112396421,19.034378040380449,-3.1239239279840287
theta0.35_kappa0.02,8,72,10.626774563792964,8.347175504302438,2.2795990594905255
theta0.35_kappa0.02,8,73,18.014457575829908,19.950237738046468,-1.9357801622165596
theta0.35_kappa0.02,8,74,1.0802053039205788,0.98598364632992319,0.094221657590655594
theta0.35_kappa0.02,8,75,-8.6723142170474272,-12.503176457632909,3.830862240585482
theta0.35_kappa0.02,8,76,15.975545464080287,13.321694320141397,2.6538511439388905
theta0.35_kappa0.02,8,77,6.0461791699042955,0.50130806904484948,5.5448711008594458
theta0.35_kappa0.02,8,78,9.5778655271668036,-1.1322037685004325,10.710069295667235
theta0.35_kappa0.02,8,79,4.6445537807457358,4.2776802406941892,0.3668735400515466
theta0.35_kappa0.02,8,80,10.768664252490591,14.991501285702231,-4.2228370332116398
theta0.35_kappa0.02,8,81,35.832528313798434,33.359466803093397,2.4730615107050369
theta0.35_kappa0.02,8,82,41.881250392256376,44.548845191084538,-2.6675947988281621
theta0.35_kappa0.02,8,83,6.7596149431373593,7.8012512367970519,-1.0416362936596926
theta0.35_kappa0.02,8,84,12.309406751886527,3.7024444042167297,8.6069623476697981
theta0.35_kappa0.02,8,85,23.986197622281551,21.947020386215957,2.0391772360655942
theta0.35_kappa0.02,8,86,31.070107023848948,32.535795622374891,-1.4656885985259436
theta0.35_kappa0.02,8,87,11.841282406902245,18.207083541505614,-6.3658011346033696
theta0.35_kappa0.02,8,88,12.911197643608238,16.722302039145216,-3.8111043955369777
theta0.35_kappa0.02,8,89,22.583700059379218,23.982867259023305,-1.3991671996440864
theta0.35_kappa0.02,8,90,3.2611470083723124,6.1565972833490861,-2.8954502749767737
theta0.35_kappa0.02,8,91,-2.2616942191822509,2.4701430236481734,-4.7318372428304247
theta0.35_kappa0.02,8,92,10.582294446351774,4.093357433572109,6.4889370127796653
theta0.35_kappa0.02,8,93,13.129884333284153,16.869963462886545,-3.7400791296023925
theta0.35_kappa0.02,8,94,20.877408564453521,29.274509144789249,-8.3971005803357279
theta0.35_kappa0.02,8,95,16.672616082324254,17.258209220714239,-0.58559313838998506
theta0.35_kappa0.02,8,96,3.55324443752149,4.1190850938847641,-0.56584065636327407
theta0.35_kappa0.02,8,97,-10.343136173837276,-6.2655577436841536,-4.0775784301531228
theta0.35_kappa0.02,8,98,3.8967503611650942,9.3311788857358717,-5.4344285245707775
theta0.35_kappa0.02,8,99,2.6818825941478552,10.630867933758376,-7.9489853396105206
theta0.35_kappa0.02,9,0,3.5080623077338089,5.835667082164643,-2.3276047744308341
theta0.35_kappa0.02,9,1,3.3565045520107515,1.2981739398470471,2.0583306121637044
theta0.35_kappa0.02,9,2,19.628658519193831,14.664882390694707,4.9637761284991235
theta0.35_kappa0.02,9,3,3.7624865331803838,2.249182403047234,1.5133041301331498
theta0.35_kappa0.02,9,4,3.7389286062108447,0.81341915883167615,2.9255094473791683
theta0.35_kappa0.02,9,5,0.55599279087892861,2.1913753444195545,-1.6353825535406259
theta0.35_kappa0.02,9,6,15.73601703311464,16.508244711296289,-0.77222767818164861
theta0.35_kappa0.02,9,7,-1.0891163135428368,0.69608320411414448,-1.7851995176569813
theta0.35_kappa0.02,9,8,10.828457799440384,13.106224316670636,-2.2777665172302513
theta0.35_kappa0.02,9,9,16.811030592806389,16.787015520564587,0.024015072241802216
theta0.35_kappa0.02,9,10,15.571319226307354,19.856037892840433,-4.2847186665330792
theta0.35_kappa0.02,9,11,10.22419200535866,6.7397358518115871,3.4844561535470726
theta0.35_kappa0.02,9,12,5.621804908754056,-2.1746150638262898,7.7964199725803454
theta0.35_kappa0.02,9,13,9.5571987092250765,7.9038593829070924,1.6533393263179841
theta0.35_kappa0.02,9,14,16.028833845523359,20.619443171614808,-4.5906093260914496
theta0.35_kappa0.02,9,15,23.844825932333983,27.107716559250719,-3.2628906269167359
theta0.35_kappa0.02,9,16,-5.0886031147140436,-8.7150481593383642,3.6264450446243206
theta0.35_kappa0.02,9,17,10.478982870219935,14.34299594403249,-3.8640130738125542
theta0.35_kappa0.02,9,18,2.9012096932592275,6.0280477203665237,-3.1268380271072962
theta0.35_kappa0.02,9,19,12.074591221195552,7.4711399439759862,4.6034512772195662
theta0.35_kappa0.02,9,20,14.935649167657203,16.599961654184085,-1.6643124865268817
theta0.35_kappa0.02,9,21,8.0069869696522069,8.0361084810275933,-0.029121511375386433
theta0.35_kappa0.02,9,22,4.4923599402297913,4.1488788262626146,0.34348111396717673
theta0.35_kappa0.02,9,23,26.626507987350159,25.599470137458184,1.0270378498919754
theta0.35_kappa0.02,9,24,11.217572859700496,6.0683077557103733,5.1492651039901229
theta0.35_kappa0.02,9,25,24.537382158717431,20.596916299480977,3.9404658592364541
theta0.35_kappa0.02,9,26,19.01543032343703,19.470585210942353,-0.45515488750532285
theta0.35_kappa0.02,9,27,12.268816240652956,6.9046951120616384,5.364121128591318
theta0.35_kappa0.02,9,28,2.8555654006714892,1.0238495773607692,1.83171582331072
theta0.35_kappa0.02,9,29,6.890868775870473,-2.5755748092802206,9.4664435851506941
theta0.35_kappa0.02,9,30,11.113545996857535,11.132836095309861,-0.019290098452325211
theta0.35_kappa0.02,9,31,13.743569915402396,13.601451168990232,0.14211874641216404
theta0.35_kappa0.02,9,32,11.915179848955471,15.030773218664246,-3.1155933697087743
theta0.35_kappa0.02,9,33,14.958020387513889,14.158343897659128,0.79967648985476103
theta0.35_kappa0.02,9,34,-0.92676413282140835,-4.6664005431964615,3.739636410375053
theta0.35_kappa0.02,9,35,10.189161435223063,13.060926701731905,-2.8717652665088416
theta0.35_kappa0.02,9,36,0.71625249323893225,0.84005838895385376,-0.12380589571492151
theta0.35_kappa0.02,9,37,4.9152307886106508,8.9953019033298585,-4.0800711147192077
theta0.35_kappa0.02,9,38,19.428448606992681,19.143303990530718,0.2851446164619631
theta0.35_kappa0.02,9,39,2.8245397680475763,1.1895892897155265,1.6349504783320499
theta0.35_kappa0.02,9,40,24.9263506828465,23.555151624324814,1.371199058521686
theta0.35_kappa0.02,9,41,17.904739515561431,13.401401381354956,4.5033381342064747
theta0.35_kappa0.02,9,42,6.6345502175207889,7.3329117876850081,-0.69836157016421918
theta0.35_kappa0.02,9,43,-5.1462671298089875,-6.7127875318495658,1.5665204020405783
theta0.35_kappa0.02,9,44,2.5396350831152321,-5.7849491765026411,8.3245842596178736
theta0.35_kappa0.02,9,45,1.4746502631058018,3.450611012964421,-1.9759607498586191
theta0.35_kappa0.02,9,46,14.534944297749671,18.558017725907963,-4.0230734281582912
theta0.35_kappa0.02,9,47,38.765429214935871,33.640541763878353,5.1248874510575178
theta0.35_kappa0.02,9,48,11.21078665684405,12.444859546965979,-1.2340728901219293
theta0.35_kappa0.02,9,49,11.829234932733923,18.180786585512489,-6.351551652778566
theta0.35_kappa0.02,9,50,9.1179796077261557,7.2936771275926873,1.8243024801334684
theta0.35_kappa0.02,9,51,31.203362017290665,23.174086792003973,8.0292752252866926
theta0.35_kappa0.02,9,52,11.636611511118138,8.5167587375947047,3.1198527735234336
theta0.35_kappa0.02,9,53,24.590480849559285,13.68430499891603,10.906175850643255
theta0.35_kappa0.02,9,54,8.5135495099255394,4.4205278028459993,4.0930217070795401
theta0.35_kappa0.02,9,55,2.3843084262001426,5.1340208880781208,-2.7497124618779782
theta0.35_kappa0.02,9,56,12.287196767250334,14.896155643531696,-2.6089588762813616
theta0.35_kappa0.02,9,57,6.6409953331265701,6.5634203355839809,0.07757499754258923
theta0.35_kappa0.02,9,58,10.44357405668398,11.23792714099239,-0.79435308430841012
theta0.35_kappa0.02,9,59,18.418390037745105,15.772976610781756,2.6454134269633496
theta0.35_kappa0.02,9,60,6.4635088651263564,7.4240036051450042,-0.96049474001864787
theta0.35_kappa0.02,9,61,12.720739033883516,11.067676213484845,1.6530628203986719
theta0.35_kappa0.02,9,62,29.621715181268947,27.664145361400013,1.9575698198689331
theta0.35_kappa0.02,9,63,8.7605989008104164,12.034173106431329,-3.2735742056209123
theta0.35_kappa0.02,9,64,4.1822508347688672,-3.2376380606652018,7.4198888954340685
theta0.35_kappa0.02,9,65,18.95941865219514,16.192388705950069,2.7670299462450707
theta0.35_kappa0.02,9,66,4.4098218864671477,9.8880585929670417,-5.478236706499894
theta0.35_kappa0.02,9,67,21.335739459094722,21.786055877699404,-0.45031641860468241
theta0.35_kappa0.02,9,68,16.015805254292616,5.3863752400456058,10.62943001424701
theta0.35_kappa0.02,9,69,16.568125312869409,13.286878055798882,3.2812472570705271
theta0.35_kappa0.02,9,70,-1.040709680302244,-0.76997263135115468,-0.2707370489510893
theta0.35_kappa0.02,9,71,20.434352900215789,20.572197076501578,-0.13784417628578893
theta0.35_kappa0.02,9,72,-6.344623855374973,-1.7104505405154578,-4.634173314859515
theta0.35_kappa0.02,9,73,15.299114399208994,9.5129826512828792,5.786131747926115
theta0.35_kappa0.02,9,74,-11.599965211986556,-7.9374292212902828,-3.6625359906962727
theta0.35_kappa0.02,9,75,-0.45383265279745411,1.0223053463858478,-1.4761379991833019
theta0.35_kappa0.02,9,76,3.5120132243070503,3.9153277043055161,-0.40331447999846581
theta0.35_kappa0.02,9,77,11.316507324952322,12.029597119003803,-0.71308979405148065
theta0.35_kappa0.02,9,78,-3.557277181933205,-6.2475859013081134,2.6903087193749085
theta0.35_kappa0.02,9,79,7.405683485425623,6.0635808590161115,1.3421026264095115
theta0.35_kappa0.02,9,80,16.065372657294045,16.673371936695847,-0.60799927940180254
theta0.35_kappa0.02,9,81,16.689324570416783,23.108529317916073,-6.4192047474992897
theta0.35_kappa0.02,9,82,-5.2005062351509483,-8.4271283425779853,3.2266221074270369
theta0.35_kappa0.02,9,83,7.2901006176929606,5.8230746215842029,1.4670259961087577
theta0.35_kappa0.02,9,84,25.333875169340292,25.138335491145483,0.19553967819480889
theta0.35_kappa0.02,9,85,17.694208187247323,2.5827260470259299,15.111482140221394
theta0.35_kappa0.02,9,86,10.881595772828202,4.3268049476355035,6.5547908251926987
theta0.35_kappa0.02,9,87,16.535192731671103,15.206668983239281,1.328523748431822
theta0.35_kappa0.02,9,88,28.688574477032994,24.500581125998163,4.1879933510348302
theta0.35_kappa0.02,9,89,9.619000492277598,13.648104502409645,-4.0291040101320466
theta0.35_kappa0.02,9,90,24.836925706543084,19.67603776120189,5.1608879453411944
theta0.35_kappa0.02,9,91,-14.426490988030425,-15.277070784782261,0.85057979675183581
theta0.35_kappa0.02,9,92,0.29239513123098892,3.7021584068376958,-3.4097632756067071
theta0.35_kappa0.02,9,93,13.04790955457236,17.501804673004038,-4.453895118431678
theta0.35_kappa0.02,9,94,3.9231861897442108,5.7053365985145543,-1.7821504087703435
theta0.35_kappa0.02,9,95,17.497431771495723,20.416111239941618,-2.9186794684458945
theta0.35_kappa0.02,9,96,30.85837918502131,18.837595314796847,12.020783870224463
theta0.35_kappa0.02,9,97,9.0973480590053715,1.6596715491240901,7.4376765098812818
theta0.35_kappa0.02,9,98,17.691185362684458,16.001636920033086,1.6895484426513718
theta0.35_kappa0.02,9,99,14.021027525350297,10.448476046233235,3.5725514791170614
theta0.35_kappa0.1,0,0,9.0097468822559783,11.478161112601592,-2.4684142303456138
theta0.35_kappa0.1,0,1,1.5852536635201049,-0.26790070681345779,1.8531543703335627
theta0.35_kappa0.1,0,2,16.8393107998718,19.211123598941221,-2.3718127990694207
theta0.35_kappa0.1,0,3,19.102423708080025,19.412139273797415,-0.30971556571739001
theta0.35_kappa0.1,0,4,1.4248389248391276,0.42071634410036401,1.0041225807387635
theta0.35_kappa0.1,0,5,8.6651264781944324,5.9511413566941886,2.7139851215002437
theta0.35_kappa0.1,0,6,12.51273677353683,19.480165767688487,-6.967428994151657
theta0.35_kappa0.1,0,7,21.628160027717527,25.372307455372887,-3.7441474276553599
theta0.35_kappa0.1,0,8,11.469903836983651,8.245266106587426,3.2246377303962248
theta0.35_kappa0.1,0,9,13.470981207301229,15.865972637699151,-2.3949914303979227
theta0.35_kappa0.1,0,10,7.8563468093016677,10.449684121802294,-2.5933373125006263
theta0.35_kappa0.1,0,11,10.035742851779116,13.877560960154575,-3.8418181083754597
theta0.35_kappa0.1,0,12,-0.95419736023693336,3.7385628982585128,-4.6927602584954462
theta0.35_kappa0.1,0,13,7.0078210117865165,8.1079639595076518,-1.1001429477211353
theta0.35_kappa0.1,0,14,10.123609992278752,12.150596237532636,-2.0269862452538838
theta0.35_kappa0.1,0,15,8.1730276123124828,13.488250919047674,-5.3152233067351915
theta0.35_kappa0.1,0,16,1.3705740618363669,2.9341743403600997,-1.5636002785237328
theta0.35_kappa0.1,0,17,14.178597075464758,15.727215925384703,-1.5486188499199454
theta0.35_kappa0.1,0,18,4.7063316242589162,3.3290777944263414,1.3772538298325747
theta0.35_kappa0.1,0,19,-5.180128435514975,-8.8530626620726132,3.6729342265576381
theta0.35_kappa0.1,0,20,16.039922021396769,16.749351422159311,-0.70942940076254146
theta0.35_kappa0.1,0,21,17.328770593582011,14.699034215842934,2.6297363777390768
theta0.35_kappa0.1,0,22,19.111494945125777,21.244730657600726,-2.1332357124749493
theta0.35_kappa0.1,0,23,10.487905230662731,11.665297995406064,-1.1773927647433329
theta0.35_kappa0.1,0,24,18.922471175146217,22.031154168561137,-3.10868299341492
theta0.35_kappa0.1,0,25,7.6762850714316064,11.733374191152221,-4.0570891197206143
theta0.35_kappa0.1,0,26,11.390684465588414,16.073063233114837,-4.6823787675264228
theta0.35_kappa0.1,0,27,12.022507279641369,10.552026333760658,1.4704809458807109
theta0.35_kappa0.1,0,28,25.928391402044575,29.018262110321405,-3.0898707082768304
theta0.35_kappa0.1,0,29,4.7042128680185797,4.9507766651259617,-0.24656379710738197
theta0.35_kappa0.1,0,30,10.466517387510605,9.022080906572846,1.4444364809377586
theta0.35_kappa0.1,0,31,7.1452847719021868,3.4006985241286376,3.7445862477735492
theta0.35_kappa0.1,0,32,26.37171045685777,26.726795231345051,-0.35508477448728115
theta0.35_kappa0.1,0,33,4.0491402785688093,3.0450476521065193,1.00409262646229
theta0.35_kappa0.1,0,34,20.376074505252134,19.569588541772053,0.80648596348008184
theta0.35_kappa0.1,0,35,0.81300173544452159,-2.2784476371374196,3.0914493725819412
theta0.35_kappa0.1,0,36,8.3390343245221423,11.95248929046287,-3.6134549659407273
theta0.35_kappa0.1,0,37,14.279749385594496,15.039469556110641,-0.75972017051614493
theta0.35_kappa0.1,0,38,22.64096372020969,25.025250383659429,-2.3842866634497391
theta0.35_kappa0.1,0,39,21.620392839131952,26.318637877705022,-4.6982450385730701
theta0.35_kappa0.1,0,40,4.4703910101090711,3.6274582597577312,0.84293275035133997
theta0.35_kappa0.1,0,41,8.8316002509547591,8.7216325987845025,0.10996765217025661
theta0.35_kappa0.1,0,42,11.947827461309604,7.9767286633283039,3.9710987979813002
theta0.35_kappa0.1,0,43,-12.288693154938796,-13.478045122871199,1.1893519679324029
theta0.35_kappa0.1,0,44,-2.1829221260207179,7.316232857942075,-9.4991549839627929
theta0.35_kappa0.1,0,45,8.6556065303868124,12.449169704925319,-3.793563174538507
theta0.35_kappa0.1,0,46,10.217214199445404,12.470145503101811,-2.2529313036564069
theta0.35_kappa0.1,0,47,6.6253793358076312,5.1837723520500525,1.4416069837575787
theta0.35_kappa0.1,0,48,5.1749705067998022,2.367542477209239,2.8074280295905631
theta0.35_kappa0.1,0,49,5.8958907067923283,4.2725212963391499,1.6233694104531784
theta0.35_kappa0.1,0,50,-0.7091339485806456,-0.89751284799027053,0.18837889940962493
theta0.35_kappa0.1,0,51,17.090254134699812,17.094472758015215,-0.0042186233154026809
theta0.35_kappa0.1,0,52,3.8229751060543737,10.307892093741998,-6.4849169876876243
theta0.35_kappa0.1,0,53,17.75617761075981,17.357948654304614,0.39822895645519552
theta0.35_kappa0.1,0,54,5.3710646590516387,4.4304200923446313,0.94064456670700736
theta0.35_kappa0.1,0,55,12.185519230275878,13.483880989950832,-1.2983617596749539
theta0.35_kappa0.1,0,56,-15.95072580877885,-16.979224859700203,1.0284990509213525
theta0.35_kappa0.1,0,57,24.14718081311144,24.932681739280333,-0.78550092616889344
theta0.35_kappa0.1,0,58,25.264542887362818,26.527513522548528,-1.2629706351857095
theta0.35_kappa0.1,0,59,15.642775187361938,19.149820576243396,-3.5070453888814583
theta0.35_kappa0.1,0,60,8.9842399360909972,7.8067193054845756,1.1775206306064216
theta0.35_kappa0.1,0,61,13.613278253455825,17.044962915812917,-3.4316846623570925
theta0.35_kappa0.1,0,62,8.9205111751597439,9.3926652087626152,-0.47215403360287134
theta0.35_kappa0.1,0,63,6.4719642634421941,3.3802593912134298,3.0917048722287643
theta0.35_kappa0.1,0,64,8.2504589077795032,9.0655604585080471,-0.81510155072854396
theta0.35_kappa0.1,0,65,-0.1968825121848003,0.0574601119565194,-0.2543426241413197
theta0.35_kappa0.1,0,66,7.8320032839787235,11.92254500667098,-4.0905417226922562
theta0.35_kappa0.1,0,67,10.83843566103957,5.0031498971874164,5.8352857638521538
theta0.35_kappa0.1,0,68,9.5010203363896721,11.79333848906554,-2.2923181526758682
theta0.35_kappa0.1,0,69,-1.0196682667728447,-3.8879100632425798,2.8682417964697349
theta0.35_kappa0.1,0,70,-0.75323750319230398,-4.8766405019693977,4.1234029987770935
theta0.35_kappa0.1,0,71,8.4983261563325865,7.1549902680703621,1.3433358882622244
theta0.35_kappa0.1,0,72,14.123520636689785,12.247510085861997,1.8760105508277878
theta0.35_kappa0.1,0,73,7.1118158704371526,1.5366996004175788,5.5751162700195742
theta0.35_kappa0.1,0,74,13.280395368670408,13.369309650962604,-0.088914282292195779
theta0.35_kappa0.1,0,75,9.8209890699627191,7.5628497161881842,2.2581393537745349
theta0.35_kappa0.1,0,76,9.6148055812344406,13.573492537983194,-3.9586869567487533
theta0.35_kappa0.1,0,77,22.353175681492733,22.727272927277657,-0.37409724578492387
theta0.35_kappa0.1,0,78,17.621988477026257,15.28818939684902,2.3337990801772364
theta0.35_kappa0.1,0,79,9.491889438256468,14.630630603152582,-5.1387411648961141
theta0.35_kappa0.1,0,80,2.6450202303919506,1.2112514315634362,1.4337687988285144
theta0.35_kappa0.1,0,81,17.362600987008005,18.235921714891465,-0.87332072788345982
theta0.35_kappa0.1,0,82,-5.5907340476369942,-6.9973092412732818,1.4065751936362876
theta0.35_kappa0.1,0,83,-6.8188259350785163,-5.6002224753051149,-1.2186034597734015
theta0.35_kappa0.1,0,84,-3.2083652013504143,-3.6524395677157089,0.44407436636529463
theta0.35_kappa0.1,0,85,8.0450591748275269,9.1354528928272956,-1.0903937179997687
theta0.35_kappa0.1,0,86,31.403739231471373,31.187048747728578,0.21669048374279498
theta0.35_kappa0.1,0,87,-0.83973787615821038,-2.565430863829687,1.7256929876714766
theta0.35_kappa0.1,0,88,3.2168416569825347,3.888150324007758,-0.67130866702522329
theta0.35_kappa0.1,0,89,8.7764165503106106,3.7399332870449888,5.0364832632656213
theta0.35_kappa0.1,0,90,10.341805511227106,10.403427389746527,-0.061621878519421358
theta0.35_kappa0.1,0,91,-3.7579276168557634,-8.2013771285182031,4.4434495116624397
theta0.35_kappa0.1,0,92,15.845871392683298,13.499216554449628,2.34665483823367
theta0.35_kappa0.1,0,93,11.242345457007922,10.33511960967787,0.90722584733005185
theta0.35_kappa0.1,0,94,8.6326153967428194,3.6087417198018135,5.0238736769410064
theta0.35_kappa0.1,0,95,13.367300985171878,16.252052047156869,-2.884751061984991
theta0.35_kappa0.1,0,96,-5.6090088319680049,-0.4814078318058328,-5.1276010001621719
theta0.35_kappa0.1,0,97,19.341754922719002,22.583542208269382,-3.2417872855503802
theta0.35_kappa0.1,0,98,38.440001862457144,36.147830633990331,2.2921712284668132
theta0.35_kappa0.1,0,99,3.2860011642787494,6.3257995113979764,-3.0397983471192269
theta0.35_kappa0.1,1,0,12.267523872063824,12.88330708339865,-0.61578321133482561
theta0.35_kappa0.1,1,1,9.3916645998432884,10.201182227543448,-0.80951762770015989
theta0.35_kappa0.1,1,2,-0.1100825141072601,-1.2885170172324725,1.1784345031252124
theta0.35_kappa0.1,1,3,3.1548285058977048,1.3462944603672549,1.8085340455304499
theta0.35_kappa0.1,1,4,5.668605963644163,5.5879409302770569,0.080665033367106176
theta0.35_kappa0.1,1,5,0.85388345518101061,0.021659556652692001,0.83222389852831857
theta0.35_kappa0.1,1,6,11.071363387779297,7.3819594313060684,3.6894039564732282
theta0.35_kappa0.1,1,7,18.166341128594759,16.393925946103003,1.7724151824917556
theta0.35_kappa0.1,1,8,7.4461317792605399,7.9415273531419146,-0.49539557388137467
theta0.35_kappa0.1,1,9,8.3110130539284004,6.4295255214937432,1.8814875324346572
theta0.35_kappa0.1,1,10,26.834680314417021,28.413396517687836,-1.5787162032708153
theta0.35_kappa0.1,1,11,9.5323772010922205,9.6897120693836296,-0.15733486829140908
theta0.35_kappa0.1,1,12,11.02106240054866,9.3606583744765182,1.6604040260721415
theta0.35_kappa0.1,1,13,38.521186465901351,37.172352074260118,1.3488343916412333
theta0.35_kappa0.1,1,14,12.86024393273498,15.563260839166997,-2.7030169064320173
theta0.35_kappa0.1,1,15,10.361807321589026,13.186617964200488,-2.8248106426114621
theta0.35_kappa0.1,1,16,22.053945325058105,22.699368687721016,-0.64542336266291045
theta0.35_kappa0.1,1,17,28.471752537019015,26.637051981605943,1.8347005554130718
theta0.35_kappa0.1,1,18,12.500012101965689,14.777531955981916,-2.2775198540162265
theta0.35_kappa0.1,1,19,2.59523459451081,4.1205956077455159,-1.525361013234706
theta0.35_kappa0.1,1,20,16.041508493462032,14.823976550498658,1.2175319429633742
theta0.35_kappa0.1,1,21,16.478689374246919,15.303094761296412,1.1755946129505066
theta0.35_kappa0.1,1,22,15.15540028733953,15.371370252343921,-0.21596996500439047
theta0.35_kappa0.1,1,23,3.7156590026564222,1.7793923610910132,1.9362666415654091
theta0.35_kappa0.1,1,24,0.083721539050201493,-4.5946561570733282,4.6783776961235297
theta0.35_kappa0.1,1,25,1.902241107458609,1.7265846789112604,0.17565642854734853
theta0.35_kappa0.1,1,26,2.2600174627742242,4.730890678415439,-2.4708732156412148
theta0.35_kappa0.1,1,27,0.91792976608962062,4.514982055803177,-3.5970522897135564
theta0.35_kappa0.1,1,28,15.929896269192026,16.852759747952533,-0.92286347876050634
theta0.35_kappa0.1,1,29,29.255817366941407,25.152795559859932,4.1030218070814755
theta0.35_kappa0.1,1,30,7.0232399959949197,8.5719062281914411,-1.5486662321965214
theta0.35_kappa0.1,1,31,29.759179566467282,28.990176935610787,0.76900263085649456
theta0.35_kappa0.1,1,32,15.897840429481503,10.909308204101279,4.988532225380224
theta0.35_kappa0.1,1,33,19.836536262105213,22.331989852030603,-2.4954535899253898
theta0.35_kappa0.1,1,34,0.83522360001930429,4.2264094686808891,-3.3911858686615846
theta0.35_kappa0.1,1,35,18.036401040348043,17.387720961986922,0.64868007836112085
theta0.35_kappa0.1,1,36,13.853501766834288,12.826078525200469,1.0274232416338194
theta0.35_kappa0.1,1,37,7.9186558326857295,5.2375762527829757,2.6810795799027538
theta0.35_kappa0.1,1,38,4.1751625004285255,6.2078444623850277,-2.0326819619565022
theta0.35_kappa0.1,1,39,20.01966225991908,18.71705451945601,1.3026077404630705
theta0.35_kappa0.1,1,40,17.440751649444874,22.526404412788136,-5.085652763343262
theta0.35_kappa0.1,1,41,27.427357251497959,21.916120416224267,5.5112368352736922
theta0.35_kappa0.1,1,42,16.786909187543252,18.149203519857551,-1.3622943323142991
theta0.35_kappa0.1,1,43,16.220015699887398,16.032284656363505,0.18773104352389325
theta0.35_kappa0.1,1,44,10.204571797681258,12.155630876379931,-1.9510590786986732
theta0.35_kappa0.1,1,45,-1.4357778921334168,-1.606822656153573,0.17104476402015623
theta0.35_kappa0.1,1,46,15.025728885837534,10.8398431249902,4.1858857608473343
theta0.35_kappa0.1,1,47,7.6150504789871345,12.360152845248161,-4.7451023662610261
theta0.35_kappa0.1,1,48,13.482031935049829,11.294003221743033,2.1880287133067959
theta0.35_kappa0.1,1,49,13.093392053395528,13.435645130612237,-0.34225307721670895
theta0.35_kappa0.1,1,50,19.036847401364636,18.23533443466566,0.80151296669897576
theta0.35_kappa0.1,1,51,4.831508696250439,2.7325020202248504,2.0990066760255885
theta0.35_kappa0.1,1,52,16.206918743660371,15.292413281053484,0.91450546260688625
theta0.35_kappa0.1,1,53,6.6834878097122106,10.610165642207964,-3.926677832495753
theta0.35_kappa0.1,1,54,1.2343988783643027,-2.0203938434159365,3.2547927217802393
theta0.35_kappa0.1,1,55,18.18417213500922,18.133252069148909,0.050920065860310615
theta0.35_kappa0.1,1,56,16.382985931159919,16.464366659027995,-0.081380727868076264
theta0.35_kappa0.1,1,57,1.9484063264359208,1.8760765571201037,0.072329769315817138
theta0.35_kappa0.1,1,58,2.0888271711223316,-3.7965417911383663,5.8853689622606975
theta0.35_kappa0.1,1,59,16.497767946037218,14.545045597462073,1.9527223485751453
theta0.35_kappa0.1,1,60,19.433441993975407,20.964320735255161,-1.5308787412797535
theta0.35_kappa0.1,1,61,9.005106342023268,9.9813002066707366,-0.9761938646474686
theta0.35_kappa0.1,1,62,27.847454956179664,28.658016845244724,-0.81056188906505966
theta0.35_kappa0.1,1,63,-2.9831048339613089,-4.5915123037333867,1.6084074697720778
theta0.35_kappa0.1,1,64,-1.2603740371867589,-0.67526826808614904,-0.58510576910060985
theta0.35_kappa0.1,1,65,-2.0756081710120746,-2.2360006001458022,0.16039242913372753
theta0.35_kappa0.1,1,66,-1.4933052142780543,-1.7314364262228066,0.23813121194475229
theta0.35_kappa0.1,1,67,-2.4241567395369761,3.4128981821937003,-5.837054921730676
theta0.35_kappa0.1,1,68,6.2794609180919094,2.2937856610220217,3.9856752570698877
theta0.35_kappa0.1,1,69,15.704560794343932,14.283746417681355,1.4208143766625767
theta0.35_kappa0.1,1,70,13.925488188484666,15.368985195533217,-1.4434970070485509
theta0.35_kappa0.1,1,71,10.208721968868881,11.54688676275946,-1.338164793890579
theta0.35_kappa0.1,1,72,-9.1475477922254953,-2.1073006143899091,-7.0402471778355862
theta0.35_kappa0.1,1,73,4.5342342123606993,5.0611602476302799,-0.52692603526958059
theta0.35_kappa0.1,1,74,3.5409061624268121,5.5570891053388163,-2.0161829429120042
theta0.35_kappa0.1,1,75,17.738161648804287,11.073218702843841,6.6649429459604459
theta0.35_kappa0.1,1,76,8.2478918651379729,14.725803272684471,-6.4779114075464985
theta0.35_kappa0.1,1,77,7.151527750260561,8.7100904019082606,-1.5585626516476996
theta0.35_kappa0.1,1,78,13.759192663757409,10.008899653687251,3.7502930100701573
theta0.35_kappa0.1,1,79,3.4161875550702137,3.2876576560472506,0.12852989902296308
theta0.35_kappa0.1,1,80,11.342043268709279,8.0371629688364585,3.3048802998728206
theta0.35_kappa0.1,1,81,9.5697334473668043,10.594969248267995,-1.025235800901191
theta0.35_kappa0.1,1,82,17.543379009866619,16.549427188229856,0.9939518216367631
theta0.35_kappa0.1,1,83,7.5593460414442628,3.8737235785237889,3.6856224629204739
theta0.35_kappa0.1,1,84,5.0121018997563889,7.7369915725046754,-2.7248896727482865
theta0.35_kappa0.1,1,85,-11.121529638147839,-12.991584827450865,1.8700551893030255
theta0.35_kappa0.1,1,86,3.7972141231995065,7.0673822189077811,-3.2701680957082746
theta0.35_kappa0.1,1,87,1.1728951381313171,-1.0688272214527377,2.2417223595840547
theta0.35_kappa0.1,1,88,7.8863642775988234,8.8230283465821042,-0.93666406898328081
theta0.35_kappa0.1,1,89,4.408793294889592,-1.8704029455168401,6.2791962404064323
theta0.35_kappa0.1,1,90,4.0558035025071515,1.8498860108844748,2.2059174916226767
theta0.35_kappa0.1,1,91,4.5643326092431833,6.8708472006488099,-2.3065145914056266
theta0.35_kappa0.1,1,92,-12.279888538231257,-7.7635906405832031,-4.5162978976480534
theta0.35_kappa0.1,1,93,12.11878196122372,10.147009928570755,1.9717720326529644
theta0.35_kappa0.1,1,94,0.79657667962771672,0.83592677000426274,-0.039350090376546021
theta0.35_kappa0.1,1,95,0.019896858049171798,-1.8999406242782959,1.9198374823274678
theta0.35_kappa0.1,1,96,20.544592851961589,19.175051855908713,1.3695409960528764
theta0.35_kappa0.1,1,97,16.088411810061004,15.500323456710852,0.58808835335015175
theta0.35_kappa0.1,1,98,5.9464480471586505,6.0437080366907381,-0.097259989532087587
theta0.35_kappa0.1,1,99,16.011966954771051,12.285386902706806,3.7265800520642447
theta0.35_kappa0.1,2,0,10.326268522715171,4.8582512834973457,5.4680172392178257
theta0.35_kappa0.1,2,1,0.72055366807545496,-5.0217079528043618,5.742261620879817
theta0.35_kappa0.1,2,2,8.5577161340711747,9.2853193709004636,-0.72760323682928885
theta0.35_kappa0.1,2,3,6.6126708324410073,6.029907026549453,0.5827638058915543
theta0.35_kappa0.1,2,4,9.9793757817285407,7.4641755144465103,2.5152002672820304
theta0.35_kappa0.1,2,5,-3.7263413156068337,-5.5704990234824514,1.8441577078756177
theta0.35_kappa0.1,2,6,30.138607087526378,31.39857483954831,-1.2599677520219323
theta0.35_kappa0.1,2,7,1.6456003250604452,5.4496631324730167,-3.8040628074125715
theta0.35_kappa0.1,2,8,13.303955164727563,11.054745113235196,2.2492100514923674
theta0.35_kappa0.1,2,9,14.69630263334712,14.157737249628831,0.53856538371828933
theta0.35_kappa0.1,2,10,8.7600765351003371,8.4976316280049051,0.262444907095432
theta0.35_kappa0.1,2,11,18.873383704134142,16.861356192170682,2.0120275119634599
theta0.35_kappa0.1,2,12,-0.071041905896773699,-1.3270936597619103,1.2560517538651366
theta0.35_kappa0.1,2,13,5.6708660996095599,5.3925358283811429,0.27833027122841703
theta0.35_kappa0.1,2,14,10.954767598205876,8.9758847131327961,1.9788828850730802
theta0.35_kappa0.1,2,15,9.9279536746906043,10.211078881201392,-0.28312520651078721
theta0.35_kappa0.1,2,16,8.402485945708051,10.864368681369156,-2.4618827356611046
theta0.35_kappa0.1,2,17,-3.3429781937386363,-5.3136144446096285,1.9706362508709923
theta0.35_kappa0.1,2,18,14.883281109117,14.999804112346194,-0.11652300322919373
theta0.35_kappa0.1,2,19,3.2645035662047519,0.84466340745233892,2.4198401587524128
theta0.35_kappa0.1,2,20,1.4086444165349856,3.8229365483393463,-2.4142921318043609
theta0.35_kappa0.1,2,21,-6.8906245274615729,-4.219718240995789,-2.670906286465784
theta0.35_kappa0.1,2,22,12.808473182785548,17.662051376989801,-4.8535781942042533
theta0.35_kappa0.1,2,23,13.761442838132696,12.873847938447156,0.88759489968554028
theta0.35_kappa0.1,2,24,7.9749520100925553,6.1624529969518491,1.8124990131407062
theta0.35_kappa0.1,2,25,19.357448935668938,21.394278720229529,-2.0368297845605916
theta0.35_kappa0.1,2,26,19.778801659635477,24.063208090348752,-4.2844064307132754
theta0.35_kappa0.1,2,27,5.0326401988967833,3.9591065129028258,1.0735336859939575
theta0.35_kappa0.1,2,28,-0.9333512051077224,2.6593776636311963,-3.5927288687389187
theta0.35_kappa0.1,2,29,-6.8521288096177635,-3.385977046632159,-3.4661517629856045
theta0.35_kappa0.1,2,30,4.7656576738092919,3.8842066351465032,0.88145103866278873
theta0.35_kappa0.1,2,31,4.8855102269698181,6.722030367732164,-1.8365201407623459
theta0.35_kappa0.1,2,32,27.540707762120295,27.192389654808935,0.34831810731136059
theta0.35_kappa0.1,2,33,0.132263053053496,-0.32582770404315581,0.45809075709665181
theta0.35_kappa0.1,2,34,9.9205920084183461,11.270671071968597,-1.3500790635502504
theta0.35_kappa0.1,2,35,-10.637598422944929,-8.4871490445237701,-2.1504493784211594
theta0.35_kappa0.1,2,36,17.19431948855587,15.167884051687119,2.0264354368687503
theta0.35_kappa0.1,2,37,5.419422278472771,9.0406485930596006,-3.6212263145868295
theta0.35_kappa0.1,2,38,18.468794137038437,18.420069340027759,0.048724797010677889
theta0.35_kappa0.1,2,39,9.6414744524349754,9.5070048225047152,0.13446962993026013
theta0.35_kappa0.1,2,40,26.725388760664252,26.456327234941465,0.26906152572278685
theta0.35_kappa0.1,2,41,20.087223584335089,21.477301043970893,-1.3900774596358048
theta0.35_kappa0.1,2,42,0.28916398960895812,-3.6097452670024142,3.8989092566113723
theta0.35_kappa0.1,2,43,15.512361726163444,17.738393508175939,-2.2260317820124946
theta0.35_kappa0.1,2,44,7.0302379696485566,3.1984813709823081,3.8317565986662485
theta0.35_kappa0.1,2,45,0.095597866434163598,2.8648487878744495,-2.7692509214402858
theta0.35_kappa0.1,2,46,-7.3631169772087013,-8.2727357154052594,0.90961873819655814
theta0.35_kappa0.1,2,47,9.9889973908572678,7.121573874859684,2.8674235159975838
theta0.35_kappa0.1,2,48,3.6608311423186062,6.2415287771893819,-2.5806976348707757
theta0.35_kappa0.1,2,49,-1.2298308871629151,5.0513809683112969,-6.2812118554742122
theta0.35_kappa0.1,2,50,10.385370808081731,9.3768216888140152,1.0085491192677161
theta0.35_kappa0.1,2,51,-2.434545671953849,-6.130937513733473,3.696391841779624
theta0.35_kappa0.1,2,52,12.814105077587906,10.837712596511331,1.9763924810765747
theta0.35_kappa0.1,2,53,-10.83195283855226,-17.206315644844199,6.3743628062919395
theta0.35_kappa0.1,2,54,-3.1899369941284439,-1.5354941513261566,-1.6544428428022873
theta0.35_kappa0.1,2,55,12.316563437044405,10.136597298646794,2.1799661383976101
theta0.35_kappa0.1,2,56,4.9203902438129372,2.519667906337494,2.4007223374754432
theta0.35_kappa0.1,2,57,2.3866715593631218,-0.43702740267251999,2.8236989620356416
theta0.35_kappa0.1,2,58,18.69820091773807,16.507899189727951,2.1903017280101196
theta0.35_kappa0.1,2,59,5.11324206617134,3.702608960363349,1.4106331058079911
theta0.35_kappa0.1,2,60,6.6712926447493599,10.681128341110297,-4.0098356963609367
theta0.35_kappa0.1,2,61,16.252909899624342,14.38434743401892,1.8685624656054216
theta0.35_kappa0.1,2,62,20.901506064028581,22.336027451765073,-1.434521387736492
theta0.35_kappa0.1,2,63,1.0016396971783552,-3.7195573573391982,4.7211970545175532
theta0.35_kappa0.1,2,64,5.2992029694346598,5.0840104002794613,0.21519256915519858
theta0.35_kappa0.1,2,65,17.109517281860654,14.453734081343653,2.6557832005170017
theta0.35_kappa0.1,2,66,6.5300153391181528,6.5659317971761837,-0.035916458058030898
theta0.35_kappa0.1,2,67,3.930629293030651,4.4869707569928092,-0.55634146396215822
theta0.35_kappa0.1,2,68,5.4071427477755662,6.9902548285470321,-1.5831120807714658
theta0.35_kappa0.1,2,69,21.865043897856857,19.897107183634709,1.967936714222148
theta0.35_kappa0.1,2,70,-4.5329030392209253,-3.3656355469714265,-1.1672674922494988
theta0.35_kappa0.1,2,71,-2.5099345893209968,-3.5551992315799934,1.0452646422589966
theta0.35_kappa0.1,2,72,-6.9228391781756544,-3.0234895053624022,-3.8993496728132522
theta0.35_kappa0.1,2,73,19.05258663290649,17.410568292289334,1.642018340617156
theta0.35_kappa0.1,2,74,2.857022997578726,2.3577356019030749,0.49928739567565117
theta0.35_kappa0.1,2,75,5.7291783479164247,-2.0322190303106211,7.7613973782270458
theta0.35_kappa0.1,2,76,-10.75316432449851,-15.712328024812072,4.959163700313562
theta0.35_kappa0.1,2,77,14.174300140487327,13.73933011402212,0.43497002646520677
theta0.35_kappa0.1,2,78,-3.0320943112933199,-2.0338021734340326,-0.99829213785928728
theta0.35_kappa0.1,2,79,19.387085692059145,16.727482978895289,2.6596027131638564
theta0.35_kappa0.1,2,80,21.226790378472103,22.475203975417035,-1.2484135969449319
theta0.35_kappa0.1,2,81,-1.0676287760127998,2.9784257364919791,-4.0460545125047789
theta0.35_kappa0.1,2,82,5.2951649157038716,4.8207744251446805,0.47439049055919114
theta0.35_kappa0.1,2,83,13.803082329076378,15.132503200890749,-1.3294208718143707
theta0.35_kappa0.1,2,84,6.9991214377142317,9.2247949128923707,-2.2256734751781391
theta0.35_kappa0.1,2,85,1.4257702952411311,0.78590932255709411,0.63986097268403697
theta0.35_kappa0.1,2,86,7.7731363514039327,9.8708003744893755,-2.0976640230854429
theta0.35_kappa0.1,2,87,30.5274107465569,30.737794762093532,-0.21038401553663277
theta0.35_kappa0.1,2,88,9.0141212986671757,7.9914339885288941,1.0226873101382816
theta0.35_kappa0.1,2,89,8.6120616803582521,9.7050607199390644,-1.0929990395808122
theta0.35_kappa0.1,2,90,7.4746704137785587,3.3692247966639677,4.105445617114591
theta0.35_kappa0.1,2,91,6.7753782096100146,8.1936900648557973,-1.4183118552457827
theta0.35_kappa0.1,2,92,21.608556226500689,21.311256386497423,0.29729984000326581
theta0.35_kappa0.1,2,93,28.879835306038828,26.01203305278705,2.867802253251778
theta0.35_kappa0.1,2,94,5.9803666969903961,3.1770427007255218,2.8033239962648744
theta0.35_kappa0.1,2,95,9.1166199687260558,9.6094151685321378,-0.492795199806082
theta0.35_kappa0.1,2,96,-1.3868041573135488,-2.5095759631167018,1.1227718058031531
theta0.35_kappa0.1,2,97,8.4202965484469718,7.7330859494300928,0.68721059901687909
theta0.35_kappa0.1,2,98,15.628244121903242,14.960356412474244,0.66788770942899767
theta0.35_kappa0.1,2,99,4.2672535950196808,5.6841377708735976,-1.4168841758539168
theta0.35_kappa0.1,3,0,2.3311291826884259,2.2034090151073125,0.12772016758111349
theta0.35_kappa0.1,3,1,7.3530991941567558,5.1281071578281114,2.2249920363286444
theta0.35_kappa0.1,3,2,2.2628706434611674,-0.31737291261658163,2.580243556077749
theta0.35_kappa0.1,3,3,8.0800031256206442,11.844958841460796,-3.7649557158401521
theta0.35_kappa0.1,3,4,4.9181613250360874,-1.6875714982751031,6.6057328233111905
theta0.35_kappa0.1,3,5,18.950233509088044,19.384872572524209,-0.43463906343616543
theta0.35_kappa0.1,3,6,2.3168739365268505,2.4799279443630171,-0.16305400783616664
theta0.35_kappa0.1,3,7,12.994707797588839,14.196800687583714,-1.2020928899948746
theta0.35_kappa0.1,3,8,4.4239686685858342,4.5276786031369936,-0.1037099345511594
theta0.35_kappa0.1,3,9,2.5194925136383199,1.6365855498992168,0.88290696373910316
theta0.35_kappa0.1,3,10,13.672181410166948,17.995261202671493,-4.3230797925045454
theta0.35_kappa0.1,3,11,0.84602846099279128,1.639946447040951,-0.79391798604815977
theta0.35_kappa0.1,3,12,0.21854566209736731,-1.9723437252589355,2.1908893873563029
theta0.35_kappa0.1,3,13,6.089574031453945,2.6926859983440683,3.3968880331098767
theta0.35_kappa0.1,3,14,6.6190676959879369,5.572685178145603,1.0463825178423338
theta0.35_kappa0.1,3,15,10.53296870255314,9.2274725901711285,1.305496112382011
theta0.35_kappa0.1,3,16,13.269079649208264,12.902430661629325,0.36664898757893916
theta0.35_kappa0.1,3,17,18.228016048071641,17.53264063495466,0.69537541311698092
theta0.35_kappa0.1,3,18,-0.2180593918779942,0.3973914073874602,-0.61545079926545443
theta0.35_kappa0.1,3,19,1.4154601903144577,0.22540157617400819,1.1900586141404494
theta0.35_kappa0.1,3,20,8.8273771394372833,4.2250037137195644,4.6023734257177189
theta0.35_kappa0.1,3,21,-0.27488390408368651,1.5133431432115376,-1.7882270472952242
theta0.35_kappa0.1,3,22,18.662305757074151,27.12163265211456,-8.4593268950404088
theta0.35_kappa0.1,3,23,10.337147312877496,9.0582926183812873,1.2788546944962089
theta0.35_kappa0.1,3,24,-2.5779806394637883,-3.8296153249946463,1.251634685530858
theta0.35_kappa0.1,3,25,-1.6954119845590832,-3.4238380283154912,1.7284260437564081
theta0.35_kappa0.1,3,26,6.6593946160044952,6.494058247700476,0.16533636830401921
theta0.35_kappa0.1,3,27,-12.904615991359195,-13.431430802460628,0.52681481110143302
theta0.35_kappa0.1,3,28,13.090859990599492,10.404261608925584,2.6865983816739085
theta0.35_kappa0.1,3,29,19.221284591756309,20.95949570790285,-1.738211116146541
theta0.35_kappa0.1,3,30,8.4265492031362417,7.0457216868636241,1.3808275162726176
theta0.35_kappa0.1,3,31,3.5133204354781435,3.6642570078768721,-0.1509365723987286
theta0.35_kappa0.1,3,32,14.683581985750164,11.139112753714164,3.5444692320360005
theta0.35_kappa0.1,3,33,4.8842025034417782,4.9593576658256895,-0.075155162383911289
theta0.35_kappa0.1,3,34,14.255444139649711,17.851030641104686,-3.5955865014549744
theta0.35_kappa0.1,3,35,11.524184472395518,10.288952373203772,1.2352320991917463
theta0.35_kappa0.1,3,36,6.0366305496791348,2.1348885151505463,3.9017420345285885
theta0.35_kappa0.1,3,37,25.687895467960164,26.713701065386793,-1.0258055974266291
theta0.35_kappa0.1,3,38,8.4882254701905602,8.7970694414470536,-0.30884397125649343
theta0.35_kappa0.1,3,39,5.1083018449382873,9.7050619473300834,-4.5967601023917961
theta0.35_kappa0.1,3,40,14.142264491250961,15.443665165091671,-1.3014006738407105
theta0.35_kappa0.1,3,41,0.14406936578558449,3.4646256220691392,-3.3205562562835547
theta0.35_kappa0.1,3,42,19.948682282075811,22.520428345646927,-2.5717460635711156
theta0.35_kappa0.1,3,43,10.397369826127546,8.5929066794333675,1.8044631466941787
theta0.35_kappa0.1,3,44,5.8038443207865056,3.6727309189216975,2.1311134018648081
theta0.35_kappa0.1,3,45,0.8290769659847228,-1.797144459536963,2.6262214255216856
theta0.35_kappa0.1,3,46,23.761647604991524,18.698264128248645,5.063383476742878
theta0.35_kappa0.1,3,47,16.436813914746857,14.883481200641102,1.5533327141057551
theta0.35_kappa0.1,3,48,7.16647351528729,7.0939691719388938,0.072504343348396283
theta0.35_kappa0.1,3,49,23.295294736558908,25.548244666970781,-2.252949930411873
theta0.35_kappa0.1,3,50,9.5582317406342714,4.6541805230265281,4.9040512176077433
theta0.35_kappa0.1,3,51,21.822269406888076,24.268880161918791,-2.446610755030715
theta0.35_kappa0.1,3,52,-3.0720818103013743,-3.0615038326748372,-0.010577977626537116
theta0.35_kappa0.1,3,53,24.510095180925038,23.432022087720934,1.0780730932041038
theta0.35_kappa0.1,3,54,4.5889056389343148,6.8465542188357862,-2.2576485799014714
theta0.35_kappa0.1,3,55,-3.5974832568171951,2.2920585424408784,-5.8895417992580734
theta0.35_kappa0.1,3,56,-0.55749302525106037,-3.0438421029062885,2.4863490776552282
theta0.35_kappa0.1,3,57,21.811396776609868,19.911150233675237,1.9002465429346316
theta0.35_kappa0.1,3,58,9.3761033763049557,11.797967610018871,-2.4218642337139151
theta0.35_kappa0.1,3,59,13.890999034437254,11.212216347436369,2.6787826870008846
theta0.35_kappa0.1,3,60,5.2261323013663787,6.2356424729089994,-1.0095101715426207
theta0.35_kappa0.1,3,61,3.3545675004588622,2.45728423692624,0.89728326353262222
theta0.35_kappa0.1,3,62,19.165429111357771,19.054300778366041,0.1111283329917292
theta0.35_kappa0.1,3,63,8.2571302726606088,3.700033671468824,4.5570966011917848
theta0.35_kappa0.1,3,64,6.6087168281626685,9.7649889450632834,-3.1562721169006149
theta0.35_kappa0.1,3,65,21.592825067438579,18.752298473007084,2.8405265944314948
theta0.35_kappa0.1,3,66,3.0187752074434262,1.947220711169475,1.0715544962739512
theta0.35_kappa0.1,3,67,13.431211370874298,10.94712942487679,2.4840819459975076
theta0.35_kappa0.1,3,68,-3.5957067792222368,0.8321191407512889,-4.4278259199735253
theta0.35_kappa0.1,3,69,13.013221425543286,11.752314072259711,1.2609073532835744
theta0.35_kappa0.1,3,70,-3.2472911069952559,-3.2833618396600253,0.036070732664769345
theta0.35_kappa0.1,3,71,6.0485924678119662,3.9671291316609452,2.0814633361510211
theta0.35_kappa0.1,3,72,23.659045800543993,21.836240752249623,1.8228050482943701
theta0.35_kappa0.1,3,73,6.786253461195173,11.574813101988941,-4.7885596407937676
theta0.35_kappa0.1,3,74,15.187398596646119,11.690285464246434,3.4971131323996847
theta0.35_kappa0.1,3,75,16.239748232443535,17.28997363707726,-1.0502254046337249
theta0.35_kappa0.1,3,76,20.526361243805557,18.825760778382744,1.7006004654228128
theta0.35_kappa0.1,3,77,8.2632747814993888,10.981037190353584,-2.7177624088541954
theta0.35_kappa0.1,3,78,1.4955019826322111,6.0736606186051159,-4.5781586359729047
theta0.35_kappa0.1,3,79,10.212619665777151,10.623903941125937,-0.41128427534878575
theta0.35_kappa0.1,3,80,2.3629850727969002,2.4314706739632399,-0.068485601166339727
theta0.35_kappa0.1,3,81,14.279130492342064,18.197651446623524,-3.9185209542814601
theta0.35_kappa0.1,3,82,-12.700751433312121,-12.594100243785276,-0.10665118952684516
theta0.35_kappa0.1,3,83,4.0881392589192709,3.5362357674691207,0.55190349145015016
theta0.35_kappa0.1,3,84,-4.2417636932920812,-1.5153176964472419,-2.7264459968448396
theta0.35_kappa0.1,3,85,28.379086631923517,27.768150500494219,0.61093613142929826
theta0.35_kappa0.1,3,86,7.6872679554136196,3.6070858856419505,4.0801820697716691
theta0.35_kappa0.1,3,87,4.761702478018675,7.6425551039070569,-2.880852625888382
theta0.35_kappa0.1,3,88,18.387445815973859,18.728467075180703,-0.34102125920684401
theta0.35_kappa0.1,3,89,3.3177050864132331,3.7404531040788469,-0.42274801766561376
theta0.35_kappa0.1,3,90,9.5129461546161913,12.476251350615875,-2.9633051959996841
theta0.35_kappa0.1,3,91,9.5626777855851888,6.3815216310264731,3.1811561545587157
theta0.35_kappa0.1,3,92,22.478642576330849,21.450483867375027,1.0281587089558215
theta0.35_kappa0.1,3,93,21.90104972050279,19.377019834693389,2.5240298858094015
theta0.35_kappa0.1,3,94,-0.57523397475232474,1.3194943033810784,-1.8947282781334032
theta0.35_kappa0.1,3,95,-13.703904307840672,-12.673782624393091,-1.0301216834475806
theta0.35_kappa0.1,3,96,11.460181693331656,12.166004189611902,-0.70582249628024663
theta0.35_kappa0.1,3,97,4.8508920570157645,5.0943985603141844,-0.24350650329841983
theta0.35_kappa0.1,3,98,-4.6961200513687871,-4.8956945711940101,0.19957451982522301
theta0.35_kappa0.1,3,99,5.8866875584451002,4.5495939604560807,1.3370935979890195
theta0.35_kappa0.1,4,0,10.828420092623992,13.959642523038426,-3.131222430414434
theta0.35_kappa0.1,4,1,9.1808389823643459,8.737928581449653,0.44291040091469291
theta0.35_kappa0.1,4,2,15.495568237172428,17.346520904132785,-1.8509526669603567
theta0.35_kappa0.1,4,3,12.819565951247604,12.239721199153131,0.57984475209447339
theta0.35_kappa0.1,4,4,16.198280874818131,12.399756655821529,3.7985242189966026
theta0.35_kappa0.1,4,5,-4.7179400503080622,-5.018697717277214,0.30075766696915185
theta0.35_kappa0.1,4,6,18.30000543092309,19.492856496268431,-1.1928510653453408
theta0.35_kappa0.1,4,7,19.166274245137952,20.329265380925033,-1.162991135787081
theta0.35_kappa0.1,4,8,29.266236588020323,30.785087721832653,-1.5188511338123298
theta0.35_kappa0.1,4,9,29.830239535076227,30.772058248392497,-0.94181871331626965
theta0.35_kappa0.1,4,10,-1.2461760641883084,-0.5322207348040684,-0.71395532938424
theta0.35_kappa0.1,4,11,10.241862126340138,10.41230740748901,-0.17044528114887214
theta0.35_kappa0.1,4,12,-0.87040182635920438,0.54872058257865408,-1.4191224089378585
theta0.35_kappa0.1,4,13,-2.3537166285579634,1.2487647836168323,-3.6024814121747957
theta0.35_kappa0.1,4,14,-2.503289225068912,-2.615635827315514,0.11234660224660198
theta0.35_kappa0.1,4,15,4.8102974884467411,4.0175407998417603,0.79275668860498083
theta0.35_kappa0.1,4,16,-7.0526175869936987,-11.493199093009199,4.4405815060155005
theta0.35_kappa0.1,4,17,12.743410978714037,14.550546009364334,-1.8071350306502971
theta0.35_kappa0.1,4,18,2.5197938904851935,4.8326848271628213,-2.3128909366776278
theta0.35_kappa0.1,4,19,9.9290175810871517,9.5229929805807618,0.40602460050638989
theta0.35_kappa0.1,4,20,14.181934839463718,14.254213181074157,-0.072278341610438446
theta0.35_kappa0.1,4,21,4.802451508551596,3.6312608611887822,1.1711906473628138
theta0.35_kappa0.1,4,22,-8.7328337509359049,-10.54091601919367,1.8080822682577651
theta0.35_kappa0.1,4,23,12.559659655836835,10.063664521645446,2.4959951341913893
theta0.35_kappa0.1,4,24,17.997509359219276,19.725881849391371,-1.7283724901720952
theta0.35_kappa0.1,4,25,3.9290198184442242,6.7326568909693822,-2.803637072525158
theta0.35_kappa0.1,4,26,-6.5633560561078381,-4.0919613799583496,-2.4713946761494885
theta0.35_kappa0.1,4,27,-1.209253828288777,0.172895066048665,-1.382148894337442
theta0.35_kappa0.1,4,28,3.8635084393738177,1.4196254531514312,2.4438829862223868
theta0.35_kappa0.1,4,29,9.4968962539689095,3.0935075787419262,6.4033886752269833
theta0.35_kappa0.1,4,30,-3.1852958413811558,-3.1676068430279667,-0.017688998353189156
theta0.35_kappa0.1,4,31,15.163193085355044,18.366313430220377,-3.2031203448653329
theta0.35_kappa0.1,4,32,15.809933269680256,15.40139786094546,0.40853540873479588
theta0.35_kappa0.1,4,33,13.074307489301566,13.355254168795728,-0.28094667949416241
theta0.35_kappa0.1,4,34,3.258853668364365,3.696689818422378,-0.43783615005801302
theta0.35_kappa0.1,4,35,16.525710954637688,13.203169233212714,3.3225417214249742
theta0.35_kappa0.1,4,36,21.802190703810009,19.490957619779024,2.3112330840309845
theta0.35_kappa0.1,4,37,8.5289211499216631,6.4889179714648506,2.0400031784568124
theta0.35_kappa0.1,4,38,-3.5104498740972714,-2.7842395370059356,-0.72621033709133576
theta0.35_kappa0.1,4,39,9.4580108150705833,8.4072772581069533,1.05073355696363
theta0.35_kappa0.1,4,40,20.055199407761855,16.646834439452846,3.4083649683090087
theta0.35_kappa0.1,4,41,10.670567999963476,11.771333114206092,-1.1007651142426162
theta0.35_kappa0.1,4,42,-4.9266065373806747,-4.2988431236752565,-0.62776341370541822
theta0.35_kappa0.1,4,43,-1.5144748761489928,-1.7128598780194615,0.1983850018704687
theta0.35_kappa0.1,4,44,11.862252777661674,17.755529922447231,-5.8932771447855572
theta0.35_kappa0.1,4,45,2.9780505226910763,5.8212504669114136,-2.8431999442203373
theta0.35_kappa0.1,4,46,2.1650865874928118,4.7767888665972285,-2.6117022791044167
theta0.35_kappa0.1,4,47,0.76270230566882691,3.9214175107100089,-3.1587152050411822
theta0.35_kappa0.1,4,48,3.2203790326175512,1.3623718490789432,1.8580071835386081
theta0.35_kappa0.1,4,49,-5.0265691253650919,-6.1168398727163229,1.090270747351231
theta0.35_kappa0.1,4,50,11.321420420992323,8.9502894622380307,2.3711309587542928
theta0.35_kappa0.1,4,51,30.705373515303481,27.572932154249312,3.1324413610541697
theta0.35_kappa0.1,4,52,16.523552086540199,14.166283736658798,2.3572683498814015
theta0.35_kappa0.1,4,53,9.3098982034412678,11.303595897042296,-1.9936976936010282
theta0.35_kappa0.1,4,54,12.765413840997867,11.134961104522096,1.630452736475771
theta0.35_kappa0.1,4,55,15.092945171353028,13.593961665758084,1.4989835055949445
theta0.35_kappa0.1,4,56,12.619133286202803,13.517507878414944,-0.89837459221214111
theta0.35_kappa0.1,4,57,5.1461185068440178,4.6304822930373835,0.51563621380663438
theta0.35_kappa0.1,4,58,2.9776921290377993,5.429451890513481,-2.4517597614756816
theta0.35_kappa0.1,4,59,5.0674124650091068,-0.45328270630458251,5.5206951713136894
theta0.35_kappa0.1,4,60,12.18604291010738,7.0511202063466518,5.1349227037607283
theta0.35_kappa0.1,4,61,14.016253798280422,9.7206609465954354,4.2955928516849866
theta0.35_kappa0.1,4,62,6.7870108608224262,6.3487073026097427,0.43830355821268352
theta0.35_kappa0.1,4,63,-0.39246625614109321,-1.6473084101045772,1.254842153963484
theta0.35_kappa0.1,4,64,8.8307616101791861,12.380778523374586,-3.5500169131953996
theta0.35_kappa0.1,4,65,5.9061635197820896,3.7908879005121281,2.1152756192699615
theta0.35_kappa0.1,4,66,19.936580395383626,21.142037413028657,-1.2054570176450312
theta0.35_kappa0.1,4,67,10.819150531875296,9.9747056459263792,0.84444488594891709
theta0.35_kappa0.1,4,68,16.197672515728282,17.872225984983622,-1.6745534692553399
theta0.35_kappa0.1,4,69,-3.6695860595697178,-2.4304095578894538,-1.2391765016802641
theta0.35_kappa0.1,4,70,16.544994338080357,12.711510360722173,3.8334839773581848
theta0.35_kappa0.1,4,71,-2.5869948764306638,-4.2772046226283233,1.6902097461976595
theta0.35_kappa0.1,4,72,9.3773821594588078,8.6260619902107791,0.75132016924802869
theta0.35_kappa0.1,4,73,2.9151410191295009,4.4800501638784631,-1.5649091447489623
theta0.35_kappa0.1,4,74,5.8586823981318847,7.7291080997550994,-1.8704257016232146
theta0.35_kappa0.1,4,75,26.390806510895576,28.165897773601458,-1.7750912627058817
theta0.35_kappa0.1,4,76,21.15659232416747,19.53608374236773,1.62050858179974
theta0.35_kappa0.1,4,77,6.5155408626098552,9.9022637687531283,-3.3867229061432731
theta0.35_kappa0.1,4,78,7.0137072263159714,8.6933221597239445,-1.6796149334079731
theta0.35_kappa0.1,4,79,15.243817805524415,19.760645979518575,-4.5168281739941598
theta0.35_kappa0.1,4,80,10.606837601924344,10.035334655380767,0.57150294654357658
theta0.35_kappa0.1,4,81,20.42502026152679,19.024895560205536,1.4001247013212534
theta0.35_kappa0.1,4,82,0.69846433988854184,1.0900323293252847,-0.39156798943674287
theta0.35_kappa0.1,4,83,15.778724349204063,18.475385280311649,-2.6966609311075853
theta0.35_kappa0.1,4,84,26.61043490877141,29.676642915030907,-3.0662080062594974
theta0.35_kappa0.1,4,85,15.509357807668447,15.319139805722063,0.19021800194638416
theta0.35_kappa0.1,4,86,-1.5813001672188891,-5.0885293855263898,3.5072292183075007
theta0.35_kappa0.1,4,87,5.5688679977076054,3.7598834465813895,1.8089845511262159
theta0.35_kappa0.1,4,88,7.8596747602730996,8.7902722207209543,-0.93059746044785463
theta0.35_kappa0.1,4,89,3.6082098743156745,0.6683391967577299,2.9398706775579448
theta0.35_kappa0.1,4,90,11.153654317887405,14.794204464742442,-3.6405501468550376
theta0.35_kappa0.1,4,91,14.767328028791113,13.018163777787436,1.7491642510036769
theta0.35_kappa0.1,4,92,-3.1964644848506567,-2.1707669787492159,-1.0256975061014408
theta0.35_kappa0.1,4,93,0.70315206957605558,-1.4266921685429552,2.129844238119011
theta0.35_kappa0.1,4,94,18.459646172090981,16.14987963149748,2.3097665405935004
theta0.35_kappa0.1,4,95,11.472249059564948,12.229200234548944,-0.75695117498399611
theta0.35_kappa0.1,4,96,16.214524244545832,14.278613945561256,1.9359102989845756
theta0.35_kappa0.1,4,97,-6.6285835076579875,-7.4367616048430332,0.80817809718504563
theta0.35_kappa0.1,4,98,8.8441641048796686,12.951688881924982,-4.1075247770453132
theta0.35_kappa0.1,4,99,36.316227406792592,36.648073501343355,-0.33184609455076242
theta0.35_kappa0.1,5,0,1.3769137020397155,1.7808647441711198,-0.40395104213140431
theta0.35_kappa0.1,5,1,24.745073484253822,28.042729290241869,-3.2976558059880468
theta0.35_kappa0.1,5,2,6.6809229198547619,3.596164954474649,3.0847579653801129
theta0.35_kappa0.1,5,3,0.56779230372825462,2.3554696808708973,-1.7876773771426426
theta0.35_kappa0.1,5,4,4.450750553697767,4.5787193182042039,-0.12796876450643691
theta0.35_kappa0.1,5,5,6.6400109016074849,0.52679092175244291,6.1132199798550424
theta0.35_kappa0.1,5,6,2.4150541409105362,1.4866825839369513,0.92837155697358487
theta0.35_kappa0.1,5,7,7.9951775121079871,6.7684343094897903,1.2267432026181968
theta0.35_kappa0.1,5,8,4.6344857088836218,4.8261643253518338,-0.19167861646821205
theta0.35_kappa0.1,5,9,6.2611131038083725,11.269651005020854,-5.008537901212482
theta0.35_kappa0.1,5,10,-5.6829661390298281,-6.1527298554278529,0.46976371639802483
theta0.35_kappa0.1,5,11,20.97330137283463,20.388080287874317,0.58522108496031322
theta0.35_kappa0.1,5,12,8.8690768037691594,8.9044463826487874,-0.035369578879627994
theta0.35_kappa0.1,5,13,8.6327593403993159,8.8313694068441659,-0.19861006644485002
theta0.35_kappa0.1,5,14,16.809101517599338,17.389740823708873,-0.58063930610953562
theta0.35_kappa0.1,5,15,11.810541840624584,13.70338037034108,-1.8928385297164958
theta0.35_kappa0.1,5,16,17.124282922731798,10.926947494623484,6.1973354281083139
theta0.35_kappa0.1,5,17,18.463223499856987,17.806251108576067,0.65697239128092022
theta0.35_kappa0.1,5,18,12.561440407371611,10.52194062293262,2.0394997844389913
theta0.35_kappa0.1,5,19,14.151425683363049,16.423086168388632,-2.271660485025583
theta0.35_kappa0.1,5,20,7.24701557006422,6.8547602799457552,0.39225529011846483
theta0.35_kappa0.1,5,21,5.5435360751736802,8.0842975812615148,-2.5407615060878346
theta0.35_kappa0.1,5,22,13.144555284658161,10.05904602484858,3.0855092598095801
theta0.35_kappa0.1,5,23,-2.0407106485192936,-8.6138717334261301,6.573161084906836
theta0.35_kappa0.1,5,24,-2.2702732474363758,-1.1427073171231923,-1.1275659303131835
theta0.35_kappa0.1,5,25,6.9105625756861295,7.2378875133345471,-0.32732493764841752
theta0.35_kappa0.1,5,26,17.401220432735212,14.176432050474686,3.2247883822605257
theta0.35_kappa0.1,5,27,9.629727516864742,9.1009571863349077,0.52877033052983435
theta0.35_kappa0.1,5,28,3.2403092568708391,-2.778791108423142,6.0191003652939816
theta0.35_kappa0.1,5,29,-11.765325365601267,-10.12667678865639,-1.6386485769448775
theta0.35_kappa0.1,5,30,3.1374971743729398,3.0152915161928311,0.12220565818010876
theta0.35_kappa0.1,5,31,23.665141833207315,19.635278169989057,4.0298636632182578
theta0.35_kappa0.1,5,32,-1.5211517593320978,-0.86528118979089774,-0.65587056954120004
theta0.35_kappa0.1,5,33,28.217234517661339,29.620113580669379,-1.4028790630080401
theta0.35_kappa0.1,5,34,-0.0022485827479102999,-1.9502474298437156,1.9479988470958052
theta0.35_kappa0.1,5,35,16.966063544027001,9.4763626621976673,7.489700881829334
theta0.35_kappa0.1,5,36,-1.0458724931049641,-4.1136157349447275,3.0677432418397634
theta0.35_kappa0.1,5,37,-9.5595276772823379,-6.6656138604244219,-2.8939138168579159
theta0.35_kappa0.1,5,38,13.243979765642075,12.716394093521361,0.52758567212071483
theta0.35_kappa0.1,5,39,15.29075817302939,15.528320944592998,-0.23756277156360817
theta0.35_kappa0.1,5,40,31.035220912262119,32.243040398021719,-1.2078194857596003
theta0.35_kappa0.1,5,41,1.1165617631985978,5.1238273512779324,-4.0072655880793349
theta0.35_kappa0.1,5,42,16.951788142036683,19.122639452436857,-2.1708513104001739
theta0.35_kappa0.1,5,43,8.3023092846842665,12.542821326362787,-4.2405120416785209
theta0.35_kappa0.1,5,44,24.595558580214512,23.748531839677508,0.84702674053700377
theta0.35_kappa0.1,5,45,8.4763967845292942,8.9067990065048743,-0.43040222197558009
theta0.35_kappa0.1,5,46,17.641895121354288,19.06541690891618,-1.4235217875618922
theta0.35_kappa0.1,5,47,-3.5338473196525819,-1.7505994245508738,-1.7832478951017081
theta0.35_kappa0.1,5,48,17.864773193469379,22.356625179713198,-4.4918519862438195
theta0.35_kappa0.1,5,49,13.009362263050829,12.226723490354038,0.7826387726967905
theta0.35_kappa0.1,5,50,6.7217444150028172,4.5711364888582438,2.1506079261445734
theta0.35_kappa0.1,5,51,8.8507096180388221,11.250055788106492,-2.3993461700676697
theta0.35_kappa0.1,5,52,14.971400692264766,17.351648451005797,-2.3802477587410316
theta0.35_kappa0.1,5,53,11.643977895872688,19.099660092676466,-7.4556821968037781
theta0.35_kappa0.1,5,54,15.935774433028721,17.800388757330509,-1.8646143243017885
theta0.35_kappa0.1,5,55,14.446698567937988,11.68865069171167,2.7580478762263176
theta0.35_kappa0.1,5,56,26.615471650507381,23.783487392144476,2.8319842583629047
theta0.35_kappa0.1,5,57,-4.1598773152195356,-6.3854427881541449,2.2255654729346093
theta0.35_kappa0.1,5,58,23.321005972350441,21.002051738678396,2.318954233672045
theta0.35_kappa0.1,5,59,24.597988525048223,27.574476426947637,-2.9764879018994144
theta0.35_kappa0.1,5,60,4.5003535280538429,5.1883341385938468,-0.68798061054000392
theta0.35_kappa0.1,5,61,-9.1467744512333908,-11.526346556207711,2.3795721049743204
theta0.35_kappa0.1,5,62,27.370082440773803,29.978049141262098,-2.6079667004882943
theta0.35_kappa0.1,5,63,1.1528299112519855,-1.7305892907880445,2.88341920204003
theta0.35_kappa0.1,5,64,30.719656606446133,31.086171804580623,-0.36651519813448985
theta0.35_kappa0.1,5,65,22.719390452479825,21.406276522828072,1.3131139296517524
theta0.35_kappa0.1,5,66,10.055041123189175,7.6767611738163559,2.3782799493728195
theta0.35_kappa0.1,5,67,7.0516836749269176,2.667937033903625,4.3837466410232926
theta0.35_kappa0.1,5,68,13.870771828969859,18.194297735047353,-4.323525906077494
theta0.35_kappa0.1,5,69,7.2314855417032433,10.248559248516909,-3.0170737068136653
theta0.35_kappa0.1,5,70,17.990542481479881,14.61175999673668,3.3787824847432013
theta0.35_kappa0.1,5,71,-2.8502103088077075,-11.100434015026831,8.2502237062191242
theta0.35_kappa0.1,5,72,7.5490752541248032,8.8631263606835002,-1.3140511065586971
theta0.35_kappa0.1,5,73,22.897514550247351,19.5114381870439,3.3860763632034505
theta0.35_kappa0.1,5,74,3.3673811561390972,-1.6907056980065271,5.0580868541456248
theta0.35_kappa0.1,5,75,14.529430775319614,16.371965714312459,-1.8425349389928449
theta0.35_kappa0.1,5,76,4.2759611504053794,6.2915600103420948,-2.0155988599367154
theta0.35_kappa0.1,5,77,26.792144847565851,31.490658782806435,-4.6985139352405838
theta0.35_kappa0.1,5,78,1.4932516481858591,3.1285062228085039,-1.6352545746226448
theta0.35_kappa0.1,5,79,8.2084254944898873,6.5687226881747769,1.6397028063151105
theta0.35_kappa0.1,5,80,-9.0624030472919834,-11.278809400137629,2.2164063528456452
theta0.35_kappa0.1,5,81,10.78786728609399,18.846534544389208,-8.0586672582952179
theta0.35_kappa0.1,5,82,11.760327684245416,12.554068970000149,-0.79374128575473257
theta0.35_kappa0.1,5,83,14.06480101847816,16.470347450833039,-2.4055464323548783
theta0.35_kappa0.1,5,84,-5.9251161539025166,-4.3285926352438509,-1.5965235186586657
theta0.35_kappa0.1,5,85,22.082295056153445,20.24052218546116,1.8417728706922851
theta0.35_kappa0.1,5,86,7.2329683866994943,7.8015294865237461,-0.56856109982425185
theta0.35_kappa0.1,5,87,0.40218639024510972,5.7008459322235678,-5.2986595419784583
theta0.35_kappa0.1,5,88,25.979100668320054,16.388151228961007,9.5909494393590471
theta0.35_kappa0.1,5,89,32.267546232616596,27.410580697132929,4.8569655354836669
theta0.35_kappa0.1,5,90,21.317520229485321,21.225350202346178,0.092170027139143684
theta0.35_kappa0.1,5,91,3.3735425508231067,-1.3147988305547016,4.6883413813778088
theta0.35_kappa0.1,5,92,4.7011428931415482,5.381082203035092,-0.67993930989354379
theta0.35_kappa0.1,5,93,12.318864715310928,13.302225308166539,-0.98336059285561106
theta0.35_kappa0.1,5,94,-3.0875194867598754,-7.2652451914348681,4.1777257046749927
theta0.35_kappa0.1,5,95,14.840629898681206,15.783010142184439,-0.94238024350323357
theta0.35_kappa0.1,5,96,-10.518737933710629,-11.994825547245783,1.4760876135351548
theta0.35_kappa0.1,5,97,6.1829614152970436,6.9326908770209315,-0.74972946172388788
theta0.35_kappa0.1,5,98,12.396699683388707,13.747906245712819,-1.3512065623241121
theta0.35_kappa0.1,5,99,7.5337439604390237,10.081537829698531,-2.5477938692595075
theta0.35_kappa0.1,6,0,19.302887045157547,15.90851557478577,3.3943714703717767
theta0.35_kappa0.1,6,1,23.191176324173131,19.874655095430089,3.3165212287430421
theta0.35_kappa0.1,6,2,7.4707677581891883,6.9307493701800755,0.54001838800911273
theta0.35_kappa0.1,6,3,1.7897180763962697,3.2402692364140719,-1.4505511600178023
theta0.35_kappa0.1,6,4,18.351874372581118,20.272647856116489,-1.9207734835353705
theta0.35_kappa0.1,6,5,10.582346130735139,8.5434126395062542,2.0389334912288852
theta0.35_kappa0.1,6,6,-4.1084817428143037,1.4757719895763222,-5.5842537323906258
theta0.35_kappa0.1,6,7,17.125413400994621,22.308647477992025,-5.1832340769974046
theta0.35_kappa0.1,6,8,6.4785708563009621,0.74328248787504414,5.7352883684259179
theta0.35_kappa0.1,6,9,11.950470638676396,8.3133011032359292,3.6371695354404672
theta0.35_kappa0.1,6,10,4.3800716105254018,3.0596365893660105,1.3204350211593914
theta0.35_kappa0.1,6,11,12.691074720492312,11.881177869450166,0.80989685104214537
theta0.35_kappa0.1,6,12,-0.56742054165265832,-1.3072933801775308,0.73987283852487251
theta0.35_kappa0.1,6,13,7.3945645819764003,10.210041175034242,-2.8154765930578414
theta0.35_kappa0.1,6,14,-1.8491572965076593,0.79039117716122553,-2.639548473668885
theta0.35_kappa0.1,6,15,20.517528564644355,17.491963177694409,3.0255653869499461
theta0.35_kappa0.1,6,16,15.330095555971043,14.76852671796706,0.56156883800398383
theta0.35_kappa0.1,6,17,15.230013511172569,13.584455713252151,1.6455577979204179
theta0.35_kappa0.1,6,18,13.352221831397689,18.444632267989221,-5.0924104365915319
theta0.35_kappa0.1,6,19,-0.87240985521871339,-1.5519900585884645,0.67958020336975111
theta0.35_kappa0.1,6,20,13.14916658742359,11.838154701499796,1.3110118859237936
theta0.35_kappa0.1,6,21,12.080625238079527,14.117102758100575,-2.0364775200210481
theta0.35_kappa0.1,6,22,-11.828352994354784,-12.917873249133111,1.0895202547783267
theta0.35_kappa0.1,6,23,1.2796479739575726,0.2218892120757982,1.0577587618817743
theta0.35_kappa0.1,6,24,20.878636198518201,21.353524045086484,-0.47488784656828287
theta0.35_kappa0.1,6,25,10.073849714214688,8.7139181587671288,1.3599315554475595
theta0.35_kappa0.1,6,26,6.4675491893402706,4.8989821629598174,1.5685670263804532
theta0.35_kappa0.1,6,27,12.488429002234833,12.508308819535468,-0.019879817300635594
theta0.35_kappa0.1,6,28,13.132177635136264,18.415455648673053,-5.2832780135367887
theta0.35_kappa0.1,6,29,10.734444407253442,16.230600504900078,-5.4961560976466366
theta0.35_kappa0.1,6,30,19.537416363804137,20.002841826455427,-0.46542546265128948
theta0.35_kappa0.1,6,31,12.474317784605882,12.036834841666334,0.43748294293954793
theta0.35_kappa0.1,6,32,1.4402700284042984,2.9355309406398025,-1.4952609122355041
theta0.35_kappa0.1,6,33,-0.10402058597242279,-0.60454531556320212,0.50052472959077932
theta0.35_kappa0.1,6,34,-7.3740059676001986,-6.391048899508263,-0.9829570680919355
theta0.35_kappa0.1,6,35,16.163177319632513,15.043295668695066,1.1198816509374474
theta0.35_kappa0.1,6,36,3.2281302466015673,6.7031547227485477,-3.4750244761469804
theta0.35_kappa0.1,6,37,9.2053310604016616,2.3553971439340202,6.8499339164676414
theta0.35_kappa0.1,6,38,7.5454698208096227,6.3544018759428536,1.1910679448667691
theta0.35_kappa0.1,6,39,9.2292689968484396,6.6073287065189472,2.6219402903294924
theta0.35_kappa0.1,6,40,-2.3188299956844394,-1.2526338189272637,-1.0661961767571757
theta0.35_kappa0.1,6,41,12.372556613493558,14.644144373028556,-2.2715877595349987
theta0.35_kappa0.1,6,42,11.055282677702028,10.627566683969787,0.42771599373224056
theta0.35_kappa0.1,6,43,15.445232890551068,19.245197489474499,-3.799964598923431
theta0.35_kappa0.1,6,44,27.801081849429025,25.077465423766583,2.723616425662442
theta0.35_kappa0.1,6,45,8.2728021185847975,5.2677141366325122,3.0050879819522853
theta0.35_kappa0.1,6,46,27.595733387300605,22.093062276588348,5.5026711107122566
theta0.35_kappa0.1,6,47,17.127357591784964,17.182763450428347,-0.055405858643382544
theta0.35_kappa0.1,6,48,-2.001815508804214,-3.4139277865187134,1.4121122777144994
theta0.35_kappa0.1,6,49,0.72588315100335121,3.2574663463826283,-2.5315831953792771
theta0.35_kappa0.1,6,50,9.3715007956859804,10.651750020126078,-1.280249224440098
theta0.35_kappa0.1,6,51,-12.038768986360328,-9.9487882227421842,-2.0899807636181436
theta0.35_kappa0.1,6,52,9.5943685244103278,13.104942571027356,-3.5105740466170285
theta0.35_kappa0.1,6,53,13.279688112151089,16.814904218390332,-3.5352161062392433
theta0.35_kappa0.1,6,54,8.1908255782666242,9.9029803355478965,-1.7121547572812723
theta0.35_kappa0.1,6,55,16.027286141899975,17.244394855212338,-1.2171087133123635
theta0.35_kappa0.1,6,56,6.5967661793313823,7.5889734082150389,-0.99220722888365653
theta0.35_kappa0.1,6,57,10.72373857440957,12.577790602779189,-1.8540520283696189
theta0.35_kappa0.1,6,58,-2.4517277802922246,-2.8265261320597839,0.37479835176755927
theta0.35_kappa0.1,6,59,4.1158057014665097,5.6709001239109567,-1.555094422444447
theta0.35_kappa0.1,6,60,3.3871583621963572,6.0628337328078148,-2.6756753706114575
theta0.35_kappa0.1,6,61,14.16820028219464,12.67863367662703,1.4895666055676102
theta0.35_kappa0.1,6,62,5.3386831506631154,4.9935522560520198,0.34513089461109558
theta0.35_kappa0.1,6,63,18.179185312455605,18.866567137127735,-0.68738182467212994
theta0.35_kappa0.1,6,64,15.091617580489352,12.795980214999529,2.2956373654898226
theta0.35_kappa0.1,6,65,0.2359927362530507,2.3050637057621315,-2.069070969509081
theta0.35_kappa0.1,6,66,9.2586625946953394,9.3878613814137886,-0.1291987867184492
theta0.35_kappa0.1,6,67,8.5380290943470882,8.8132195027653655,-0.27519040841827724
theta0.35_kappa0.1,6,68,22.623857756170285,23.819441761037268,-1.1955840048669835
theta0.35_kappa0.1,6,69,-13.885297666121332,-7.3674641030578281,-6.5178335630635038
theta0.35_kappa0.1,6,70,9.4768672436482682,11.891949562103209,-2.4150823184549406
theta0.35_kappa0.1,6,71,7.8758746639764778,7.6944775045164082,0.18139715946006962
theta0.35_kappa0.1,6,72,4.5586774147834239,6.0434606636518904,-1.4847832488684665
theta0.35_kappa0.1,6,73,2.7569168898906646,1.0927837802041585,1.6641331096865062
theta0.35_kappa0.1,6,74,14.845996294473538,13.141806699931186,1.7041895945423526
theta0.35_kappa0.1,6,75,5.1560637532033224,8.1692505690469126,-3.0131868158435902
theta0.35_kappa0.1,6,76,24.514335657015405,29.698791740320129,-5.184456083304724
theta0.35_kappa0.1,6,77,22.631675880639975,15.033954055706111,7.5977218249338634
theta0.35_kappa0.1,6,78,16.924893485461261,15.852106874880864,1.0727866105803976
theta0.35_kappa0.1,6,79,13.250171040769011,8.3544332406620754,4.8957378001069358
theta0.35_kappa0.1,6,80,5.3780934692946216,6.3983309683511944,-1.0202374990565728
theta0.35_kappa0.1,6,81,19.459602092953943,17.432577898415538,2.0270241945384058
theta0.35_kappa0.1,6,82,14.442747731843728,15.364636884331928,-0.92188915248820003
theta0.35_kappa0.1,6,83,3.9546068674517949,5.6609450411040951,-1.7063381736523002
theta0.35_kappa0.1,6,84,24.766254806100939,22.866871255185107,1.8993835509158323
theta0.35_kappa0.1,6,85,0.77583102526168313,0.086644132843695695,0.68918689241798747
theta0.35_kappa0.1,6,86,11.423573785904209,10.521950158955258,0.90162362694895037
theta0.35_kappa0.1,6,87,13.419879966560105,12.707939757125271,0.71194020943483416
theta0.35_kappa0.1,6,88,7.7860682677345254,7.9785608671252035,-0.19249259939067809
theta0.35_kappa0.1,6,89,-6.2040875706554219,-3.3774342991093889,-2.8266532715460331
theta0.35_kappa0.1,6,90,14.67640871977324,15.163533052815891,-0.4871243330426509
theta0.35_kappa0.1,6,91,0.7013270616883529,0.52624945396004463,0.17507760772830827
theta0.35_kappa0.1,6,92,5.4550892704940335,3.9745977850795051,1.4804914854145284
theta0.35_kappa0.1,6,93,14.93092752848673,14.75527154202087,0.17565598646586089
theta0.35_kappa0.1,6,94,15.793824031813759,16.301581803360946,-0.50775777154718682
theta0.35_kappa0.1,6,95,4.7105876805398088,2.5106800931983324,2.1999075873414764
theta0.35_kappa0.1,6,96,9.3205353173289165,9.1887859642978071,0.13174935303110935
theta0.35_kappa0.1,6,97,12.961673826333104,13.696065760607016,-0.73439193427391203
theta0.35_kappa0.1,6,98,-1.7901027337573645,-1.4116513841677261,-0.37845134958963844
theta0.35_kappa0.1,6,99,8.1761460924600602,6.1091123889069507,2.0670337035531094
theta0.35_kappa0.1,7,0,10.793868978842855,7.5902102909793037,3.2036586878635518
theta0.35_kappa0.1,7,1,0.0018859287891434999,-1.865510568514952,1.8673964973040955
theta0.35_kappa0.1,7,2,14.214850981981138,15.048319130527611,-0.83346814854647278
theta0.35_kappa0.1,7,3,7.0848388343462725,6.2135705818291243,0.87126825251714823
theta0.35_kappa0.1,7,4,21.598944631693858,27.022725689667929,-5.4237810579740717
theta0.35_kappa0.1,7,5,25.575887458842072,26.01895847376182,-0.44307101491974876
theta0.35_kappa0.1,7,6,14.725000963577196,13.31655696112978,1.4084440024474159
theta0.35_kappa0.1,7,7,26.060194359388333,24.587262477046373,1.4729318823419604
theta0.35_kappa0.1,7,8,9.1122463564268479,8.0046901198154927,1.1075562366113552
theta0.35_kappa0.1,7,9,6.3527405517281235,6.6037452679727728,-0.25100471624464937
theta0.35_kappa0.1,7,10,4.6219596714613562,3.917666429590656,0.70429324187070019
theta0.35_kappa0.1,7,11,24.309872290808318,24.142872016637355,0.16700027417096308
theta0.35_kappa0.1,7,12,20.350344734744809,20.185036179872942,0.16530855487186713
theta0.35_kappa0.1,7,13,-2.196286470354802,-7.4678059153646741,5.2715194450098721
theta0.35_kappa0.1,7,14,30.48960490382737,30.958589674774057,-0.46898477094668678
theta0.35_kappa0.1,7,15,15.582747050379322,14.776088561597708,0.80665848878161306
theta0.35_kappa0.1,7,16,8.6590357209089692,7.2376150918054831,1.4214206291034861
theta0.35_kappa0.1,7,17,6.2382622753856305,6.4939406095555858,-0.25567833416995533
theta0.35_kappa0.1,7,18,5.2013616982928559,9.9601356603774338,-4.7587739620845779
theta0.35_kappa0.1,7,19,6.3655403181112851,8.4529652283496866,-2.0874249102384015
theta0.35_kappa0.1,7,20,18.040081818400033,16.845056631615318,1.195025186784715
theta0.35_kappa0.1,7,21,-1.9058791261373229,-1.2900957685285248,-0.6157833576087981
theta0.35_kappa0.1,7,22,6.3203989542048813,10.582227544458645,-4.2618285902537636
theta0.35_kappa0.1,7,23,0.36838857132125108,1.8838421540565513,-1.5154535827353002
theta0.35_kappa0.1,7,24,-3.6491012197048378,-1.9221214434314891,-1.7269797762733488
theta0.35_kappa0.1,7,25,3.5007611810356809,2.6104145601028117,0.8903466209328692
theta0.35_kappa0.1,7,26,11.173863062736167,13.039541210574569,-1.8656781478384019
theta0.35_kappa0.1,7,27,0.28159459932615549,-1.9704484589986604,2.2520430583248157
theta0.35_kappa0.1,7,28,-3.9509798670295431,-4.0076596767899657,0.056679809760422639
theta0.35_kappa0.1,7,29,9.2196817637072446,9.6568169215358797,-0.4371351578286351
theta0.35_kappa0.1,7,30,7.663475789563468,3.7795577662862412,3.8839180232772268
theta0.35_kappa0.1,7,31,6.3794751042718323,2.7258892557292684,3.6535858485425639
theta0.35_kappa0.1,7,32,17.318292852999082,14.663116956627086,2.6551758963719969
theta0.35_kappa0.1,7,33,18.401590758383065,19.887709085825133,-1.4861183274420675
theta0.35_kappa0.1,7,34,15.303148908950952,16.031508525869636,-0.72835961691868434
theta0.35_kappa0.1,7,35,2.8105633717526133,4.0029734688266512,-1.1924100970740379
theta0.35_kappa0.1,7,36,2.4273887604932503,0.5434641256900421,1.8839246348032082
theta0.35_kappa0.1,7,37,-7.601922816463663,-11.811384470219751,4.2094616537560885
theta0.35_kappa0.1,7,38,6.173725616733682,8.5291716826201416,-2.3554460658864596
theta0.35_kappa0.1,7,39,11.563845059597035,10.936381639330095,0.62746342026694002
theta0.35_kappa0.1,7,40,7.2717665887458356,7.415444576746137,-0.1436779880003014
theta0.35_kappa0.1,7,41,10.653819531487034,8.8610264662578437,1.7927930652291906
theta0.35_kappa0.1,7,42,-8.8760895805449138,-7.32463485212104,-1.5514547284238738
theta0.35_kappa0.1,7,43,25.592548506905946,19.83994002564614,5.7526084812598057
theta0.35_kappa0.1,7,44,6.1986194237857539,9.5174641352520837,-3.3188447114663298
theta0.35_kappa0.1,7,45,2.316247293926057,1.394564559284978,0.92168273464107897
theta0.35_kappa0.1,7,46,12.805080739969622,14.800209231518686,-1.9951284915490639
theta0.35_kappa0.1,7,47,11.962338784674506,13.360144223467946,-1.3978054387934407
theta0.35_kappa0.1,7,48,15.067536267351764,15.865371826383022,-0.7978355590312578
theta0.35_kappa0.1,7,49,15.67337939101315,14.346781833788516,1.326597557224634
theta0.35_kappa0.1,7,50,-7.8004786835718765,-5.7696066587183736,-2.0308720248535028
theta0.35_kappa0.1,7,51,18.346054654880167,18.429977614051555,-0.083922959171388811
theta0.35_kappa0.1,7,52,-0.1807320099017542,1.0400656937692454,-1.2207977036709996
theta0.35_kappa0.1,7,53,9.5720256010757474,9.3895036778445835,0.1825219232311639
theta0.35_kappa0.1,7,54,13.785251203921341,15.188807372593036,-1.4035561686716953
theta0.35_kappa0.1,7,55,11.530083656009674,10.444962184007236,1.085121472002438
theta0.35_kappa0.1,7,56,7.2255785833619557,7.9135270994275047,-0.68794851606554897
theta0.35_kappa0.1,7,57,17.817082712270675,19.720903288003701,-1.9038205757330253
theta0.35_kappa0.1,7,58,7.4763368441467897,8.8443587213400061,-1.3680218771932164
theta0.35_kappa0.1,7,59,17.780189333039335,21.839865953644367,-4.0596766206050319
theta0.35_kappa0.1,7,60,-5.6039209796170031,-9.3869474205811443,3.7830264409641412
theta0.35_kappa0.1,7,61,1.2998339607514606,6.3448538956156231,-5.0450199348641629
theta0.35_kappa0.1,7,62,26.030911498209637,26.425391740043096,-0.39448024183345964
theta0.35_kappa0.1,7,63,10.077629002644851,13.310094326924451,-3.2324653242796
theta0.35_kappa0.1,7,64,9.6899401525361206,9.3356515140088696,0.35428863852725101
theta0.35_kappa0.1,7,65,8.8196947727858515,11.084136539808719,-2.264441767022868
theta0.35_kappa0.1,7,66,21.621563197109143,22.437437072053157,-0.81587387494401398
theta0.35_kappa0.1,7,67,4.4607698785285361,1.5523147884244717,2.9084550901040647
theta0.35_kappa0.1,7,68,-1.7742939401352331,0.37667333283655607,-2.1509672729717892
theta0.35_kappa0.1,7,69,4.3922351352553086,4.2417462332687457,0.15048890198656295
theta0.35_kappa0.1,7,70,11.688985325446968,10.700804437179054,0.98818088826791417
theta0.35_kappa0.1,7,71,35.666997201617598,39.532267156353043,-3.8652699547354459
theta0.35_kappa0.1,7,72,7.2292958628511936,9.4410451903453527,-2.2117493274941591
theta0.35_kappa0.1,7,73,11.475510298163698,7.5937469213913937,3.8817633767723043
theta0.35_kappa0.1,7,74,0.67181066569390535,-4.0653532947389213,4.7371639604328264
theta0.35_kappa0.1,7,75,12.828654548082142,14.296421048074563,-1.4677664999924218
theta0.35_kappa0.1,7,76,5.5999788634444734,6.6020456387834745,-1.0020667753390011
theta0.35_kappa0.1,7,77,17.450114226553669,18.872831577449936,-1.4227173508962672
theta0.35_kappa0.1,7,78,-19.007405479156009,-16.487157939427679,-2.5202475397283308
theta0.35_kappa0.1,7,79,15.284030335503212,16.662807499457415,-1.3787771639542026
theta0.35_kappa0.1,7,80,15.716903179249956,11.407124577624083,4.3097786016258723
theta0.35_kappa0.1,7,81,3.3587840879084787,2.8922165990099993,0.46656748889847943
theta0.35_kappa0.1,7,82,0.50057892050366704,4.2896333215634908,-3.7890544010598237
theta0.35_kappa0.1,7,83,15.747778451820809,15.282498031127371,0.46528042069343734
theta0.35_kappa0.1,7,84,12.114829230544832,12.686140269780926,-0.57131103923609494
theta0.35_kappa0.1,7,85,15.328703361850092,13.810747316668436,1.5179560451816556
theta0.35_kappa0.1,7,86,5.0757852668425993,4.3491795164831499,0.72660575035944941
theta0.35_kappa0.1,7,87,4.1896048701860735,2.2739888361721414,1.9156160340139321
theta0.35_kappa0.1,7,88,1.2592858827113569,1.1352116523350606,0.12407423037629628
theta0.35_kappa0.1,7,89,8.7819351228300917,8.3844968902264618,0.39743823260362987
theta0.35_kappa0.1,7,90,9.7389554662839686,4.7548185552423421,4.9841369110416265
theta0.35_kappa0.1,7,91,3.4940071031416329,5.1601581588630347,-1.6661510557214019
theta0.35_kappa0.1,7,92,-3.5592659699495943,1.381254035064607,-4.9405200050142017
theta0.35_kappa0.1,7,93,18.051962773883641,21.86369514654346,-3.8117323726598187
theta0.35_kappa0.1,7,94,-1.059482183971014,2.195307628999978,-3.254789812970992
theta0.35_kappa0.1,7,95,6.1031432867210018,8.5762269298984268,-2.473083643177425
theta0.35_kappa0.1,7,96,10.6935214049876,11.555570923870029,-0.86204951888242931
theta0.35_kappa0.1,7,97,9.3367700861860943,7.3680962242812607,1.9686738619048336
theta0.35_kappa0.1,7,98,18.963566872790928,23.70648051605022,-4.7429136432592927
theta0.35_kappa0.1,7,99,-9.1284079600487615,-8.4427394673057439,-0.68566849274301767
theta0.35_kappa0.1,8,0,2.0233051404390117,0.75995399902637839,1.2633511414126333
theta0.35_kappa0.1,8,1,9.9135300730724616,9.0823914891570716,0.83113858391538997
theta0.35_kappa0.1,8,2,19.770097468721712,20.107888297917423,-0.33779082919571124
theta0.35_kappa0.1,8,3,1.0447932648914264,4.9756133721651432,-3.9308201072737168
theta0.35_kappa0.1,8,4,2.6712853457322927,4.3212627951522551,-1.6499774494199624
theta0.35_kappa0.1,8,5,21.96644351460116,21.721294065605687,0.24514944899547331
theta0.35_kappa0.1,8,6,23.145362845241127,27.490571657323137,-4.34520881208201
theta0.35_kappa0.1,8,7,15.6337542636688,18.709720251455536,-3.075965987786736
theta0.35_kappa0.1,8,8,-3.4215847094999807,-2.1181544581295668,-1.3034302513704139
theta0.35_kappa0.1,8,9,13.979320221251946,15.564679372629602,-1.5853591513776557
theta0.35_kappa0.1,8,10,14.89602619979194,20.176891728338397,-5.2808655285464567
theta0.35_kappa0.1,8,11,11.781499398953375,12.283473723937258,-0.50197432498388217
theta0.35_kappa0.1,8,12,-2.6184304759266235,1.5666507423348048,-4.1850812182614288
theta0.35_kappa0.1,8,13,9.6033523789970836,6.6644465802737818,2.9389057987233018
theta0.35_kappa0.1,8,14,39.807831841715227,41.461124027885823,-1.6532921861705958
theta0.35_kappa0.1,8,15,9.9336019852056641,10.099769675576646,-0.16616769037098145
theta0.35_kappa0.1,8,16,5.8646298825150671,6.7692041053979013,-0.90457422288283418
theta0.35_kappa0.1,8,17,18.655166915630083,13.748657603817472,4.9065093118126111
theta0.35_kappa0.1,8,18,0.44568418556416528,-2.0556882881697676,2.5013724737339329
theta0.35_kappa0.1,8,19,-10.399203995669945,-13.253890203725726,2.8546862080557815
theta0.35_kappa0.1,8,20,19.578253243195142,22.15651722298368,-2.5782639797885381
theta0.35_kappa0.1,8,21,6.1446773761186311,6.6733506260609836,-0.52867324994235254
theta0.35_kappa0.1,8,22,15.479269855584988,8.2355693603254672,7.243700495259521
theta0.35_kappa0.1,8,23,6.1375002981167359,3.0242791262620683,3.1132211718546676
theta0.35_kappa0.1,8,24,3.5525407824398116,-4.8777263088526475,8.4302670912924587
theta0.35_kappa0.1,8,25,16.907140161245795,14.041772953327444,2.8653672079183519
theta0.35_kappa0.1,8,26,16.544152450224814,19.17088987096394,-2.6267374207391256
theta0.35_kappa0.1,8,27,10.125262539483362,9.9812858646135592,0.14397667486980303
theta0.35_kappa0.1,8,28,13.79924633159113,14.954289734887013,-1.155043403295883
theta0.35_kappa0.1,8,29,26.990579699078971,31.102025477594733,-4.1114457785157619
theta0.35_kappa0.1,8,30,33.508656896106061,33.870554755082168,-0.36189785897610705
theta0.35_kappa0.1,8,31,6.7559933261849929,9.4288598949141047,-2.6728665687291118
theta0.35_kappa0.1,8,32,8.9421607855768386,9.007433640737748,-0.065272855160909415
theta0.35_kappa0.1,8,33,-4.97005897823077,-9.7293547293879321,4.7592957511571621
theta0.35_kappa0.1,8,34,19.979246246804841,18.834637273963629,1.1446089728412119
theta0.35_kappa0.1,8,35,8.1349939340912112,8.2052663565292843,-0.070272422438073079
theta0.35_kappa0.1,8,36,9.5564538762077351,11.958278400851071,-2.4018245246433363
theta0.35_kappa0.1,8,37,-2.1890375411250207,-4.5288492495847192,2.3398117084596985
theta0.35_kappa0.1,8,38,18.100428578888032,21.011211081567215,-2.9107825026791829
theta0.35_kappa0.1,8,39,20.19041652207687,23.05219231537864,-2.8617757933017707
theta0.35_kappa0.1,8,40,8.1245713146733038,9.3503876001040247,-1.2258162854307209
theta0.35_kappa0.1,8,41,16.907759184389402,17.560068099167779,-0.65230891477837716
theta0.35_kappa0.1,8,42,4.600865394362752,8.7465841038605543,-4.1457187094978023
theta0.35_kappa0.1,8,43,8.5313413143085892,5.8753016759798466,2.6560396383287426
theta0.35_kappa0.1,8,44,0.94969558745520399,2.2103625118088095,-1.2606669243536055
theta0.35_kappa0.1,8,45,8.1792808319040553,7.9849421010077082,0.19433873089634712
theta0.35_kappa0.1,8,46,9.2440854075224905,6.869678102180762,2.3744073053417285
theta0.35_kappa0.1,8,47,14.192889873931524,12.957565110407351,1.2353247635241722
theta0.35_kappa0.1,8,48,13.624506550787091,11.883532138902334,1.740974411884757
theta0.35_kappa0.1,8,49,6.9375493579767493,8.9996007332106061,-2.0620513752338567
theta0.35_kappa0.1,8,50,13.369879795796605,18.466168457348584,-5.0962886615519789
theta0.35_kappa0.1,8,51,12.294794865378208,11.84167987722571,0.45311498815249784
theta0.35_kappa0.1,8,52,-0.11620451238646901,-6.1746906257885925,6.0584861134021235
theta0.35_kappa0.1,8,53,-4.720951738130438,-9.6933983132656838,4.9724465751352458
theta0.35_kappa0.1,8,54,12.646160270280561,12.337252420927234,0.30890784935332682
theta0.35_kappa0.1,8,55,3.9202677366625771,3.7870030842769662,0.13326465238561092
theta0.35_kappa0.1,8,56,8.4560776635908113,10.042990055150121,-1.5869123915593093
theta0.35_kappa0.1,8,57,6.8016966479850858,12.285764599778677,-5.4840679517935911
theta0.35_kappa0.1,8,58,19.22262716153039,16.350338796297574,2.8722883652328157
theta0.35_kappa0.1,8,59,8.982557020028306,10.370108189693044,-1.3875511696647376
theta0.35_kappa0.1,8,60,0.48551319620209687,2.2891053215718711,-1.8035921253697742
theta0.35_kappa0.1,8,61,7.8220616605867157,6.2946608295955713,1.5274008309911444
theta0.35_kappa0.1,8,62,13.981514122758467,17.260189464103814,-3.2786753413453464
theta0.35_kappa0.1,8,63,36.350319857889311,37.627598328054091,-1.2772784701647808
theta0.35_kappa0.1,8,64,-11.186827597960928,-9.699189097206574,-1.487638500754354
theta0.35_kappa0.1,8,65,32.693331186676396,26.675613994840013,6.0177171918363825
theta0.35_kappa0.1,8,66,8.3050788763666183,4.7106193604426041,3.5944595159240142
theta0.35_kappa0.1,8,67,8.1125658040903694,6.0562787388777757,2.0562870652125937
theta0.35_kappa0.1,8,68,10.848030338718557,10.162180589278581,0.68584974943997601
theta0.35_kappa0.1,8,69,21.17073329759026,19.31951469546415,1.8512186021261101
theta0.35_kappa0.1,8,70,12.324223804752952,16.100633759668803,-3.7764099549158505
theta0.35_kappa0.1,8,71,-2.5772485986959173,-4.2805602619138616,1.7033116632179444
theta0.35_kappa0.1,8,72,4.5298523653076108,5.5046568455216871,-0.97480448021407629
theta0.35_kappa0.1,8,73,7.2748453111226219,2.0935736160559526,5.1812716950666697
theta0.35_kappa0.1,8,74,13.426480034302919,10.80016280069928,2.6263172336036398
theta0.35_kappa0.1,8,75,24.742902623337468,23.029416779428349,1.713485843909119
theta0.35_kappa0.1,8,76,15.117462033567667,11.171326938516296,3.9461350950513712
theta0.35_kappa0.1,8,77,8.5780984364550612,8.7122243790292302,-0.13412594257416899
theta0.35_kappa0.1,8,78,16.419479725405367,15.787444750639333,0.6320349747660341
theta0.35_kappa0.1,8,79,6.4996939439578867,7.0181291669055099,-0.51843522294762323
theta0.35_kappa0.1,8,80,9.5821382262858315,9.565082198804518,0.017056027481313407
theta0.35_kappa0.1,8,81,11.561585478096728,10.681336666529669,0.88024881156705881
theta0.35_kappa0.1,8,82,15.130742994748903,10.702436626082378,4.4283063686665258
theta0.35_kappa0.1,8,83,-1.2757473281707918,0.1489649737314338,-1.4247123019022256
theta0.35_kappa0.1,8,84,15.066602631394067,15.196419253284258,-0.12981662189019083
theta0.35_kappa0.1,8,85,4.8146848107794229,3.5642497752861662,1.2504350354932567
theta0.35_kappa0.1,8,86,13.631366113667587,16.597259607425148,-2.9658934937575605
theta0.35_kappa0.1,8,87,24.006062129932236,21.560535255686048,2.4455268742461875
theta0.35_kappa0.1,8,88,-0.082909838216939702,-5.255148149593122,5.1722383113761827
theta0.35_kappa0.1,8,89,12.77909784823945,17.880550422065262,-5.1014525738258119
theta0.35_kappa0.1,8,90,10.26415980874485,11.996416137096604,-1.7322563283517542
theta0.35_kappa0.1,8,91,0.87924324791874708,0.62646652001990399,0.25277672789884309
theta0.35_kappa0.1,8,92,10.651413605807903,15.310212094880429,-4.6587984890725256
theta0.35_kappa0.1,8,93,22.351789088078124,22.494917472121308,-0.14312838404318384
theta0.35_kappa0.1,8,94,23.345947781186123,27.660823617322382,-4.3148758361362596
theta0.35_kappa0.1,8,95,26.396348681064488,27.139639336168123,-0.74329065510363534
theta0.35_kappa0.1,8,96,2.8130595774509199,5.5541051521700426,-2.7410455747191227
theta0.35_kappa0.1,8,97,12.990428261289264,14.445698849419047,-1.4552705881297836
theta0.35_kappa0.1,8,98,26.07542554070584,22.681761040485281,3.3936645002205594
theta0.35_kappa0.1,8,99,19.681126544163284,23.103332405713498,-3.4222058615502142
theta0.35_kappa0.1,9,0,0.10473509700669439,0.82222439914705836,-0.71748930214036399
theta0.35_kappa0.1,9,1,18.790145793058251,19.959874308759645,-1.1697285157013937
theta0.35_kappa0.1,9,2,4.4230271616892161,5.1331651813012975,-0.71013801961208145
theta0.35_kappa0.1,9,3,5.6899088620126426,8.0895911742623543,-2.3996823122497117
theta0.35_kappa0.1,9,4,5.9616700107935827,6.8947827338858669,-0.93311272309228421
theta0.35_kappa0.1,9,5,1.7642354931444313,1.9261499152686885,-0.16191442212425722
theta0.35_kappa0.1,9,6,15.224970218419021,17.269378493359316,-2.0444082749402952
theta0.35_kappa0.1,9,7,17.538216778556809,14.956990561388194,2.5812262171686147
theta0.35_kappa0.1,9,8,18.602430530944716,21.806736110940314,-3.204305579995598
theta0.35_kappa0.1,9,9,12.775830110946799,13.65355251460625,-0.87772240365945109
theta0.35_kappa0.1,9,10,3.6119097572315457,3.9201582922689062,-0.30824853503736049
theta0.35_kappa0.1,9,11,12.193572215361948,14.363446938617679,-2.1698747232557309
theta0.35_kappa0.1,9,12,8.2513186664469664,6.9592977046767981,1.2920209617701683
theta0.35_kappa0.1,9,13,11.803346759302311,6.9146545136119419,4.8886922456903692
theta0.35_kappa0.1,9,14,11.867851346753328,13.554076300066038,-1.6862249533127098
theta0.35_kappa0.1,9,15,1.3834274107200857,1.9859292594640321,-0.60250184874394641
theta0.35_kappa0.1,9,16,5.9990666449125305,8.1054468254011951,-2.1063801804886646
theta0.35_kappa0.1,9,17,9.1106603682191238,5.6101899008222063,3.5004704673969176
theta0.35_kappa0.1,9,18,24.147874887957769,21.387031509352862,2.7608433786049069
theta0.35_kappa0.1,9,19,3.3993691401698638,5.2123270334249732,-1.8129578932551094
theta0.35_kappa0.1,9,20,10.256658326372042,11.67707039406077,-1.4204120676887282
theta0.35_kappa0.1,9,21,14.246677794160846,14.515272755938591,-0.26859496177774567
theta0.35_kappa0.1,9,22,7.1334323494147576,7.2582446256232611,-0.12481227620850355
theta0.35_kappa0.1,9,23,16.383288663403661,17.126783184250144,-0.74349452084648249
theta0.35_kappa0.1,9,24,5.1880703317168066,11.752148022019394,-6.5640776903025877
theta0.35_kappa0.1,9,25,13.267863951801298,11.051878017561284,2.2159859342400132
theta0.35_kappa0.1,9,26,3.0851656092188184,2.3092191326234657,0.77594647659535276
theta0.35_kappa0.1,9,27,4.24125726178832,5.4797451883383497,-1.2384879265500297
theta0.35_kappa0.1,9,28,19.423543440499586,20.860048176923751,-1.4365047364241654
theta0.35_kappa0.1,9,29,6.0282757377539617,6.4105292626461212,-0.38225352489215947
theta0.35_kappa0.1,9,30,8.1514703038931984,7.5652723485895654,0.58619795530363294
theta0.35_kappa0.1,9,31,6.4523102976827236,3.8344696293681646,2.617840668314559
theta0.35_kappa0.1,9,32,0.84677479204043093,1.9981124783250179,-1.151337686284587
theta0.35_kappa0.1,9,33,3.3753294434198504,4.2973683997054177,-0.92203895628556731
theta0.35_kappa0.1,9,34,-12.54173973497466,-9.5629938858083658,-2.9787458491662946
theta0.35_kappa0.1,9,35,9.1975206721763101,11.991102547937684,-2.7935818757613742
theta0.35_kappa0.1,9,36,4.8181417680793839,6.9638198699164402,-2.1456781018370563
theta0.35_kappa0.1,9,37,18.419015989056081,17.25231189062508,1.1667040984310013
theta0.35_kappa0.1,9,38,13.5111887899444,23.415521716000271,-9.9043329260558703
theta0.35_kappa0.1,9,39,-8.1079276159579905,-5.2326129601540927,-2.8753146558038978
theta0.35_kappa0.1,9,40,4.9761462936650851,6.5348782019846325,-1.5587319083195474
theta0.35_kappa0.1,9,41,9.4930731475571406,9.7310064055035888,-0.23793325794644815
theta0.35_kappa0.1,9,42,4.330413735948305,3.995950822603616,0.33446291334468903
theta0.35_kappa0.1,9,43,4.5621996504631568,6.2176913737235839,-1.6554917232604272
theta0.35_kappa0.1,9,44,16.01710527958922,11.828226379484621,4.1888789001045996
theta0.35_kappa0.1,9,45,21.236459418614022,17.938636100189374,3.2978233184246477
theta0.35_kappa0.1,9,46,3.1787639043672602,2.8296625040362704,0.3491014003309898
theta0.35_kappa0.1,9,47,18.53977928949557,19.201903127950583,-0.66212383845501321
theta0.35_kappa0.1,9,48,3.1155838722965612,2.2067265803706269,0.90885729192593434
theta0.35_kappa0.1,9,49,16.641033146494493,16.813642748789452,-0.17260960229495836
theta0.35_kappa0.1,9,50,5.5230546496101427,4.2587608662970826,1.2642937833130601
theta0.35_kappa0.1,9,51,19.289728279538327,21.53203790269972,-2.2423096231613933
theta0.35_kappa0.1,9,52,17.053517846256362,16.634164313377806,0.41935353287855648
theta0.35_kappa0.1,9,53,19.959398492029724,20.448519532924397,-0.48912104089467334
theta0.35_kappa0.1,9,54,8.7624733788003049,8.98204889232324,-0.21957551352293514
theta0.35_kappa0.1,9,55,5.1154231432930697,5.6310910326979293,-0.51566788940485964
theta0.35_kappa0.1,9,56,6.2887856068513122,4.437029168400799,1.8517564384505132
theta0.35_kappa0.1,9,57,1.65736895307141,3.7544274776914759,-2.0970585246200661
theta0.35_kappa0.1,9,58,11.995431749919272,13.025878242414414,-1.0304464924951429
theta0.35_kappa0.1,9,59,2.2178252252095008,5.7649350907995318,-3.5471098655900311
theta0.35_kappa0.1,9,60,-17.326979426133029,-22.034427506242633,4.7074480801096037
theta0.35_kappa0.1,9,61,16.575067790460061,9.4076344510367154,7.1674333394233454
theta0.35_kappa0.1,9,62,10.591406104836024,8.9596957949652101,1.6317103098708134
theta0.35_kappa0.1,9,63,-1.2526568997363077,-4.9925377528114705,3.7398808530751628
theta0.35_kappa0.1,9,64,11.189340683322914,11.525220988908142,-0.33588030558522775
theta0.35_kappa0.1,9,65,15.560621735060847,12.991213595920756,2.5694081391400907
theta0.35_kappa0.1,9,66,9.6864777728491607,12.882243849497163,-3.1957660766480025
theta0.35_kappa0.1,9,67,9.4361055157218878,9.9986781978377337,-0.56257268211584588
theta0.35_kappa0.1,9,68,-4.1212430971951068,-7.4814586066570703,3.3602155094619635
theta0.35_kappa0.1,9,69,20.733342383614396,19.791025988339698,0.94231639527469824
theta0.35_kappa0.1,9,70,9.5501910382003121,10.342012300222931,-0.79182126202261927
theta0.35_kappa0.1,9,71,12.604735048028736,7.0007627489241964,5.60397229910454
theta0.35_kappa0.1,9,72,11.716367458058874,8.817589330487932,2.8987781275709423
theta0.35_kappa0.1,9,73,10.733558137400394,13.010259640914269,-2.2767015035138751
theta0.35_kappa0.1,9,74,5.5885369304725572,3.698523786181644,1.8900131442909132
theta0.35_kappa0.1,9,75,6.5683127482199408,4.8769915877059082,1.6913211605140326
theta0.35_kappa0.1,9,76,5.82843035573271,6.4905350922418048,-0.66210473650909485
theta0.35_kappa0.1,9,77,0.86201732545887255,2.759723205407957,-1.8977058799490845
theta0.35_kappa0.1,9,78,8.5264175630905328,7.5709879268562466,0.95542963623428623
theta0.35_kappa0.1,9,79,-3.0469993695453139,0.3954993400367019,-3.4424987095820159
theta0.35_kappa0.1,9,80,-4.0440183024156529,-2.8101613114005031,-1.2338569910151498
theta0.35_kappa0.1,9,81,9.0881078393469483,4.5493905316110794,4.5387173077358689
theta0.35_kappa0.1,9,82,18.746956961631525,18.480868200026023,0.2660887616055021
theta0.35_kappa0.1,9,83,15.45672343615462,18.1956400103183,-2.7389165741636798
theta0.35_kappa0.1,9,84,30.962780147469701,28.707222558538412,2.2555575889312891
theta0.35_kappa0.1,9,85,17.334658571123502,20.612664852060796,-3.2780062809372943
theta0.35_kappa0.1,9,86,22.918294079346477,21.778268839441875,1.1400252399046025
theta0.35_kappa0.1,9,87,17.159603786444471,21.041031183727217,-3.8814273972827458
theta0.35_kappa0.1,9,88,14.038197224048258,12.254175717786358,1.7840215062618991
theta0.35_kappa0.1,9,89,5.8504748520896968,6.3315757505153085,-0.48110089842561177
theta0.35_kappa0.1,9,90,14.408138532802775,11.044822431432484,3.363316101370291
theta0.35_kappa0.1,9,91,7.6849955860383723,7.1107643500347999,0.5742312360035724
theta0.35_kappa0.1,9,92,16.60596737194269,17.740672813253539,-1.1347054413108495
theta0.35_kappa0.1,9,93,17.452732128833109,15.144136877538999,2.3085952512941095
theta0.35_kappa0.1,9,94,4.484568551536662,3.7349945779747729,0.74957397356188915
theta0.35_kappa0.1,9,95,4.3635270703069979,4.1098550468486401,0.25367202345835782
theta0.35_kappa0.1,9,96,-1.4808992448239569,-0.62893134501102943,-0.85196789981292742
theta0.35_kappa0.1,9,97,16.688508698920707,16.378194499698317,0.31031419922238968
theta0.35_kappa0.1,9,98,7.6236598493079617,10.430757785692352,-2.8070979363843902
theta0.35_kappa0.1,9,99,4.2297144115261416,3.0349482947630149,1.1947661167631267
theta0.65_kappa0.002,0,0,51.283007768865097,50.506341713818358,0.77666605504673925
theta0.65_kappa0.002,0,1,32.83826438486976,23.120247115333282,9.7180172695364782
theta0.65_kappa0.002,0,2,-5.2804867813314766,-4.3450580215372563,-0.93542875979422035
theta0.65_kappa0.002,0,3,-13.693580757350432,-15.567563275737248,1.873982518386816
theta0.65_kappa0.002,0,4,54.089999946122155,54.03899994612177,0.051000000000385626
theta0.65_kappa0.002,0,5,1.8035821685038591,3.9898278369481468,-2.1862456684442879
theta0.65_kappa0.002,0,6,31.080531188931687,31.080531188931687,0
theta0.65_kappa0.002,0,7,40.201372392968977,-2.1845563970383735,42.385928790007348
theta0.65_kappa0.002,0,8,3.8202786526754697,8.9701073207362541,-5.1498286680607848
theta0.65_kappa0.002,0,9,21.937887046160789,-7.3623174047081328,29.300204450868922
theta0.65_kappa0.002,0,10,39.803737743474599,39.803737743474599,0
theta0.65_kappa0.002,0,11,0.34355893861516579,0.27094583184020937,0.072613106774956415
theta0.65_kappa0.002,0,12,37.198423083213569,37.491943480397602,-0.29352039718403233
theta0.65_kappa0.002,0,13,21.225168657972016,22.296539676427056,-1.0713710184550393
theta0.65_kappa0.002,0,14,15.460490958245783,-9.4623113155253655,24.922802273771147
theta0.65_kappa0.002,0,15,20.904262581406527,6.060485396849022,14.843777184557506
theta0.65_kappa0.002,0,16,17.281772219429431,10.075827707804091,7.20594451162534
theta0.65_kappa0.002,0,17,31.839277048391235,31.711277048391533,0.12799999999970169
theta0.65_kappa0.002,0,18,5.4503574840067364,4.2424447849551425,1.2079126990515938
theta0.65_kappa0.002,0,19,30.289735733245159,31.432474544878097,-1.1427388116329382
theta0.65_kappa0.002,0,20,24.699221950777918,25.052095667865579,-0.35287371708766102
theta0.65_kappa0.002,0,21,25.745247024503005,10.363532604166164,15.381714420336841
theta0.65_kappa0.002,0,22,-5.1168639841511743,-4.0316282902589613,-1.085235693892213
theta0.65_kappa0.002,0,23,61.531921294628518,61.061688560777959,0.4702327338505583
theta0.65_kappa0.002,0,24,44.298359324252928,44.298359324252928,0
theta0.65_kappa0.002,0,25,22.04586210464824,20.504543953476588,1.5413181511716516
theta0.65_kappa0.002,0,26,12.45796473774395,14.258992028003387,-1.8010272902594373
theta0.65_kappa0.002,0,27,-3.7544824448050131,-6.3235052486218377,2.5690228038168246
theta0.65_kappa0.002,0,28,40.559412284325482,40.559412284325482,0
theta0.65_kappa0.002,0,29,-7.2437614511037802,-5.4599686649345358,-1.7837927861692444
theta0.65_kappa0.002,0,30,29.200204677380665,29.200204677380665,0
theta0.65_kappa0.002,0,31,-2.4173351855356833,-1.701791953471735,-0.71554323206394832
theta0.65_kappa0.002,0,32,0.78759065243484905,2.4227237294245652,-1.6351330769897161
theta0.65_kappa0.002,0,33,51.312164379814149,51.312164379814149,0
theta0.65_kappa0.002,0,34,41.146333535795812,-3.8781876672454239,45.024521203041232
theta0.65_kappa0.002,0,35,43.286341234151323,43.469473385516729,-0.18313215136540606
theta0.65_kappa0.002,0,36,45.871889511826303,24.460335553717943,21.41155395810836
theta0.65_kappa0.002,0,37,-1.187845993028245,3.8776327108220241,-5.0654787038502693
theta0.65_kappa0.002,0,38,2.0959774143377259,1.7762145028930545,0.31976291144467139
theta0.65_kappa0.002,0,39,6.8871885840971716,-2.9629927789780757,9.8501813630752473
theta0.65_kappa0.002,0,40,-0.70268616263768924,0.38374702349914042,-1.0864331861368297
theta0.65_kappa0.002,0,41,-16.709423944985542,-15.880871856626849,-0.82855208835869298
theta0.65_kappa0.002,0,42,-15.93008526841396,-10.976449143060767,-4.9536361253531922
theta0.65_kappa0.002,0,43,59.056933707780445,43.415000616264379,15.641933091516066
theta0.65_kappa0.002,0,44,66.086409524992206,66.086409524992206,0
theta0.65_kappa0.002,0,45,10.202047337220129,12.607907365195771,-2.4058600279756419
theta0.65_kappa0.002,0,46,54.106893004957058,48.223068660854011,5.8838243441030471
theta0.65_kappa0.002,0,47,25.170958228627057,27.520518144161205,-2.3495599155341473
theta0.65_kappa0.002,0,48,46.914455602482995,46.914455602482995,0
theta0.65_kappa0.002,0,49,-1.8140925999156059,0.45734849200550171,-2.2714410919211074
theta0.65_kappa0.002,0,50,4.2656799131967205,4.7595299248015506,-0.49385001160483011
theta0.65_kappa0.002,0,51,40.308478733716719,40.308478733716719,0
theta0.65_kappa0.002,0,52,-7.7597722151721253,-11.051727386998468,3.2919551718263431
theta0.65_kappa0.002,0,53,33.79757467849263,34.270304957372872,-0.47273027888024188
theta0.65_kappa0.002,0,54,54.229764473576125,54.229764473576125,0
theta0.65_kappa0.002,0,55,42.382516653814626,12.980136861889296,29.40237979192533
theta0.65_kappa0.002,0,56,30.909239230264586,28.588558235274657,2.3206809949899281
theta0.65_kappa0.002,0,57,1.8613539492830864,2.6564167361640547,-0.79506278688096832
theta0.65_kappa0.002,0,58,-0.99045741811821519,5.4692641357816276,-6.4597215538998425
theta0.65_kappa0.002,0,59,13.391835993814588,13.200553712932548,0.19128228088204047
theta0.65_kappa0.002,0,60,13.198509909187168,14.316401499095392,-1.1178915899082238
theta0.65_kappa0.002,0,61,-4.4440261679467952,-1.7639450766515077,-2.6800810912952873
theta0.65_kappa0.002,0,62,21.706566447343597,16.467967761202903,5.2385986861406941
theta0.65_kappa0.002,0,63,63.953405363020934,63.953405363020934,0
theta0.65_kappa0.002,0,64,9.4396478446937486,15.600934023147261,-6.161286178453512
theta0.65_kappa0.002,0,65,19.79024144483548,22.442566525231697,-2.6523250803962171
theta0.65_kappa0.002,0,66,30.881575527187341,30.705244304782319,0.17633122240502175
theta0.65_kappa0.002,0,67,4.801068833711267,8.1651345426619493,-3.3640657089506822
theta0.65_kappa0.002,0,68,-20.178753367099318,-20.268662714216632,0.089909347117313132
theta0.65_kappa0.002,0,69,65.449722949806315,9.7798016721233711,55.669921277682946
theta0.65_kappa0.002,0,70,-4.1676732778050551,-5.9182249887228018,1.7505517109177466
theta0.65_kappa0.002,0,71,18.690814675514471,5.5234571452739782,13.167357530240492
theta0.65_kappa0.002,0,72,3.973641360133779,2.7532839535167968,1.2203574066169822
theta0.65_kappa0.002,0,73,29.76446993012452,29.76446993012452,0
theta0.65_kappa0.002,0,74,25.841657059927091,6.4125007775748619,19.429156282352228
theta0.65_kappa0.002,0,75,-1.7871756006012582,0.63796940607159902,-2.4251450066728575
theta0.65_kappa0.002,0,76,8.5989735607921585,-3.476869788191939,12.075843348984098
theta0.65_kappa0.002,0,77,58.524935964367437,58.524935964367437,0
theta0.65_kappa0.002,0,78,-23.14600533858048,-22.058936721558755,-1.0870686170217247
theta0.65_kappa0.002,0,79,35.118718538960046,35.143718538960592,-0.025000000000545697
theta0.65_kappa0.002,0,80,25.196385238985759,13.870624713679907,11.325760525305851
theta0.65_kappa0.002,0,81,11.894047211746727,11.049049213844308,0.84499799790241958
theta0.65_kappa0.002,0,82,17.52313505267751,19.733353715920959,-2.2102186632434488
theta0.65_kappa0.002,0,83,16.972994913703314,16.972994913703314,0
theta0.65_kappa0.002,0,84,34.026271707633107,32.953434527253954,1.0728371803791532
theta0.65_kappa0.002,0,85,21.784566886136343,20.350541829309364,1.4340250568269788
theta0.65_kappa0.002,0,86,45.038026335760094,45.038026335760094,0
theta0.65_kappa0.002,0,87,34.527020520315652,34.896202451189055,-0.36918193087340256
theta0.65_kappa0.002,0,88,22.96970833702877,24.145107752180682,-1.1753994151519116
theta0.65_kappa0.002,0,89,53.145826442695203,19.958870406005111,33.186956036690091
theta0.65_kappa0.002,0,90,36.872548574464432,37.207027978490785,-0.33447940402635368
theta0.65_kappa0.002,0,91,5.8807802534741533,6.7795620945775994,-0.89878184110344606
theta0.65_kappa0.002,0,92,36.991785959377097,20.193868258655716,16.797917700721381
theta0.65_kappa0.002,0,93,1.8335180608745976,7.5382499179334079,-5.7047318570588104
theta0.65_kappa0.002,0,94,44.875126147309203,44.900126147308832,-0.024999999999629097
theta0.65_kappa0.002,0,95,62.583379020653076,62.583379020653076,0
theta0.65_kappa0.002,0,96,8.2763454785023232,10.162413400961578,-1.8860679224592545
theta0.65_kappa0.002,0,97,48.352548469492334,49.302342477324785,-0.94979400783245183
theta0.65_kappa0.002,0,98,61.458466702943213,58.753175513671522,2.7052911892716907
theta0.65_kappa0.002,0,99,3.7783253703798154,5.830561588764315,-2.0522362183844995
theta0.65_kappa0.002,1,0,53.901921766950046,52.697990373210104,1.2039313937399427
theta0.65_kappa0.002,1,1,29.149659466631768,29.149659466631768,0
theta0.65_kappa0.002,1,2,1.8921997787596481,1.2677599840297771,0.62443979472987099
theta0.65_kappa0.002,1,3,1.5454898845588778,1.3699231455925782,0.1755667389662996
theta0.65_kappa0.002,1,4,13.124021421908818,-7.0875805638502287,20.211601985759046
theta0.65_kappa0.002,1,5,16.711425511444311,10.176303355869615,6.5351221555746957
theta0.65_kappa0.002,1,6,45.636758268422639,45.636758268422639,0
theta0.65_kappa0.002,1,7,26.869149415039363,26.651635848577978,0.21751356646138476
theta0.65_kappa0.002,1,8,5.0870338045676302,7.6480150037189869,-2.5609811991513567
theta0.65_kappa0.002,1,9,21.856654111709979,22.570512637093877,-0.71385852538389827
theta0.65_kappa0.002,1,10,2.0319827651906586,0.99639387046641703,1.0355888947242415
theta0.65_kappa0.002,1,11,45.405689736841126,45.405689736841126,0
theta0.65_kappa0.002,1,12,39.27482325487744,39.688871661772616,-0.41404840689517641
theta0.65_kappa0.002,1,13,47.145027198138223,47.145027198138223,0
theta0.65_kappa0.002,1,14,-8.8807560807371271,-6.234654003188286,-2.6461020775488411
theta0.65_kappa0.002,1,15,35.10473213022096,36.515041458893513,-1.4103093286725539
theta0.65_kappa0.002,1,16,17.100715023915399,17.619409503639719,-0.5186944797243207
theta0.65_kappa0.002,1,17,30.294403297194577,8.1666569585849142,22.127746338609661
theta0.65_kappa0.002,1,18,11.061369807030886,1.4385838517837273,9.6227859552471582
theta0.65_kappa0.002,1,19,51.469175219503491,51.494175219504037,-0.025000000000545697
theta0.65_kappa0.002,1,20,15.86824030228952,-1.9436848023509576,17.811925104640476
theta0.65_kappa0.002,1,21,5.070655597858841,6.2349236437063134,-1.1642680458474723
theta0.65_kappa0.002,1,22,18.634242085211245,21.499991255420273,-2.8657491702090283
theta0.65_kappa0.002,1,23,8.5786619022849795,8.758231802227936,-0.17956989994295647
theta0.65_kappa0.002,1,24,-5.6934324793063746,-2.4621099470135772,-3.2313225322927974
theta0.65_kappa0.002,1,25,-1.3190801896124986,-2.7312679408423266,1.412187751229828
theta0.65_kappa0.002,1,26,61.884153384967675,56.533825561777611,5.3503278231900637
theta0.65_kappa0.002,1,27,30.407387746775239,2.5436915547952532,27.863696191979987
theta0.65_kappa0.002,1,28,24.344095975546946,16.640368591461449,7.7037273840854965
theta0.65_kappa0.002,1,29,42.270917415921573,42.270917415921573,0
theta0.65_kappa0.002,1,30,35.656943349989341,36.028257286660583,-0.37131393667124257
theta0.65_kappa0.002,1,31,20.045794830559895,20.775825137501062,-0.73003030694116688
theta0.65_kappa0.002,1,32,32.614449374406355,4.2192394731880247,28.39520990121833
theta0.65_kappa0.002,1,33,3.0159320876073665,5.7018142865097303,-2.6858821989023638
theta0.65_kappa0.002,1,34,21.442705642669249,1.9962566848231016,19.446448957846147
theta0.65_kappa0.002,1,35,0.2356180050940628,4.7319545631048774,-4.4963365580108148
theta0.65_kappa0.002,1,36,50.632457990684699,50.391888027803283,0.24056996288141619
theta0.65_kappa0.002,1,37,20.965731803046975,19.799026283353072,1.1667055196939025
theta0.65_kappa0.002,1,38,-0.2931314411184176,-0.31056399511824928,0.017432553999831679
theta0.65_kappa0.002,1,39,38.350027994675784,38.350027994675784,0
theta0.65_kappa0.002,1,40,8.8383806231035376,10.544825172932336,-1.7064445498287988
theta0.65_kappa0.002,1,41,-0.46781977980798728,3.1993123111349755,-3.667132090942963
theta0.65_kappa0.002,1,42,53.276539899356194,53.526644542857447,-0.25010464350125261
theta0.65_kappa0.002,1,43,8.2572166015255615,7.3802033793180426,0.87701322220751887
theta0.65_kappa0.002,1,44,62.686689570748769,62.686689570748769,0
theta0.65_kappa0.002,1,45,55.119463100514686,42.475725027198791,12.643738073315895
theta0.65_kappa0.002,1,46,64.101530536660377,51.597469957758939,12.504060578901438
theta0.65_kappa0.002,1,47,73.844193087831215,73.898840699386966,-0.054647611555751041
theta0.65_kappa0.002,1,48,-21.83868243864632,-21.588480132865921,-0.25020230578039815
theta0.65_kappa0.002,1,49,26.235202137823222,24.983477248077723,1.2517248897454998
theta0.65_kappa0.002,1,50,-12.53595894669283,-9.4657978104253608,-3.070161136267469
theta0.65_kappa0.002,1,51,44.569118639503138,4.0651665034596629,40.503952136043473
theta0.65_kappa0.002,1,52,-2.101698042392135,0.18875586701338279,-2.2904539094055179
theta0.65_kappa0.002,1,53,35.244859388434655,35.244859388434655,0
theta0.65_kappa0.002,1,54,37.149796576570708,15.147298710897308,22.002497865673398
theta0.65_kappa0.002,1,55,21.106939786486898,22.296224182573571,-1.1892843960866735
theta0.65_kappa0.002,1,56,44.658987272131704,44.658987272131704,0
theta0.65_kappa0.002,1,57,4.3458756814187893,4.0929554529561951,0.25292022846259421
theta0.65_kappa0.002,1,58,-3.3043665147905328,-2.7549412291299999,-0.54942528566053284
theta0.65_kappa0.002,1,59,50.460616600888017,12.356267382089593,38.104349218798426
theta0.65_kappa0.002,1,60,-18.655697480736308,-15.43693441793426,-3.2187630628020472
theta0.65_kappa0.002,1,61,51.140681177419559,51.140681177419559,0
theta0.65_kappa0.002,1,62,55.309090316385117,54.532255116694287,0.77683519969082937
theta0.65_kappa0.002,1,63,1.624534900958496,2.3700073738811103,-0.74547247292261432
theta0.65_kappa0.002,1,64,42.118449510004133,42.634802512334048,-0.51635300232991455
theta0.65_kappa0.002,1,65,-10.611666460773192,-8.1392376403944944,-2.4724288203786973
theta0.65_kappa0.002,1,66,9.6627995998599516,9.5858569249273895,0.076942674932562127
theta0.65_kappa0.002,1,67,53.25646075724557,2.8645738150079185,50.391886942237655
theta0.65_kappa0.002,1,68,-8.9056327453642581,-7.2659280237348236,-1.6397047216294345
theta0.65_kappa0.002,1,69,45.240371090318483,5.8501145505101082,39.390256539808377
theta0.65_kappa0.002,1,70,0.2649654089673914,4.1884573196608272,-3.9234919106934356
theta0.65_kappa0.002,1,71,45.290582757368909,42.08041965019693,3.2101631071719794
theta0.65_kappa0.002,1,72,40.7375996786919,9.8308736202169342,30.906726058474966
theta0.65_kappa0.002,1,73,10.309553334472682,6.3682935818537807,3.941259752618901
theta0.65_kappa0.002,1,74,11.364165062421106,13.994319170758658,-2.6301541083375515
theta0.65_kappa0.002,1,75,43.104840106687668,43.104840106687668,0
theta0.65_kappa0.002,1,76,9.6917292186587591,-0.5355946089273147,10.227323827586075
theta0.65_kappa0.002,1,77,72.631596191511534,72.580596191510239,0.05100000000129512
theta0.65_kappa0.002,1,78,-15.375097319541432,-12.155495384060616,-3.2196019354808154
theta0.65_kappa0.002,1,79,31.535960001802053,32.142960836116259,-0.60700083431420637
theta0.65_kappa0.002,1,80,36.317570716630975,37.803135524606645,-1.4855648079756705
theta0.65_kappa0.002,1,81,46.202602538633762,8.5909945931702065,37.611607945463554
theta0.65_kappa0.002,1,82,18.017997783469571,4.5731507022422262,13.444847081227344
theta0.65_kappa0.002,1,83,-15.599193317427964,-16.06015516036955,0.46096184294158604
theta0.65_kappa0.002,1,84,-2.4916202084142767,-0.4201424634190678,-2.0714777449952089
theta0.65_kappa0.002,1,85,11.835484511723404,-5.7799642732405774,17.615448784963981
theta0.65_kappa0.002,1,86,42.947877617112617,3.3806631517037102,39.56721446540891
theta0.65_kappa0.002,1,87,42.755906814879282,-11.364434129890707,54.120340944769993
theta0.65_kappa0.002,1,88,37.616956438626389,37.634452231499971,-0.017495792873582161
theta0.65_kappa0.002,1,89,11.082056408674063,0.0982840779931686,10.983772330680894
theta0.65_kappa0.002,1,90,45.930799820390376,-1.6635379985815033,47.59433781897188
theta0.65_kappa0.002,1,91,48.461893915648723,48.461893915648723,0
theta0.65_kappa0.002,1,92,4.9926842827666071,8.6674010690972541,-3.6747167863306469
theta0.65_kappa0.002,1,93,26.293528906993288,27.888565531514605,-1.5950366245213168
theta0.65_kappa0.002,1,94,52.126373454414349,52.151373454413992,-0.024999999999643308
theta0.65_kappa0.002,1,95,6.0812620446628198,7.3497243489788877,-1.2684623043160679
theta0.65_kappa0.002,1,96,6.8000779276997747,8.5838976809146814,-1.7838197532149067
theta0.65_kappa0.002,1,97,39.396028907172308,11.42931499278747,27.96671391438484
theta0.65_kappa0.002,1,98,24.2891316992059,22.907938623999623,1.3811930752062764
theta0.65_kappa0.002,1,99,28.825470440727202,28.212544189602159,0.6129262511250424
theta0.65_kappa0.002,2,0,18.394626515482717,21.423365701706793,-3.028739186224076
theta0.65_kappa0.002,2,1,20.161175581972135,-4.7965808349686991,24.957756416940832
theta0.65_kappa0.002,2,2,6.8682738438856425,7.5795711046262841,-0.71129726074064159
theta0.65_kappa0.002,2,3,-9.3913777009900965,-5.7549081012356016,-3.6364695997544949
theta0.65_kappa0.002,2,4,52.205704818534407,52.205704818534407,0
theta0.65_kappa0.002,2,5,42.345676992732649,38.768120194720829,3.5775567980118197
theta0.65_kappa0.002,2,6,35.325387142315201,22.07553515143578,13.249851990879421
theta0.65_kappa0.002,2,7,27.798566583833718,28.373871390759241,-0.57530480692552288
theta0.65_kappa0.002,2,8,48.94418565014518,48.94418565014518,0
theta0.65_kappa0.002,2,9,-17.215700729144245,-8.0371152893130997,-9.1785854398311457
theta0.65_kappa0.002,2,10,16.365780399245494,17.914781509476082,-1.5490011102305878
theta0.65_kappa0.002,2,11,23.772872813097852,18.091568434765971,5.6813043783318804
theta0.65_kappa0.002,2,12,1.50023010722715,6.0765443473949912,-4.5763142401678412
theta0.65_kappa0.002,2,13,29.343550517327422,24.91934888634438,4.4242016309830419
theta0.65_kappa0.002,2,14,41.646223030828139,41.646223030828139,0
theta0.65_kappa0.002,2,15,43.722106019906469,43.721117292032055,0.00098872787441450782
theta0.65_kappa0.002,2,16,41.408141880668317,40.386343343760863,1.021798536907454
theta0.65_kappa0.002,2,17,37.286955522242039,22.603266522446397,14.683688999795642
theta0.65_kappa0.002,2,18,-6.5823471006205097,-4.5619524457745353,-2.0203946548459744
theta0.65_kappa0.002,2,19,5.2858702161611575,8.8110843531596483,-3.5252141369984908
theta0.65_kappa0.002,2,20,53.200187400740262,53.780253496595897,-0.58006609585563496
theta0.65_kappa0.002,2,21,41.04503640797757,40.779617517140139,0.26541889083743087
theta0.65_kappa0.002,2,22,2.2015703768944679,3.8804025371098705,-1.6788321602154026
theta0.65_kappa0.002,2,23,7.1044134991575207,-0.27045546576980167,7.3748689649273222
theta0.65_kappa0.002,2,24,12.645315192748988,1.8763006572337453,10.769014535515243
theta0.65_kappa0.002,2,25,59.757143463944622,59.757143463944622,0
theta0.65_kappa0.002,2,26,34.15370765937277,9.9243023961919885,24.22940526318078
theta0.65_kappa0.002,2,27,-9.2817025357837117,-7.3468717357484712,-1.9348308000352406
theta0.65_kappa0.002,2,28,40.032585122273957,40.032585122273957,0
theta0.65_kappa0.002,2,29,36.534322288348861,18.958140720531524,17.576181567817336
theta0.65_kappa0.002,2,30,7.1027489629173104,9.2212396487468418,-2.1184906858295314
theta0.65_kappa0.002,2,31,0.37895376776282519,-0.1578534603035695,0.53680722806639469
theta0.65_kappa0.002,2,32,-3.3438320490668731,-1.0984657063549377,-2.2453663427119355
theta0.65_kappa0.002,2,33,45.745471717792299,26.133001066331193,19.612470651461106
theta0.65_kappa0.002,2,34,57.215332924787837,57.215332924787837,0
theta0.65_kappa0.002,2,35,33.781356359096904,26.738008396971612,7.0433479621252921
theta0.65_kappa0.002,2,36,-5.2308468417665086,-2.9458354733175103,-2.2850113684489983
theta0.65_kappa0.002,2,37,45.645631669974378,48.128735234094947,-2.4831035641205688
theta0.65_kappa0.002,2,38,0.2621860741963209,4.1570000489355117,-3.8948139747391908
theta0.65_kappa0.002,2,39,14.670087628537765,18.375174665507444,-3.7050870369696796
theta0.65_kappa0.002,2,40,-8.1240238734591479,-5.7376971848989822,-2.3863266885601657
theta0.65_kappa0.002,2,41,8.3919138316539357,8.9081508775710354,-0.51623704591709973
theta0.65_kappa0.002,2,42,-15.064140485528741,-14.18547225570614,-0.87866822982260118
theta0.65_kappa0.002,2,43,7.3058144883727536,5.8223445070966466,1.483469981276107
theta0.65_kappa0.002,2,44,53.66661500230574,53.66661500230574,0
theta0.65_kappa0.002,2,45,-12.057866060279997,-12.419736700404735,0.36187064012473869
theta0.65_kappa0.002,2,46,9.5147543198915248,8.47840908639097,1.0363452335005547
theta0.65_kappa0.002,2,47,20.731645855747296,21.282130140935617,-0.55048428518832182
theta0.65_kappa0.002,2,48,-15.509953807947376,-10.625407958215389,-4.8845458497319871
theta0.65_kappa0.002,2,49,47.852008145821252,47.852008145821252,0
theta0.65_kappa0.002,2,50,24.353711966330678,24.544381450610757,-0.1906694842800789
theta0.65_kappa0.002,2,51,-11.902626992220828,-7.5991837972153782,-4.3034431950054497
theta0.65_kappa0.002,2,52,49.116436686762633,-6.8064702489013218,55.922906935663953
theta0.65_kappa0.002,2,53,-13.660938257817138,-11.927579932264525,-1.7333583255526133
theta0.65_kappa0.002,2,54,-1.8145217248012744,-0.27150395517104342,-1.543017769630231
theta0.65_kappa0.002,2,55,54.084039699752303,14.408955259488264,39.675084440264037
theta0.65_kappa0.002,2,56,41.287816055830682,23.307507461275307,17.980308594555375
theta0.65_kappa0.002,2,57,38.93802133435392,10.650271805284261,28.287749529069657
theta0.65_kappa0.002,2,58,48.238067740746878,49.565188375183851,-1.327120634436973
theta0.65_kappa0.002,2,59,10.729417030369405,17.358486512584928,-6.6290694822155238
theta0.65_kappa0.002,2,60,35.649164296487811,26.813588054765653,8.8355762417221584
theta0.65_kappa0.002,2,61,43.1918514915915,43.1918514915915,0
theta0.65_kappa0.002,2,62,14.401947146735589,-12.906294692228844,27.308241838964435
theta0.65_kappa0.002,2,63,17.597565903658221,-0.89687699975679269,18.494442903415013
theta0.65_kappa0.002,2,64,-16.635480410880767,-15.489895474010488,-1.1455849368702786
theta0.65_kappa0.002,2,65,36.831197581907503,36.831197581907503,0
theta0.65_kappa0.002,2,66,21.284553226910397,25.830199805684337,-4.5456465787739404
theta0.65_kappa0.002,2,67,18.269747861094302,17.063987657987216,1.2057602031070864
theta0.65_kappa0.002,2,68,48.574351767493923,48.574351767493923,0
theta0.65_kappa0.002,2,69,49.403965071742768,49.403965071742768,0
theta0.65_kappa0.002,2,70,43.741301026323896,42.214955771846526,1.5263452544773699
theta0.65_kappa0.002,2,71,50.044003638175518,48.608204589583906,1.4357990485916119
theta0.65_kappa0.002,2,72,48.177960596547592,45.005332104155791,3.1726284923918016
theta0.65_kappa0.002,2,73,3.7799249490301463,4.6837537498508626,-0.90382880082071626
theta0.65_kappa0.002,2,74,8.2193816131943169,6.6719554341692682,1.5474261790250488
theta0.65_kappa0.002,2,75,29.288089472778111,8.1385482993895799,21.149541173388531
theta0.65_kappa0.002,2,76,45.79629126073111,12.00575731455605,33.79053394617506
theta0.65_kappa0.002,2,77,29.68646964314707,22.814757269753748,6.8717123733933221
theta0.65_kappa0.002,2,78,-4.9449615806905998,-6.6927338491161565,1.7477722684255568
theta0.65_kappa0.002,2,79,34.479473693636329,34.479473693636329,0
theta0.65_kappa0.002,2,80,17.222500535666946,18.934879681355437,-1.7123791456884909
theta0.65_kappa0.002,2,81,12.07745227186539,1.704277411635986,10.373174860229405
theta0.65_kappa0.002,2,82,36.51689409987825,36.51689409987825,0
theta0.65_kappa0.002,2,83,43.70013252459794,43.70013252459794,0
theta0.65_kappa0.002,2,84,52.762716293910465,17.857122713252142,34.905593580658319
theta0.65_kappa0.002,2,85,-6.3363990346624091,-2.6030401346329888,-3.7333589000294203
theta0.65_kappa0.002,2,86,30.656150825150892,30.656150825150892,0
theta0.65_kappa0.002,2,87,29.469036247421812,13.919291673574884,15.549744573846928
theta0.65_kappa0.002,2,88,-0.2022352444676245,1.9709946176955535,-2.1732298621631778
theta0.65_kappa0.002,2,89,-6.5959551453135896,-4.2208517824372951,-2.3751033628762945
theta0.65_kappa0.002,2,90,50.816406916668846,50.816406916668846,0
theta0.65_kappa0.002,2,91,12.512090221436663,13.326687028751389,-0.81459680731472517
theta0.65_kappa0.002,2,92,36.714904637792657,-18.766669814775256,55.481574452567912
theta0.65_kappa0.002,2,93,1.8344170390873169,-5.9971624278159918,7.8315794669033085
theta0.65_kappa0.002,2,94,36.077432755429037,34.984450675899311,1.092982079529726
theta0.65_kappa0.002,2,95,45.627107361057185,22.1205343792445,23.506572981812685
theta0.65_kappa0.002,2,96,9.996192738540234,11.835896658230713,-1.8397039196904785
theta0.65_kappa0.002,2,97,15.437615525664381,10.053172628807395,5.3844428968569851
theta0.65_kappa0.002,2,98,56.125276645035868,56.125276645035868,0
theta0.65_kappa0.002,2,99,41.815780658354342,0.50382509456123792,41.311955563793106
theta0.65_kappa0.002,3,0,31.316817213086569,29.031657591779499,2.28515962130707
theta0.65_kappa0.002,3,1,8.643563580250639,9.0392263862765283,-0.39566280602588932
theta0.65_kappa0.002,3,2,19.355618500999626,20.017851118729578,-0.66223261772995201
theta0.65_kappa0.002,3,3,19.414214974263061,14.292399781221308,5.121815193041753
theta0.65_kappa0.002,3,4,14.915146006589037,14.538987690602596,0.37615831598644078
theta0.65_kappa0.002,3,5,2.7492768382753927,0.90636831306410737,1.8429085252112853
theta0.65_kappa0.002,3,6,-0.17768114994547621,0.59714812505791803,-0.77482927500339427
theta0.65_kappa0.002,3,7,35.824387770569174,6.3356507949795002,29.488736975589674
theta0.65_kappa0.002,3,8,40.907299698523488,40.856299698523557,0.050999999999930878
theta0.65_kappa0.002,3,9,2.1521024603307133,9.2108406637947962,-7.0587382034640829
theta0.65_kappa0.002,3,10,-0.26411047048510339,-8.2807678467859454,8.0166573763008415
theta0.65_kappa0.002,3,11,25.692277139369889,1.9360151286805447,23.756262010689344
theta0.65_kappa0.002,3,12,3.7726789943320118,-1.5367258092357243,5.3094048035677357
theta0.65_kappa0.002,3,13,43.708737129511327,43.039491499551758,0.66924562995956904
theta0.65_kappa0.002,3,14,-10.834160969237134,-11.298888682338442,0.46472771310130767
theta0.65_kappa0.002,3,15,25.255147849786823,24.237430659159543,1.0177171906272804
theta0.65_kappa0.002,3,16,9.6160427196318441,14.64698828479645,-5.0309455651646058
theta0.65_kappa0.002,3,17,5.3980899634674673,6.9427557712444905,-1.5446658077770232
theta0.65_kappa0.002,3,18,-9.2399327126706048,-12.296881924860026,3.0569492121894211
theta0.65_kappa0.002,3,19,19.354910352286737,20.087523045522847,-0.73261269323610989
theta0.65_kappa0.002,3,20,-7.3432371013218525,-2.7735539351072531,-4.5696831662145989
theta0.65_kappa0.002,3,21,14.009479598897769,2.7500231673307347,11.259456431567035
theta0.65_kappa0.002,3,22,55.572117613892608,47.30228183645697,8.2698357774356381
theta0.65_kappa0.002,3,23,37.872129154004504,37.872129154004504,0
theta0.65_kappa0.002,3,24,3.055067539138884,4.9146796364314724,-1.8596120972925885
theta0.65_kappa0.002,3,25,32.538551464955653,29.818820632173573,2.7197308327820799
theta0.65_kappa0.002,3,26,35.096064864839327,4.9351036958128551,30.160961169026471
theta0.65_kappa0.002,3,27,-0.54079513295673864,1.743384754630233,-2.2841798875869719
theta0.65_kappa0.002,3,28,11.326730248144246,14.328272455520739,-3.0015422073764935
theta0.65_kappa0.002,3,29,23.121202764823771,26.18761319595918,-3.0664104311354095
theta0.65_kappa0.002,3,30,-10.397674247575081,-7.0529312261372255,-3.3447430214378553
theta0.65_kappa0.002,3,31,1.0168765358699092,-19.428936186159049,20.445812722028958
theta0.65_kappa0.002,3,32,-11.493861709786184,-10.051683110050508,-1.4421785997356764
theta0.65_kappa0.002,3,33,23.792424549877698,8.3152540859894621,15.477170463888235
theta0.65_kappa0.002,3,34,40.993757604088032,40.993757604088032,0
theta0.65_kappa0.002,3,35,-8.491551512116537,-5.9892954568918606,-2.5022560552246764
theta0.65_kappa0.002,3,36,2.0411412309193984,3.63743351657972,-1.5962922856603217
theta0.65_kappa0.002,3,37,30.944123373539771,31.199050526029367,-0.25492715248959641
theta0.65_kappa0.002,3,38,39.724163297807621,42.896658479937471,-3.1724951821298504
theta0.65_kappa0.002,3,39,61.959196202071091,55.029041789217182,6.9301544128539092
theta0.65_kappa0.002,3,40,12.481187841060864,12.119442120007657,0.36174572105320735
theta0.65_kappa0.002,3,41,47.798781407928459,47.834812848989479,-0.036031441061020075
theta0.65_kappa0.002,3,42,38.040236566801681,22.760926921141991,15.279309645659691
theta0.65_kappa0.002,3,43,39.772288165357224,11.195316533085396,28.576971632271828
theta0.65_kappa0.002,3,44,33.913709103541365,12.643049201046145,21.270659902495218
theta0.65_kappa0.002,3,45,63.517390081614785,63.666583294771968,-0.14919321315718292
theta0.65_kappa0.002,3,46,50.517266873176951,50.638998505342109,-0.12173163216515803
theta0.65_kappa0.002,3,47,39.907690534474447,12.871554235813305,27.036136298661141
theta0.65_kappa0.002,3,48,47.230827589276139,47.605593230558412,-0.37476564128227352
theta0.65_kappa0.002,3,49,58.564028188264501,58.564028188264501,0
theta0.65_kappa0.002,3,50,45.756830173554846,47.462791653805098,-1.7059614802502523
theta0.65_kappa0.002,3,51,6.4254010303899207,10.473934713154511,-4.0485336827645906
theta0.65_kappa0.002,3,52,-9.6930449763453481,-19.896209766831198,10.20316479048585
theta0.65_kappa0.002,3,53,46.134923203245734,46.962461841753942,-0.82753863850820863
theta0.65_kappa0.002,3,54,6.0852580768684819,4.9422161541068235,1.1430419227616584
theta0.65_kappa0.002,3,55,25.268615321310996,25.723884548720068,-0.45526922740907239
theta0.65_kappa0.002,3,56,11.827194246056701,12.383149399950758,-0.55595515389405747
theta0.65_kappa0.002,3,57,-1.3197929820086158,-7.6994522244779899,6.3796592424693745
theta0.65_kappa0.002,3,58,55.209064661031739,56.628409278538335,-1.4193446175065958
theta0.65_kappa0.002,3,59,11.528145566726529,10.565757357603111,0.96238820912341794
theta0.65_kappa0.002,3,60,-1.2186389661681387,-0.88344511440150386,-0.33519385176663485
theta0.65_kappa0.002,3,61,42.101460894814394,41.926951252862125,0.17450964195226959
theta0.65_kappa0.002,3,62,37.825865898165112,17.449268745115251,20.376597153049861
theta0.65_kappa0.002,3,63,1.2508495470518093,2.4715602091271132,-1.2207106620753039
theta0.65_kappa0.002,3,64,-11.209687314911342,-4.681697037232075,-6.5279902776792671
theta0.65_kappa0.002,3,65,46.804371282661414,23.491373808569911,23.312997474091503
theta0.65_kappa0.002,3,66,45.674174872935552,19.757920354101604,25.916254518833949
theta0.65_kappa0.002,3,67,4.2791493288460822,-2.3769359105865315,6.6560852394326133
theta0.65_kappa0.002,3,68,-1.1807876220813305,0.64890284236083939,-1.8296904644421699
theta0.65_kappa0.002,3,69,27.690061470692974,27.986816336172566,-0.29675486547959196
theta0.65_kappa0.002,3,70,24.96462926996686,19.550917208508036,5.4137120614588241
theta0.65_kappa0.002,3,71,21.398194282497329,22.28991907532356,-0.89172479282623129
theta0.65_kappa0.002,3,72,37.095277198502643,35.010969366747076,2.0843078317555666
theta0.65_kappa0.002,3,73,18.496936301451743,5.4931826788746871,13.003753622577056
theta0.65_kappa0.002,3,74,46.343062464758873,17.600196199069405,28.742866265689468
theta0.65_kappa0.002,3,75,-6.7701701439081807,-5.0718253639453437,-1.6983447799628371
theta0.65_kappa0.002,3,76,48.760182073837797,48.810182073837069,-0.049999999999272404
theta0.65_kappa0.002,3,77,-1.9586208899077755,0.2237278161827487,-2.182348706090524
theta0.65_kappa0.002,3,78,2.805060749123875,4.8248150475579488,-2.0197542984340737
theta0.65_kappa0.002,3,79,9.9198299180384595,2.718169468653572,7.201660449384887
theta0.65_kappa0.002,3,80,34.36581653983955,17.507126164556229,16.85869037528332
theta0.65_kappa0.002,3,81,44.675594696645625,6.2753290812538616,38.40026561539176
theta0.65_kappa0.002,3,82,41.612847955983632,41.612847955983632,0
theta0.65_kappa0.002,3,83,-0.61248604172443355,0.98425948111224082,-1.5967455228366743
theta0.65_kappa0.002,3,84,39.562642446442005,39.562642446442005,0
theta0.65_kappa0.002,3,85,41.065652438452368,13.56807895536252,27.497573483089848
theta0.65_kappa0.002,3,86,33.886324209581268,13.062530344573632,20.823793865007637
theta0.65_kappa0.002,3,87,8.6672736623638222,13.64202969362734,-4.9747560312635173
theta0.65_kappa0.002,3,88,46.169830489077967,46.169830489077967,0
theta0.65_kappa0.002,3,89,43.451450539097259,6.1958161360964228,37.255634403000833
theta0.65_kappa0.002,3,90,-2.6928252333518485,3.545860702964819,-6.2386859363166671
theta0.65_kappa0.002,3,91,40.234498623518249,38.38884703845617,1.8456515850620789
theta0.65_kappa0.002,3,92,31.661344851635199,30.157635410841841,1.503709440793358
theta0.65_kappa0.002,3,93,9.0299407993731808,12.680040843708211,-3.65010004433503
theta0.65_kappa0.002,3,94,-10.094567579662129,-9.6593563087400298,-0.43521127092209966
theta0.65_kappa0.002,3,95,15.956374921477227,12.36828003953651,3.5880948819407177
theta0.65_kappa0.002,3,96,46.784975862331414,21.956959880803996,24.828015981527418
theta0.65_kappa0.002,3,97,-0.57563640850757358,-1.4248933985136041,0.8492569900060305
theta0.65_kappa0.002,3,98,28.395553182586639,26.365641751808852,2.029911430777787
theta0.65_kappa0.002,3,99,19.76445945024507,20.507731804597999,-0.74327235435292849
theta0.65_kappa0.002,4,0,31.088849752018721,30.706114490405465,0.38273526161325577
theta0.65_kappa0.002,4,1,16.808587879798026,21.779514196345826,-4.9709263165477999
theta0.65_kappa0.002,4,2,36.987916848215328,36.987916848215328,0
theta0.65_kappa0.002,4,3,63.223889063368858,27.987210435862281,35.236678627506578
theta0.65_kappa0.002,4,4,48.961989513108705,48.961989513108705,0
theta0.65_kappa0.002,4,5,29.331996326778121,29.331996326778121,0
theta0.65_kappa0.002,4,6,-8.5113313129979158,-6.1288279570793041,-2.3825033559186117
theta0.65_kappa0.002,4,7,52.409228699051539,52.409228699051539,0
theta0.65_kappa0.002,4,8,52.448903223496359,32.983574971982009,19.46532825151435
theta0.65_kappa0.002,4,9,4.6870918242062602,6.2526750211575344,-1.5655831969512741
theta0.65_kappa0.002,4,10,-5.8731493052809141,-3.480586336320969,-2.392562968959945
theta0.65_kappa0.002,4,11,32.987703409300288,14.633383469394246,18.354319939906041
theta0.65_kappa0.002,4,12,30.102217691638444,-13.810290269107568,43.912507960746012
theta0.65_kappa0.002,4,13,30.56770591795706,30.56770591795706,0
theta0.65_kappa0.002,4,14,26.069054279223742,26.577205681847275,-0.50815140262353253
theta0.65_kappa0.002,4,15,30.209216469563152,29.768214484432189,0.44100198513096345
theta0.65_kappa0.002,4,16,37.538633868846254,37.538633868846254,0
theta0.65_kappa0.002,4,17,4.8646712481185803,8.4780544075605153,-3.613383159441935
theta0.65_kappa0.002,4,18,31.981842000467108,9.736579718558092,22.245262281909014
theta0.65_kappa0.002,4,19,18.082164915616161,6.8024738593155272,11.279691056300635
theta0.65_kappa0.002,4,20,-0.2583385069303441,1.9288017741767871,-2.1871402811071312
theta0.65_kappa0.002,4,21,23.508048386122635,14.868446851355449,8.639601534767186
theta0.65_kappa0.002,4,22,13.036904431337691,15.667134569379281,-2.6302301380415898
theta0.65_kappa0.002,4,23,36.245933638003997,36.245933638003997,0
theta0.65_kappa0.002,4,24,34.453114402670046,-0.99971508879639637,35.452829491466446
theta0.65_kappa0.002,4,25,0.41456519946367187,3.6446468783410451,-3.2300816788773732
theta0.65_kappa0.002,4,26,6.0878182138971662,9.7997932996091048,-3.7119750857119387
theta0.65_kappa0.002,4,27,35.817904812192324,19.475886060363862,16.342018751828462
theta0.65_kappa0.002,4,28,28.854436874469538,24.739506703137849,4.1149301713316895
theta0.65_kappa0.002,4,29,7.7467347152466282,4.6964634350132872,3.0502712802333409
theta0.65_kappa0.002,4,30,38.856160776984851,38.856160776984851,0
theta0.65_kappa0.002,4,31,34.640819152955849,34.912504494108461,-0.27168534115261167
theta0.65_kappa0.002,4,32,8.1497464754805087,-9.1361610038731325,17.285907479353639
theta0.65_kappa0.002,4,33,18.215897473371147,8.5877623906885567,9.62813508268259
theta0.65_kappa0.002,4,34,15.052653468412243,13.748125833000405,1.3045276354118389
theta0.65_kappa0.002,4,35,59.103547857814725,59.103547857814725,0
theta0.65_kappa0.002,4,36,-0.94886290243275118,6.6934186944713128,-7.6422815969040636
theta0.65_kappa0.002,4,37,16.706121846402006,17.986079787903982,-1.2799579415019764
theta0.65_kappa0.002,4,38,44.549489029808903,45.238283292883501,-0.68879426307459823
theta0.65_kappa0.002,4,39,41.75786542786274,3.4268768490424688,38.330988578820268
theta0.65_kappa0.002,4,40,14.461435636164996,14.327588991801759,0.13384664436323668
theta0.65_kappa0.002,4,41,-17.573714105538691,-15.675783104954675,-1.8979310005840162
theta0.65_kappa0.002,4,42,37.72412582747392,37.698125827473625,0.026000000000294676
theta0.65_kappa0.002,4,43,23.473281668849246,23.061602007570247,0.41167966127899902
theta0.65_kappa0.002,4,44,1.2233501240048037,5.1623261069146942,-3.9389759829098905
theta0.65_kappa0.002,4,45,24.454244281142358,-2.6107334184035356,27.064977699545892
theta0.65_kappa0.002,4,46,11.954130140950912,8.8910407172606156,3.0630894236902968
theta0.65_kappa0.002,4,47,11.978598802192019,7.5598473823575185,4.4187514198345008
theta0.65_kappa0.002,4,48,40.74695817559779,41.356280990990669,-0.60932281539287914
theta0.65_kappa0.002,4,49,29.382538455747135,32.076131862355396,-2.6935934066082616
theta0.65_kappa0.002,4,50,57.61780894130127,57.642808941300906,-0.024999999999636202
theta0.65_kappa0.002,4,51,11.352991829619985,7.4959388081021174,3.8570530215178671
theta0.65_kappa0.002,4,52,-5.5198874802957665,-1.7666716353273424,-3.7532158449684241
theta0.65_kappa0.002,4,53,10.8049030015932,10.992549556086656,-0.18764655449345646
theta0.65_kappa0.002,4,54,17.878153406502769,-6.6347589596808909,24.512912366183659
theta0.65_kappa0.002,4,55,4.6690592301254394,7.7862178435761518,-3.1171586134507123
theta0.65_kappa0.002,4,56,25.417121975070614,14.708301006068934,10.70882096900168
theta0.65_kappa0.002,4,57,2.8339824637326796,5.758858441728492,-2.9248759779958124
theta0.65_kappa0.002,4,58,25.426228984620806,26.137280076514312,-0.71105109189350557
theta0.65_kappa0.002,4,59,16.933158926731537,-2.9776117179396415,19.910770644671178
theta0.65_kappa0.002,4,60,29.528503074978357,30.400718066855056,-0.87221499187669949
theta0.65_kappa0.002,4,61,63.202092641708994,32.182766477647313,31.019326164061681
theta0.65_kappa0.002,4,62,28.024165583645299,-12.387238419767204,40.4114040034125
theta0.65_kappa0.002,4,63,-22.675973567440021,-20.037576976529749,-2.638396590910272
theta0.65_kappa0.002,4,64,4.7585787281652596,7.4084339524454856,-2.649855224280226
theta0.65_kappa0.002,4,65,35.720955009897224,37.111184107077023,-1.3902290971797981
theta0.65_kappa0.002,4,66,-4.0441564230401106,0.40318501388217459,-4.4473414369222848
theta0.65_kappa0.002,4,67,-5.331579564038031,-4.0154193134360616,-1.3161602506019694
theta0.65_kappa0.002,4,68,39.632576107262999,39.581576107262613,0.051000000000385626
theta0.65_kappa0.002,4,69,8.2848520576797728,-14.186411614131176,22.471263671810949
theta0.65_kappa0.002,4,70,27.878762770597103,6.9650255868656066,20.913737183731495
theta0.65_kappa0.002,4,71,-3.8040946391709731,-0.39653309608292431,-3.4075615430880486
theta0.65_kappa0.002,4,72,37.81514327574228,37.81514327574228,0
theta0.65_kappa0.002,4,73,16.99223044348949,6.2478861218619741,10.744344321627516
theta0.65_kappa0.002,4,74,39.594677642723852,-5.6526735338265093,45.24735117655036
theta0.65_kappa0.002,4,75,11.161279172427903,-3.0904496273230335,14.251728799750937
theta0.65_kappa0.002,4,76,10.713326564630796,8.7223503518857619,1.9909762127450339
theta0.65_kappa0.002,4,77,68.618009355675326,68.643009355674963,-0.024999999999636202
theta0.65_kappa0.002,4,78,15.023955518487467,-4.3261700487813215,19.35012556726879
theta0.65_kappa0.002,4,79,21.064117858018477,5.3724490531703513,15.691668804848126
theta0.65_kappa0.002,4,80,10.95141570667613,8.3940673325517601,2.5573483741243699
theta0.65_kappa0.002,4,81,34.355462455875923,33.165822812083206,1.1896396437927166
theta0.65_kappa0.002,4,82,37.645369069777743,11.27082272177371,26.374546348004031
theta0.65_kappa0.002,4,83,25.209553881725711,6.773657055428135,18.435896826297576
theta0.65_kappa0.002,4,84,46.054286074266813,46.054286074266813,0
theta0.65_kappa0.002,4,85,22.880865871336898,5.5486826989223648,17.332183172414531
theta0.65_kappa0.002,4,86,-16.142595038245936,-20.262222656236876,4.1196276179909397
theta0.65_kappa0.002,4,87,46.904421236081539,46.904421236081539,0
theta0.65_kappa0.002,4,88,1.2424205286107737,2.9008076548590593,-1.6583871262482857
theta0.65_kappa0.002,4,89,35.454993879574268,32.45542181417516,2.9995720653991071
theta0.65_kappa0.002,4,90,13.972467190613465,14.096855199980372,-0.12438800936690697
theta0.65_kappa0.002,4,91,21.32583398630786,-3.7927129852284032,25.118546971536261
theta0.65_kappa0.002,4,92,-7.1009405162532548,-4.1388594517811566,-2.9620810644720983
theta0.65_kappa0.002,4,93,40.825928396142309,40.774928396142833,0.050999999999476131
theta0.65_kappa0.002,4,94,7.4351248950977196,8.7481751197596473,-1.3130502246619278
theta0.65_kappa0.002,4,95,-2.1324994194388855,-2.1384229971395032,0.0059235777006176882
theta0.65_kappa0.002,4,96,52.901092123999675,22.591549094269403,30.309543029730271
theta0.65_kappa0.002,4,97,7.8959608794316205,10.365561048857336,-2.469600169425715
theta0.65_kappa0.002,4,98,15.294623155905963,6.8517421012900712,8.4428810546158921
theta0.65_kappa0.002,4,99,7.0349167794620859,9.3789385670277756,-2.3440217875656897
theta0.65_kappa0.002,5,0,18.443706198112295,-6.4375089143151563,24.881215112427451
theta0.65_kappa0.002,5,1,14.120689261858129,-8.1298003183673693,22.250489580225498
theta0.65_kappa0.002,5,2,26.802138213997463,20.828493917429302,5.9736442965681604
theta0.65_kappa0.002,5,3,42.357029879694103,42.357029879694103,0
theta0.65_kappa0.002,5,4,40.587384341884935,40.587384341884935,0
theta0.65_kappa0.002,5,5,47.159801386553738,32.936148911688228,14.22365247486551
theta0.65_kappa0.002,5,6,52.479166501241892,52.504166501241528,-0.024999999999636202
theta0.65_kappa0.002,5,7,43.72052337616423,43.72052337616423,0
theta0.65_kappa0.002,5,8,44.153220884495973,43.585035353634375,0.56818553086159795
theta0.65_kappa0.002,5,9,21.168526671866587,21.468816554551072,-0.30028988268448487
theta0.65_kappa0.002,5,10,31.58223547648349,32.880158450800536,-1.2979229743170464
theta0.65_kappa0.002,5,11,15.460937180571404,-16.05002082254396,31.510958003115363
theta0.65_kappa0.002,5,12,45.563620371982779,45.563620371982779,0
theta0.65_kappa0.002,5,13,49.609287617701547,49.584287617701001,0.025000000000545697
theta0.65_kappa0.002,5,14,5.6229272094039402,1.5149963504478801,4.1079308589560597
theta0.65_kappa0.002,5,15,47.581317450154486,40.500175565740975,7.0811418844135119
theta0.65_kappa0.002,5,16,8.8313562587962302,10.630626700004198,-1.7992704412079679
theta0.65_kappa0.002,5,17,55.279812091229132,37.838814852936331,17.440997238292802
theta0.65_kappa0.002,5,18,7.4947307009389341,7.8907413005834766,-0.39601059964454244
theta0.65_kappa0.002,5,19,22.574167649766316,20.865757256191593,1.7084103935747237
theta0.65_kappa0.002,5,20,0.61740592642004666,6.3657278194632685,-5.7483218930432223
theta0.65_kappa0.002,5,21,-5.5615806155618053,-5.2077032465988342,-0.35387736896297106
theta0.65_kappa0.002,5,22,36.584482527643978,36.584482527643978,0
theta0.65_kappa0.002,5,23,14.042916570157796,16.29126661252127,-2.248350042363473
theta0.65_kappa0.002,5,24,56.526155416417609,56.526155416417609,0
theta0.65_kappa0.002,5,25,42.930595356449871,43.262347606865859,-0.33175225041598821
theta0.65_kappa0.002,5,26,41.15723673375782,44.971381165991723,-3.8141444322339026
theta0.65_kappa0.002,5,27,48.916310705323092,50.178936247532704,-1.2626255422096122
theta0.65_kappa0.002,5,28,31.780633551657605,32.52665476387758,-0.74602121221997564
theta0.65_kappa0.002,5,29,-8.4914160760805473,-8.2233691996421694,-0.26804687643837788
theta0.65_kappa0.002,5,30,-5.2893671788268515,-3.3435337413294439,-1.9458334374974076
theta0.65_kappa0.002,5,31,63.585165585059059,62.800436341130457,0.78472924392860222
theta0.65_kappa0.002,5,32,43.534727138302266,9.2798824609297661,34.254844677372503
theta0.65_kappa0.002,5,33,15.541312637879621,18.903479542825231,-3.3621669049456102
theta0.65_kappa0.002,5,34,33.586932552825616,34.664629387659843,-1.077696834834228
theta0.65_kappa0.002,5,35,34.168651820678022,34.168651820678022,0
theta0.65_kappa0.002,5,36,-20.867033488443745,-20.410678886913384,-0.45635460153036078
theta0.65_kappa0.002,5,37,12.602562546772509,13.504708098083514,-0.90214555131100482
theta0.65_kappa0.002,5,38,3.16906139281864,6.1735145009214811,-3.0044531081028412
theta0.65_kappa0.002,5,39,38.449317971796511,40.874957059920547,-2.4256390881240364
theta0.65_kappa0.002,5,40,45.932454706460675,45.881454706461199,0.050999999999476131
theta0.65_kappa0.002,5,41,35.932561779413184,34.914620204836417,1.017941574576767
theta0.65_kappa0.002,5,42,10.358035469942894,7.6711705170844073,2.6868649528584871
theta0.65_kappa0.002,5,43,18.034043412038962,21.529542360219221,-3.4954989481802592
theta0.65_kappa0.002,5,44,9.8036138958164596,-8.5663540485852891,18.369967944401751
theta0.65_kappa0.002,5,45,-12.318545512168091,-9.6821480962227717,-2.6363974159453196
theta0.65_kappa0.002,5,46,12.930176567504761,0.073548060600388404,12.856628506904373
theta0.65_kappa0.002,5,47,28.027932536016561,29.81542192260223,-1.7874893865856691
theta0.65_kappa0.002,5,48,43.079975182339538,3.3287104194085182,39.751264762931022
theta0.65_kappa0.002,5,49,51.736464329876185,51.736464329876185,0
theta0.65_kappa0.002,5,50,38.17466021727197,37.677385352114456,0.49727486515751451
theta0.65_kappa0.002,5,51,46.512928290411381,46.461928290410995,0.051000000000385626
theta0.65_kappa0.002,5,52,38.079959743955982,2.9034779719546675,35.176481772001317
theta0.65_kappa0.002,5,53,15.548176614690323,18.717225583628007,-3.169048968937684
theta0.65_kappa0.002,5,54,52.888475249086149,52.888475249086149,0
theta0.65_kappa0.002,5,55,-13.765396947522548,-10.235711974384875,-3.5296849731376732
theta0.65_kappa0.002,5,56,56.583824650586557,40.745152159852395,15.838672490734162
theta0.65_kappa0.002,5,57,25.833328601895385,-0.24735150576543491,26.080680107660818
theta0.65_kappa0.002,5,58,13.276629577603751,7.6431103605820514,5.6335192170216999
theta0.65_kappa0.002,5,59,36.853148166055163,36.853148166055163,0
theta0.65_kappa0.002,5,60,-5.5731484382230301,-7.1577677576590801,1.5846193194360501
theta0.65_kappa0.002,5,61,15.133353488632698,13.246590646916133,1.8867628417165658
theta0.65_kappa0.002,5,62,26.24271145905297,27.658849968976416,-1.4161385099234458
theta0.65_kappa0.002,5,63,21.083501761026778,23.1143194708769,-2.0308177098501226
theta0.65_kappa0.002,5,64,11.639582229377703,11.759208514555652,-0.11962628517794904
theta0.65_kappa0.002,5,65,36.188355620301159,36.652833366646263,-0.46447774634510353
theta0.65_kappa0.002,5,66,20.63809089029413,0.3919223595047161,20.246168530789415
theta0.65_kappa0.002,5,67,17.648206076364449,19.995675593214216,-2.3474695168497668
theta0.65_kappa0.002,5,68,11.402408606298531,5.4927213148804617,5.9096872914180691
theta0.65_kappa0.002,5,69,31.143966342089016,27.321298637144565,3.8226677049444504
theta0.65_kappa0.002,5,70,-8.6440315140519992,-7.7669088894379748,-0.87712262461402446
theta0.65_kappa0.002,5,71,52.015799235616576,52.015799235616576,0
theta0.65_kappa0.002,5,72,39.332119413321578,39.163541499217466,0.16857791410411238
theta0.65_kappa0.002,5,73,50.272697700890468,52.554139616262844,-2.2814419153723762
theta0.65_kappa0.002,5,74,17.652679929083792,20.062433835007379,-2.4097539059235871
theta0.65_kappa0.002,5,75,49.673250343077967,22.432407371941199,27.240842971136768
theta0.65_kappa0.002,5,76,53.665124332831105,53.665124332831105,0
theta0.65_kappa0.002,5,77,1.4952746733164797,3.2769837636342571,-1.7817090903177775
theta0.65_kappa0.002,5,78,45.85103091773837,46.104327565888411,-0.25329664815004094
theta0.65_kappa0.002,5,79,31.215550253957201,18.942872297759312,12.272677956197889
theta0.65_kappa0.002,5,80,1.4148657953700496,4.2245334540360702,-2.8096676586660205
theta0.65_kappa0.002,5,81,6.8386464168068315,7.9419149422295252,-1.1032685254226937
theta0.65_kappa0.002,5,82,49.251697881972603,4.7755623437059995,44.476135538266604
theta0.65_kappa0.002,5,83,36.901218512468816,37.141119030499297,-0.23990051803048118
theta0.65_kappa0.002,5,84,2.9027971313178642,7.9835267027010852,-5.0807295713832215
theta0.65_kappa0.002,5,85,8.9988610779092699,12.939177797759356,-3.9403167198500864
theta0.65_kappa0.002,5,86,3.2009958926910893,5.7477003267442868,-2.5467044340531975
theta0.65_kappa0.002,5,87,28.933443416242557,14.339062044332248,14.594381371910309
theta0.65_kappa0.002,5,88,11.921615648654791,12.184995911854216,-0.26338026319942465
theta0.65_kappa0.002,5,89,34.409482989469822,34.409482989469822,0
theta0.65_kappa0.002,5,90,-5.8346938312299041,-6.2978265914299749,0.46313276020007077
theta0.65_kappa0.002,5,91,15.916156877676933,14.554911498996782,1.3612453786801506
theta0.65_kappa0.002,5,92,48.208025637454853,48.183025637455216,0.024999999999636202
theta0.65_kappa0.002,5,93,7.1218261419153261,3.0924121880899937,4.0294139538253324
theta0.65_kappa0.002,5,94,48.100780551006814,48.049780551006428,0.051000000000385626
theta0.65_kappa0.002,5,95,26.83333681800713,19.980183007286261,6.8531538107208689
theta0.65_kappa0.002,5,96,26.642267542914283,8.8431748372586476,17.799092705655635
theta0.65_kappa0.002,5,97,30.774494209868827,13.934337816348586,16.840156393520239
theta0.65_kappa0.002,5,98,43.199848359812322,35.925302805897623,7.2745455539146988
theta0.65_kappa0.002,5,99,42.096753150376117,41.860948370974299,0.23580477940181765
theta0.65_kappa0.002,6,0,10.816172715967037,12.363330511541806,-1.5471577955747691
theta0.65_kappa0.002,6,1,8.2817569255475831,7.7575758016749319,0.52418112387265126
theta0.65_kappa0.002,6,2,34.602611903316621,34.870199048724402,-0.26758714540778072
theta0.65_kappa0.002,6,3,24.377487741070375,4.7629938786062969,19.61449386246408
theta0.65_kappa0.002,6,4,18.043416052910217,11.95444075770888,6.0889752952013367
theta0.65_kappa0.002,6,5,31.617723307331779,3.5790657057284911,28.038657601603287
theta0.65_kappa0.002,6,6,40.904748516854468,40.879748516853923,0.025000000000545697
theta0.65_kappa0.002,6,7,21.09104691559201,-1.2548577864204591,22.345904702012469
theta0.65_kappa0.002,6,8,31.098432533284981,31.01526346127315,0.083169072011830991
theta0.65_kappa0.002,6,9,14.380573555408724,13.607315417133377,0.77325813827534695
theta0.65_kappa0.002,6,10,20.354580590933601,20.399621537266807,-0.045040946333205767
theta0.65_kappa0.002,6,11,17.972597023110161,-0.8813142377203641,18.853911260830525
theta0.65_kappa0.002,6,12,5.8589209505086908,8.271084893517596,-2.4121639430089052
theta0.65_kappa0.002,6,13,5.4428170084278129,7.2586933609525124,-1.8158763525246995
theta0.65_kappa0.002,6,14,54.219450575604149,54.219450575604149,0
theta0.65_kappa0.002,6,15,4.8576575501769366,6.7981718668468591,-1.9405143166699226
theta0.65_kappa0.002,6,16,16.788655495278114,16.267481930505927,0.52117356477218735
theta0.65_kappa0.002,6,17,34.009527131306868,-11.110283216734455,45.119810348041327
theta0.65_kappa0.002,6,18,28.494608467084198,23.563308864706585,4.9312996023776137
theta0.65_kappa0.002,6,19,7.7325856203469954,9.2108356975927599,-1.4782500772457645
theta0.65_kappa0.002,6,20,-14.061856098021764,-15.782336404041899,1.7204803060201357
theta0.65_kappa0.002,6,21,23.090361272182982,20.869484088085535,2.2208771840974464
theta0.65_kappa0.002,6,22,21.234828724700677,5.1961220524977847,16.038706672202892
theta0.65_kappa0.002,6,23,45.318769395392572,45.267769395393096,0.050999999999476131
theta0.65_kappa0.002,6,24,-8.1976948803234961,-10.231184655078454,2.0334897747549583
theta0.65_kappa0.002,6,25,42.062471864641907,42.857453443623172,-0.79498157898126465
theta0.65_kappa0.002,6,26,34.198289609330679,16.554002510922796,17.644287098407883
theta0.65_kappa0.002,6,27,-3.99958761428636,-2.3453127000484213,-1.6542749142379387
theta0.65_kappa0.002,6,28,54.600865882911904,-1.849801949866436,56.450667832778343
theta0.65_kappa0.002,6,29,33.926598798242061,11.290515418885761,22.6360833793563
theta0.65_kappa0.002,6,30,7.571818671015949,11.095278072288885,-3.5234594012729357
theta0.65_kappa0.002,6,31,8.31217068284489,-7.296527093051969,15.608697775896859
theta0.65_kappa0.002,6,32,26.201510341831735,14.001991974618727,12.199518367213008
theta0.65_kappa0.002,6,33,-13.293738756724196,-11.74633385874686,-1.5474048979773354
theta0.65_kappa0.002,6,34,33.333647617299086,1.1859501135742856,32.1476975037248
theta0.65_kappa0.002,6,35,49.868982470913302,49.817982470912909,0.051000000000392731
theta0.65_kappa0.002,6,36,35.586355390303162,35.586355390303162,0
theta0.65_kappa0.002,6,37,11.593248470243992,12.915404069605918,-1.3221555993619258
theta0.65_kappa0.002,6,38,-6.8853181088888951,-3.9275593485636562,-2.9577587603252389
theta0.65_kappa0.002,6,39,22.402356873281679,22.697214767960997,-0.29485789467931767
theta0.65_kappa0.002,6,40,-6.0876539945750627,-9.470377868491326,3.3827238739162633
theta0.65_kappa0.002,6,41,48.826766921738539,24.732881716067332,24.093885205671207
theta0.65_kappa0.002,6,42,52.739934638918534,53.106669088917471,-0.3667344499989369
theta0.65_kappa0.002,6,43,31.254628055036225,31.254628055036225,0
theta0.65_kappa0.002,6,44,-4.5933840370529486,-2.9962473442159956,-1.597136692836953
theta0.65_kappa0.002,6,45,0.31509357168052049,-0.19681563642386929,0.51190920810438978
theta0.65_kappa0.002,6,46,19.374933297608521,15.435063304240924,3.9398699933675978
theta0.65_kappa0.002,6,47,55.713212548398793,55.716076199335177,-0.0028636509363835216
theta0.65_kappa0.002,6,48,33.184810114021431,24.4204036177353,8.7644064962861314
theta0.65_kappa0.002,6,49,6.6691867013458248,7.3288711868680796,-0.65968448552225478
theta0.65_kappa0.002,6,50,36.992950459932608,36.992950459932608,0
theta0.65_kappa0.002,6,51,36.889385323743824,-0.56148164691045532,37.450866970654282
theta0.65_kappa0.002,6,52,-0.067888244199415498,0.52410098969608043,-0.59198923389549596
theta0.65_kappa0.002,6,53,1.0184393522016435,-13.55459943828561,14.573038790487253
theta0.65_kappa0.002,6,54,36.990837673304057,2.6020809040946551,34.388756769209401
theta0.65_kappa0.002,6,55,26.009635213947512,13.73157221043313,12.278063003514381
theta0.65_kappa0.002,6,56,23.152634315638402,21.434853923798812,1.7177803918395895
theta0.65_kappa0.002,6,57,19.400924039362764,23.456600060878134,-4.0556760215153709
theta0.65_kappa0.002,6,58,14.679686592395569,15.701837375226432,-1.0221507828308631
theta0.65_kappa0.002,6,59,10.889050212230924,14.360538926613945,-3.4714887143830211
theta0.65_kappa0.002,6,60,5.1265819989679562,7.5660711916761905,-2.4394891927082343
theta0.65_kappa0.002,6,61,34.732148730818174,34.732148730818174,0
theta0.65_kappa0.002,6,62,3.519897933676277,2.2412604342563869,1.2786374994198901
theta0.65_kappa0.002,6,63,12.734733010776353,14.707514269377061,-1.9727812586007083
theta0.65_kappa0.002,6,64,46.157628734632105,40.214177177080096,5.9434515575520095
theta0.65_kappa0.002,6,65,54.285572075020042,54.285572075020042,0
theta0.65_kappa0.002,6,66,45.89921525298918,13.641488213388882,32.257727039600297
theta0.65_kappa0.002,6,67,0.055128448023039602,0.50557896043351214,-0.45045051241047251
theta0.65_kappa0.002,6,68,35.276465717439038,35.276465717439038,0
theta0.65_kappa0.002,6,69,-10.519102472323633,-8.893109935495433,-1.6259925368281998
theta0.65_kappa0.002,6,70,39.911594875500761,40.12513787351994,-0.21354299801917875
theta0.65_kappa0.002,6,71,26.158982861695382,10.373157377091935,15.785825484603446
theta0.65_kappa0.002,6,72,6.8205076452738798,5.6476782511695918,1.172829394104288
theta0.65_kappa0.002,6,73,42.550211988247568,2.9091340401008452,39.641077948146723
theta0.65_kappa0.002,6,74,56.221742677137037,55.254819364713057,0.96692331242397955
theta0.65_kappa0.002,6,75,8.217286752788274,-8.2035075205633134,16.420794273351589
theta0.65_kappa0.002,6,76,7.4853746733580913,5.4375936325775651,2.0477810407805261
theta0.65_kappa0.002,6,77,10.774252556973464,-5.0952913560522237,15.869543913025687
theta0.65_kappa0.002,6,78,7.6650843278902316,-3.00230919310897,10.667393520999202
theta0.65_kappa0.002,6,79,57.61767555147501,57.61767555147501,0
theta0.65_kappa0.002,6,80,47.654920408206799,47.654920408206799,0
theta0.65_kappa0.002,6,81,7.433618245808935,12.357074980945562,-4.923456735136627
theta0.65_kappa0.002,6,82,26.033651522363847,24.590709764179842,1.4429417581840056
theta0.65_kappa0.002,6,83,36.270365976606492,36.089140227226558,0.18122574937993363
theta0.65_kappa0.002,6,84,41.657580402566573,41.606580402567097,0.050999999999476131
theta0.65_kappa0.002,6,85,37.810715644196669,37.09175244902535,0.71896319517131957
theta0.65_kappa0.002,6,86,37.251582114439813,37.93846769174047,-0.68688557730065725
theta0.65_kappa0.002,6,87,13.57368371962596,14.94047137999784,-1.3667876603718803
theta0.65_kappa0.002,6,88,32.748792232986844,14.201019625958464,18.547772607028378
theta0.65_kappa0.002,6,89,22.787273996592603,25.180620010777947,-2.3933460141853438
theta0.65_kappa0.002,6,90,-14.406858825184624,-14.399921255055821,-0.0069375701288034719
theta0.65_kappa0.002,6,91,16.694960936691068,16.461832538733297,0.23312839795777052
theta0.65_kappa0.002,6,92,-14.460381652716126,-14.376803786104189,-0.083577866611937779
theta0.65_kappa0.002,6,93,46.668395699120147,46.54838930305251,0.12000639606763741
theta0.65_kappa0.002,6,94,26.300217497065407,20.402995579521448,5.8972219175439591
theta0.65_kappa0.002,6,95,7.0317090769799808,8.5359292901631232,-1.5042202131831424
theta0.65_kappa0.002,6,96,64.725012840389212,59.665716591588307,5.059296248800905
theta0.65_kappa0.002,6,97,9.1250125923072183,1.3821941462478771,7.7428184460593412
theta0.65_kappa0.002,6,98,33.105817288741633,5.2000007001783057,27.905816588563326
theta0.65_kappa0.002,6,99,17.539586472639854,20.832563338843073,-3.2929768662032188
theta0.65_kappa0.002,7,0,56.48456718575418,56.509567185754726,-0.025000000000545697
theta0.65_kappa0.002,7,1,26.08880535973902,1.0792632210218769,25.009542138717144
theta0.65_kappa0.002,7,2,49.759759714964623,49.759759714964623,0
theta0.65_kappa0.002,7,3,29.57642748682003,29.810471250091293,-0.23404376327126286
theta0.65_kappa0.002,7,4,-18.411884635769901,-16.14628900391185,-2.2655956318580515
theta0.65_kappa0.002,7,5,9.8965869464519436,-3.3769656874111589,13.273552633863103
theta0.65_kappa0.002,7,6,39.047598239734079,35.894157755126628,3.1534404846074509
theta0.65_kappa0.002,7,7,42.080157908372563,42.080157908372563,0
theta0.65_kappa0.002,7,8,20.361802208031836,17.396681923624907,2.9651202844069289
theta0.65_kappa0.002,7,9,49.524248027822011,17.490580054185113,32.033667973636895
theta0.65_kappa0.002,7,10,12.322811732946688,12.737500594753024,-0.41468886180633646
theta0.65_kappa0.002,7,11,32.433782413160074,14.305775685084551,18.128006728075523
theta0.65_kappa0.002,7,12,15.617911444031554,14.676640932112514,0.94127051191903988
theta0.65_kappa0.002,7,13,2.3678495540254443,2.6266943007871677,-0.25884474676172342
theta0.65_kappa0.002,7,14,-14.461489196970115,-13.501212923514291,-0.96027627345582367
theta0.65_kappa0.002,7,15,34.714874617589352,1.5316214313713168,33.183253186218039
theta0.65_kappa0.002,7,16,40.561527388323086,13.647641277186857,26.913886111136229
theta0.65_kappa0.002,7,17,15.686581671499663,-1.3848331068523729,17.071414778352036
theta0.65_kappa0.002,7,18,57.475023471686463,10.239028093819186,47.235995377867276
theta0.65_kappa0.002,7,19,6.98459816937181,8.6544145996256052,-1.6698164302537952
theta0.65_kappa0.002,7,20,6.7266921468933516,10.384705632597084,-3.6580134857037327
theta0.65_kappa0.002,7,21,42.110233296887287,43.682415211907816,-1.5721819150205292
theta0.65_kappa0.002,7,22,-4.7102635415957135,-6.7636525257388076,2.0533889841430941
theta0.65_kappa0.002,7,23,15.174863084189999,-4.5660766906105463,19.740939774800545
theta0.65_kappa0.002,7,24,60.453277573070643,60.453277573070643,0
theta0.65_kappa0.002,7,25,34.687303749663378,34.475480428219605,0.21182332144377369
theta0.65_kappa0.002,7,26,22.532191734413043,22.955748373409342,-0.42355663899629903
theta0.65_kappa0.002,7,27,32.9907085289707,7.1995007874280565,25.791207741542642
theta0.65_kappa0.002,7,28,24.093486464194974,5.9863421882102514,18.107144275984723
theta0.65_kappa0.002,7,29,59.089644593154063,59.089644593154063,0
theta0.65_kappa0.002,7,30,0.58336932916140816,0.48631563895284557,0.097053690208562582
theta0.65_kappa0.002,7,31,23.879422775013925,27.399322822101837,-3.519900047087912
theta0.65_kappa0.002,7,32,8.4810375329844465,10.831498835461865,-2.3504613024774184
theta0.65_kappa0.002,7,33,2.7620420187745287,3.3650564061978718,-0.60301438742334312
theta0.65_kappa0.002,7,34,14.339414728914624,14.780295653231532,-0.4408809243169074
theta0.65_kappa0.002,7,35,21.61357506906646,23.019429228600135,-1.4058541595336749
theta0.65_kappa0.002,7,36,53.417890750680748,53.417890750680748,0
theta0.65_kappa0.002,7,37,46.514528746744318,46.514528746744318,0
theta0.65_kappa0.002,7,38,49.135625823681849,5.6658042353908709,43.469821588290976
theta0.65_kappa0.002,7,39,46.021159030018673,46.021159030018673,0
theta0.65_kappa0.002,7,40,30.269729350778935,31.309522314821965,-1.0397929640430306
theta0.65_kappa0.002,7,41,31.363781677955799,31.41560623667517,-0.051824558719371083
theta0.65_kappa0.002,7,42,10.309881095145798,10.633393936088764,-0.32351284094296595
theta0.65_kappa0.002,7,43,46.781821414508812,44.948292139204675,1.8335292753041372
theta0.65_kappa0.002,7,44,8.8726349949352059,-5.0937688177967573,13.966403812731963
theta0.65_kappa0.002,7,45,62.95413411978565,62.95413411978565,0
theta0.65_kappa0.002,7,46,-5.2333920433453152,-2.8919653608106222,-2.341426682534693
theta0.65_kappa0.002,7,47,43.710288707830685,43.710288707830685,0
theta0.65_kappa0.002,7,48,-10.204431620227542,-5.9743957739578173,-4.2300358462697245
theta0.65_kappa0.002,7,49,37.451075869804711,38.974909631453549,-1.523833761648838
theta0.65_kappa0.002,7,50,27.865934016125543,27.469874978944254,0.39605903718128843
theta0.65_kappa0.002,7,51,62.404857407556428,62.404857407556428,0
theta0.65_kappa0.002,7,52,66.799919907645645,65.88301155573086,0.9169083519147847
theta0.65_kappa0.002,7,53,27.095971653098928,5.5014488157084944,21.594522837390436
theta0.65_kappa0.002,7,54,44.080886863041428,44.080886863041428,0
theta0.65_kappa0.002,7,55,17.595099885931969,18.574815805156007,-0.97971591922403789
theta0.65_kappa0.002,7,56,38.638265436128691,38.616095517883927,0.022169918244763664
theta0.65_kappa0.002,7,57,28.404995697884981,28.404995697884981,0
theta0.65_kappa0.002,7,58,-0.67958357911435274,2.523334038135586,-3.2029176172499385
theta0.65_kappa0.002,7,59,35.889935401675316,35.889935401675316,0
theta0.65_kappa0.002,7,60,48.202228313767421,13.842206013827044,34.360022299940375
theta0.65_kappa0.002,7,61,12.444702514873216,12.909821355502777,-0.46511884062956099
theta0.65_kappa0.002,7,62,13.681444821746878,12.76828200769134,0.91316281405553745
theta0.65_kappa0.002,7,63,41.792082989397557,41.741082989397171,0.051000000000385626
theta0.65_kappa0.002,7,64,9.4870375941893741,12.064752123074379,-2.5777145288850054
theta0.65_kappa0.002,7,65,-2.3566223426995712,-1.925447160247568,-0.43117518245200315
theta0.65_kappa0.002,7,66,-1.2174682088402551,1.330544893760103,-2.5480131026003581
theta0.65_kappa0.002,7,67,-5.5108650627177145,-4.7700656990008241,-0.74079936371689037
theta0.65_kappa0.002,7,68,30.112433117392143,30.112433117392143,0
theta0.65_kappa0.002,7,69,49.601312750762851,17.286207850017586,32.315104900745268
theta0.65_kappa0.002,7,70,44.028060556921083,44.028060556921083,0
theta0.65_kappa0.002,7,71,11.38040791851431,11.159486023167476,0.22092189534683371
theta0.65_kappa0.002,7,72,40.19077654415775,40.19077654415775,0
theta0.65_kappa0.002,7,73,55.193736948202321,-3.22206157278048,58.415798520982804
theta0.65_kappa0.002,7,74,37.047438159359977,8.2057256248666501,28.841712534493325
theta0.65_kappa0.002,7,75,49.868912880482263,50.065030825166723,-0.19611794468445964
theta0.65_kappa0.002,7,76,-1.1400179506868162,2.7725531062716899,-3.9125710569585062
theta0.65_kappa0.002,7,77,6.5603514024724419,8.3719762699015039,-1.811624867429062
theta0.65_kappa0.002,7,78,-0.99223853059948319,0.042563794444133003,-1.0348023250436162
theta0.65_kappa0.002,7,79,-1.5396386167568901,-0.49491539662978629,-1.0447232201271037
theta0.65_kappa0.002,7,80,22.42098123114307,3.2048827130230975,19.216098518119974
theta0.65_kappa0.002,7,81,44.608726987995688,43.187198802114899,1.4215281858807884
theta0.65_kappa0.002,7,82,49.520777761044108,-4.2048901389895219,53.725667900033628
theta0.65_kappa0.002,7,83,2.4168365370694787,-2.738890658701433,5.1557271957709112
theta0.65_kappa0.002,7,84,50.334472360426773,50.334472360426773,0
theta0.65_kappa0.002,7,85,-1.5884547880752471,3.2438616387580952,-4.8323164268333425
theta0.65_kappa0.002,7,86,16.175716778235291,11.034854543617641,5.14086223461765
theta0.65_kappa0.002,7,87,46.561767736246011,46.561767736246011,0
theta0.65_kappa0.002,7,88,3.044176708308453,8.1213191913896274,-5.0771424830811744
theta0.65_kappa0.002,7,89,43.935773635147548,43.935773635147548,0
theta0.65_kappa0.002,7,90,0.18803448525322161,2.8646824984256232,-2.6766480131724015
theta0.65_kappa0.002,7,91,17.406791076535292,3.9831008589395167,13.423690217595775
theta0.65_kappa0.002,7,92,8.3400914399409185,9.1456332582066118,-0.80554181826569327
theta0.65_kappa0.002,7,93,50.484620915587094,50.484620915587094,0
theta0.65_kappa0.002,7,94,44.995223683006799,44.969223683006959,0.025999999999839929
theta0.65_kappa0.002,7,95,22.654608713210777,22.01262964238067,0.64197907083010719
theta0.65_kappa0.002,7,96,36.909797451328963,36.572851901087013,0.33694555024194983
theta0.65_kappa0.002,7,97,32.74772427734726,32.811110228898357,-0.063385951551097719
theta0.65_kappa0.002,7,98,27.152154492996516,0.2756579922682722,26.876496500728244
theta0.65_kappa0.002,7,99,-4.3470428646905077,-4.7153189023870672,0.36827603769655948
theta0.65_kappa0.002,8,0,-4.045149348194129,0.13000108994362741,-4.1751504381377567
theta0.65_kappa0.002,8,1,28.085990996083353,18.836855661583101,9.2491353345002523
theta0.65_kappa0.002,8,2,51.59348953730585,51.59348953730585,0
theta0.65_kappa0.002,8,3,30.498031958407591,-10.270381740072324,40.768413698479918
theta0.65_kappa0.002,8,4,29.643457139571662,-3.2900349966047706,32.933492136176433
theta0.65_kappa0.002,8,5,49.409042312320388,50.089417421373668,-0.68037510905327991
theta0.65_kappa0.002,8,6,44.303648260689158,44.328648260688794,-0.024999999999636202
theta0.65_kappa0.002,8,7,-2.8632014477163574,-4.8755793452906984,2.0123778975743409
theta0.65_kappa0.002,8,8,3.0429289983526404,2.3799381139908227,0.66299088436181774
theta0.65_kappa0.002,8,9,9.4681380263872121,10.298554347442249,-0.83041632105503638
theta0.65_kappa0.002,8,10,-3.1647166888198424,-0.95523288898421921,-2.2094837998356232
theta0.65_kappa0.002,8,11,-4.6882301329180427,1.4467402370830915,-6.1349703700011347
theta0.65_kappa0.002,8,12,6.612012790151752,5.9885486378701449,0.62346415228160712
theta0.65_kappa0.002,8,13,2.7008314688211268,4.5887530448383966,-1.8879215760172698
theta0.65_kappa0.002,8,14,10.343550637314491,11.018543327179122,-0.67499268986463079
theta0.65_kappa0.002,8,15,-5.1217119573942655,-3.3188663502177733,-1.8028456071764922
theta0.65_kappa0.002,8,16,1.2215867548753041,0.96550047550998241,0.25608627936532169
theta0.65_kappa0.002,8,17,-6.3132236311273697,-0.61902392421523111,-5.6941997069121388
theta0.65_kappa0.002,8,18,46.691889929192719,46.691889929192719,0
theta0.65_kappa0.002,8,19,39.47535739826273,2.1183017444777281,37.357055653785004
theta0.65_kappa0.002,8,20,8.7176477901834915,11.2248997247872,-2.5072519346037083
theta0.65_kappa0.002,8,21,51.434147815077331,51.434147815077331,0
theta0.65_kappa0.002,8,22,54.6337052965428,54.6337052965428,0
theta0.65_kappa0.002,8,23,9.9778683661477796,12.066426499016419,-2.0885581328686396
theta0.65_kappa0.002,8,24,-3.7033874468325649,0.40866692525492171,-4.1120543720874867
theta0.65_kappa0.002,8,25,46.695135353953809,45.994515628271962,0.70061972568184672
theta0.65_kappa0.002,8,26,-4.4828766281152648,-2.4608060292428502,-2.0220705988724146
theta0.65_kappa0.002,8,27,29.545371451055463,22.1267731629585,7.4185982880969625
theta0.65_kappa0.002,8,28,39.739294463465782,39.739294463465782,0
theta0.65_kappa0.002,8,29,-11.430846252575478,-13.310551517968475,1.8797052653929978
theta0.65_kappa0.002,8,30,44.870775631750739,45.437682759109357,-0.56690712735861837
theta0.65_kappa0.002,8,31,35.796784342846145,15.544409383562284,20.252374959283863
theta0.65_kappa0.002,8,32,41.005717455947895,41.005717455947895,0
theta0.65_kappa0.002,8,33,3.1960277994403485,2.5730435663044009,0.62298423313594764
theta0.65_kappa0.002,8,34,0.59348767801714719,1.4101763463753851,-0.81668866835823795
theta0.65_kappa0.002,8,35,12.11354255673295,3.8771021649850144,8.2364403917479354
theta0.65_kappa0.002,8,36,9.9704958512505097,13.593725993495497,-3.6232301422449869
theta0.65_kappa0.002,8,37,47.007099422836234,47.007099422836234,0
theta0.65_kappa0.002,8,38,43.804328379573526,28.046222189520822,15.758106190052704
theta0.65_kappa0.002,8,39,17.424321078666647,-4.8741621699603277,22.298483248626976
theta0.65_kappa0.002,8,40,49.782086204723228,49.782086204723228,0
theta0.65_kappa0.002,8,41,26.087994714778173,26.087994714778173,0
theta0.65_kappa0.002,8,42,14.254712801863588,8.7015638649097742,5.5531489369538143
theta0.65_kappa0.002,8,43,12.400266148072744,12.757399508659397,-0.35713336058665313
theta0.65_kappa0.002,8,44,-3.447866786356375,-3.1542731003351436,-0.29359368602123137
theta0.65_kappa0.002,8,45,2.6193786091036473,3.0401843788025018,-0.42080576969885453
theta0.65_kappa0.002,8,46,38.163306486844348,23.209998264846082,14.953308221998267
theta0.65_kappa0.002,8,47,-11.358490075327431,-5.8297330529868567,-5.5287570223405744
theta0.65_kappa0.002,8,48,17.322996917053107,17.393566254878351,-0.070569337825244105
theta0.65_kappa0.002,8,49,41.163966134709923,12.060431765333458,29.103534369376465
theta0.65_kappa0.002,8,50,-0.68200924905751514,0.0067633065601586002,-0.6887725556176737
theta0.65_kappa0.002,8,51,46.234614942109495,45.067028893432578,1.1675860486769167
theta0.65_kappa0.002,8,52,27.463572058051344,23.179892532956053,4.283679525095291
theta0.65_kappa0.002,8,53,48.09646956938807,45.947482261780401,2.1489873076076691
theta0.65_kappa0.002,8,54,38.908192540947127,38.857192540947651,0.050999999999476131
theta0.65_kappa0.002,8,55,34.155686837598616,37.629083786602948,-3.4733969490043322
theta0.65_kappa0.002,8,56,18.74768661791801,4.8564917518099069,13.891194866108103
theta0.65_kappa0.002,8,57,35.189582007715309,28.626494904273159,6.5630871034421503
theta0.65_kappa0.002,8,58,12.45993065751958,13.482655768353323,-1.0227251108337434
theta0.65_kappa0.002,8,59,14.917089701919522,-2.0851643780674323,17.002254079986955
theta0.65_kappa0.002,8,60,60.645838885236842,60.645838885236842,0
theta0.65_kappa0.002,8,61,42.767255214345042,3.7364810025811801,39.030774211763863
theta0.65_kappa0.002,8,62,21.621934593571119,22.678605727989499,-1.0566711344183801
theta0.65_kappa0.002,8,63,63.440247794549904,63.256608484605074,0.18363930994483013
theta0.65_kappa0.002,8,64,-7.0404957759168099,-5.625261960988551,-1.4152338149282588
theta0.65_kappa0.002,8,65,21.190344962125742,13.026736045621956,8.1636089165037866
theta0.65_kappa0.002,8,66,44.876607738038558,45.288454474463883,-0.41184673642532488
theta0.65_kappa0.002,8,67,-10.045382526135709,-7.162829602125127,-2.8825529240105823
theta0.65_kappa0.002,8,68,17.644833749145434,16.639013059777859,1.0058206893675745
theta0.65_kappa0.002,8,69,21.314001259752096,3.3047566319532899,18.009244627798807
theta0.65_kappa0.002,8,70,-7.352830683011141,-7.0183723464821792,-0.33445833652896173
theta0.65_kappa0.002,8,71,46.352716689566016,33.910050647505237,12.442666042060779
theta0.65_kappa0.002,8,72,41.339900241925612,42.575850373371942,-1.2359501314463301
theta0.65_kappa0.002,8,73,54.493525944804723,22.886916956587655,31.606608988217069
theta0.65_kappa0.002,8,74,33.951186973594801,34.070373638848075,-0.11918666525327382
theta0.65_kappa0.002,8,75,49.784652052074271,9.8605365075515312,39.924115544522742
theta0.65_kappa0.002,8,76,55.756223995958813,0.049613326642898803,55.706610669315914
theta0.65_kappa0.002,8,77,38.889676631550962,39.851470335825688,-0.96179370427472577
theta0.65_kappa0.002,8,78,7.5903079544080061,-3.1517716022112556,10.742079556619261
theta0.65_kappa0.002,8,79,35.594058984919037,36.126169286514838,-0.53211030159580019
theta0.65_kappa0.002,8,80,8.2692364035263015,13.124368528069144,-4.8551321245428429
theta0.65_kappa0.002,8,81,57.359069364464673,57.359069364464673,0
theta0.65_kappa0.002,8,82,51.095930349129354,25.158016271479049,25.937914077650305
theta0.65_kappa0.002,8,83,41.012062832967352,32.122646444804019,8.8894163881633332
theta0.65_kappa0.002,8,84,20.295269098415119,22.763468907583871,-2.4681998091687518
theta0.65_kappa0.002,8,85,33.038964329989788,-4.4098337099331886,37.448798039922977
theta0.65_kappa0.002,8,86,18.341172806784144,17.555746241067023,0.78542656571712044
theta0.65_kappa0.002,8,87,-5.7662728715779163,-7.6232810586005151,1.8570081870225987
theta0.65_kappa0.002,8,88,33.577455965685772,33.602455965686318,-0.025000000000545697
theta0.65_kappa0.002,8,89,1.8559044335722863,2.2506935853089272,-0.39478915173664086
theta0.65_kappa0.002,8,90,-8.9203181596508561,-8.7529814750323762,-0.16733668461847984
theta0.65_kappa0.002,8,91,42.621703319519767,43.676208935285473,-1.0545056157657058
theta0.65_kappa0.002,8,92,-5.2998426134150325,-6.7225182149547766,1.4226756015397442
theta0.65_kappa0.002,8,93,30.69497307439898,10.824299071089932,19.870674003309048
theta0.65_kappa0.002,8,94,10.7360251658097,3.3949838743977012,7.3410412914119991
theta0.65_kappa0.002,8,95,32.440437042887936,8.1383126371599843,24.302124405727952
theta0.65_kappa0.002,8,96,19.468424810176987,20.481855959816127,-1.0134311496391391
theta0.65_kappa0.002,8,97,53.592931803247069,49.820180368699063,3.772751434548006
theta0.65_kappa0.002,8,98,39.028530251577408,38.977530251577932,0.050999999999476131
theta0.65_kappa0.002,8,99,10.657062620172905,10.296794412132355,0.36026820804054971
theta0.65_kappa0.002,9,0,35.001275069769974,13.24710651895184,21.754168550818136
theta0.65_kappa0.002,9,1,52.440216091628443,52.440216091628443,0
theta0.65_kappa0.002,9,2,6.5770624484023106,8.7069007397788241,-2.1298382913765135
theta0.65_kappa0.002,9,3,-16.34189786172821,-13.655398277663828,-2.6864995840643822
theta0.65_kappa0.002,9,4,24.763973881064526,27.735407903322503,-2.9714340222579771
theta0.65_kappa0.002,9,5,41.554752491681342,41.554752491681342,0
theta0.65_kappa0.002,9,6,3.9706467393762921,6.2986263897029557,-2.3279796503266637
theta0.65_kappa0.002,9,7,35.687183317807808,36.288611732011219,-0.60142841420341142
theta0.65_kappa0.002,9,8,39.90864777694059,17.653238568750432,22.255409208190159
theta0.65_kappa0.002,9,9,6.8408456338858841,1.6412183538675815,5.1996272800183023
theta0.65_kappa0.002,9,10,-0.58052664105735219,3.5465036127632272,-4.1270302538205792
theta0.65_kappa0.002,9,11,-9.0293379543359684,-7.9750401143816312,-1.0542978399543372
theta0.65_kappa0.002,9,12,10.620759792821744,-3.1416417237933478,13.762401516615093
theta0.65_kappa0.002,9,13,8.5306240987468716,-9.9785226945603647,18.509146793307238
theta0.65_kappa0.002,9,14,44.408021588315023,26.863799737706589,17.544221850608434
theta0.65_kappa0.002,9,15,15.820152270170343,-8.1016181671283523,23.921770437298697
theta0.65_kappa0.002,9,16,31.268020632658608,33.802400281980013,-2.534379649321405
theta0.65_kappa0.002,9,17,1.4129864139066339,2.1642341113075485,-0.75124769740091457
theta0.65_kappa0.002,9,18,-4.3315574161056594,-2.1280947629422204,-2.2034626531634389
theta0.65_kappa0.002,9,19,67.174551923879164,64.187338305746749,2.9872136181324151
theta0.65_kappa0.002,9,20,8.4529554248980521,9.545644055366628,-1.0926886304685759
theta0.65_kappa0.002,9,21,44.055628175916262,44.055628175916262,0
theta0.65_kappa0.002,9,22,43.430942878102478,34.307079092707184,9.1238637853952937
theta0.65_kappa0.002,9,23,24.203506304566329,25.411116345283009,-1.2076100407166805
theta0.65_kappa0.002,9,24,49.562416507240151,49.562416507240151,0
theta0.65_kappa0.002,9,25,19.284885555688749,13.993649696406004,5.2912358592827449
theta0.65_kappa0.002,9,26,33.062174709118899,33.087174709119445,-0.025000000000545697
theta0.65_kappa0.002,9,27,36.978729631433723,-3.8872625212681409,40.865992152701864
theta0.65_kappa0.002,9,28,32.575263353710653,31.646293851145817,0.92896950256483635
theta0.65_kappa0.002,9,29,5.6088553138277737,5.5074080143200792,0.10144729950769449
theta0.65_kappa0.002,9,30,0.20333962569808681,5.1882415446875401,-4.9849019189894532
theta0.65_kappa0.002,9,31,-4.3001717656527765,-4.8373516478756429,0.53717988222286639
theta0.65_kappa0.002,9,32,45.035767146378703,45.035767146378703,0
theta0.65_kappa0.002,9,33,11.61722126578786,15.00028459421512,-3.3830633284272604
theta0.65_kappa0.002,9,34,26.270570242999717,16.049305272492184,10.221264970507534
theta0.65_kappa0.002,9,35,46.436464865714946,46.436464865714946,0
theta0.65_kappa0.002,9,36,50.250541641505173,50.199541641504787,0.051000000000385626
theta0.65_kappa0.002,9,37,26.41835534952066,-14.792263149893207,41.210618499413869
theta0.65_kappa0.002,9,38,23.13384749254346,24.029415863544543,-0.89556837100108311
theta0.65_kappa0.002,9,39,23.955928473279194,-2.423316352352912,26.379244825632107
theta0.65_kappa0.002,9,40,60.825076221310269,60.825076221310269,0
theta0.65_kappa0.002,9,41,44.072317041510289,41.208869618629265,2.8634474228810234
theta0.65_kappa0.002,9,42,9.3466060637995287,-8.2725129242229833,17.619118988022514
theta0.65_kappa0.002,9,43,3.407121708193575,-9.1263786316432967,12.533500339836872
theta0.65_kappa0.002,9,44,50.109556845308603,30.138784270923473,19.97077257438513
theta0.65_kappa0.002,9,45,17.757139394613098,6.932450627259656,10.824688767353443
theta0.65_kappa0.002,9,46,14.928516906242663,16.602295124051558,-1.6737782178088949
theta0.65_kappa0.002,9,47,8.6025575357215107,11.871410241150526,-3.2688527054290155
theta0.65_kappa0.002,9,48,43.310894268997203,42.786328700630783,0.52456556836641965
theta0.65_kappa0.002,9,49,38.9693370091586,41.576022716110806,-2.6066857069522058
theta0.65_kappa0.002,9,50,53.271819820940223,53.271819820940223,0
theta0.65_kappa0.002,9,51,44.776084732957699,45.853412207229105,-1.0773274742714065
theta0.65_kappa0.002,9,52,-1.942859969780264,-1.3340584673981719,-0.60880150238209207
theta0.65_kappa0.002,9,53,-13.894410790796616,-12.028793520197947,-1.8656172705986691
theta0.65_kappa0.002,9,54,0.1729137076532796,-9.5386189940588793,9.7115327017121587
theta0.65_kappa0.002,9,55,46.137393236910029,43.870101958187028,2.2672912787230004
theta0.65_kappa0.002,9,56,32.573860792705361,32.52286079270543,0.050999999999930878
theta0.65_kappa0.002,9,57,31.056924602169335,29.522644431556941,1.5342801706123943
theta0.65_kappa0.002,9,58,37.831157214333224,6.4111435250835775,31.420013689249647
theta0.65_kappa0.002,9,59,9.956557863666422,-4.0917064793855591,14.048264343051981
theta0.65_kappa0.002,9,60,55.419395995796407,55.419395995796407,0
theta0.65_kappa0.002,9,61,14.418872771548012,15.743143683792615,-1.3242709122446037
theta0.65_kappa0.002,9,62,3.3875731334654189,4.8269246728085822,-1.4393515393431633
theta0.65_kappa0.002,9,63,7.888869745473829,7.3220670382837794,0.56680270719004966
theta0.65_kappa0.002,9,64,63.352386575999383,63.352386575999383,0
theta0.65_kappa0.002,9,65,7.150834111555544,7.9436905025929034,-0.79285639103735939
theta0.65_kappa0.002,9,66,12.054299736831377,11.956158853957149,0.098140882874227842
theta0.65_kappa0.002,9,67,-8.9471711213562024,-9.4594016901351115,0.51223056877890905
theta0.65_kappa0.002,9,68,18.23485954331116,17.408332113078345,0.82652743023281516
theta0.65_kappa0.002,9,69,38.132707521037823,38.132707521037823,0
theta0.65_kappa0.002,9,70,46.344627483138218,-1.6719980845626132,48.016625567700828
theta0.65_kappa0.002,9,71,59.118522704468909,59.118522704468909,0
theta0.65_kappa0.002,9,72,7.9744643440242582,2.6525234361230541,5.3219409079012046
theta0.65_kappa0.002,9,73,43.705143091556472,41.836486895867047,1.8686561956894252
theta0.65_kappa0.002,9,74,61.487820207404759,61.487820207404759,0
theta0.65_kappa0.002,9,75,39.894852688229705,37.776581566299413,2.1182711219302917
theta0.65_kappa0.002,9,76,-3.0740418541778927,-4.2553716976501317,1.181329843472239
theta0.65_kappa0.002,9,77,48.665683400836585,48.665683400836585,0
theta0.65_kappa0.002,9,78,29.4965149326353,28.135740581304798,1.3607743513305017
theta0.65_kappa0.002,9,79,-6.5475578974844062,-6.9820225074065778,0.43446460992217162
theta0.65_kappa0.002,9,80,49.678357097745376,9.9094107777109528,39.768946320034424
theta0.65_kappa0.002,9,81,-1.6878578020947272,-2.0261838001452297,0.33832599805050245
theta0.65_kappa0.002,9,82,49.937103601294872,49.312046417636559,0.62505718365831342
theta0.65_kappa0.002,9,83,41.102071152491064,40.718056367004259,0.38401478548680501
theta0.65_kappa0.002,9,84,35.531254444971687,35.531254444971687,0
theta0.65_kappa0.002,9,85,22.654474251847372,9.820000004144072,12.8344742477033
theta0.65_kappa0.002,9,86,27.145777134622016,19.496801037864316,7.6489760967576998
theta0.65_kappa0.002,9,87,60.785899670236589,60.785899670236589,0
theta0.65_kappa0.002,9,88,19.499226601222254,13.97395117616035,5.5252754250619045
theta0.65_kappa0.002,9,89,13.894243136516129,20.15601144867238,-6.2617683121562511
theta0.65_kappa0.002,9,90,5.5157371268247744,6.1774541657077586,-0.66171703888298428
theta0.65_kappa0.002,9,91,23.170532241354596,23.859822817294688,-0.6892905759400918
theta0.65_kappa0.002,9,92,26.305992133671442,14.397963465284819,11.908028668386622
theta0.65_kappa0.002,9,93,42.351814740547191,42.351814740547191,0
theta0.65_kappa0.002,9,94,-9.7083872319047835,-10.26695605575626,0.55856882385147699
theta0.65_kappa0.002,9,95,50.870909360652405,50.870909360652405,0
theta0.65_kappa0.002,9,96,8.2091320612863861,8.2778654704867147,-0.068733409200328666
theta0.65_kappa0.002,9,97,53.215715583360854,40.46801086386354,12.747704719497314
theta0.65_kappa0.002,9,98,10.366155997616019,7.3154512496867206,3.0507047479292986
theta0.65_kappa0.002,9,99,47.523488529563089,45.880730106680325,1.6427584228827641
theta0.65_kappa0.02,0,0,14.014851022455243,9.7165307465273365,4.2983202759279067
theta0.65_kappa0.02,0,1,50.236170255645781,47.548909460354032,2.6872607952917491
theta0.65_kappa0.02,0,2,31.702187948091947,31.936008589957694,-0.2338206418657478
theta0.65_kappa0.02,0,3,31.524011534044021,29.887275040339535,1.6367364937044862
theta0.65_kappa0.02,0,4,16.214680571361718,14.99022400346132,1.2244565679003987
theta0.65_kappa0.02,0,5,10.488645977835706,7.9895734049353964,2.4990725729003094
theta0.65_kappa0.02,0,6,23.287006128042432,2.1103174075766336,21.176688720465798
theta0.65_kappa0.02,0,7,37.950760770329623,25.660546527313528,12.290214243016095
theta0.65_kappa0.02,0,8,27.398975363507255,21.100302508769655,6.2986728547375996
theta0.65_kappa0.02,0,9,7.2441442464035433,11.089683307698742,-3.8455390612951987
theta0.65_kappa0.02,0,10,23.476553105009181,24.236165457938469,-0.75961235292928819
theta0.65_kappa0.02,0,11,25.382003027082597,24.612192978130189,0.76981004895240801
theta0.65_kappa0.02,0,12,22.766875531917385,17.893028575043484,4.8738469568739013
theta0.65_kappa0.02,0,13,13.962160436463691,19.438267246850288,-5.4761068103865966
theta0.65_kappa0.02,0,14,20.298541029580324,17.751003835436556,2.5475371941437679
theta0.65_kappa0.02,0,15,17.68984670696678,19.471923650613217,-1.7820769436464374
theta0.65_kappa0.02,0,16,10.908610907109075,11.571560317058529,-0.66294940994945328
theta0.65_kappa0.02,0,17,23.477633302266572,18.831171047555426,4.646462254711146
theta0.65_kappa0.02,0,18,8.8197205472734517,3.0131025793054098,5.8066179679680419
theta0.65_kappa0.02,0,19,7.1662656486041083,7.4365904202818278,-0.27032477167771951
theta0.65_kappa0.02,0,20,29.676798781519683,32.533141878365235,-2.8563430968455528
theta0.65_kappa0.02,0,21,32.005887975327468,31.010252908882261,0.99563506644520672
theta0.65_kappa0.02,0,22,27.450949003861545,16.693729505710763,10.757219498150782
theta0.65_kappa0.02,0,23,23.984290803497004,16.005365527650259,7.9789252758467448
theta0.65_kappa0.02,0,24,34.357673562487783,32.659895355430436,1.6977782070573468
theta0.65_kappa0.02,0,25,1.822287337527162,3.8931987929398502,-2.0709114554126882
theta0.65_kappa0.02,0,26,6.5869579468600605,3.918647090485468,2.6683108563745925
theta0.65_kappa0.02,0,27,32.064511298372416,26.234918924627031,5.8295923737453847
theta0.65_kappa0.02,0,28,32.506104734109783,23.701690794268433,8.8044139398413499
theta0.65_kappa0.02,0,29,21.301517239523665,-0.2399492605932072,21.541466500116872
theta0.65_kappa0.02,0,30,17.705088805678049,23.261871784959155,-5.5567829792811061
theta0.65_kappa0.02,0,31,39.194924796874787,41.650441858667861,-2.4555170617930742
theta0.65_kappa0.02,0,32,19.747547456724664,23.011908190014047,-3.2643607332893829
theta0.65_kappa0.02,0,33,34.252596591750809,30.956293498921216,3.2963030928295929
theta0.65_kappa0.02,0,34,2.9103811473258054,-15.57518603160042,18.485567178926225
theta0.65_kappa0.02,0,35,17.668719466577205,22.249503065820267,-4.5807835992430626
theta0.65_kappa0.02,0,36,42.624988243617281,44.897795520019571,-2.2728072764022897
theta0.65_kappa0.02,0,37,22.702176743533975,15.342243803421455,7.35993294011252
theta0.65_kappa0.02,0,38,19.867187202307576,17.270799606153137,2.5963875961544396
theta0.65_kappa0.02,0,39,18.08766836344741,19.706159861930413,-1.618491498483003
theta0.65_kappa0.02,0,40,9.6502186207166645,6.3712952370344205,3.278923383682244
theta0.65_kappa0.02,0,41,29.324028817577783,23.472416207748871,5.8516126098289121
theta0.65_kappa0.02,0,42,5.9530457636125824,10.760284027894375,-4.8072382642817928
theta0.65_kappa0.02,0,43,20.703523083995918,12.169059258656052,8.5344638253398664
theta0.65_kappa0.02,0,44,34.828548852598544,25.628327570210352,9.2002212823881919
theta0.65_kappa0.02,0,45,19.423446101453717,11.872597609812738,7.5508484916409788
theta0.65_kappa0.02,0,46,42.040145745940755,25.492842959079468,16.547302786861287
theta0.65_kappa0.02,0,47,5.7290855676189381,-3.3840608260044438,9.1131463936233814
theta0.65_kappa0.02,0,48,16.075155427707951,12.797703921204617,3.2774515065033345
theta0.65_kappa0.02,0,49,10.845574901183451,3.1229435194331772,7.7226313817502739
theta0.65_kappa0.02,0,50,7.6190427568958281,11.586429534162839,-3.9673867772670111
theta0.65_kappa0.02,0,51,7.2799527813214411,6.153399577105982,1.1265532042154591
theta0.65_kappa0.02,0,52,42.427508292184733,41.601381598815301,0.82612669336943156
theta0.65_kappa0.02,0,53,34.939046091830974,37.195376456123064,-2.25633036429209
theta0.65_kappa0.02,0,54,49.846506681413715,50.69035641001549,-0.84384972860177498
theta0.65_kappa0.02,0,55,-5.5395587541500975,-10.962602228011139,5.4230434738610418
theta0.65_kappa0.02,0,56,3.5157873709727827,0.52898732603601095,2.9868000449367718
theta0.65_kappa0.02,0,57,32.599601954182269,33.252455649071919,-0.65285369488965017
theta0.65_kappa0.02,0,58,26.301337112637142,27.014603514966943,-0.71326640232980054
theta0.65_kappa0.02,0,59,30.197817261614091,31.462879076262684,-1.2650618146485932
theta0.65_kappa0.02,0,60,18.093069849317029,16.795535280871078,1.2975345684459505
theta0.65_kappa0.02,0,61,34.317336544308482,21.447574616275158,12.869761928033324
theta0.65_kappa0.02,0,62,10.449205225797815,-3.7852615364172824,14.234466762215098
theta0.65_kappa0.02,0,63,21.733315064840827,22.798134671877012,-1.0648196070361848
theta0.65_kappa0.02,0,64,13.44305665541809,21.636463294193284,-8.193406638775194
theta0.65_kappa0.02,0,65,-11.51690272792804,-1.5754430052007264,-9.9414597227273127
theta0.65_kappa0.02,0,66,10.815152258669343,12.410994401034293,-1.5958421423649494
theta0.65_kappa0.02,0,67,19.79379662050702,18.69482217979974,1.0989744407072806
theta0.65_kappa0.02,0,68,-2.8664635719400411,0.3886480638237555,-3.2551116357637966
theta0.65_kappa0.02,0,69,31.142567295072013,27.834179114607508,3.3083881804645046
theta0.65_kappa0.02,0,70,24.765478186414303,23.539353766817424,1.2261244195968786
theta0.65_kappa0.02,0,71,17.588732736313229,8.2425636822635848,9.3461690540496445
theta0.65_kappa0.02,0,72,15.546179592699293,12.71831591244946,2.8278636802498323
theta0.65_kappa0.02,0,73,10.352860790594251,17.937234693894407,-7.5843739033001558
theta0.65_kappa0.02,0,74,34.709416170631513,23.717577749507154,10.99183842112436
theta0.65_kappa0.02,0,75,49.53984678847992,34.741764163924842,14.798082624555079
theta0.65_kappa0.02,0,76,26.323185432423184,28.222522506687721,-1.8993370742645368
theta0.65_kappa0.02,0,77,31.587196460413768,29.48421558630756,2.1029808741062084
theta0.65_kappa0.02,0,78,29.900694405172324,6.1548041489237502,23.745890256248572
theta0.65_kappa0.02,0,79,27.048030895500276,20.238842797279929,6.8091880982203463
theta0.65_kappa0.02,0,80,36.902791930380047,20.989577926003637,15.91321400437641
theta0.65_kappa0.02,0,81,5.8695467017517284,9.1445351516077498,-3.2749884498560213
theta0.65_kappa0.02,0,82,-0.48521371001106872,4.030321351684627,-4.5155350616956955
theta0.65_kappa0.02,0,83,15.83645059755275,16.191754748697864,-0.35530415114511449
theta0.65_kappa0.02,0,84,19.183011849257081,23.559334903280664,-4.3763230540235831
theta0.65_kappa0.02,0,85,15.865396857517259,9.3702786943847407,6.4951181631325188
theta0.65_kappa0.02,0,86,29.23509665040422,23.02995033031333,6.2051463200908898
theta0.65_kappa0.02,0,87,30.898345747770612,28.614478909019127,2.2838668387514858
theta0.65_kappa0.02,0,88,12.509470983750438,13.251428333756422,-0.7419573500059844
theta0.65_kappa0.02,0,89,24.219694408082411,21.733403256512531,2.4862911515698798
theta0.65_kappa0.02,0,90,3.2838629424340962,3.9637330685524699,-0.67987012611837372
theta0.65_kappa0.02,0,91,23.414967833074432,20.621470239565085,2.7934975935093469
theta0.65_kappa0.02,0,92,15.522869173615756,11.024705417936159,4.498163755679597
theta0.65_kappa0.02,0,93,35.673504494972867,28.034709435771827,7.6387950592010405
theta0.65_kappa0.02,0,94,38.135405913731873,20.358626085440545,17.776779828291328
theta0.65_kappa0.02,0,95,14.675447090411415,23.317501241181805,-8.6420541507703899
theta0.65_kappa0.02,0,96,23.349364698297819,22.660802264042815,0.68856243425500452
theta0.65_kappa0.02,0,97,20.549345362682555,3.7781424001082229,16.771202962574332
theta0.65_kappa0.02,0,98,16.782647627101568,14.232264030527288,2.5503835965742798
theta0.65_kappa0.02,0,99,18.592444827287331,0.16760509894860109,18.424839728338728
theta0.65_kappa0.02,1,0,13.14606214740316,14.280081693159769,-1.1340195457566082
theta0.65_kappa0.02,1,1,25.152710199781023,22.194993510645691,2.9577166891353315
theta0.65_kappa0.02,1,2,16.93424128433757,6.3913268503067773,10.542914434030793
theta0.65_kappa0.02,1,3,21.004635026832609,5.1270874366508483,15.877547590181761
theta0.65_kappa0.02,1,4,39.076562205893943,36.454446022457738,2.622116183436205
theta0.65_kappa0.02,1,5,17.952092088940688,13.068066267818317,4.8840258211223713
theta0.65_kappa0.02,1,6,9.9812656989785236,-3.5246062594019714,13.505871958380496
theta0.65_kappa0.02,1,7,22.710054821012641,8.8259908469032666,13.884063974109374
theta0.65_kappa0.02,1,8,14.244609019388628,12.764491518769749,1.4801175006188796
theta0.65_kappa0.02,1,9,34.033961948475643,38.579042979833403,-4.5450810313577605
theta0.65_kappa0.02,1,10,9.9984021116919557,4.4972453112600048,5.5011568004319509
theta0.65_kappa0.02,1,11,26.148682961161445,28.113953830277584,-1.9652708691161394
theta0.65_kappa0.02,1,12,30.531835105482049,35.491477136254701,-4.9596420307726525
theta0.65_kappa0.02,1,13,17.968577075511721,11.237836854371029,6.7307402211406924
theta0.65_kappa0.02,1,14,13.993669819771933,16.840055145325206,-2.8463853255532729
theta0.65_kappa0.02,1,15,54.426290195290498,35.154725711540685,19.271564483749813
theta0.65_kappa0.02,1,16,38.241807408677715,32.237743627809408,6.0040637808683073
theta0.65_kappa0.02,1,17,35.406981559657048,37.69903177069321,-2.2920502110361625
theta0.65_kappa0.02,1,18,20.322238232391921,13.535639982860932,6.7865982495309893
theta0.65_kappa0.02,1,19,16.051305264490328,18.400554461828243,-2.3492491973379153
theta0.65_kappa0.02,1,20,30.047586389567396,32.692035255006132,-2.6444488654387364
theta0.65_kappa0.02,1,21,8.9460992623085325,-2.253998776962161,11.200098039270694
theta0.65_kappa0.02,1,22,17.365292600164516,14.597642631796193,2.7676499683683229
theta0.65_kappa0.02,1,23,25.763572114825088,20.396065947989992,5.3675061668350956
theta0.65_kappa0.02,1,24,38.631803000759732,23.519410818932585,15.112392181827147
theta0.65_kappa0.02,1,25,39.668130694200393,19.04594246646305,20.622188227737343
theta0.65_kappa0.02,1,26,13.840665862009166,9.5815469052739353,4.2591189567352306
theta0.65_kappa0.02,1,27,9.2755624079432408,-1.1423343396854946,10.417896747628735
theta0.65_kappa0.02,1,28,25.526803416200114,4.0314488893645581,21.495354526835555
theta0.65_kappa0.02,1,29,27.457605739564809,32.352290206645847,-4.8946844670810385
theta0.65_kappa0.02,1,30,23.221274809406211,22.786110578498992,0.43516423090721901
theta0.65_kappa0.02,1,31,7.5664217950541977,7.5703441489377843,-0.0039223538835866378
theta0.65_kappa0.02,1,32,34.577623456798385,34.685652971334605,-0.10802951453622001
theta0.65_kappa0.02,1,33,-1.8390691936965076,4.1594735838423063,-5.9985427775388143
theta0.65_kappa0.02,1,34,15.549682883616656,4.8311296784945128,10.718553205122143
theta0.65_kappa0.02,1,35,1.0452499750959261,4.9268282869126061,-3.8815783118166802
theta0.65_kappa0.02,1,36,27.844602068128825,26.454641781964913,1.3899602861639124
theta0.65_kappa0.02,1,37,14.315644386184804,15.867221941635991,-1.5515775554511873
theta0.65_kappa0.02,1,38,-1.6707371136530238,-3.5723664656377867,1.9016293519847629
theta0.65_kappa0.02,1,39,10.828927026165321,8.7158031233978406,2.1131239027674802
theta0.65_kappa0.02,1,40,5.3466393470416529,9.5068428392448183,-4.1602034922031654
theta0.65_kappa0.02,1,41,37.228561376562467,30.342758400077042,6.8858029764854258
theta0.65_kappa0.02,1,42,35.158575026258099,28.598271178638939,6.56030384761916
theta0.65_kappa0.02,1,43,7.4084492927744554,11.867348635449799,-4.4588993426753438
theta0.65_kappa0.02,1,44,47.727434194200661,45.136034925051291,2.5913992691493704
theta0.65_kappa0.02,1,45,3.7391622499394601,-2.6852706167445186,6.4244328666839792
theta0.65_kappa0.02,1,46,5.0928362400019971,-4.006940060828021,9.099776300830019
theta0.65_kappa0.02,1,47,20.198465287252112,23.902251776011926,-3.703786488759814
theta0.65_kappa0.02,1,48,19.918279119852254,20.231846170578841,-0.31356705072658642
theta0.65_kappa0.02,1,49,26.523234656675275,11.741135916926478,14.782098739748797
theta0.65_kappa0.02,1,50,7.8344190199974939,13.041358077969008,-5.206939057971514
theta0.65_kappa0.02,1,51,18.617461766074587,2.9150644760595288,15.702397290015059
theta0.65_kappa0.02,1,52,33.820922504026221,28.590376009092761,5.2305464949334599
theta0.65_kappa0.02,1,53,24.152168954608751,20.295757563854256,3.856411390754495
theta0.65_kappa0.02,1,54,23.528627469598192,21.263655513142321,2.2649719564558701
theta0.65_kappa0.02,1,55,15.144209444976164,13.471578128559337,1.6726313164168278
theta0.65_kappa0.02,1,56,12.575164469977871,13.641700705843457,-1.0665362358655859
theta0.65_kappa0.02,1,57,-2.4078023331173752,3.4187564406314204,-5.8265587737487952
theta0.65_kappa0.02,1,58,3.7675269126239308,4.2083918033186727,-0.44086489069474188
theta0.65_kappa0.02,1,59,22.832225011177467,12.611618861005264,10.220606150172204
theta0.65_kappa0.02,1,60,-5.2425272710315838,-4.744845251944577,-0.49768201908700682
theta0.65_kappa0.02,1,61,15.158035271872912,4.3874776909151763,10.770557580957735
theta0.65_kappa0.02,1,62,-1.936107986719878,0.0123548008693397,-1.9484627875892178
theta0.65_kappa0.02,1,63,8.0766320934939202,12.722268781586251,-4.6456366880923312
theta0.65_kappa0.02,1,64,32.362437532041518,33.371606707969697,-1.0091691759281787
theta0.65_kappa0.02,1,65,26.47307084797621,21.80883272154103,4.6642381264351798
theta0.65_kappa0.02,1,66,31.092637603168249,26.801875093374633,4.2907625097936162
theta0.65_kappa0.02,1,67,15.22420318854452,-6.3354198128153989,21.559623001359917
theta0.65_kappa0.02,1,68,5.9559279517357924,-0.2380301414980206,6.193958093233813
theta0.65_kappa0.02,1,69,24.420887514973337,16.091063557110253,8.3298239578630842
theta0.65_kappa0.02,1,70,18.640239827071294,13.217011573973782,5.4232282530975127
theta0.65_kappa0.02,1,71,38.499617189072282,33.520005097562986,4.9796120915092956
theta0.65_kappa0.02,1,72,53.093557058675273,56.041696135774522,-2.9481390770992491
theta0.65_kappa0.02,1,73,4.7857183195149595,6.4678730368373616,-1.6821547173224021
theta0.65_kappa0.02,1,74,11.26625438853482,5.2810826384487717,5.9851717500860486
theta0.65_kappa0.02,1,75,41.375423974636561,25.943662867883077,15.431761106753484
theta0.65_kappa0.02,1,76,10.199862956897746,19.702524235759519,-9.5026612788617726
theta0.65_kappa0.02,1,77,8.4559791912174127,3.8636927543097799,4.5922864369076333
theta0.65_kappa0.02,1,78,-2.5968716195036539,-5.9033458070207558,3.306474187517102
theta0.65_kappa0.02,1,79,15.234372871108969,15.260125582375188,-0.025752711266219919
theta0.65_kappa0.02,1,80,7.5864205761269563,0.37333674538979889,7.2130838307371574
theta0.65_kappa0.02,1,81,2.3557403297435746,4.0712593045985583,-1.7155189748549837
theta0.65_kappa0.02,1,82,15.489066601361756,9.9887186444526872,5.500347956909069
theta0.65_kappa0.02,1,83,11.46783051527691,17.936202594930272,-6.4683720796533617
theta0.65_kappa0.02,1,84,15.896146452979607,6.3184700148165147,9.5776764381630919
theta0.65_kappa0.02,1,85,20.671531487653574,14.185772494824429,6.4857589928291457
theta0.65_kappa0.02,1,86,6.9435216573946379,4.0679848809192745,2.8755367764753634
theta0.65_kappa0.02,1,87,16.256555367754178,13.110230129358976,3.1463252383952014
theta0.65_kappa0.02,1,88,-8.2795798193264698,-11.577857330266916,3.2982775109404461
theta0.65_kappa0.02,1,89,18.155384474484464,16.426895539684363,1.7284889348001009
theta0.65_kappa0.02,1,90,38.689182134908172,33.024353659476553,5.6648284754316194
theta0.65_kappa0.02,1,91,10.323475193779844,6.9376895735508572,3.3857856202289867
theta0.65_kappa0.02,1,92,12.132933465547266,10.954509139664321,1.1784243258829452
theta0.65_kappa0.02,1,93,19.455675467300601,18.245914222063615,1.2097612452369866
theta0.65_kappa0.02,1,94,5.5071502778269483,2.9641125720468495,2.5430377057800988
theta0.65_kappa0.02,1,95,23.279614073080168,27.164265375627764,-3.8846513025475957
theta0.65_kappa0.02,1,96,22.23566115338464,14.63548883618582,7.6001723171988207
theta0.65_kappa0.02,1,97,22.137573469545863,20.529695573101321,1.6078778964445419
theta0.65_kappa0.02,1,98,23.347418237008529,11.613472997303155,11.733945239705374
theta0.65_kappa0.02,1,99,18.339112079854441,13.793407303506124,4.5457047763483178
theta0.65_kappa0.02,2,0,15.168229418797631,9.8228024453638696,5.3454269734337618
theta0.65_kappa0.02,2,1,20.863547358897058,9.4034442256432165,11.460103133253842
theta0.65_kappa0.02,2,2,18.722549301571615,14.981323407665174,3.7412258939064404
theta0.65_kappa0.02,2,3,22.657440992457239,17.980773289095886,4.6766677033613533
theta0.65_kappa0.02,2,4,25.811939289691132,23.04322161118948,2.7687176785016518
theta0.65_kappa0.02,2,5,18.504862659825687,2.8192408981965218,15.685621761629164
theta0.65_kappa0.02,2,6,38.264505569553968,28.206770498002616,10.057735071551352
theta0.65_kappa0.02,2,7,18.489214420997911,13.834214249859984,4.6550001711379263
theta0.65_kappa0.02,2,8,14.50450881524659,14.173292691218714,0.33121612402787548
theta0.65_kappa0.02,2,9,3.1409236214049141,6.6472632469599153,-3.5063396255550012
theta0.65_kappa0.02,2,10,0.083596450711062906,1.8291221899370149,-1.745525739225952
theta0.65_kappa0.02,2,11,14.327082081719936,19.818253997867114,-5.4911719161471773
theta0.65_kappa0.02,2,12,14.284591303306147,6.2914939572499691,7.9930973460561781
theta0.65_kappa0.02,2,13,29.616948435929917,21.435426060585879,8.1815223753440378
theta0.65_kappa0.02,2,14,14.709222133709783,13.975048937715076,0.73417319599470687
theta0.65_kappa0.02,2,15,12.025899103156876,11.063664866729487,0.96223423642738837
theta0.65_kappa0.02,2,16,35.05811173525958,34.549988934356051,0.50812280090352857
theta0.65_kappa0.02,2,17,20.058461928517204,23.135268487963085,-3.0768065594458811
theta0.65_kappa0.02,2,18,31.522812574989935,18.245579483656989,13.277233091332945
theta0.65_kappa0.02,2,19,4.6327937455763539,13.143969578691056,-8.5111758331147023
theta0.65_kappa0.02,2,20,23.571295477481371,21.463457859565882,2.1078376179154894
theta0.65_kappa0.02,2,21,2.8480956553946655,-1.2019932823330182,4.0500889377276836
theta0.65_kappa0.02,2,22,32.066280029276598,13.932273328648888,18.134006700627708
theta0.65_kappa0.02,2,23,22.01402202584698,17.732226547122742,4.2817954787242378
theta0.65_kappa0.02,2,24,22.895557714570831,18.345731896942446,4.5498258176283848
theta0.65_kappa0.02,2,25,18.229996381692132,12.473494930806163,5.7565014508859687
theta0.65_kappa0.02,2,26,16.455212748440175,18.812725166620808,-2.3575124181806331
theta0.65_kappa0.02,2,27,19.572221154458138,15.611344902708286,3.9608762517498519
theta0.65_kappa0.02,2,28,32.885309787474924,34.708947783890245,-1.8236379964153215
theta0.65_kappa0.02,2,29,11.820307984564376,-1.6987491652514499,13.519057149815826
theta0.65_kappa0.02,2,30,16.215948590523357,14.154437004255133,2.0615115862682245
theta0.65_kappa0.02,2,31,25.872755617776445,19.23946791519726,6.6332877025791852
theta0.65_kappa0.02,2,32,16.281511458182102,14.705467768233106,1.576043689948996
theta0.65_kappa0.02,2,33,7.5918744129671234,3.9424168043752368,3.6494576085918866
theta0.65_kappa0.02,2,34,37.684761643443252,38.339919534305992,-0.65515789086273912
theta0.65_kappa0.02,2,35,12.8071175227055,3.5580404905634184,9.2490770321420825
theta0.65_kappa0.02,2,36,18.691894101600884,15.907584282598863,2.7843098190020203
theta0.65_kappa0.02,2,37,13.557799243247544,15.150420995239385,-1.5926217519918406
theta0.65_kappa0.02,2,38,25.628760584656543,15.285904786751347,10.342855797905196
theta0.65_kappa0.02,2,39,20.262302315977301,21.014395862930591,-0.75209354695329012
theta0.65_kappa0.02,2,40,-0.91610402518496636,-1.0939240850974274,0.17782005991246108
theta0.65_kappa0.02,2,41,21.878028253005674,14.424812674992658,7.4532155780130154
theta0.65_kappa0.02,2,42,-1.1043925807288943,-7.9671205467584283,6.8627279660295342
theta0.65_kappa0.02,2,43,4.6293512489386188,-4.2305496623290342,8.859900911267653
theta0.65_kappa0.02,2,44,24.662100860505909,13.978198355284391,10.683902505221518
theta0.65_kappa0.02,2,45,-1.25019610698038,-1.6961372190661823,0.44594111208580234
theta0.65_kappa0.02,2,46,13.624163998717748,7.8119808057483642,5.8121831929693837
theta0.65_kappa0.02,2,47,4.7235744306935441,7.0877651307613672,-2.3641907000678231
theta0.65_kappa0.02,2,48,6.9153659131915184,6.4314107816864201,0.48395513150509828
theta0.65_kappa0.02,2,49,-12.0192490900673,-8.6696298258181965,-3.3496192642491032
theta0.65_kappa0.02,2,50,37.469628416241243,37.24760248306459,0.22202593317665276
theta0.65_kappa0.02,2,51,20.940189421422794,10.541697482242112,10.398491939180682
theta0.65_kappa0.02,2,52,15.660064875218817,10.203014856732118,5.457050018486699
theta0.65_kappa0.02,2,53,7.7797675277716536,3.0712813085977322,4.7084862191739214
theta0.65_kappa0.02,2,54,19.960216191866746,11.165903656935487,8.7943125349312581
theta0.65_kappa0.02,2,55,14.392026775097596,16.623880367094181,-2.2318535919965843
theta0.65_kappa0.02,2,56,8.2204714728766248,1.3946310951255163,6.8258403777511081
theta0.65_kappa0.02,2,57,12.85543216626553,16.465510039633411,-3.6100778733678816
theta0.65_kappa0.02,2,58,27.080616529089816,17.091862183085887,9.9887543460039296
theta0.65_kappa0.02,2,59,27.446852450379097,22.935417467127195,4.5114349832519025
theta0.65_kappa0.02,2,60,38.849528437860897,36.190404886890995,2.6591235509699018
theta0.65_kappa0.02,2,61,17.096704563631395,17.803555187883831,-0.70685062425243572
theta0.65_kappa0.02,2,62,8.7509462031698426,-3.9954291767776762,12.746375379947519
theta0.65_kappa0.02,2,63,23.270149568247767,21.912062900869618,1.3580866673781493
theta0.65_kappa0.02,2,64,21.123576934802831,23.616377716977897,-2.4928007821750668
theta0.65_kappa0.02,2,65,1.6168457686622304,9.0990985821939141,-7.4822528135316837
theta0.65_kappa0.02,2,66,40.540926691716642,25.708269842807763,14.832656848908879
theta0.65_kappa0.02,2,67,10.758559498397684,9.5841916306266395,1.1743678677710445
theta0.65_kappa0.02,2,68,14.867777738013933,8.3733326994916926,6.4944450385222403
theta0.65_kappa0.02,2,69,9.9247848597178354,3.8000095342171769,6.124775325500659
theta0.65_kappa0.02,2,70,12.999496022425248,15.29864989003279,-2.2991538676075418
theta0.65_kappa0.02,2,71,18.43522557192988,16.052971386853542,2.3822541850763379
theta0.65_kappa0.02,2,72,5.3326578521296035,11.670795136556627,-6.3381372844270238
theta0.65_kappa0.02,2,73,22.966052658441548,18.659133539902051,4.306919118539497
theta0.65_kappa0.02,2,74,16.278738352393471,18.002929078649203,-1.7241907262557312
theta0.65_kappa0.02,2,75,29.844321541275104,29.898535562855741,-0.054214021580637706
theta0.65_kappa0.02,2,76,27.301682890198599,17.30383994703471,9.9978429431638887
theta0.65_kappa0.02,2,77,15.935983942408354,9.9670954813863002,5.9688884610220541
theta0.65_kappa0.02,2,78,28.156878927941289,24.304924706748796,3.8519542211924929
theta0.65_kappa0.02,2,79,21.795243618552092,22.503884923241529,-0.70864130468943642
theta0.65_kappa0.02,2,80,9.3752520929254644,8.5054222635329655,0.86982982939249887
theta0.65_kappa0.02,2,81,12.000368609876867,0.5621821355830896,11.438186474293778
theta0.65_kappa0.02,2,82,41.277099362315859,31.624349975342,9.6527493869738592
theta0.65_kappa0.02,2,83,8.2801100830770515,7.6881741439293991,0.59193593914765241
theta0.65_kappa0.02,2,84,25.045159334500521,24.701013654001223,0.34414568049929883
theta0.65_kappa0.02,2,85,7.1207940754824008,7.8638244329841038,-0.74303035750170299
theta0.65_kappa0.02,2,86,5.0106922290835421,5.3042684508472586,-0.29357622176371656
theta0.65_kappa0.02,2,87,16.671122649196022,23.473315288078499,-6.8021926388824774
theta0.65_kappa0.02,2,88,18.449430995429747,14.637558112802774,3.8118728826269734
theta0.65_kappa0.02,2,89,28.185868574432497,11.991629600130567,16.194238974301932
theta0.65_kappa0.02,2,90,8.5581865764790912,5.7354214547740607,2.8227651217050305
theta0.65_kappa0.02,2,91,3.7935306868691958,6.6272517305247725,-2.8337210436555766
theta0.65_kappa0.02,2,92,14.608501272013672,12.924352602690927,1.6841486693227452
theta0.65_kappa0.02,2,93,21.006411251620289,18.249773156638373,2.7566380949819163
theta0.65_kappa0.02,2,94,-0.20832098620701789,0.9271232979358246,-1.1354442841428425
theta0.65_kappa0.02,2,95,-5.2794475456775656,-5.3301787488013419,0.050731203123776325
theta0.65_kappa0.02,2,96,10.958118205527969,12.555485644276963,-1.5973674387489947
theta0.65_kappa0.02,2,97,36.30530898820092,34.062234902257913,2.2430740859430074
theta0.65_kappa0.02,2,98,37.177643071757707,37.66551163564494,-0.48786856388723265
theta0.65_kappa0.02,2,99,22.631977714870075,12.31353465278867,10.318443062081405
theta0.65_kappa0.02,3,0,40.575616580528937,31.719067288461215,8.8565492920677222
theta0.65_kappa0.02,3,1,-10.175042805791444,-1.5019797799181451,-8.673063025873299
theta0.65_kappa0.02,3,2,10.132836923354802,9.9964047608705116,0.13643216248429013
theta0.65_kappa0.02,3,3,4.3218667714343466,-2.4439538184919076,6.7658205899262542
theta0.65_kappa0.02,3,4,11.866680234263702,3.696851350109787,8.1698288841539153
theta0.65_kappa0.02,3,5,19.844876659611273,18.223686482129381,1.6211901774818926
theta0.65_kappa0.02,3,6,17.308158014055213,13.197567286546272,4.1105907275089404
theta0.65_kappa0.02,3,7,40.326053601433394,35.702300085347893,4.6237535160855003
theta0.65_kappa0.02,3,8,16.476054758945434,14.88058652835236,1.5954682305930739
theta0.65_kappa0.02,3,9,27.766364007047898,7.5449254217108344,20.221438585337062
theta0.65_kappa0.02,3,10,26.09994887693097,33.204518867159344,-7.1045699902283737
theta0.65_kappa0.02,3,11,11.294643012997524,18.560149598526191,-7.2655065855286676
theta0.65_kappa0.02,3,12,36.033134682517947,33.447754173677751,2.5853805088401955
theta0.65_kappa0.02,3,13,24.126818344820329,24.285920073095376,-0.15910172827504709
theta0.65_kappa0.02,3,14,28.64100416120197,31.26884961275594,-2.62784545155397
theta0.65_kappa0.02,3,15,31.08609894361474,19.181106368439444,11.904992575175296
theta0.65_kappa0.02,3,16,4.5333405271453682,13.308515535004179,-8.7751750078588113
theta0.65_kappa0.02,3,17,35.239913332822169,28.279802473745939,6.9601108590762308
theta0.65_kappa0.02,3,18,30.923102703073077,33.098400258722229,-2.1752975556491521
theta0.65_kappa0.02,3,19,25.430327004690255,15.963990899748564,9.466336104941691
theta0.65_kappa0.02,3,20,23.368932494333979,26.180192787844938,-2.8112602935109585
theta0.65_kappa0.02,3,21,-3.180315509632706,-4.7372095732630601,1.5568940636303541
theta0.65_kappa0.02,3,22,-7.7987903810652943,-14.60466363002867,6.8058732489633753
theta0.65_kappa0.02,3,23,10.342620454014259,2.8931166726156752,7.449503781398584
theta0.65_kappa0.02,3,24,16.574383424805642,19.520833108340941,-2.9464496835352989
theta0.65_kappa0.02,3,25,33.097402940568713,32.340029059415528,0.75737388115318538
theta0.65_kappa0.02,3,26,14.575837460415052,20.336444861340535,-5.7606074009254833
theta0.65_kappa0.02,3,27,15.979505383724147,15.5875855400157,0.39191984370844679
theta0.65_kappa0.02,3,28,42.431420717848553,38.510929763246189,3.9204909546023643
theta0.65_kappa0.02,3,29,23.533551077370369,19.856344314805771,3.6772067625645981
theta0.65_kappa0.02,3,30,10.93984778837758,10.55808715927817,0.38176062909941066
theta0.65_kappa0.02,3,31,25.25391391218735,17.463031826763,7.7908820854243501
theta0.65_kappa0.02,3,32,19.221051634780466,11.754402813815997,7.466648820964469
theta0.65_kappa0.02,3,33,9.6968558569218519,7.233351842664816,2.4635040142570359
theta0.65_kappa0.02,3,34,22.011937159468861,5.7944304816313119,16.217506677837548
theta0.65_kappa0.02,3,35,14.608554458300416,6.2175073059095318,8.3910471523908843
theta0.65_kappa0.02,3,36,-3.6641561398817881,-11.557977991073962,7.8938218511921736
theta0.65_kappa0.02,3,37,36.236450041465048,34.928222833922504,1.3082272075425436
theta0.65_kappa0.02,3,38,24.58082292977058,12.233653307841204,12.347169621929377
theta0.65_kappa0.02,3,39,-1.1463068554224809,-3.1476392459461242,2.0013323905236433
theta0.65_kappa0.02,3,40,-3.8684709813189913,-4.255574516103108,0.38710353478411674
theta0.65_kappa0.02,3,41,11.821899036113328,9.0466151553865686,2.775283880726759
theta0.65_kappa0.02,3,42,32.553455706450038,23.835220169809297,8.7182355366407407
theta0.65_kappa0.02,3,43,28.807773470251281,28.946823021903256,-0.13904955165197563
theta0.65_kappa0.02,3,44,14.001116499576844,13.389757669740156,0.61135882983668743
theta0.65_kappa0.02,3,45,23.76420004257303,8.7656975150100784,14.998502527562952
theta0.65_kappa0.02,3,46,22.163982023657805,17.306030023900739,4.8579519997570664
theta0.65_kappa0.02,3,47,31.229991477298174,25.156079762331391,6.0739117149667834
theta0.65_kappa0.02,3,48,15.824120872699767,7.0099719742824886,8.8141488984172796
theta0.65_kappa0.02,3,49,32.39059245273495,22.156526719105283,10.234065733629667
theta0.65_kappa0.02,3,50,19.07000093034975,14.535829514436733,4.5341714159130166
theta0.65_kappa0.02,3,51,7.223009885329609,4.7189700130567083,2.5040398722729007
theta0.65_kappa0.02,3,52,-1.9741500754454699,-1.281393699056802,-0.69275637638866794
theta0.65_kappa0.02,3,53,7.701912395774734,5.8679670999761546,1.8339452957985793
theta0.65_kappa0.02,3,54,19.51736421883535,13.436147915047982,6.0812163037873681
theta0.65_kappa0.02,3,55,30.447491321211249,22.420270286659889,8.0272210345513599
theta0.65_kappa0.02,3,56,20.48948834012673,3.1569351807371167,17.332553159389612
theta0.65_kappa0.02,3,57,16.252741379160465,4.8807899071779284,11.371951471982538
theta0.65_kappa0.02,3,58,25.462500366858301,23.723373291353852,1.7391270755044488
theta0.65_kappa0.02,3,59,-3.8918017846079129,-2.3864245429614206,-1.5053772416464923
theta0.65_kappa0.02,3,60,1.179366388679151,9.9180262805774486,-8.7386598918982976
theta0.65_kappa0.02,3,61,14.806110343506214,7.3988731483031493,7.4072371952030647
theta0.65_kappa0.02,3,62,31.746390157986657,24.744989786018991,7.0014003719676658
theta0.65_kappa0.02,3,63,6.2813084636925369,-1.4271806160468969,7.7084890797394339
theta0.65_kappa0.02,3,64,46.431708496533957,44.824450110716491,1.6072583858174667
theta0.65_kappa0.02,3,65,23.840928186694335,23.581353296061693,0.25957489063264205
theta0.65_kappa0.02,3,66,10.837372745716998,10.540120567778304,0.29725217793869341
theta0.65_kappa0.02,3,67,12.398352190379518,9.5742486691140094,2.8241035212655081
theta0.65_kappa0.02,3,68,48.580547143175714,44.165998167698923,4.4145489754767908
theta0.65_kappa0.02,3,69,15.544102800024971,14.140424215338886,1.4036785846860855
theta0.65_kappa0.02,3,70,10.767636232350142,18.823253370372399,-8.0556171380222565
theta0.65_kappa0.02,3,71,16.863442781519634,3.3692777886600807,13.494164992859552
theta0.65_kappa0.02,3,72,20.665125110240059,17.266056939735716,3.3990681705043428
theta0.65_kappa0.02,3,73,5.3316378274629006,-2.0029664058462342,7.3346042333091344
theta0.65_kappa0.02,3,74,35.17269276466849,30.255870066119041,4.9168226985494492
theta0.65_kappa0.02,3,75,22.25722518272309,27.965153316072133,-5.7079281333490428
theta0.65_kappa0.02,3,76,19.344136815495059,18.152027606307119,1.1921092091879402
theta0.65_kappa0.02,3,77,16.457307144771093,9.2897458704474243,7.1675612743236687
theta0.65_kappa0.02,3,78,14.784998905622295,15.386049063935465,-0.60105015831316955
theta0.65_kappa0.02,3,79,20.25289053504423,14.86154866628549,5.3913418687587402
theta0.65_kappa0.02,3,80,30.865011807443253,25.647829826111092,5.2171819813321605
theta0.65_kappa0.02,3,81,21.474849740882437,8.2482431947591621,13.226606546123275
theta0.65_kappa0.02,3,82,28.680724808273279,24.358767461099923,4.3219573471733561
theta0.65_kappa0.02,3,83,0.28002510816289189,7.4938879418647648,-7.2138628337018726
theta0.65_kappa0.02,3,84,29.388269912247196,27.901651985944685,1.486617926302511
theta0.65_kappa0.02,3,85,29.271506519761289,18.838282041678227,10.433224478083062
theta0.65_kappa0.02,3,86,12.200543569430176,13.967839067916348,-1.7672954984861722
theta0.65_kappa0.02,3,87,10.127335263244705,14.58045199110618,-4.4531167278614756
theta0.65_kappa0.02,3,88,53.906464340825522,38.338516954372018,15.567947386453504
theta0.65_kappa0.02,3,89,19.931483617595102,14.483396676678666,5.4480869409164363
theta0.65_kappa0.02,3,90,24.875849071166758,20.945520303150307,3.9303287680164516
theta0.65_kappa0.02,3,91,13.366147560677344,16.068530905252732,-2.702383344575388
theta0.65_kappa0.02,3,92,7.2595245971550826,11.684139738570543,-4.4246151414154609
theta0.65_kappa0.02,3,93,18.846739846028921,19.595562456676731,-0.74882261064781019
theta0.65_kappa0.02,3,94,28.959647297652733,27.08020437209526,1.8794429255574734
theta0.65_kappa0.02,3,95,11.616056885017894,1.6278887043840389,9.9881681806338545
theta0.65_kappa0.02,3,96,-2.3553168110159932,5.6668415105464227,-8.022158321562415
theta0.65_kappa0.02,3,97,31.728857526496213,19.384318635844092,12.344538890652121
theta0.65_kappa0.02,3,98,23.67402346108522,16.462219120417735,7.2118043406674843
theta0.65_kappa0.02,3,99,4.1750423348514492,-0.074500355353037007,4.2495426902044864
theta0.65_kappa0.02,4,0,26.068605239574975,24.282900634242282,1.7857046053326933
theta0.65_kappa0.02,4,1,24.667045517407079,19.775627650483987,4.8914178669230921
theta0.65_kappa0.02,4,2,11.706624458397355,7.6126555584776217,4.0939688999197337
theta0.65_kappa0.02,4,3,24.421009742660083,20.820095683585514,3.6009140590745687
theta0.65_kappa0.02,4,4,22.357597608544644,25.095541580591661,-2.7379439720470167
theta0.65_kappa0.02,4,5,38.173805029426497,18.583418921075225,19.590386108351272
theta0.65_kappa0.02,4,6,-2.2107556660553684,8.1725701212127326,-10.383325787268101
theta0.65_kappa0.02,4,7,19.222386941714625,10.75412955635719,8.4682573853574343
theta0.65_kappa0.02,4,8,40.57425591365493,28.624793716685875,11.949462196969055
theta0.65_kappa0.02,4,9,17.364713067278611,23.112369958444276,-5.7476568911656649
theta0.65_kappa0.02,4,10,1.6791584960761592,10.189435639451045,-8.5102771433748856
theta0.65_kappa0.02,4,11,30.987159346642155,39.093863967050446,-8.1067046204082907
theta0.65_kappa0.02,4,12,39.079771075174548,42.356397362555086,-3.2766262873805374
theta0.65_kappa0.02,4,13,34.885069572400262,26.56364289311426,8.3214266792860023
theta0.65_kappa0.02,4,14,-1.7217705882860854,-1.6587381489381543,-0.063032439347931124
theta0.65_kappa0.02,4,15,24.301892506479462,6.6289951192126173,17.672897387266843
theta0.65_kappa0.02,4,16,0.13846493076682059,1.1308404107201049,-0.99237547995328423
theta0.65_kappa0.02,4,17,2.8305369438471946,0.88508791640030626,1.9454490274468883
theta0.65_kappa0.02,4,18,28.51724743773115,31.678041363449879,-3.1607939257187283
theta0.65_kappa0.02,4,19,26.117616776811921,6.4660658026416202,19.651550974170302
theta0.65_kappa0.02,4,20,31.806834531074237,32.385789636752229,-0.57895510567799136
theta0.65_kappa0.02,4,21,1.3864208927738511,-2.0289024318321829,3.4153233246060339
theta0.65_kappa0.02,4,22,17.003092736358905,10.015886692535997,6.9872060438229084
theta0.65_kappa0.02,4,23,23.954008859729974,14.265231596122415,9.6887772636075589
theta0.65_kappa0.02,4,24,4.7074826162441425,7.4898729097984464,-2.7823902935543039
theta0.65_kappa0.02,4,25,38.691973458083389,23.69281544353797,14.999158014545419
theta0.65_kappa0.02,4,26,6.9979404720398906,5.3107257222298072,1.6872147498100833
theta0.65_kappa0.02,4,27,20.002859574497787,9.6473499350097711,10.355509639488016
theta0.65_kappa0.02,4,28,18.083818984029257,10.102194437997358,7.9816245460318989
theta0.65_kappa0.02,4,29,1.2204893708168458,3.6928154192218638,-2.472326048405018
theta0.65_kappa0.02,4,30,27.35390428435079,24.688678243339702,2.6652260410110884
theta0.65_kappa0.02,4,31,25.865874835366483,14.153806133366627,11.712068701999856
theta0.65_kappa0.02,4,32,16.626598719046701,13.637796462819059,2.9888022562276415
theta0.65_kappa0.02,4,33,15.049268888365464,10.827389206851912,4.2218796815135526
theta0.65_kappa0.02,4,34,1.7399045192696725,-4.183083013559191,5.9229875328288637
theta0.65_kappa0.02,4,35,4.2320655822903355,5.0856233430988791,-0.85355776080854362
theta0.65_kappa0.02,4,36,14.811311498825598,10.91954419408669,3.8917673047389076
theta0.65_kappa0.02,4,37,38.269037244842906,24.30457969698281,13.964457547860096
theta0.65_kappa0.02,4,38,26.10950314572575,29.566346551026292,-3.4568434053005426
theta0.65_kappa0.02,4,39,27.668013949700907,24.485935071544755,3.1820788781561511
theta0.65_kappa0.02,4,40,24.65350679032829,14.820939406212196,9.8325673841160945
theta0.65_kappa0.02,4,41,3.2256635744416338,10.071747900911864,-6.8460843264702307
theta0.65_kappa0.02,4,42,10.140529423825519,11.527325544534875,-1.3867961207093558
theta0.65_kappa0.02,4,43,-3.381611101495122,-1.8808817274002161,-1.5007293740949059
theta0.65_kappa0.02,4,44,16.99303151118054,9.8854699303617632,7.1075615808187766
theta0.65_kappa0.02,4,45,30.702147173475719,23.106461541719071,7.5956856317566483
theta0.65_kappa0.02,4,46,29.196101250160087,29.33253591624921,-0.13643466608912291
theta0.65_kappa0.02,4,47,15.274449228188027,7.7295939094465069,7.5448553187415204
theta0.65_kappa0.02,4,48,19.544502947922513,21.097809068577689,-1.5533061206551757
theta0.65_kappa0.02,4,49,48.163341715819563,38.034777277462247,10.128564438357316
theta0.65_kappa0.02,4,50,8.2608275375114797,7.4256586883545177,0.83516884915696199
theta0.65_kappa0.02,4,51,29.623973364922957,19.318867425465797,10.30510593945716
theta0.65_kappa0.02,4,52,-2.7785210066195232,-1.2848878082355604,-1.4936331983839628
theta0.65_kappa0.02,4,53,10.709651171567035,7.7507682230958066,2.9588829484712287
theta0.65_kappa0.02,4,54,8.4281708232510333,9.8543745745256199,-1.4262037512745867
theta0.65_kappa0.02,4,55,27.542179801024133,23.302832633819797,4.2393471672043361
theta0.65_kappa0.02,4,56,4.0419317254446376,8.368761226207905,-4.3268295007632673
theta0.65_kappa0.02,4,57,39.852056706062392,23.747550154329549,16.104506551732843
theta0.65_kappa0.02,4,58,44.405801878374739,42.455930178580083,1.9498716997946559
theta0.65_kappa0.02,4,59,40.807443965903921,44.428861057702065,-3.6214170917981434
theta0.65_kappa0.02,4,60,27.047300268209476,22.413747000769909,4.6335532674395665
theta0.65_kappa0.02,4,61,46.406567707156313,32.539666306112977,13.866901401043336
theta0.65_kappa0.02,4,62,49.795284580564882,37.10333278074426,12.691951799820622
theta0.65_kappa0.02,4,63,34.91152660247085,38.685548117073921,-3.7740215146030707
theta0.65_kappa0.02,4,64,9.1991930645650406,3.0144567468944365,6.1847363176706036
theta0.65_kappa0.02,4,65,23.567687679666079,11.817120683308906,11.750566996357174
theta0.65_kappa0.02,4,66,34.00611129354693,19.462678264340145,14.543433029206785
theta0.65_kappa0.02,4,67,16.86340619878272,6.0200493997146118,10.843356799068108
theta0.65_kappa0.02,4,68,34.21173219244816,8.0730871319359618,26.138645060512196
theta0.65_kappa0.02,4,69,28.434939932624943,15.979593426473359,12.455346506151583
theta0.65_kappa0.02,4,70,2.8773529671064222,-2.630994955152977,5.5083479222593992
theta0.65_kappa0.02,4,71,50.029407999952511,47.160378274878624,2.8690297250738865
theta0.65_kappa0.02,4,72,34.942341451065822,35.135459586430656,-0.19311813536483413
theta0.65_kappa0.02,4,73,24.269791368166398,16.274756255172612,7.9950351129937864
theta0.65_kappa0.02,4,74,29.347956549573993,23.284318336431205,6.0636382131427879
theta0.65_kappa0.02,4,75,8.9483946461388584,11.152893964000162,-2.2044993178613037
theta0.65_kappa0.02,4,76,15.707724333540543,8.7086913700211817,6.9990329635193618
theta0.65_kappa0.02,4,77,9.1712439679621447,0.49173930920927722,8.679504658752867
theta0.65_kappa0.02,4,78,6.8971057362147121,11.138033747438502,-4.2409280112237902
theta0.65_kappa0.02,4,79,36.20182899354338,22.11933037522331,14.08249861832007
theta0.65_kappa0.02,4,80,25.440387204547378,33.822321818842909,-8.3819346142955311
theta0.65_kappa0.02,4,81,28.064581105026384,20.793442500435972,7.2711386045904121
theta0.65_kappa0.02,4,82,41.32101037590234,42.53851101259923,-1.2175006366968901
theta0.65_kappa0.02,4,83,-3.0753574837480562,-5.5076666651159147,2.4323091813678586
theta0.65_kappa0.02,4,84,31.737412414182256,20.692204899720995,11.045207514461261
theta0.65_kappa0.02,4,85,18.36025803761051,20.361979830936878,-2.001721793326368
theta0.65_kappa0.02,4,86,2.8295662288251626,-3.6775861162359105,6.5071523450610727
theta0.65_kappa0.02,4,87,19.311497775024652,24.839044458383754,-5.5275466833591018
theta0.65_kappa0.02,4,88,9.5587228936612796,0.88907652733853149,8.6696463663227483
theta0.65_kappa0.02,4,89,21.802504568488398,-2.3454714757827571,24.147976044271154
theta0.65_kappa0.02,4,90,9.7539282313188753,3.456988446046549,6.2969397852723263
theta0.65_kappa0.02,4,91,16.60477875694297,13.38446095058312,3.2203178063598497
theta0.65_kappa0.02,4,92,26.850364227575149,19.520420013253759,7.3299442143213902
theta0.65_kappa0.02,4,93,17.581979533023606,21.621534604139494,-4.0395550711158883
theta0.65_kappa0.02,4,94,21.118825536048369,16.989588706461806,4.1292368295865636
theta0.65_kappa0.02,4,95,31.786429446983497,33.087756521643854,-1.3013270746603567
theta0.65_kappa0.02,4,96,26.616981942941234,28.013613564028734,-1.3966316210875007
theta0.65_kappa0.02,4,97,44.23431790388635,40.768255895506826,3.4660620083795237
theta0.65_kappa0.02,4,98,7.9752979893477329,5.3927611414161793,2.5825368479315536
theta0.65_kappa0.02,4,99,21.459458435748751,17.144225451851483,4.3152329838972676
theta0.65_kappa0.02,5,0,20.136889834504327,12.459766343608928,7.6771234908953989
theta0.65_kappa0.02,5,1,16.886161824334913,5.7263651175646109,11.159796706770301
theta0.65_kappa0.02,5,2,12.816021157507995,13.251844648026673,-0.4358234905186773
theta0.65_kappa0.02,5,3,11.777597537476993,15.567931279213736,-3.7903337417367435
theta0.65_kappa0.02,5,4,14.81617463478732,-5.1778574421731527,19.994032076960472
theta0.65_kappa0.02,5,5,8.7868641299599872,-1.9210120665066324,10.70787619646662
theta0.65_kappa0.02,5,6,12.501292337471517,14.591764917552419,-2.0904725800809025
theta0.65_kappa0.02,5,7,17.370504520335093,19.08415044709416,-1.7136459267590674
theta0.65_kappa0.02,5,8,44.015850958776277,37.000445463158464,7.0154054956178129
theta0.65_kappa0.02,5,9,10.43916193834754,3.4138877404691614,7.025274197878379
theta0.65_kappa0.02,5,10,15.436619284825484,14.639506559641722,0.79711272518376219
theta0.65_kappa0.02,5,11,22.613149199052582,29.602466676232417,-6.989317477179835
theta0.65_kappa0.02,5,12,25.026174237994223,15.539939549387965,9.4862346886062578
theta0.65_kappa0.02,5,13,40.032046326348848,10.91144893377048,29.120597392578368
theta0.65_kappa0.02,5,14,38.908242902543009,30.862731417813929,8.0455114847290794
theta0.65_kappa0.02,5,15,0.91068333630302722,-9.4020172664788646,10.312700602781891
theta0.65_kappa0.02,5,16,28.829386542287232,25.260540859256889,3.568845683030343
theta0.65_kappa0.02,5,17,31.631175814633277,30.236328457422587,1.3948473572106899
theta0.65_kappa0.02,5,18,15.885801298211456,5.1497588290091167,10.736042469202339
theta0.65_kappa0.02,5,19,23.77608289466604,22.009087610157614,1.7669952845084254
theta0.65_kappa0.02,5,20,14.806996345486478,16.542903349244742,-1.735907003758264
theta0.65_kappa0.02,5,21,8.5109672626311994,7.003853353264371,1.5071139093668284
theta0.65_kappa0.02,5,22,25.724640464443738,12.553110610927892,13.171529853515846
theta0.65_kappa0.02,5,23,23.981090644580529,24.78927529380902,-0.80818464922849031
theta0.65_kappa0.02,5,24,29.869051873824073,30.029279983563281,-0.16022810973920798
theta0.65_kappa0.02,5,25,42.419650610117912,29.055101460591505,13.364549149526407
theta0.65_kappa0.02,5,26,13.029016091052886,13.339791994387788,-0.31077590333490157
theta0.65_kappa0.02,5,27,44.919407318751503,48.123746844095386,-3.2043395253438831
theta0.65_kappa0.02,5,28,37.191731390074381,32.326691230070708,4.865040160003673
theta0.65_kappa0.02,5,29,45.677718945988431,45.442250042583936,0.23546890340449522
theta0.65_kappa0.02,5,30,22.372246326625262,19.514471880341997,2.8577744462832655
theta0.65_kappa0.02,5,31,29.80850648031419,22.081919778855315,7.7265867014588743
theta0.65_kappa0.02,5,32,31.579728615911339,18.292298324471194,13.287430291440145
theta0.65_kappa0.02,5,33,32.725078474071964,36.243712741007279,-3.5186342669353152
theta0.65_kappa0.02,5,34,16.014237708230624,15.571932813495891,0.44230489473473256
theta0.65_kappa0.02,5,35,1.7158002941913972,5.7750982585465582,-4.059297964355161
theta0.65_kappa0.02,5,36,17.243614363324728,20.090567365446315,-2.8469530021215874
theta0.65_kappa0.02,5,37,11.925059201280046,12.949191540777116,-1.0241323394970703
theta0.65_kappa0.02,5,38,3.0554756437948987,0.40163448184046402,2.6538411619544346
theta0.65_kappa0.02,5,39,11.232337594479782,13.144002712134281,-1.9116651176544988
theta0.65_kappa0.02,5,40,10.453062690724302,12.441173944254,-1.9881112535296985
theta0.65_kappa0.02,5,41,6.7124642270839994,7.1111885555891021,-0.39872432850510275
theta0.65_kappa0.02,5,42,32.793914677827885,18.055701388327723,14.738213289500163
theta0.65_kappa0.02,5,43,44.091673024634147,42.23778107362061,1.8538919510135372
theta0.65_kappa0.02,5,44,37.684483948416265,37.823529113146002,-0.13904516472973683
theta0.65_kappa0.02,5,45,34.640459809901472,27.280549661419428,7.3599101484820437
theta0.65_kappa0.02,5,46,13.095508343479532,9.5641319131873352,3.5313764302921964
theta0.65_kappa0.02,5,47,37.138282303783541,32.527608646994693,4.6106736567888476
theta0.65_kappa0.02,5,48,20.952733120753042,12.150518050366523,8.8022150703865183
theta0.65_kappa0.02,5,49,8.5102809711132785,11.819749863736208,-3.3094688926229292
theta0.65_kappa0.02,5,50,30.982710920235345,34.465606173339822,-3.482895253104477
theta0.65_kappa0.02,5,51,26.586966169303636,30.700231500177718,-4.1132653308740821
theta0.65_kappa0.02,5,52,25.804646140696185,23.528183224889105,2.2764629158070804
theta0.65_kappa0.02,5,53,9.6646275079288486,1.2973873174656618,8.3672401904631872
theta0.65_kappa0.02,5,54,32.815213904086093,32.42226183309748,0.3929520709886134
theta0.65_kappa0.02,5,55,-9.3559099773058634,-5.9949209311238221,-3.3609890461820413
theta0.65_kappa0.02,5,56,20.688817539348104,10.018685656508138,10.670131882839966
theta0.65_kappa0.02,5,57,9.8880877083454699,12.398350194571329,-2.5102624862258587
theta0.65_kappa0.02,5,58,11.680647472545688,9.4838921262106783,2.19675534633501
theta0.65_kappa0.02,5,59,29.794757626307128,29.885326403716068,-0.090568777408940093
theta0.65_kappa0.02,5,60,0.40455381207501961,5.0152092136328061,-4.6106554015577865
theta0.65_kappa0.02,5,61,14.415300128161208,20.137947233365303,-5.7226471052040946
theta0.65_kappa0.02,5,62,24.238863997667529,22.689993590787527,1.5488704068800025
theta0.65_kappa0.02,5,63,38.611157844838154,42.312524898718053,-3.7013670538798991
theta0.65_kappa0.02,5,64,44.549328297106669,42.122229693547744,2.4270986035589246
theta0.65_kappa0.02,5,65,0.97975582528050476,4.9107830228255311,-3.9310271975450264
theta0.65_kappa0.02,5,66,28.526225335931485,25.207249331853223,3.3189760040782623
theta0.65_kappa0.02,5,67,18.416298712520327,21.419730190692576,-3.0034314781722493
theta0.65_kappa0.02,5,68,27.370161463320699,10.548567228777078,16.821594234543621
theta0.65_kappa0.02,5,69,9.7480128034647944,-5.3410538096324167,15.089066613097211
theta0.65_kappa0.02,5,70,11.329915520980014,9.6901846571621313,1.6397308638178831
theta0.65_kappa0.02,5,71,20.489780185067801,14.64313691081618,5.8466432742516208
theta0.65_kappa0.02,5,72,26.916774622712232,21.44087634694958,5.4758982757626526
theta0.65_kappa0.02,5,73,7.8160560093744174,10.662022708542947,-2.84596669916853
theta0.65_kappa0.02,5,74,10.082436165965984,7.307404558698039,2.7750316072679446
theta0.65_kappa0.02,5,75,18.804669548489542,17.62748073841199,1.1771888100775527
theta0.65_kappa0.02,5,76,12.272537267684994,0.64601596799118122,11.626521299693813
theta0.65_kappa0.02,5,77,26.467152390162092,29.744035190083171,-3.2768827999210792
theta0.65_kappa0.02,5,78,23.208237659125693,10.862699407107058,12.345538252018635
theta0.65_kappa0.02,5,79,13.489104628407802,19.715415615417388,-6.2263109870095867
theta0.65_kappa0.02,5,80,16.675401656004688,22.263268517444367,-5.5878668614396787
theta0.65_kappa0.02,5,81,30.569231021199347,30.73673784222277,-0.16750682102342296
theta0.65_kappa0.02,5,82,35.627704036601585,38.271992690239173,-2.644288653637588
theta0.65_kappa0.02,5,83,22.490684204349609,20.092993868404516,2.397690335945093
theta0.65_kappa0.02,5,84,-4.2878164102785004,-1.8068877443797573,-2.4809286658987428
theta0.65_kappa0.02,5,85,31.980644199589605,23.634176545985216,8.3464676536043889
theta0.65_kappa0.02,5,86,17.826540029492488,16.369989218787961,1.4565508107045275
theta0.65_kappa0.02,5,87,16.505978526218815,15.984562817583152,0.52141570863566322
theta0.65_kappa0.02,5,88,7.4851578244762607,11.601563655553456,-4.1164058310771949
theta0.65_kappa0.02,5,89,9.7234169212024106,22.958944636902093,-13.235527715699682
theta0.65_kappa0.02,5,90,23.352651139338292,27.178484804549502,-3.8258336652112099
theta0.65_kappa0.02,5,91,4.0570253576116464,10.693607041821116,-6.6365816842094691
theta0.65_kappa0.02,5,92,18.218914920761129,7.6894553570201198,10.52945956374101
theta0.65_kappa0.02,5,93,34.13833877952154,24.062899218262817,10.075439561258722
theta0.65_kappa0.02,5,94,13.471352585474047,0.028692790075598201,13.44265979539845
theta0.65_kappa0.02,5,95,13.765577492871174,2.3905662414654478,11.375011251405725
theta0.65_kappa0.02,5,96,7.0515640388164726,9.5647655297508152,-2.5132014909343425
theta0.65_kappa0.02,5,97,15.127734413212711,20.060869205821,-4.9331347926082891
theta0.65_kappa0.02,5,98,19.509986056646831,28.367991951348198,-8.8580058947013676
theta0.65_kappa0.02,5,99,-0.37315292102667991,4.8359417243061822,-5.2090946453328622
theta0.65_kappa0.02,6,0,14.339344261911227,14.503372153955446,-0.16402789204421886
theta0.65_kappa0.02,6,1,34.285645060666482,26.824168232997049,7.4614768276694328
theta0.65_kappa0.02,6,2,25.392263460700256,21.002395752170525,4.3898677085297315
theta0.65_kappa0.02,6,3,25.464520870814749,20.445081509577378,5.0194393612373709
theta0.65_kappa0.02,6,4,34.531662404013552,23.087469359511022,11.44419304450253
theta0.65_kappa0.02,6,5,22.766713914033357,13.104477943958489,9.6622359700748675
theta0.65_kappa0.02,6,6,29.64521031375045,26.85125440315182,2.7939559105986298
theta0.65_kappa0.02,6,7,10.461030733725666,14.203806472190662,-3.7427757384649958
theta0.65_kappa0.02,6,8,17.65990574053107,16.375439871466039,1.2844658690650306
theta0.65_kappa0.02,6,9,31.64618930701814,23.560719682428193,8.0854696245899476
theta0.65_kappa0.02,6,10,5.6972455131386432,8.7656813168689851,-3.0684358037303419
theta0.65_kappa0.02,6,11,52.88681032004142,51.537106089865105,1.3497042301763145
theta0.65_kappa0.02,6,12,4.6679289786961,-1.5012606357149971,6.1691896144110974
theta0.65_kappa0.02,6,13,34.704590353487887,27.718109114597201,6.9864812388906863
theta0.65_kappa0.02,6,14,-4.2436749240894613,0.92719896547650482,-5.1708738895659661
theta0.65_kappa0.02,6,15,21.176828280394023,8.0015342561631186,13.175294024230904
theta0.65_kappa0.02,6,16,32.707239120236622,35.037868768091002,-2.33062964785438
theta0.65_kappa0.02,6,17,38.257528040018492,36.967624222097164,1.2899038179213278
theta0.65_kappa0.02,6,18,19.45473875372241,14.823593528745567,4.6311452249768426
theta0.65_kappa0.02,6,19,15.124209524663788,21.813989851956386,-6.6897803272925973
theta0.65_kappa0.02,6,20,-14.56691609491036,-17.192136670099178,2.625220575188818
theta0.65_kappa0.02,6,21,10.976986363282524,8.7231208817802521,2.2538654815022721
theta0.65_kappa0.02,6,22,7.2330443941803813,2.3676177923329895,4.8654266018473917
theta0.65_kappa0.02,6,23,31.877339187035997,16.900849840990283,14.976489346045714
theta0.65_kappa0.02,6,24,22.457951027109964,18.92606889013231,3.5318821369776536
theta0.65_kappa0.02,6,25,49.84088153461235,40.522984874262399,9.3178966603499518
theta0.65_kappa0.02,6,26,18.630300519797476,11.487497184358377,7.1428033354390994
theta0.65_kappa0.02,6,27,25.783483688895487,24.885615938607582,0.89786775028790444
theta0.65_kappa0.02,6,28,36.481215785388748,35.731145377002989,0.75007040838575989
theta0.65_kappa0.02,6,29,-1.0966627564992286,-7.7135534478505594,6.6168906913513306
theta0.65_kappa0.02,6,30,30.237660385276953,23.0740772911712,7.1635830941057534
theta0.65_kappa0.02,6,31,18.386600618961079,21.383972526775889,-2.9973719078148093
theta0.65_kappa0.02,6,32,28.794249671853279,24.73723012050684,4.0570195513464391
theta0.65_kappa0.02,6,33,26.161495401863704,1.4921034655671566,24.669391936296549
theta0.65_kappa0.02,6,34,6.8397247920657831,3.1730096664831757,3.6667151255826074
theta0.65_kappa0.02,6,35,19.572567214184787,22.904620678885912,-3.3320534647011257
theta0.65_kappa0.02,6,36,35.493826986650596,26.81706932544845,8.6767576612021458
theta0.65_kappa0.02,6,37,-3.3989200467636955,-8.1155450270101088,4.7166249802464133
theta0.65_kappa0.02,6,38,-0.1230053076821222,-5.2113400402489285,5.088334732566806
theta0.65_kappa0.02,6,39,3.6472517823829431,5.2995619288035032,-1.6523101464205601
theta0.65_kappa0.02,6,40,35.477352518738776,25.237338768591023,10.240013750147753
theta0.65_kappa0.02,6,41,10.0569714091863,13.084106264176992,-3.0271348549906918
theta0.65_kappa0.02,6,42,-2.9862424369835101,0.93235636429208035,-3.9185988012755906
theta0.65_kappa0.02,6,43,19.110887084237525,15.408544898251115,3.7023421859864101
theta0.65_kappa0.02,6,44,-7.2020797646903167,-9.5774693790128964,2.3753896143225797
theta0.65_kappa0.02,6,45,17.78281282122472,17.746202706605697,0.036610114619023193
theta0.65_kappa0.02,6,46,24.28284143708807,28.046292818569768,-3.7634513814816977
theta0.65_kappa0.02,6,47,34.336955953182766,40.151033151987377,-5.8140771988046112
theta0.65_kappa0.02,6,48,14.704387253178805,22.414958269466833,-7.7105710162880285
theta0.65_kappa0.02,6,49,21.749443542127544,24.346034270386397,-2.5965907282588532
theta0.65_kappa0.02,6,50,11.255976234141755,9.9750257924999044,1.2809504416418509
theta0.65_kappa0.02,6,51,15.312041994363671,10.269703295039486,5.0423386993241852
theta0.65_kappa0.02,6,52,6.6628047421491043,4.5720094835441385,2.0907952586049658
theta0.65_kappa0.02,6,53,1.6953730631228674,2.4509216357660142,-0.75554857264314679
theta0.65_kappa0.02,6,54,19.592865268374354,23.336245858821226,-3.743380590446872
theta0.65_kappa0.02,6,55,10.959083474126135,7.6489415552054654,3.31014191892067
theta0.65_kappa0.02,6,56,26.277141365647136,17.145626688030092,9.1315146776170444
theta0.65_kappa0.02,6,57,28.499149842503886,29.015716030938307,-0.51656618843442104
theta0.65_kappa0.02,6,58,38.564968768969635,40.195765382996854,-1.6307966140272185
theta0.65_kappa0.02,6,59,33.830484208131359,26.038114544366199,7.7923696637651609
theta0.65_kappa0.02,6,60,24.818577041104145,19.554303407829689,5.2642736332744562
theta0.65_kappa0.02,6,61,4.9806714568315256,3.448573779200454,1.5320976776310715
theta0.65_kappa0.02,6,62,0.41137970186401079,3.8883003610050761,-3.4769206591410655
theta0.65_kappa0.02,6,63,6.4767212946236539,1.1124572621033768,5.3642640325202766
theta0.65_kappa0.02,6,64,-7.9025816521641188,-7.7171749526923428,-0.18540669947177602
theta0.65_kappa0.02,6,65,38.922769972588291,37.474913089743453,1.4478568828448388
theta0.65_kappa0.02,6,66,5.8846917385187698,6.1000905123697917,-0.21539877385102191
theta0.65_kappa0.02,6,67,31.754489813471377,16.449559706210543,15.304930107260834
theta0.65_kappa0.02,6,68,4.1922970703544227,11.400335774488219,-7.2080387041337968
theta0.65_kappa0.02,6,69,-1.313091335001489,3.0962514844200193,-4.4093428194215081
theta0.65_kappa0.02,6,70,25.100865258603729,16.86484356897207,8.2360216896316594
theta0.65_kappa0.02,6,71,19.255657588453413,18.196481631331487,1.0591759571219264
theta0.65_kappa0.02,6,72,10.032087483097245,-0.67793038935200545,10.710017872449249
theta0.65_kappa0.02,6,73,-3.0612343618200724,-8.4673398397855184,5.406105477965446
theta0.65_kappa0.02,6,74,31.876823708059799,28.264877856169143,3.6119458518906562
theta0.65_kappa0.02,6,75,-1.8837131572388317,-1.8723262747686824,-0.011386882470149295
theta0.65_kappa0.02,6,76,41.266548931544065,29.730272152201863,11.536276779342202
theta0.65_kappa0.02,6,77,15.146763912145095,12.437149584293913,2.7096143278511828
theta0.65_kappa0.02,6,78,1.6637268058470782,11.169787223934163,-9.5060604180870847
theta0.65_kappa0.02,6,79,15.269144153336557,-0.66109119981735698,15.930235353153913
theta0.65_kappa0.02,6,80,19.420905714550408,14.725203100660782,4.6957026138896261
theta0.65_kappa0.02,6,81,15.658958626258473,14.821711409903674,0.8372472163547986
theta0.65_kappa0.02,6,82,3.4616647712427322,-4.6554810852863922,8.1171458565291239
theta0.65_kappa0.02,6,83,22.754305474545212,15.635047244656176,7.1192582298890361
theta0.65_kappa0.02,6,84,23.517438938068423,26.208649523990783,-2.6912105859223594
theta0.65_kappa0.02,6,85,-20.143031002083916,-16.361158075715984,-3.7818729263679316
theta0.65_kappa0.02,6,86,36.234767740436013,26.419618914738571,9.8151488256974417
theta0.65_kappa0.02,6,87,21.667215571364601,14.554137149153252,7.1130784222113483
theta0.65_kappa0.02,6,88,4.9013554871970584,2.0946509363301544,2.806704550866904
theta0.65_kappa0.02,6,89,-11.697279087489596,-12.769687493337816,1.0724084058482202
theta0.65_kappa0.02,6,90,23.31665722853597,14.586428700092313,8.7302285284436572
theta0.65_kappa0.02,6,91,38.933027240890766,30.183859721199056,8.74916751969171
theta0.65_kappa0.02,6,92,23.423052887474995,20.382726429733147,3.0403264577418483
theta0.65_kappa0.02,6,93,35.988549764799508,28.887594583504871,7.100955181294637
theta0.65_kappa0.02,6,94,19.029888833871905,19.33679818503564,-0.30690935116373552
theta0.65_kappa0.02,6,95,24.384121632598852,14.793215411329964,9.590906221268888
theta0.65_kappa0.02,6,96,12.376113689599588,9.270942248984408,3.1051714406151802
theta0.65_kappa0.02,6,97,23.03445811872211,25.650820877871407,-2.6163627591492968
theta0.65_kappa0.02,6,98,16.803226163840645,19.819691028320428,-3.0164648644797829
theta0.65_kappa0.02,6,99,13.204668879458314,2.5714846262124809,10.633184253245833
theta0.65_kappa0.02,7,0,30.286517667826217,29.487103471582689,0.79941419624352861
theta0.65_kappa0.02,7,1,33.71546492975115,36.882776461210717,-3.1673115314595677
theta0.65_kappa0.02,7,2,16.333711562412606,5.7130252904554748,10.620686271957132
theta0.65_kappa0.02,7,3,18.298199078825391,16.962647289018783,1.3355517898066083
theta0.65_kappa0.02,7,4,32.95093786403271,23.775352901188285,9.1755849628444253
theta0.65_kappa0.02,7,5,14.892922975153979,-5.5172752896148918,20.410198264768873
theta0.65_kappa0.02,7,6,28.281815265245623,23.728589315026358,4.5532259502192645
theta0.65_kappa0.02,7,7,20.763810757025126,10.928760611916212,9.8350501451089141
theta0.65_kappa0.02,7,8,-8.520029748726607,-6.969473621813373,-1.550556126913234
theta0.65_kappa0.02,7,9,15.198142950379411,17.363186697845361,-2.1650437474659494
theta0.65_kappa0.02,7,10,16.668008807591363,18.896126624444939,-2.228117816853576
theta0.65_kappa0.02,7,11,24.5568691602253,24.24017322858511,0.31669593164019005
theta0.65_kappa0.02,7,12,16.377973860651252,12.541812695108424,3.836161165542828
theta0.65_kappa0.02,7,13,26.308506405239292,25.91234545796895,0.39616094727034223
theta0.65_kappa0.02,7,14,9.2058876397451836,18.141880651568453,-8.9359930118232693
theta0.65_kappa0.02,7,15,24.747515535667169,23.320347173690795,1.4271683619763742
theta0.65_kappa0.02,7,16,16.787577881588572,12.585339626627276,4.202238254961296
theta0.65_kappa0.02,7,17,18.499542249305179,8.537776483170731,9.9617657661344481
theta0.65_kappa0.02,7,18,12.999435789949624,13.753221825639049,-0.75378603568942459
theta0.65_kappa0.02,7,19,8.0459468979354867,2.176178832134501,5.8697680658009856
theta0.65_kappa0.02,7,20,27.569291163083737,28.041071337753785,-0.47178017467004807
theta0.65_kappa0.02,7,21,7.2973300492314719,9.4973368594700727,-2.2000068102386008
theta0.65_kappa0.02,7,22,12.879906326442784,-0.65560616474887778,13.535512491191662
theta0.65_kappa0.02,7,23,41.233269122308336,41.558684072496746,-0.32541495018841005
theta0.65_kappa0.02,7,24,1.393116695894272,-10.344596163191969,11.737712859086241
theta0.65_kappa0.02,7,25,48.953107229278615,34.118902917845126,14.834204311433488
theta0.65_kappa0.02,7,26,25.643463187227571,20.525955955355982,5.1175072318715884
theta0.65_kappa0.02,7,27,1.5826261443060876,0.89789271867935971,0.6847334256267279
theta0.65_kappa0.02,7,28,11.381243481498878,13.75409087537245,-2.3728473938735721
theta0.65_kappa0.02,7,29,27.981349709117733,22.35849101197574,5.6228586971419929
theta0.65_kappa0.02,7,30,27.219709048023653,14.140319421335557,13.079389626688096
theta0.65_kappa0.02,7,31,26.647185402150704,27.911448429620989,-1.2642630274702853
theta0.65_kappa0.02,7,32,15.97984271715098,11.695518931008133,4.2843237861428474
theta0.65_kappa0.02,7,33,12.372698835830841,4.326980077440254,8.0457187583905867
theta0.65_kappa0.02,7,34,22.581375749745135,21.25858967187596,1.3227860778691749
theta0.65_kappa0.02,7,35,14.585990598367299,12.421736144954505,2.164254453412795
theta0.65_kappa0.02,7,36,17.661882549826924,6.7213619221052765,10.940520627721646
theta0.65_kappa0.02,7,37,25.96897396633555,21.721233655075004,4.2477403112605465
theta0.65_kappa0.02,7,38,8.9243338410324426,9.5125791914024376,-0.58824535036999492
theta0.65_kappa0.02,7,39,39.984814931800948,39.348362589579139,0.63645234222180846
theta0.65_kappa0.02,7,40,26.568067059795599,23.075080074898292,3.492986984897307
theta0.65_kappa0.02,7,41,10.49129672342559,-2.395925420507985,12.887222143933574
theta0.65_kappa0.02,7,42,39.743973265776695,29.123275723809929,10.620697541966766
theta0.65_kappa0.02,7,43,18.658810368273659,-0.1143116957926613,18.773122064066321
theta0.65_kappa0.02,7,44,35.680072939379372,36.742408451923865,-1.0623355125444931
theta0.65_kappa0.02,7,45,3.0239730621015619,3.9359597011684166,-0.91198663906685473
theta0.65_kappa0.02,7,46,33.601450033665898,29.578987577559545,4.0224624561063536
theta0.65_kappa0.02,7,47,12.1454427452025,4.8673942347924726,7.2780485104100272
theta0.65_kappa0.02,7,48,21.719753217263985,24.893531875151051,-3.1737786578870661
theta0.65_kappa0.02,7,49,25.305275853869691,21.186054284728375,4.1192215691413168
theta0.65_kappa0.02,7,50,32.578391174206757,29.608821731688348,2.9695694425184094
theta0.65_kappa0.02,7,51,-1.2964745567825866,-0.040482220719861101,-1.2559923360627254
theta0.65_kappa0.02,7,52,17.389664998452847,12.796333996921909,4.5933310015309381
theta0.65_kappa0.02,7,53,-2.3337159201894648,0.88815198210960977,-3.2218679022990746
theta0.65_kappa0.02,7,54,16.401604057081716,8.5896366317242094,7.8119674253575067
theta0.65_kappa0.02,7,55,2.5471047053642217,-3.1238135721466351,5.6709182775108573
theta0.65_kappa0.02,7,56,10.034111324059143,4.5896180580669332,5.4444932659922101
theta0.65_kappa0.02,7,57,34.939466779248995,36.716959731456491,-1.7774929522074956
theta0.65_kappa0.02,7,58,14.769354112363096,12.576756391181206,2.1925977211818903
theta0.65_kappa0.02,7,59,48.644040848194102,41.090405779893949,7.553635068300153
theta0.65_kappa0.02,7,60,42.201959371559603,31.560215286386715,10.641744085172888
theta0.65_kappa0.02,7,61,-0.2498422014367698,4.2088308466424742,-4.4586730480792438
theta0.65_kappa0.02,7,62,18.020786149621415,22.528495515048967,-4.5077093654275515
theta0.65_kappa0.02,7,63,28.60414754298813,29.16675299831039,-0.56260545532225947
theta0.65_kappa0.02,7,64,25.485953321330545,21.40530256188277,4.0806507594477743
theta0.65_kappa0.02,7,65,5.6344486309259132,0.80595627929956182,4.8284923516263518
theta0.65_kappa0.02,7,66,32.507201050114517,28.730072563968392,3.7771284861461254
theta0.65_kappa0.02,7,67,31.617991661977783,34.215792207830397,-2.5978005458526141
theta0.65_kappa0.02,7,68,18.732752934811305,13.431790047021543,5.3009628877897619
theta0.65_kappa0.02,7,69,23.544806071716227,22.092338712034948,1.4524673596812789
theta0.65_kappa0.02,7,70,8.0313899065297534,4.5526299495693543,3.4787599569603991
theta0.65_kappa0.02,7,71,5.8503928240358327,6.3827263550304023,-0.53233353099456959
theta0.65_kappa0.02,7,72,13.863068773032809,12.082398919734707,1.780669853298102
theta0.65_kappa0.02,7,73,29.772724168745167,14.530164476190571,15.242559692554597
theta0.65_kappa0.02,7,74,17.705319604569912,11.521283451826266,6.184036152743646
theta0.65_kappa0.02,7,75,4.2438286761531678,4.0813895577030017,0.16243911845016612
theta0.65_kappa0.02,7,76,18.295723991860484,6.8788438483718366,11.416880143488648
theta0.65_kappa0.02,7,77,41.74479018996589,44.835541537535086,-3.0907513475691957
theta0.65_kappa0.02,7,78,17.811828204671279,17.317881902748514,0.49394630192276523
theta0.65_kappa0.02,7,79,11.926210768877182,10.577049872133498,1.3491608967436832
theta0.65_kappa0.02,7,80,15.469588377308892,7.2102662479016981,8.2593221294071935
theta0.65_kappa0.02,7,81,17.102077319847133,17.856836050887711,-0.75475873104057811
theta0.65_kappa0.02,7,82,42.373298570727293,15.630964708753044,26.742333861974249
theta0.65_kappa0.02,7,83,16.873202911778328,19.953447484673219,-3.0802445728948911
theta0.65_kappa0.02,7,84,36.53184137202075,32.486038991372389,4.045802380648361
theta0.65_kappa0.02,7,85,17.120276659530635,7.1416994395867697,9.9785772199438654
theta0.65_kappa0.02,7,86,4.4444056675580654,-4.8239601791116264,9.2683658466696919
theta0.65_kappa0.02,7,87,33.755543370652269,35.143636206727017,-1.3880928360747475
theta0.65_kappa0.02,7,88,12.594795635868572,16.167424843461255,-3.5726292075926835
theta0.65_kappa0.02,7,89,0.616895558382349,-1.2085778573754498,1.8254734157577988
theta0.65_kappa0.02,7,90,-2.9030242924186842,-16.044869603332621,13.141845310913936
theta0.65_kappa0.02,7,91,9.8807238258956431,10.176320074416427,-0.29559624852078414
theta0.65_kappa0.02,7,92,-10.737853984429323,-22.225780349435453,11.48792636500613
theta0.65_kappa0.02,7,93,25.830281374876037,31.819682437188444,-5.9894010623124068
theta0.65_kappa0.02,7,94,23.255522580084783,20.615302278266046,2.6402203018187365
theta0.65_kappa0.02,7,95,62.587955486696522,53.983973129043171,8.6039823576533507
theta0.65_kappa0.02,7,96,38.356086902551517,39.137836628049463,-0.78174972549794575
theta0.65_kappa0.02,7,97,-0.48549062938785559,-0.1314015931901924,-0.35408903619766319
theta0.65_kappa0.02,7,98,29.683832150825435,21.856313680600888,7.8275184702245468
theta0.65_kappa0.02,7,99,5.0330154864176144,5.2653880861593043,-0.23237259974168989
theta0.65_kappa0.02,8,0,18.640099764961683,19.884211043145431,-1.2441112781837482
theta0.65_kappa0.02,8,1,12.080419744014208,-4.2826711842478495,16.363090928262057
theta0.65_kappa0.02,8,2,32.845996491088677,30.172474458378016,2.673522032710661
theta0.65_kappa0.02,8,3,13.3190881458191,10.513494204919439,2.8055939408996604
theta0.65_kappa0.02,8,4,19.048124043905226,4.6942161282273602,14.353907915677866
theta0.65_kappa0.02,8,5,10.371456766327819,10.323835205674859,0.047621560652959971
theta0.65_kappa0.02,8,6,-3.3096257343223252,-0.68945645282751777,-2.6201692814948077
theta0.65_kappa0.02,8,7,15.277899054947085,12.068599480634068,3.2092995743130164
theta0.65_kappa0.02,8,8,34.703818260983923,22.397504731953859,12.306313529030064
theta0.65_kappa0.02,8,9,28.780066483857642,35.31984737196364,-6.539780888105998
theta0.65_kappa0.02,8,10,30.915805059511133,27.538162997733991,3.3776420617771414
theta0.65_kappa0.02,8,11,0.91841677449742942,-5.1938504080364112,6.1122671825338406
theta0.65_kappa0.02,8,12,22.750136165818368,19.540775487154292,3.2093606786640763
theta0.65_kappa0.02,8,13,24.46149031385697,16.645132466546084,7.8163578473108863
theta0.65_kappa0.02,8,14,12.35220796284541,5.4661752034265731,6.8860327594188373
theta0.65_kappa0.02,8,15,4.4940443004372277,10.977475815034785,-6.483431514597557
theta0.65_kappa0.02,8,16,12.899144701147542,12.274445582666296,0.62469911848124582
theta0.65_kappa0.02,8,17,12.225287214923933,5.8573262488421776,6.3679609660817551
theta0.65_kappa0.02,8,18,12.710523323085932,9.8927393446379046,2.817783978448027
theta0.65_kappa0.02,8,19,23.715304506953242,16.1031073474159,7.6121971595373417
theta0.65_kappa0.02,8,20,29.660185271654132,25.486140583629357,4.1740446880247752
theta0.65_kappa0.02,8,21,14.409874102916589,-5.3573928479263273,19.767266950842917
theta0.65_kappa0.02,8,22,19.191611286939935,10.774060701891456,8.4175505850484793
theta0.65_kappa0.02,8,23,1.7656965825106128,2.4724502796101766,-0.70675369709956382
theta0.65_kappa0.02,8,24,17.363260915928642,16.118703377370316,1.2445575385583254
theta0.65_kappa0.02,8,25,23.917766810791328,16.596217014174901,7.3215497966164271
theta0.65_kappa0.02,8,26,-4.7485221059911282,-3.043276326688015,-1.7052457793031133
theta0.65_kappa0.02,8,27,-2.8269388446035784,-4.3190717084695329,1.4921328638659546
theta0.65_kappa0.02,8,28,23.558681405259541,20.857404792925266,2.7012766123342757
theta0.65_kappa0.02,8,29,-0.0208052914498719,11.100812677692485,-11.121617969142356
theta0.65_kappa0.02,8,30,17.548025705471538,18.641547251665699,-1.093521546194161
theta0.65_kappa0.02,8,31,19.509289572742073,12.964788657951321,6.5445009147907527
theta0.65_kappa0.02,8,32,16.693411143528778,9.4428353458659977,7.2505757976627798
theta0.65_kappa0.02,8,33,26.806813514379005,28.843023519994137,-2.036210005615132
theta0.65_kappa0.02,8,34,9.8926032513454238,15.380135601815468,-5.487532350470044
theta0.65_kappa0.02,8,35,29.616999092105122,27.385031843565319,2.231967248539803
theta0.65_kappa0.02,8,36,3.3977940756386591,0.37608948853759561,3.0217045871010635
theta0.65_kappa0.02,8,37,46.055934995917177,36.864871095923306,9.1910638999938712
theta0.65_kappa0.02,8,38,35.169375447758213,23.73238683970763,11.436988608050584
theta0.65_kappa0.02,8,39,30.905306135731738,40.047365936467529,-9.1420598007357903
theta0.65_kappa0.02,8,40,5.0632899064481967,-2.1483758588271789,7.2116657652753755
theta0.65_kappa0.02,8,41,42.915306251581839,29.303264913949416,13.612041337632423
theta0.65_kappa0.02,8,42,5.2812340764202403,6.4925083052456856,-1.2112742288254452
theta0.65_kappa0.02,8,43,28.406128443611301,30.285635443287717,-1.8795069996764155
theta0.65_kappa0.02,8,44,30.437846559509676,31.728387412586308,-1.2905408530766316
theta0.65_kappa0.02,8,45,8.7994665276318589,7.3520221319284751,1.4474443957033838
theta0.65_kappa0.02,8,46,15.704385300104111,17.542654192550078,-1.8382688924459671
theta0.65_kappa0.02,8,47,21.564740494264491,18.466286265824682,3.0984542284398096
theta0.65_kappa0.02,8,48,17.45533560869352,17.239871200902755,0.21546440779076548
theta0.65_kappa0.02,8,49,15.27811051893533,15.781238521288644,-0.50312800235331423
theta0.65_kappa0.02,8,50,28.958426248649342,26.586715609723271,2.3717106389260714
theta0.65_kappa0.02,8,51,20.838305569904012,14.483321413948046,6.3549841559559663
theta0.65_kappa0.02,8,52,6.2648314555803655,9.7890000200614633,-3.5241685644810978
theta0.65_kappa0.02,8,53,5.1794154102937782,12.269080071753088,-7.0896646614593095
theta0.65_kappa0.02,8,54,0.12722437505263559,-11.273554791692399,11.400779166745036
theta0.65_kappa0.02,8,55,4.9809046043208722,5.3562839228068331,-0.37537931848596084
theta0.65_kappa0.02,8,56,13.09700235831753,3.6827980675468233,9.4142042907707069
theta0.65_kappa0.02,8,57,9.2458326333066339,15.869135470032369,-6.6233028367257347
theta0.65_kappa0.02,8,58,24.742215164356207,14.999990954037235,9.7422242103189713
theta0.65_kappa0.02,8,59,7.2948588332933681,-1.870987945713908,9.1658467790072766
theta0.65_kappa0.02,8,60,14.134196152979914,22.141957914453112,-8.0077617614731977
theta0.65_kappa0.02,8,61,30.472956883271038,28.200410060982399,2.2725468222886391
theta0.65_kappa0.02,8,62,16.127018586365267,15.374965798649828,0.7520527877154386
theta0.65_kappa0.02,8,63,15.710037583501572,14.001751757417704,1.708285826083868
theta0.65_kappa0.02,8,64,3.7067760776464858,-7.5088351326793283,11.215611210325815
theta0.65_kappa0.02,8,65,20.371047572962315,13.420964229213936,6.9500833437483784
theta0.65_kappa0.02,8,66,20.28597065482473,4.7067426260343197,15.579228028790411
theta0.65_kappa0.02,8,67,25.024585112910017,18.424360734562544,6.6002243783474732
theta0.65_kappa0.02,8,68,22.939340882770235,22.988553715068974,-0.049212832298739073
theta0.65_kappa0.02,8,69,23.415273652274131,32.441295640034312,-9.0260219877601813
theta0.65_kappa0.02,8,70,-11.556197671166256,-7.9803013210688958,-3.5758963500973602
theta0.65_kappa0.02,8,71,14.117028828664417,6.4765735980909556,7.640455230573461
theta0.65_kappa0.02,8,72,32.368679916611917,29.526529109770809,2.8421508068411079
theta0.65_kappa0.02,8,73,17.592216131696549,21.284370928817182,-3.692154797120633
theta0.65_kappa0.02,8,74,-9.2191844669980405,-6.0766944567894123,-3.1424900102086282
theta0.65_kappa0.02,8,75,35.61700367399947,43.854968865174335,-8.2379651911748653
theta0.65_kappa0.02,8,76,0.29849604939647922,2.2370686847115882,-1.9385726353151089
theta0.65_kappa0.02,8,77,36.100513426168533,8.4864134868050964,27.614099939363435
theta0.65_kappa0.02,8,78,10.03077184466159,13.850052872449602,-3.819281027788012
theta0.65_kappa0.02,8,79,27.560839411418684,22.009599181441907,5.5512402299767771
theta0.65_kappa0.02,8,80,14.458555623773147,10.45089645265119,4.0076591711219578
theta0.65_kappa0.02,8,81,1.2248290234638732,0.21194504979971479,1.0128839736641584
theta0.65_kappa0.02,8,82,15.275944278211339,5.0972016104889928,10.178742667722346
theta0.65_kappa0.02,8,83,32.067614604385717,16.729931324361278,15.337683280024439
theta0.65_kappa0.02,8,84,29.106363297407015,25.303629740452067,3.8027335569549479
theta0.65_kappa0.02,8,85,36.105378197042903,30.262150993867404,5.8432272031754984
theta0.65_kappa0.02,8,86,11.300395153273669,13.664028986097096,-2.3636338328234263
theta0.65_kappa0.02,8,87,28.085781801138999,22.974144451442218,5.1116373496967817
theta0.65_kappa0.02,8,88,58.124793019697542,55.608896838698882,2.5158961809986593
theta0.65_kappa0.02,8,89,4.0175832484916496,5.7797630339812338,-1.7621797854895842
theta0.65_kappa0.02,8,90,16.105149848618673,15.979632542188746,0.12551730642992709
theta0.65_kappa0.02,8,91,55.944354421730488,30.870994191185527,25.07336023054496
theta0.65_kappa0.02,8,92,18.143920147558088,2.8509367993324264,15.292983348225661
theta0.65_kappa0.02,8,93,35.465791324981645,33.716910604313128,1.7488807206685166
theta0.65_kappa0.02,8,94,53.673054093044492,34.496987078924441,19.176067014120051
theta0.65_kappa0.02,8,95,21.70838460492601,13.752790195922282,7.9555944090037283
theta0.65_kappa0.02,8,96,3.9975415094338,1.7314023712849256,2.2661391381488745
theta0.65_kappa0.02,8,97,32.994447591656986,26.02799761852928,6.9664499731277054
theta0.65_kappa0.02,8,98,-2.4003190540042798,-10.288668255456365,7.8883492014520851
theta0.65_kappa0.02,8,99,27.353113143551219,30.633704847821878,-3.2805917042706589
theta0.65_kappa0.02,9,0,24.025834965411921,31.585444011434472,-7.5596090460225511
theta0.65_kappa0.02,9,1,34.514446031258821,39.640901649991285,-5.1264556187324644
theta0.65_kappa0.02,9,2,49.977178842039699,49.620873313206474,0.35630552883322508
theta0.65_kappa0.02,9,3,28.047066920187749,12.688189034322487,15.358877885865262
theta0.65_kappa0.02,9,4,3.3860937786371652,0.89725419157271324,2.4888395870644517
theta0.65_kappa0.02,9,5,20.603072107699163,22.350461515648789,-1.7473894079496262
theta0.65_kappa0.02,9,6,23.825908593553869,26.770998842855654,-2.945090249301785
theta0.65_kappa0.02,9,7,13.313748770748225,16.219726217335094,-2.9059774465868689
theta0.65_kappa0.02,9,8,47.975312438228677,43.162106430252855,4.8132060079758219
theta0.65_kappa0.02,9,9,20.808892344808811,22.879802126000293,-2.0709097811914816
theta0.65_kappa0.02,9,10,48.060344223593418,34.213551639162617,13.846792584430801
theta0.65_kappa0.02,9,11,20.549716844736491,12.074752468345608,8.4749643763908828
theta0.65_kappa0.02,9,12,28.481408217529921,14.370593612882359,14.110814604647562
theta0.65_kappa0.02,9,13,0.69477542313177842,-6.6549117949902588,7.3496872181220372
theta0.65_kappa0.02,9,14,-2.0751523554807574,3.3081808035643658,-5.3833331590451232
theta0.65_kappa0.02,9,15,35.107913569130083,25.409452955476503,9.6984606136535803
theta0.65_kappa0.02,9,16,27.148633252346151,22.91572273808881,4.2329105142573411
theta0.65_kappa0.02,9,17,6.621524053220357,8.9898367103686212,-2.3683126571482642
theta0.65_kappa0.02,9,18,14.044605425509999,14.409423945420039,-0.36481851991004
theta0.65_kappa0.02,9,19,18.980036054165577,22.485951890721005,-3.5059158365554275
theta0.65_kappa0.02,9,20,6.6049236176902193,4.6065349029115961,1.9983887147786232
theta0.65_kappa0.02,9,21,18.995562591229959,14.047004359972412,4.9485582312575467
theta0.65_kappa0.02,9,22,32.648371982939835,31.715637676684583,0.93273430625525222
theta0.65_kappa0.02,9,23,11.363377526667495,9.6793182972674803,1.684059229400015
theta0.65_kappa0.02,9,24,19.93870906262838,14.245469097984358,5.6932399646440217
theta0.65_kappa0.02,9,25,22.697061863564077,15.784983553983466,6.9120783095806111
theta0.65_kappa0.02,9,26,46.563697537808515,36.312749383324373,10.250948154484142
theta0.65_kappa0.02,9,27,29.287304692083008,26.841655488817384,2.4456492032656243
theta0.65_kappa0.02,9,28,23.683775024986616,18.084950343653773,5.5988246813328431
theta0.65_kappa0.02,9,29,22.685217946642204,18.870894031939031,3.8143239147031736
theta0.65_kappa0.02,9,30,38.499665157596574,35.317915708806609,3.1817494487899651
theta0.65_kappa0.02,9,31,10.580044218223618,10.280757713063718,0.29928650515990007
theta0.65_kappa0.02,9,32,28.111853582086574,23.217482603416009,4.8943709786705654
theta0.65_kappa0.02,9,33,3.4165042658325309,5.1941812487807795,-1.7776769829482486
theta0.65_kappa0.02,9,34,34.997553398215402,25.430035181197351,9.5675182170180513
theta0.65_kappa0.02,9,35,12.906992759353594,15.393113246835711,-2.4861204874821166
theta0.65_kappa0.02,9,36,32.183494165290249,25.25593926900661,6.9275548962836382
theta0.65_kappa0.02,9,37,2.9497696550680383,1.1335024853365141,1.8162671697315242
theta0.65_kappa0.02,9,38,11.432129714215298,21.155400818000665,-9.7232711037853665
theta0.65_kappa0.02,9,39,0.6867985225854647,-3.5465875465564389,4.2333860691419041
theta0.65_kappa0.02,9,40,3.2616727909661485,7.2195172153862579,-3.9578444244201094
theta0.65_kappa0.02,9,41,14.00402741866764,15.35465890369618,-1.3506314850285399
theta0.65_kappa0.02,9,42,29.554016307908608,17.315237743847472,12.238778564061136
theta0.65_kappa0.02,9,43,39.509416414847557,28.704734254613097,10.80468216023446
theta0.65_kappa0.02,9,44,2.4737290719111757,6.3515387772729905,-3.8778097053618148
theta0.65_kappa0.02,9,45,5.7269416207924539,8.286001000431213,-2.5590593796387591
theta0.65_kappa0.02,9,46,14.819300413424022,19.295431118897294,-4.4761307054732722
theta0.65_kappa0.02,9,47,47.262528145741399,51.572110854343634,-4.3095827086022354
theta0.65_kappa0.02,9,48,18.906397468723988,24.176301711479159,-5.269904242755171
theta0.65_kappa0.02,9,49,17.857997164082864,25.295104702056861,-7.437107537973997
theta0.65_kappa0.02,9,50,18.743724176817253,17.329142111226655,1.4145820655905972
theta0.65_kappa0.02,9,51,14.884010828530529,10.600426046541909,4.2835847819886208
theta0.65_kappa0.02,9,52,32.527482329090262,30.049556619143637,2.477925709946625
theta0.65_kappa0.02,9,53,19.883671736555744,20.026532157693815,-0.14286042113807085
theta0.65_kappa0.02,9,54,3.9554193829049522,4.6889381322536972,-0.73351874934874495
theta0.65_kappa0.02,9,55,18.099690846066949,14.445004698155609,3.6546861479113399
theta0.65_kappa0.02,9,56,16.73546904599257,7.268106553366132,9.4673624926264388
theta0.65_kappa0.02,9,57,11.131922941780809,10.545688815297662,0.58623412648314677
theta0.65_kappa0.02,9,58,30.121748065016344,24.827786407021133,5.2939616579952116
theta0.65_kappa0.02,9,59,-0.93677038702738535,-6.5850988348186714,5.6483284477912861
theta0.65_kappa0.02,9,60,15.842633841450027,19.954842872083972,-4.1122090306339452
theta0.65_kappa0.02,9,61,22.632474544804559,27.252023606519391,-4.6195490617148316
theta0.65_kappa0.02,9,62,11.08021390998104,11.547753461827494,-0.46753955184645335
theta0.65_kappa0.02,9,63,34.958932806833211,32.537927915177448,2.4210048916557625
theta0.65_kappa0.02,9,64,46.403460927140998,35.000699147501663,11.402761779639334
theta0.65_kappa0.02,9,65,31.25654895356509,31.668040129370095,-0.41149117580500416
theta0.65_kappa0.02,9,66,16.137454753789942,13.927552700560016,2.2099020532299267
theta0.65_kappa0.02,9,67,37.574174701745399,25.45821617140756,12.115958530337839
theta0.65_kappa0.02,9,68,2.72841353768872,11.84033949761684,-9.1119259599281204
theta0.65_kappa0.02,9,69,6.8262339221351116,9.1053201952599743,-2.2790862731248627
theta0.65_kappa0.02,9,70,20.103226200653857,24.395615477763119,-4.2923892771092618
theta0.65_kappa0.02,9,71,22.329805773989701,12.246347030477116,10.083458743512585
theta0.65_kappa0.02,9,72,26.584645413297409,11.416620718105694,15.168024695191715
theta0.65_kappa0.02,9,73,4.8878571420490804,-3.283671053641168,8.1715281956902484
theta0.65_kappa0.02,9,74,26.726369287752298,18.952382034254988,7.7739872534973102
theta0.65_kappa0.02,9,75,-1.5902386131329422,-3.929264398095536,2.3390257849625939
theta0.65_kappa0.02,9,76,20.992863526110416,21.475670010066484,-0.48280648395606818
theta0.65_kappa0.02,9,77,26.580473080112519,27.276042179253167,-0.69556909914064846
theta0.65_kappa0.02,9,78,13.78446280124451,5.5818065359434783,8.202656265301032
theta0.65_kappa0.02,9,79,31.432050533985009,26.378358810351305,5.0536917236337047
theta0.65_kappa0.02,9,80,26.124711664675409,26.408571036790661,-0.28385937211525203
theta0.65_kappa0.02,9,81,36.850130782748913,36.019752609283572,0.83037817346534126
theta0.65_kappa0.02,9,82,50.966294470847423,51.114066601954306,-0.14777213110688336
theta0.65_kappa0.02,9,83,10.318713889980341,10.549809344967144,-0.23109545498680362
theta0.65_kappa0.02,9,84,14.183222765242425,7.6901618999519847,6.49306086529044
theta0.65_kappa0.02,9,85,7.4059024363927666,-1.3388846802617858,8.7447871166545532
theta0.65_kappa0.02,9,86,11.789247972480306,14.505510132953836,-2.71626216047353
theta0.65_kappa0.02,9,87,-7.3478444816260202,-1.5222410720640549,-5.8256034095619658
theta0.65_kappa0.02,9,88,23.411344505664751,21.108976889725817,2.3023676159389339
theta0.65_kappa0.02,9,89,30.743625532168441,32.521864285313939,-1.778238753145498
theta0.65_kappa0.02,9,90,10.790666731212321,12.229653376045071,-1.4389866448327506
theta0.65_kappa0.02,9,91,22.739653459423277,7.6516572215504066,15.08799623787287
theta0.65_kappa0.02,9,92,31.850084354808516,11.409494133691451,20.440590221117063
theta0.65_kappa0.02,9,93,18.701284092456245,13.476111595123532,5.2251724973327125
theta0.65_kappa0.02,9,94,22.503700414104035,19.07102392640504,3.4326764876989948
theta0.65_kappa0.02,9,95,30.326491770896471,30.793373068947396,-0.46688129805092515
theta0.65_kappa0.02,9,96,14.981254708390134,2.669299573309412,12.311955135080723
theta0.65_kappa0.02,9,97,36.851265133322208,23.989522297219612,12.861742836102596
theta0.65_kappa0.02,9,98,33.068347463897652,29.12288331267537,3.9454641512222821
theta0.65_kappa0.02,9,99,2.2004423097925399,5.7059021519186652,-3.5054598421261254
theta0.65_kappa0.1,0,0,6.5877776274124997,4.0238070738940479,2.5639705535184518
theta0.65_kappa0.1,0,1,10.584464473313808,13.651198585166345,-3.0667341118525364
theta0.65_kappa0.1,0,2,-3.5142323192360547,1.6791307391398751,-5.1933630583759296
theta0.65_kappa0.1,0,3,6.262000737431535,15.942301772661949,-9.6803010352304142
theta0.65_kappa0.1,0,4,29.562145345574109,25.915019504989107,3.6471258405850016
theta0.65_kappa0.1,0,5,4.0967985465618231,-2.2309231257692765,6.3277216723310996
theta0.65_kappa0.1,0,6,0.39951237373114612,-1.0375660753202447,1.4370784490513908
theta0.65_kappa0.1,0,7,21.455842628560521,16.985082676735985,4.4707599518245367
theta0.65_kappa0.1,0,8,12.702346989480535,19.820486784648061,-7.1181397951675258
theta0.65_kappa0.1,0,9,-8.1997552241800644,-1.4285026866564621,-6.7712525375236021
theta0.65_kappa0.1,0,10,2.374959246119114,3.7964045576820751,-1.4214453115629611
theta0.65_kappa0.1,0,11,17.333098673890028,13.257305780840618,4.0757928930494103
theta0.65_kappa0.1,0,12,-2.8290904013087639,-8.6012899293392291,5.7721995280304652
theta0.65_kappa0.1,0,13,7.0518093416868481,2.6937887802561522,4.3580205614306955
theta0.65_kappa0.1,0,14,16.717310967341412,17.169634505217477,-0.45232353787606527
theta0.65_kappa0.1,0,15,30.185680682826344,32.34240103353681,-2.1567203507104651
theta0.65_kappa0.1,0,16,6.1576349199423044,6.6015613916401392,-0.44392647169783483
theta0.65_kappa0.1,0,17,0.40964797505280431,-7.9440332523224608,8.3536812273752652
theta0.65_kappa0.1,0,18,-9.8261098500372164,-4.8008409152944562,-5.0252689347427602
theta0.65_kappa0.1,0,19,3.6198725819008919,4.654763649494849,-1.0348910675939571
theta0.65_kappa0.1,0,20,-2.5344764038848009,-2.1666406604441439,-0.36783574344065695
theta0.65_kappa0.1,0,21,11.964216574626954,7.8073416486604801,4.1568749259664743
theta0.65_kappa0.1,0,22,-5.8335458166574199,-2.9600873556227061,-2.8734584610347138
theta0.65_kappa0.1,0,23,7.9896266184531504,-0.10526872833912219,8.0948953467922724
theta0.65_kappa0.1,0,24,25.183626611199905,12.360387173816919,12.823239437382986
theta0.65_kappa0.1,0,25,18.663282211571879,14.968075034086842,3.6952071774850364
theta0.65_kappa0.1,0,26,19.238738316125719,17.222117517047842,2.0166207990778773
theta0.65_kappa0.1,0,27,7.8925840506507043,16.698059045027232,-8.805474994376528
theta0.65_kappa0.1,0,28,15.790900192187429,22.299208524498773,-6.5083083323113442
theta0.65_kappa0.1,0,29,21.261871023008499,16.523560457687161,4.7383105653213384
theta0.65_kappa0.1,0,30,8.6365751149803369,13.932519402634382,-5.295944287654045
theta0.65_kappa0.1,0,31,10.739218741396748,-0.88218637035538994,11.621405111752138
theta0.65_kappa0.1,0,32,30.349734242007013,22.046453906191719,8.3032803358152947
theta0.65_kappa0.1,0,33,6.5894803379122955,1.2995657901449102,5.2899145477673848
theta0.65_kappa0.1,0,34,19.251188327618323,4.3641217974232633,14.88706653019506
theta0.65_kappa0.1,0,35,9.8669496239155485,9.1104664231718449,0.75648320074370368
theta0.65_kappa0.1,0,36,16.768755606658168,22.467094120174053,-5.6983385135158855
theta0.65_kappa0.1,0,37,0.82254089866407254,7.3115277638534879,-6.4889868651894158
theta0.65_kappa0.1,0,38,26.087153567703961,13.677519415722468,12.409634151981493
theta0.65_kappa0.1,0,39,24.418295629997505,30.394225381031447,-5.9759297510339415
theta0.65_kappa0.1,0,40,13.727199842759882,13.655530722312236,0.071669120447646506
theta0.65_kappa0.1,0,41,7.3824704608948668,11.777738368962154,-4.3952679080672876
theta0.65_kappa0.1,0,42,-2.7073830329528219,7.6878309701898981,-10.395214003142719
theta0.65_kappa0.1,0,43,3.1612760514957152,-0.70381021006206068,3.8650862615577761
theta0.65_kappa0.1,0,44,27.330078949171224,31.930449913216961,-4.6003709640457373
theta0.65_kappa0.1,0,45,21.205956704128671,10.592795026147146,10.613161677981525
theta0.65_kappa0.1,0,46,-4.3964795679819808,-6.4509946312681059,2.0545150632861251
theta0.65_kappa0.1,0,47,9.1196394378995684,1.8813637773125105,7.2382756605870577
theta0.65_kappa0.1,0,48,-1.0760167923969095,-2.021514566834703,0.94549777443779348
theta0.65_kappa0.1,0,49,-0.89414029010324536,4.7868678146053361,-5.6810081047085816
theta0.65_kappa0.1,0,50,-1.6426377642046992,-1.2506628079009281,-0.3919749563037711
theta0.65_kappa0.1,0,51,20.71174851035385,16.272878016404817,4.4388704939490324
theta0.65_kappa0.1,0,52,7.9935851075960649,6.7303173389882733,1.2632677686077916
theta0.65_kappa0.1,0,53,9.9116829557104893,6.7175636325635306,3.1941193231469587
theta0.65_kappa0.1,0,54,22.031515730997413,16.285530480032087,5.745985250965326
theta0.65_kappa0.1,0,55,24.313761938664506,23.110322053965156,1.2034398846993497
theta0.65_kappa0.1,0,56,9.4336364406608499,14.454516995589731,-5.0208805549288815
theta0.65_kappa0.1,0,57,9.8922629802427018,6.1954990687943976,3.6967639114483042
theta0.65_kappa0.1,0,58,4.0635703002663135,5.0811858479559158,-1.0176155476896023
theta0.65_kappa0.1,0,59,18.235666732863542,18.50162938781034,-0.26596265494679727
theta0.65_kappa0.1,0,60,12.061533803106776,5.2883951435995566,6.7731386595072198
theta0.65_kappa0.1,0,61,18.860132879063517,26.356587355727083,-7.4964544766635655
theta0.65_kappa0.1,0,62,6.7653907393993808,4.3989983170880667,2.3663924223113142
theta0.65_kappa0.1,0,63,24.716295255784249,21.203270232691221,3.5130250230930287
theta0.65_kappa0.1,0,64,8.5455443105480011,8.6298716190558089,-0.084327308507807786
theta0.65_kappa0.1,0,65,26.597670174528272,31.168430604797638,-4.5707604302693667
theta0.65_kappa0.1,0,66,11.588274545578091,11.718256281587369,-0.12998173600927743
theta0.65_kappa0.1,0,67,16.997094448125704,19.244681472077911,-2.2475870239522067
theta0.65_kappa0.1,0,68,8.4444348330694368,7.374288918214301,1.0701459148551358
theta0.65_kappa0.1,0,69,2.8156365637319403,-0.56644657034275481,3.3820831340746951
theta0.65_kappa0.1,0,70,25.110800223954485,19.540865945813241,5.5699342781412433
theta0.65_kappa0.1,0,71,19.77329376812175,7.8675037266730987,11.90579004144865
theta0.65_kappa0.1,0,72,24.597044435888023,23.482968954103569,1.1140754817844538
theta0.65_kappa0.1,0,73,9.9847486130282395,12.534549578154596,-2.5498009651263569
theta0.65_kappa0.1,0,74,15.003839582215363,15.015374480193003,-0.011534897977639957
theta0.65_kappa0.1,0,75,2.732242563033338,-1.4694072443646835,4.201649807398022
theta0.65_kappa0.1,0,76,8.4391301469024995,0.015777482744768302,8.423352664157731
theta0.65_kappa0.1,0,77,24.315269723000593,29.871360270905257,-5.5560905479046632
theta0.65_kappa0.1,0,78,15.66014704948152,15.891212927598858,-0.23106587811733803
theta0.65_kappa0.1,0,79,14.468020415476802,19.585359809033964,-5.1173393935571614
theta0.65_kappa0.1,0,80,29.509604340420921,24.112800690023832,5.3968036503970893
theta0.65_kappa0.1,0,81,9.5999429696483265,14.010132782703009,-4.4101898130546822
theta0.65_kappa0.1,0,82,20.171429810494661,16.2367331006214,3.9346967098732613
theta0.65_kappa0.1,0,83,7.3672989800976385,7.4681211794572553,-0.10082219935961678
theta0.65_kappa0.1,0,84,18.30000601183994,21.86940624721505,-3.5694002353751095
theta0.65_kappa0.1,0,85,11.423835332483073,4.625956845771074,6.7978784867119986
theta0.65_kappa0.1,0,86,5.9533633416958116,-4.4875325884638073,10.44089593015962
theta0.65_kappa0.1,0,87,9.4423293008298099,8.0984799276532389,1.343849373176571
theta0.65_kappa0.1,0,88,11.67411604421963,11.549097415119924,0.1250186290997064
theta0.65_kappa0.1,0,89,25.877631538829124,36.51919979502221,-10.641568256193086
theta0.65_kappa0.1,0,90,13.571058343107191,6.0011471744245171,7.5699111686826743
theta0.65_kappa0.1,0,91,19.884738377156857,20.161970628197373,-0.27723225104051608
theta0.65_kappa0.1,0,92,13.958310757145332,8.9271167855721565,5.0311939715731757
theta0.65_kappa0.1,0,93,18.606206509409191,12.269235489462467,6.3369710199467235
theta0.65_kappa0.1,0,94,1.3540310394454036,0.63110334747176688,0.72292769197363671
theta0.65_kappa0.1,0,95,19.662487887600012,22.113154788270997,-2.4506669006709849
theta0.65_kappa0.1,0,96,8.3881165852364727,-4.5737802416552258,12.961896826891699
theta0.65_kappa0.1,0,97,19.317322513977818,20.366039564457111,-1.0487170504792935
theta0.65_kappa0.1,0,98,2.5064700671766831,7.3239310709999996,-4.8174610038233165
theta0.65_kappa0.1,0,99,18.032829954337583,26.778692844446475,-8.7458628901088922
theta0.65_kappa0.1,1,0,8.1158599309780755,7.1037009733458554,1.0121589576322201
theta0.65_kappa0.1,1,1,17.488735575003741,22.035268141716507,-4.5465325667127665
theta0.65_kappa0.1,1,2,21.120407949498947,24.575911319329059,-3.4555033698301116
theta0.65_kappa0.1,1,3,19.960185936592243,17.918614886661906,2.0415710499303366
theta0.65_kappa0.1,1,4,11.799065692914922,5.8429232018155748,5.9561424910993477
theta0.65_kappa0.1,1,5,29.866776171594889,31.517221497456021,-1.6504453258611314
theta0.65_kappa0.1,1,6,11.712329447899389,4.439230640306457,7.2730988075929321
theta0.65_kappa0.1,1,7,3.3740231620536423,3.1402012895936267,0.23382187246001562
theta0.65_kappa0.1,1,8,8.2422098249507929,12.34309905351725,-4.1008892285664569
theta0.65_kappa0.1,1,9,6.3518476217400854,11.820054959616179,-5.4682073378760938
theta0.65_kappa0.1,1,10,17.963929057501254,17.838584846505956,0.1253442109952978
theta0.65_kappa0.1,1,11,32.157554049551052,33.529407664382909,-1.3718536148318563
theta0.65_kappa0.1,1,12,7.7167958130157679,6.4700332780646868,1.2467625349510811
theta0.65_kappa0.1,1,13,12.191057753298155,5.9112689275816335,6.2797888257165217
theta0.65_kappa0.1,1,14,6.4171707369203599,8.2136903074683758,-1.7965195705480159
theta0.65_kappa0.1,1,15,14.24807881995514,12.270793071822071,1.9772857481330686
theta0.65_kappa0.1,1,16,21.983365107918061,27.683562175186267,-5.7001970672682063
theta0.65_kappa0.1,1,17,10.193435964074473,13.446391981734481,-3.2529560176600079
theta0.65_kappa0.1,1,18,8.1130299110192237,9.0448864726729603,-0.93185656165373665
theta0.65_kappa0.1,1,19,33.151127359638359,33.269374781979835,-0.11824742234147578
theta0.65_kappa0.1,1,20,-10.334992392930522,-2.0591967420274671,-8.2757956509030546
theta0.65_kappa0.1,1,21,29.363422177731231,34.857991498342592,-5.4945693206113617
theta0.65_kappa0.1,1,22,24.684317057033908,29.385705769328048,-4.7013887122941398
theta0.65_kappa0.1,1,23,17.819923474712052,14.446174551312909,3.3737489233991429
theta0.65_kappa0.1,1,24,16.547448154648453,18.459070108580047,-1.9116219539315935
theta0.65_kappa0.1,1,25,4.9685533811568234,5.052314553042117,-0.083761171885293528
theta0.65_kappa0.1,1,26,3.8687471302329337,-1.6878263471102819,5.5565734773432158
theta0.65_kappa0.1,1,27,5.6815930769094667,5.2989778876587152,0.38261518925075144
theta0.65_kappa0.1,1,28,23.380034797969977,21.181489340516102,2.198545457453875
theta0.65_kappa0.1,1,29,41.70227003696403,35.558019716012964,6.1442503209510662
theta0.65_kappa0.1,1,30,23.954817571101039,22.617611628905255,1.3372059421957836
theta0.65_kappa0.1,1,31,16.617186535875017,12.518028830937457,4.0991577049375607
theta0.65_kappa0.1,1,32,30.320358519429352,30.417739291120071,-0.09738077169071957
theta0.65_kappa0.1,1,33,16.177226654653541,15.979636278226502,0.19759037642703881
theta0.65_kappa0.1,1,34,25.15927302247098,20.503037890911717,4.6562351315592636
theta0.65_kappa0.1,1,35,16.957951318860591,8.501838008265338,8.4561133105952528
theta0.65_kappa0.1,1,36,28.293473282827808,19.764001090774929,8.5294721920528787
theta0.65_kappa0.1,1,37,21.496755446893378,16.856208913110923,4.6405465337824552
theta0.65_kappa0.1,1,38,30.938366647387003,32.844751368138404,-1.9063847207514009
theta0.65_kappa0.1,1,39,14.091110864999836,15.994017423849916,-1.9029065588500806
theta0.65_kappa0.1,1,40,27.117465224952696,28.611476718998937,-1.4940114940462408
theta0.65_kappa0.1,1,41,21.851095574637913,14.673136073143739,7.1779595014941737
theta0.65_kappa0.1,1,42,-3.6138270684512466,5.2831623667433867,-8.8969894351946337
theta0.65_kappa0.1,1,43,3.3004077300965871,3.0060516418618644,0.2943560882347227
theta0.65_kappa0.1,1,44,27.953210929745602,21.645786629582929,6.3074243001626726
theta0.65_kappa0.1,1,45,3.0814999160276124,4.4453477682529421,-1.3638478522253297
theta0.65_kappa0.1,1,46,17.269021811259201,11.119133155203734,6.1498886560554666
theta0.65_kappa0.1,1,47,21.336673294032124,24.280517388005283,-2.9438440939731585
theta0.65_kappa0.1,1,48,20.27743819220693,14.966128033238066,5.3113101589688636
theta0.65_kappa0.1,1,49,-5.3612832072781975,-8.3822450105634321,3.0209618032852346
theta0.65_kappa0.1,1,50,-0.6871715846817823,2.3175043655116276,-3.0046759501934099
theta0.65_kappa0.1,1,51,24.756922130367929,18.737422020191765,6.019500110176164
theta0.65_kappa0.1,1,52,11.174463986731324,11.8848165530485,-0.71035256631717658
theta0.65_kappa0.1,1,53,16.479228836419722,25.841362129168001,-9.362133292748279
theta0.65_kappa0.1,1,54,14.946457661237488,14.20377831650179,0.74267934473569852
theta0.65_kappa0.1,1,55,-3.5037192205847463,0.86896602046106808,-4.3726852410458141
theta0.65_kappa0.1,1,56,21.357174099408311,12.160204239076274,9.1969698603320378
theta0.65_kappa0.1,1,57,9.1059002486333558,1.0969607759645386,8.0089394726688177
theta0.65_kappa0.1,1,58,4.6879987518303503,8.4021985684782106,-3.7141998166478603
theta0.65_kappa0.1,1,59,20.287999176574264,17.787253015414983,2.5007461611592809
theta0.65_kappa0.1,1,60,17.069748557222596,13.99465369549868,3.0750948617239153
theta0.65_kappa0.1,1,61,2.9489450671922866,2.5643987632938443,0.38454630389844224
theta0.65_kappa0.1,1,62,11.442988891170391,17.858088195999244,-6.4150993048288534
theta0.65_kappa0.1,1,63,-2.7624680783962496,-1.1927892017551758,-1.5696788766410739
theta0.65_kappa0.1,1,64,12.642234000141002,15.809899449604115,-3.1676654494631133
theta0.65_kappa0.1,1,65,9.7774351118943166,8.5094601422959411,1.2679749695983755
theta0.65_kappa0.1,1,66,11.264231749348829,16.510230215330992,-5.2459984659821632
theta0.65_kappa0.1,1,67,11.970024412300004,7.6185573599950533,4.351467052304951
theta0.65_kappa0.1,1,68,20.412862293724285,25.964382619507148,-5.5515203257828638
theta0.65_kappa0.1,1,69,15.181795090703393,16.710145055226604,-1.5283499645232119
theta0.65_kappa0.1,1,70,19.296591044376179,12.17727252083448,7.1193185235416987
theta0.65_kappa0.1,1,71,24.220001695055046,17.666850047025623,6.5531516480294236
theta0.65_kappa0.1,1,72,12.902870851895203,12.802745126156976,0.10012572573822709
theta0.65_kappa0.1,1,73,18.8675242947266,19.890826273819513,-1.0233019790929134
theta0.65_kappa0.1,1,74,6.7703052075046015,6.864402458537505,-0.094097251032903451
theta0.65_kappa0.1,1,75,25.372282941911283,24.650673348178795,0.72160959373248801
theta0.65_kappa0.1,1,76,18.372172084663863,15.860668848716321,2.5115032359475418
theta0.65_kappa0.1,1,77,22.112876161403129,23.533246008586328,-1.4203698471831991
theta0.65_kappa0.1,1,78,3.9185117982632809,5.843601426285236,-1.9250896280219552
theta0.65_kappa0.1,1,79,11.501113857434367,14.018516111937991,-2.5174022545036241
theta0.65_kappa0.1,1,80,9.3455067841533044,8.3048100953731243,1.0406966887801801
theta0.65_kappa0.1,1,81,11.943693209562769,15.790314075820552,-3.8466208662577834
theta0.65_kappa0.1,1,82,15.672327104126827,8.84546735828512,6.8268597458417073
theta0.65_kappa0.1,1,83,11.180521019421615,13.056322715837297,-1.8758016964156816
theta0.65_kappa0.1,1,84,19.555734526321324,23.944324171897108,-4.3885896455757845
theta0.65_kappa0.1,1,85,4.398559673534149,5.3060231260018771,-0.90746345246772808
theta0.65_kappa0.1,1,86,35.240978430067251,33.665183930064188,1.5757945000030631
theta0.65_kappa0.1,1,87,5.6210217254204267,11.069622856050078,-5.4486011306296511
theta0.65_kappa0.1,1,88,14.605299076533171,12.66005768829188,1.9452413882412909
theta0.65_kappa0.1,1,89,27.275469009722546,21.85726240775951,5.4182066019630355
theta0.65_kappa0.1,1,90,-0.9690153346506688,-2.9259146706513222,1.9568993360006535
theta0.65_kappa0.1,1,91,12.619796521465563,3.4806470968193985,9.1391494246461651
theta0.65_kappa0.1,1,92,6.8189796465421662,16.033796574895334,-9.2148169283531676
theta0.65_kappa0.1,1,93,32.825648347545233,23.106724410176614,9.7189239373686185
theta0.65_kappa0.1,1,94,6.4092355842344952,-0.23986126693188639,6.6490968511663819
theta0.65_kappa0.1,1,95,15.335430948442976,17.985611790435634,-2.6501808419926576
theta0.65_kappa0.1,1,96,12.714200800990689,22.949304085185748,-10.235103284195059
theta0.65_kappa0.1,1,97,3.5431840079198453,10.356633536954083,-6.8134495290342381
theta0.65_kappa0.1,1,98,10.658098494648348,22.580630449269449,-11.922531954621101
theta0.65_kappa0.1,1,99,21.037466024982301,15.394005932231837,5.6434600927504643
theta0.65_kappa0.1,2,0,21.905204648958239,17.089549700423309,4.8156549485349309
theta0.65_kappa0.1,2,1,11.013028472963708,5.3985018443515669,5.6145266286121407
theta0.65_kappa0.1,2,2,21.977479653672937,20.274634903361015,1.7028447503119217
theta0.65_kappa0.1,2,3,9.2044563819115499,0.94197730519781919,8.2624790767137313
theta0.65_kappa0.1,2,4,14.596613658526174,9.9597575329516843,4.6368561255744893
theta0.65_kappa0.1,2,5,4.886001458155194,8.0085375068978344,-3.1225360487426403
theta0.65_kappa0.1,2,6,24.028863765106841,14.95072045728689,9.0781433078199516
theta0.65_kappa0.1,2,7,7.2031746444850562,10.823860584856876,-3.6206859403718195
theta0.65_kappa0.1,2,8,-4.9974582290451597,-10.090484802825369,5.0930265737802092
theta0.65_kappa0.1,2,9,17.883908860928663,11.6007703296017,6.2831385313269639
theta0.65_kappa0.1,2,10,14.278609408317484,16.991837394818553,-2.7132279865010691
theta0.65_kappa0.1,2,11,4.2768098384684965,3.8650010082416593,0.41180883022683723
theta0.65_kappa0.1,2,12,7.3082213932899691,8.1636296007618423,-0.85540820747187318
theta0.65_kappa0.1,2,13,17.815451803023223,20.783474551315173,-2.9680227482919506
theta0.65_kappa0.1,2,14,26.430523249284761,18.368348096617115,8.0621751526676455
theta0.65_kappa0.1,2,15,21.003869724178433,18.818012274104134,2.1858574500742982
theta0.65_kappa0.1,2,16,3.6399168738199652,4.8360139543758249,-1.1960970805558597
theta0.65_kappa0.1,2,17,32.889454374137166,31.29769397300824,1.5917604011289264
theta0.65_kappa0.1,2,18,26.90946624650962,17.301480763419988,9.6079854830896316
theta0.65_kappa0.1,2,19,12.267236453638793,13.705550103855971,-1.4383136502171787
theta0.65_kappa0.1,2,20,12.7243461863828,5.7410600296468797,6.9832861567359199
theta0.65_kappa0.1,2,21,26.692533919419574,25.666594586308353,1.0259393331112214
theta0.65_kappa0.1,2,22,12.145976787927166,22.242039563970472,-10.096062776043306
theta0.65_kappa0.1,2,23,16.680404055415693,12.473997964554544,4.2064060908611491
theta0.65_kappa0.1,2,24,-9.71814719892288,-3.6203275965923383,-6.0978196023305422
theta0.65_kappa0.1,2,25,19.265261394669459,24.095912369098833,-4.8306509744293749
theta0.65_kappa0.1,2,26,4.9354612505315973,-0.77178466072376994,5.7072459112553675
theta0.65_kappa0.1,2,27,5.2805838828834855,-6.2117389358984392,11.492322818781926
theta0.65_kappa0.1,2,28,17.555873507979427,9.2174334878407915,8.3384400201386359
theta0.65_kappa0.1,2,29,5.4872909487828627,-1.0212895938453386,6.5085805426282013
theta0.65_kappa0.1,2,30,13.491045989506761,9.6695225404368177,3.821523449069943
theta0.65_kappa0.1,2,31,17.664139077932617,8.0850349579667906,9.5791041199658267
theta0.65_kappa0.1,2,32,10.198879600967484,3.1442977710694282,7.0545818298980549
theta0.65_kappa0.1,2,33,11.516007015484057,16.843324940698285,-5.3273179252142278
theta0.65_kappa0.1,2,34,5.9414840764114789,10.606337185600156,-4.6648531091886767
theta0.65_kappa0.1,2,35,12.14696791638098,9.7190288375465883,2.4279390788343918
theta0.65_kappa0.1,2,36,16.547032501739366,20.081032010478832,-3.5339995087394662
theta0.65_kappa0.1,2,37,31.472336018651692,35.618119373403459,-4.1457833547517673
theta0.65_kappa0.1,2,38,21.436130203709386,22.682350946276205,-1.2462207425668197
theta0.65_kappa0.1,2,39,17.44325888142756,9.3098425105005482,8.1334163709270122
theta0.65_kappa0.1,2,40,9.2012582435429398,2.8386619047603778,6.3625963387825619
theta0.65_kappa0.1,2,41,28.905776432013568,25.546213963916276,3.3595624680972911
theta0.65_kappa0.1,2,42,25.501858576957865,21.073256524802989,4.4286020521548757
theta0.65_kappa0.1,2,43,5.1628648040717939,0.76528036571433677,4.3975844383574572
theta0.65_kappa0.1,2,44,20.224863910781991,16.183505462601012,4.0413584481809792
theta0.65_kappa0.1,2,45,23.644314865142501,22.34303789145763,1.3012769736848711
theta0.65_kappa0.1,2,46,22.962370576219634,28.78067432875735,-5.8183037525377159
theta0.65_kappa0.1,2,47,-3.7972310480533071,-0.080692967616072503,-3.7165380804372345
theta0.65_kappa0.1,2,48,42.950486074948728,32.49914497653932,10.451341098409408
theta0.65_kappa0.1,2,49,25.315639893925272,10.711930017901004,14.603709876024269
theta0.65_kappa0.1,2,50,5.285445759808078,2.0097391320932556,3.2757066277148223
theta0.65_kappa0.1,2,51,3.6149422582269199,7.5903714042572581,-3.9754291460303381
theta0.65_kappa0.1,2,52,17.153605199372318,13.830389662035536,3.3232155373367824
theta0.65_kappa0.1,2,53,7.8027107456021021,8.4424338869836006,-0.63972314138149855
theta0.65_kappa0.1,2,54,14.137899185542016,13.916379452542378,0.22151973299963856
theta0.65_kappa0.1,2,55,13.698542529829847,11.27360309209806,2.424939437731787
theta0.65_kappa0.1,2,56,21.049525917526907,8.8853978737837256,12.164128043743181
theta0.65_kappa0.1,2,57,28.675535474360395,23.505945107264189,5.1695903670962053
theta0.65_kappa0.1,2,58,24.875220873285816,29.844260619060307,-4.9690397457744915
theta0.65_kappa0.1,2,59,14.709164278017024,16.407467265283621,-1.6983029872665973
theta0.65_kappa0.1,2,60,17.99644355086771,20.719797128095529,-2.7233535772278188
theta0.65_kappa0.1,2,61,4.1323571936192529,6.3030541920798111,-2.1706969984605582
theta0.65_kappa0.1,2,62,6.502724410206377,11.078457243473125,-4.5757328332667475
theta0.65_kappa0.1,2,63,35.141517321372262,27.178306957660613,7.9632103637116494
theta0.65_kappa0.1,2,64,6.9591249527413055,9.8960420416710644,-2.9369170889297589
theta0.65_kappa0.1,2,65,6.5104905205771901,8.7549105338854201,-2.2444200133082299
theta0.65_kappa0.1,2,66,20.239826593767432,13.750176691747264,6.4896499020201688
theta0.65_kappa0.1,2,67,21.480797844326403,6.3599129260213418,15.120884918305062
theta0.65_kappa0.1,2,68,15.198479386398724,22.536616908066033,-7.3381375216673099
theta0.65_kappa0.1,2,69,15.390826580653696,15.076141568224315,0.31468501242938096
theta0.65_kappa0.1,2,70,-1.3593809856771806,-0.57066327943268336,-0.78871770624449722
theta0.65_kappa0.1,2,71,15.626120742377989,18.70514777342111,-3.0790270310431218
theta0.65_kappa0.1,2,72,10.668988281299962,13.887370952569784,-3.218382671269822
theta0.65_kappa0.1,2,73,23.113583561116112,17.822750053476742,5.2908335076393698
theta0.65_kappa0.1,2,74,18.042320280645381,27.502674292856561,-9.4603540122111802
theta0.65_kappa0.1,2,75,15.25335647037768,18.67396864063177,-3.4206121702540901
theta0.65_kappa0.1,2,76,14.407497193436347,8.2780072548173482,6.1294899386189989
theta0.65_kappa0.1,2,77,8.196226791671128,-2.1645732566189864,10.360800048290114
theta0.65_kappa0.1,2,78,22.179632437407516,13.758290203736882,8.4213422336706341
theta0.65_kappa0.1,2,79,17.268671873926536,9.6580432156845255,7.6106286582420104
theta0.65_kappa0.1,2,80,-3.241357097118124,-4.1728474578287393,0.93149036071061531
theta0.65_kappa0.1,2,81,22.922722899040881,15.830725414941494,7.0919974840993873
theta0.65_kappa0.1,2,82,16.795001729835043,16.613048492704284,0.1819532371307595
theta0.65_kappa0.1,2,83,41.028827182992352,27.384153945050929,13.644673237941422
theta0.65_kappa0.1,2,84,12.961360568438328,17.485940286765363,-4.5245797183270344
theta0.65_kappa0.1,2,85,34.673427366120237,39.66204021849628,-4.9886128523760433
theta0.65_kappa0.1,2,86,24.062196614916417,23.729780180211449,0.3324164347049674
theta0.65_kappa0.1,2,87,33.487457844221737,29.195553096016891,4.2919047482048462
theta0.65_kappa0.1,2,88,4.4479976831234413,0.17726803906705929,4.2707296440563818
theta0.65_kappa0.1,2,89,-4.7621711113052285,-7.9136381477505156,3.151467036445287
theta0.65_kappa0.1,2,90,13.43674717053322,17.093542363315066,-3.6567951927818463
theta0.65_kappa0.1,2,91,13.076887853097629,17.447900224848404,-4.3710123717507745
theta0.65_kappa0.1,2,92,14.086561919250878,15.162547736709303,-1.0759858174584256
theta0.65_kappa0.1,2,93,23.224617292761444,13.287062907153841,9.9375543856076032
theta0.65_kappa0.1,2,94,6.9377456181033592,6.6129949426828372,0.32475067542052205
theta0.65_kappa0.1,2,95,12.718175548215871,11.847637013839286,0.87053853437658546
theta0.65_kappa0.1,2,96,15.686250493623897,15.511724394790877,0.17452609883302017
theta0.65_kappa0.1,2,97,-1.6767496762216161,-1.561070103391816,-0.11567957282980013
theta0.65_kappa0.1,2,98,15.507779425674808,4.8760119212718225,10.631767504402987
theta0.65_kappa0.1,2,99,11.265734256636328,6.794916606611781,4.4708176500245473
theta0.65_kappa0.1,3,0,2.9617080390466564,-0.1171006962997562,3.0788087353464126
theta0.65_kappa0.1,3,1,23.804256517833185,23.954915540957799,-0.15065902312461432
theta0.65_kappa0.1,3,2,18.769804385522555,13.355934232151371,5.4138701533711835
theta0.65_kappa0.1,3,3,12.912761324917383,19.121287512627479,-6.2085261877100955
theta0.65_kappa0.1,3,4,30.884855323096421,29.736105697849464,1.1487496252469569
theta0.65_kappa0.1,3,5,-4.0069631989549732,-5.0418360085114369,1.0348728095564637
theta0.65_kappa0.1,3,6,27.130341676312831,30.018597646414424,-2.8882559701015929
theta0.65_kappa0.1,3,7,20.525212019960545,19.975654535810779,0.54955748414976568
theta0.65_kappa0.1,3,8,15.293664020466071,13.743949896319808,1.5497141241462629
theta0.65_kappa0.1,3,9,11.696923742863286,11.348272747865895,0.34865099499739038
theta0.65_kappa0.1,3,10,7.3082671390351548,0.53710615997475353,6.7711609790604008
theta0.65_kappa0.1,3,11,11.34903011839393,8.1246946233094626,3.2243354950844676
theta0.65_kappa0.1,3,12,15.746144509327912,14.28464174475344,1.4615027645744725
theta0.65_kappa0.1,3,13,7.7181547453144264,1.4415247115747369,6.2766300337396892
theta0.65_kappa0.1,3,14,20.142175673983221,12.834180849315574,7.3079948246676469
theta0.65_kappa0.1,3,15,33.445835629731732,29.317313349948765,4.1285222797829668
theta0.65_kappa0.1,3,16,19.77219165002305,19.847673534443128,-0.075481884420078416
theta0.65_kappa0.1,3,17,10.121135575754073,9.4543378855450513,0.66679769020902135
theta0.65_kappa0.1,3,18,5.5976622506624594,-1.8070577127456473,7.4047199634081071
theta0.65_kappa0.1,3,19,21.380046435805287,12.62187794021481,8.7581684955904766
theta0.65_kappa0.1,3,20,4.8490393587564222,13.923632700662935,-9.0745933419065139
theta0.65_kappa0.1,3,21,12.471819022840858,10.795797345998279,1.6760216768425789
theta0.65_kappa0.1,3,22,14.808364090930354,10.23409258164253,4.5742715092878239
theta0.65_kappa0.1,3,23,18.233422613645622,14.062319250126489,4.1711033635191335
theta0.65_kappa0.1,3,24,17.548783866569952,17.546485792961725,0.0022980736082267583
theta0.65_kappa0.1,3,25,17.667727057225672,4.747569378284604,12.920157678941068
theta0.65_kappa0.1,3,26,7.1080960254369563,1.2228465513767803,5.885249474060176
theta0.65_kappa0.1,3,27,9.992368144660686,13.450905179850595,-3.4585370351899094
theta0.65_kappa0.1,3,28,1.6561661362351039,2.7748864006966283,-1.1187202644615244
theta0.65_kappa0.1,3,29,20.081789041621398,19.467056322258344,0.61473271936305451
theta0.65_kappa0.1,3,30,3.8070633194882788,8.0758150400604425,-4.2687517205721637
theta0.65_kappa0.1,3,31,17.773704826183973,21.065254918921401,-3.2915500927374275
theta0.65_kappa0.1,3,32,15.163287929159388,12.957970451291471,2.2053174778679168
theta0.65_kappa0.1,3,33,2.3611625238407288,5.1776280108738675,-2.8164654870331387
theta0.65_kappa0.1,3,34,16.651097513074212,18.06517088889699,-1.4140733758227775
theta0.65_kappa0.1,3,35,23.289171425165573,27.705205444041983,-4.4160340188764096
theta0.65_kappa0.1,3,36,14.557925339344385,-0.2863001784266701,14.844225517771054
theta0.65_kappa0.1,3,37,17.235137081262373,15.65296366520888,1.582173416053493
theta0.65_kappa0.1,3,38,15.251430555831313,7.5777126369204293,7.6737179189108833
theta0.65_kappa0.1,3,39,20.921626580903087,18.923247676034517,1.9983789048685701
theta0.65_kappa0.1,3,40,9.7504081665844513,-9.2909605961664354,19.041368762750885
theta0.65_kappa0.1,3,41,29.849373839102977,27.407906172530588,2.4414676665723896
theta0.65_kappa0.1,3,42,8.6396976457517809,1.7922632146683135,6.8474344310834674
theta0.65_kappa0.1,3,43,12.611183212654812,10.1710500091533,2.440133203501512
theta0.65_kappa0.1,3,44,10.660522957619476,11.926723845949894,-1.2662008883304186
theta0.65_kappa0.1,3,45,22.572518874962924,21.881803220506512,0.6907156544564117
theta0.65_kappa0.1,3,46,2.1134410247076221,5.8192131104665936,-3.7057720857589715
theta0.65_kappa0.1,3,47,16.990964946484176,22.179135841824326,-5.18817089534015
theta0.65_kappa0.1,3,48,2.0640279646084845,3.2831040204647604,-1.2190760558562759
theta0.65_kappa0.1,3,49,25.590921155645844,19.048352943787737,6.5425682118581072
theta0.65_kappa0.1,3,50,13.024317615094606,15.748553343685044,-2.7242357285904379
theta0.65_kappa0.1,3,51,20.98818687765224,12.278660832802426,8.7095260448498131
theta0.65_kappa0.1,3,52,2.0948142210947043,3.1389706564946755,-1.0441564353999713
theta0.65_kappa0.1,3,53,9.8656031682573513,14.39572003363568,-4.5301168653783286
theta0.65_kappa0.1,3,54,7.0703032449971301,4.9224469859162703,2.1478562590808599
theta0.65_kappa0.1,3,55,-2.3522088326942288,-3.1027740063697493,0.75056517367552056
theta0.65_kappa0.1,3,56,20.086460474285001,17.959672440625706,2.1267880336592953
theta0.65_kappa0.1,3,57,11.884256726433019,12.129775385880004,-0.2455186594469847
theta0.65_kappa0.1,3,58,29.878651530145341,25.394452139876535,4.484199390268806
theta0.65_kappa0.1,3,59,-15.7459968786492,-19.627510861855921,3.8815139832067214
theta0.65_kappa0.1,3,60,4.8987176343026011,1.7435236298883099,3.155194004414291
theta0.65_kappa0.1,3,61,20.573841930671357,16.830097469544565,3.7437444611267914
theta0.65_kappa0.1,3,62,34.78392528177222,32.194690240698115,2.5892350410741045
theta0.65_kappa0.1,3,63,21.848066457357291,28.371178446569864,-6.5231119892125733
theta0.65_kappa0.1,3,64,7.7339850881717576,15.591842106071953,-7.8578570179001952
theta0.65_kappa0.1,3,65,13.877958679514521,4.8449615620782627,9.032997117436258
theta0.65_kappa0.1,3,66,16.402998608909726,21.052927995758239,-4.6499293868485125
theta0.65_kappa0.1,3,67,21.869691008818982,19.747088653518791,2.1226023553001916
theta0.65_kappa0.1,3,68,5.5641822156349754,8.1864093893938765,-2.6222271737589011
theta0.65_kappa0.1,3,69,4.5775690948216594,2.7331240480318897,1.8444450467897697
theta0.65_kappa0.1,3,70,16.792712070554238,14.504901336221232,2.2878107343330054
theta0.65_kappa0.1,3,71,11.292613860364565,13.562263168508386,-2.2696493081438209
theta0.65_kappa0.1,3,72,1.966641200688735,-0.12864505660057141,2.0952862572893065
theta0.65_kappa0.1,3,73,5.7133776333852762,12.393316201543364,-6.6799385681580876
theta0.65_kappa0.1,3,74,5.5146276052144856,-0.35811392032288403,5.8727415255373696
theta0.65_kappa0.1,3,75,8.0738559372373047,7.9682989313837709,0.10555700585353378
theta0.65_kappa0.1,3,76,6.7102263870960854,9.6373248912313176,-2.9270985041352322
theta0.65_kappa0.1,3,77,14.507977603275291,26.882163623625431,-12.374186020350139
theta0.65_kappa0.1,3,78,17.411382439296379,16.995425790237793,0.41595664905858598
theta0.65_kappa0.1,3,79,17.748254978847495,15.06819323846354,2.6800617403839553
theta0.65_kappa0.1,3,80,22.740089644017942,25.591469453361452,-2.8513798093435092
theta0.65_kappa0.1,3,81,10.315834114097116,6.362761512165191,3.9530726019319253
theta0.65_kappa0.1,3,82,5.1035843108069949,4.7903014584074253,0.31328285239956966
theta0.65_kappa0.1,3,83,20.534195006636121,14.599329248167097,5.9348657584690248
theta0.65_kappa0.1,3,84,20.65381580681084,7.9494181038763978,12.704397702934443
theta0.65_kappa0.1,3,85,20.477519438758531,10.685342134095276,9.7921773046632552
theta0.65_kappa0.1,3,86,2.3191366508139435,1.5977736523246819,0.72136299848926155
theta0.65_kappa0.1,3,87,35.758242589546271,39.885099058445697,-4.126856468899426
theta0.65_kappa0.1,3,88,8.322063680166977,10.237920878734515,-1.9158571985675383
theta0.65_kappa0.1,3,89,5.0003151153502303,9.1333256347931968,-4.1330105194429665
theta0.65_kappa0.1,3,90,7.876508935459853,12.319854113164482,-4.4433451777046287
theta0.65_kappa0.1,3,91,16.699152118120821,19.090130257006319,-2.3909781388854974
theta0.65_kappa0.1,3,92,32.448849912255767,30.202483500600056,2.2463664116557105
theta0.65_kappa0.1,3,93,11.589325664233746,14.799097997550268,-3.209772333316522
theta0.65_kappa0.1,3,94,29.444457222221654,27.106939798976359,2.3375174232452949
theta0.65_kappa0.1,3,95,22.042633276240142,19.519124967845528,2.5235083083946144
theta0.65_kappa0.1,3,96,4.3785667149810061,9.2778173948945089,-4.8992506799135027
theta0.65_kappa0.1,3,97,11.942829153684588,6.4574752862935725,5.4853538673910158
theta0.65_kappa0.1,3,98,-11.823622549570167,-13.321756266025258,1.4981337164550901
theta0.65_kappa0.1,3,99,23.944259260102317,25.344140752654067,-1.3998814925517493
theta0.65_kappa0.1,4,0,30.596597192754196,21.052442901110037,9.5441542916441584
theta0.65_kappa0.1,4,1,20.200145590875699,17.111767550186652,3.0883780406890473
theta0.65_kappa0.1,4,2,29.393372670791063,26.836260641820459,2.5571120289706037
theta0.65_kappa0.1,4,3,45.187036325739136,46.67383770388826,-1.4868013781491243
theta0.65_kappa0.1,4,4,14.167814214714763,18.298774478196485,-4.1309602634817217
theta0.65_kappa0.1,4,5,20.978178847068349,21.490592364024089,-0.51241351695573911
theta0.65_kappa0.1,4,6,7.7673157600531795,3.6129306714216809,4.1543850886314981
theta0.65_kappa0.1,4,7,31.691081839252764,26.052927793657751,5.6381540455950123
theta0.65_kappa0.1,4,8,19.349812200199267,20.347612355332441,-0.99780015513317366
theta0.65_kappa0.1,4,9,10.476876317467177,8.3981273731258703,2.0787489443413065
theta0.65_kappa0.1,4,10,18.073198919560781,20.654696438690667,-2.5814975191298863
theta0.65_kappa0.1,4,11,17.216418076671101,12.839144549973852,4.3772735266972482
theta0.65_kappa0.1,4,12,18.026653649368679,5.5652194259779959,12.461434223390683
theta0.65_kappa0.1,4,13,10.065317288071723,10.056426447734692,0.0088908403370311362
theta0.65_kappa0.1,4,14,9.7905690899625633,15.002866884551564,-5.2122977945890003
theta0.65_kappa0.1,4,15,-2.2711621466469296,1.4912963143624971,-3.7624584610094267
theta0.65_kappa0.1,4,16,15.40964056832356,15.043550210881843,0.36609035744171692
theta0.65_kappa0.1,4,17,20.241649776669941,18.03691518386859,2.2047345928013513
theta0.65_kappa0.1,4,18,7.6372756471383996,5.0564352158443011,2.5808404312940985
theta0.65_kappa0.1,4,19,15.278854825466157,10.3521492683641,4.926705557102057
theta0.65_kappa0.1,4,20,23.10148718820108,22.492905143684716,0.60858204451636411
theta0.65_kappa0.1,4,21,16.781600674659721,19.943421521482321,-3.1618208468226001
theta0.65_kappa0.1,4,22,-2.1070440365612813,-1.4962810922771823,-0.61076294428409894
theta0.65_kappa0.1,4,23,14.29200774149758,14.933883605717984,-0.64187586422040432
theta0.65_kappa0.1,4,24,9.3351123833637644,6.4651797870920422,2.8699325962717221
theta0.65_kappa0.1,4,25,3.4082662674279418,-3.1207982262751974,6.5290644937031388
theta0.65_kappa0.1,4,26,21.93105265876142,15.4957029486681,6.4353497100933197
theta0.65_kappa0.1,4,27,-1.7609836393933349,-1.7967886551995318,0.035805015806196883
theta0.65_kappa0.1,4,28,2.3534995991871579,-1.922002355755412,4.2755019549425697
theta0.65_kappa0.1,4,29,-2.7092864893763577,-1.4482752839841886,-1.2610112053921692
theta0.65_kappa0.1,4,30,10.310047752004399,11.586933545860836,-1.2768857938564366
theta0.65_kappa0.1,4,31,15.140138058257754,14.602676838689341,0.53746121956841364
theta0.65_kappa0.1,4,32,15.432433823578403,14.612904356364432,0.81952946721397169
theta0.65_kappa0.1,4,33,30.441950071525241,30.320724746770075,0.12122532475516579
theta0.65_kappa0.1,4,34,23.878091207497729,12.33083302507444,11.547258182423288
theta0.65_kappa0.1,4,35,23.83415090188937,17.00746923021903,6.8266816716703396
theta0.65_kappa0.1,4,36,29.02627054356007,14.905902938620695,14.120367604939375
theta0.65_kappa0.1,4,37,26.466503898679896,20.053159187998361,6.4133447106815353
theta0.65_kappa0.1,4,38,8.7221153977198735,4.5622073760948076,4.1599080216250659
theta0.65_kappa0.1,4,39,20.495730675504841,11.392556835909009,9.1031738395958328
theta0.65_kappa0.1,4,40,20.893791537319547,7.6858239909503725,13.207967546369176
theta0.65_kappa0.1,4,41,3.753893603392501,2.6897094996267024,1.0641841037657986
theta0.65_kappa0.1,4,42,0.59684146016030337,8.4128414201589834,-7.8159999599986802
theta0.65_kappa0.1,4,43,1.4282245783606631,4.6687522710369374,-3.2405276926762743
theta0.65_kappa0.1,4,44,22.07468122846452,15.005040031316634,7.0696411971478863
theta0.65_kappa0.1,4,45,30.749990402701663,24.36980644852661,6.3801839541750525
theta0.65_kappa0.1,4,46,1.957428346056584,6.8564784748469689,-4.8990501287903854
theta0.65_kappa0.1,4,47,18.437218570923921,19.409435283519976,-0.97221671259605458
theta0.65_kappa0.1,4,48,36.251681601712015,33.143063429020039,3.1086181726919762
theta0.65_kappa0.1,4,49,32.363035187082524,29.265911317803766,3.0971238692787573
theta0.65_kappa0.1,4,50,25.517147667482089,22.88314529251145,2.6340023749706383
theta0.65_kappa0.1,4,51,4.2627287578113311,1.423593702573803,2.8391350552375281
theta0.65_kappa0.1,4,52,28.005620740161937,20.967452787404778,7.0381679527571599
theta0.65_kappa0.1,4,53,19.608982124798441,9.8291530024992593,9.7798291222991818
theta0.65_kappa0.1,4,54,25.223418053497987,29.99317501388267,-4.769756960384683
theta0.65_kappa0.1,4,55,10.238642589253416,1.2481477131059946,8.9904948761474213
theta0.65_kappa0.1,4,56,14.81664068633779,23.09993397915219,-8.2832932928144007
theta0.65_kappa0.1,4,57,17.877927226325429,22.404607626918089,-4.5266804005926602
theta0.65_kappa0.1,4,58,9.3033058017635479,4.3652321626662776,4.9380736390972704
theta0.65_kappa0.1,4,59,21.859061844021884,15.17664789860495,6.6824139454169345
theta0.65_kappa0.1,4,60,7.2273654533567333,16.769721379358813,-9.5423559260020809
theta0.65_kappa0.1,4,61,25.256755840372143,24.01813496426459,1.2386208761075537
theta0.65_kappa0.1,4,62,10.635597572748736,9.7644025491859594,0.87119502356277678
theta0.65_kappa0.1,4,63,14.038541297264018,16.037443924900753,-1.9989026276367348
theta0.65_kappa0.1,4,64,29.684793052952337,23.894634652724115,5.790158400228222
theta0.65_kappa0.1,4,65,22.452700155977158,25.38950637571887,-2.9368062197417117
theta0.65_kappa0.1,4,66,23.466499567034223,22.88704122552106,0.57945834151316333
theta0.65_kappa0.1,4,67,6.3642431986118808,13.764709274352455,-7.4004660757405745
theta0.65_kappa0.1,4,68,-0.027916719429193999,-9.0806781596779391,9.0527614402487444
theta0.65_kappa0.1,4,69,16.873016275963369,8.9044292833386685,7.9685869926247008
theta0.65_kappa0.1,4,70,11.101302030137704,13.158137138071307,-2.0568351079336029
theta0.65_kappa0.1,4,71,4.8477801863936962,7.6939221085275085,-2.8461419221338122
theta0.65_kappa0.1,4,72,19.176371095671129,24.274045454606323,-5.097674358935194
theta0.65_kappa0.1,4,73,8.8052559153068408,9.4435935360783105,-0.63833762077146972
theta0.65_kappa0.1,4,74,13.930824820314951,18.807545416894396,-4.8767205965794442
theta0.65_kappa0.1,4,75,8.602699458546919,4.936550336944423,3.666149121602496
theta0.65_kappa0.1,4,76,8.7424582521223542,4.3530069683453894,4.3894512837769648
theta0.65_kappa0.1,4,77,-3.0675283358806595,-12.247393944942569,9.1798656090619097
theta0.65_kappa0.1,4,78,14.001707787997152,9.7619373136432817,4.23977047435387
theta0.65_kappa0.1,4,79,9.1192442621681966,3.991603467062526,5.1276407951056706
theta0.65_kappa0.1,4,80,-7.0326139134603078,-6.8407416740048212,-0.19187223945548659
theta0.65_kappa0.1,4,81,22.825971306628876,26.464157788151113,-3.6381864815222364
theta0.65_kappa0.1,4,82,14.557779192010535,16.986348668872793,-2.4285694768622577
theta0.65_kappa0.1,4,83,16.698361888203355,14.634731661026001,2.0636302271773541
theta0.65_kappa0.1,4,84,35.979295287747469,26.917498490628841,9.0617967971186282
theta0.65_kappa0.1,4,85,1.5188894495623233,-10.921245084351256,12.440134533913579
theta0.65_kappa0.1,4,86,16.198128995062728,13.20515218687418,2.9929768081885477
theta0.65_kappa0.1,4,87,21.197284113828967,18.90511724455402,2.2921668692749471
theta0.65_kappa0.1,4,88,21.066428786894765,17.77380581333313,3.2926229735616346
theta0.65_kappa0.1,4,89,26.65145473331382,29.871430943508656,-3.2199762101948366
theta0.65_kappa0.1,4,90,1.4505757494110183,4.9479017807846883,-3.49732603137367
theta0.65_kappa0.1,4,91,17.657000263509431,18.110808547271436,-0.45380828376200455
theta0.65_kappa0.1,4,92,15.310027468010563,20.889556339001999,-5.5795288709914352
theta0.65_kappa0.1,4,93,3.892255385737065,1.3841533257941472,2.5081020599429178
theta0.65_kappa0.1,4,94,11.666801451138497,9.8722564477088781,1.7945450034296186
theta0.65_kappa0.1,4,95,24.677582764630017,21.285448116100589,3.3921346485294279
theta0.65_kappa0.1,4,96,23.364226975611786,16.666462517096072,6.6977644585157137
theta0.65_kappa0.1,4,97,19.895116235588159,8.9213417451492241,10.973774490438934
theta0.65_kappa0.1,4,98,10.134243880883622,1.89611943177234,8.2381244491112824
theta0.65_kappa0.1,4,99,16.173905107951715,18.751171088212633,-2.5772659802609184
theta0.65_kappa0.1,5,0,12.838817496134126,10.162538663612908,2.6762788325212181
theta0.65_kappa0.1,5,1,12.912766415841428,15.468018225213706,-2.5552518093722778
theta0.65_kappa0.1,5,2,18.689935992426832,22.110990103560308,-3.4210541111334756
theta0.65_kappa0.1,5,3,-0.95324361155065795,-7.4080330983775395,6.4547894868268818
theta0.65_kappa0.1,5,4,12.746543381375805,12.58168961700915,0.16485376436665433
theta0.65_kappa0.1,5,5,6.0832595093665907,4.1503845397646622,1.9328749696019285
theta0.65_kappa0.1,5,6,21.592668708476136,14.689858712622126,6.9028099958540103
theta0.65_kappa0.1,5,7,-8.3757075510610637,-9.3758759138304804,1.0001683627694167
theta0.65_kappa0.1,5,8,20.914220316444354,20.203905182842423,0.71031513360193088
theta0.65_kappa0.1,5,9,17.488203931080083,19.91964766908988,-2.4314437380097971
theta0.65_kappa0.1,5,10,7.9394879486427197,8.3627440763838159,-0.42325612774109622
theta0.65_kappa0.1,5,11,13.860257124321626,20.736424129178648,-6.876167004857022
theta0.65_kappa0.1,5,12,41.100057597146488,48.972183659987152,-7.872126062840664
theta0.65_kappa0.1,5,13,29.714835104165889,29.0599479041759,0.65488719998998945
theta0.65_kappa0.1,5,14,7.4756360472523351,4.1574998042410929,3.3181362430112422
theta0.65_kappa0.1,5,15,4.2034570075807398,-4.9968290463651375,9.2002860539458773
theta0.65_kappa0.1,5,16,7.3436097650590781,5.241507830512921,2.1021019345461571
theta0.65_kappa0.1,5,17,16.984172892123784,10.729071929611454,6.2551009625123299
theta0.65_kappa0.1,5,18,22.859860289496744,17.885890048431452,4.9739702410652917
theta0.65_kappa0.1,5,19,17.282237857635394,11.79952078875759,5.482717068877804
theta0.65_kappa0.1,5,20,17.427632007027963,27.289435656682091,-9.8618036496541279
theta0.65_kappa0.1,5,21,5.7270368705683241,13.267267371873706,-7.5402305013053814
theta0.65_kappa0.1,5,22,9.3735600345442176,13.825663161996868,-4.4521031274526504
theta0.65_kappa0.1,5,23,-3.5194241278560732,-10.109966422992311,6.5905422951362382
theta0.65_kappa0.1,5,24,13.021165374270142,6.0996719820028877,6.9214933922672541
theta0.65_kappa0.1,5,25,9.7602721758518083,11.043310357095578,-1.2830381812437697
theta0.65_kappa0.1,5,26,4.68530978895968,2.3600682578529923,2.3252415311066876
theta0.65_kappa0.1,5,27,0.97240558829461243,-2.9848608272169006,3.9572664155115129
theta0.65_kappa0.1,5,28,24.521803694032538,23.537772616446421,0.98403107758611696
theta0.65_kappa0.1,5,29,2.3957275026748075,7.3413116525737543,-4.9455841498989468
theta0.65_kappa0.1,5,30,19.33760810155183,17.69494782765177,1.6426602739000593
theta0.65_kappa0.1,5,31,18.498151347587157,13.568176568355993,4.9299747792311646
theta0.65_kappa0.1,5,32,19.418210528463657,17.48110187003897,1.9371086584246875
theta0.65_kappa0.1,5,33,28.35492968703884,37.545446881961375,-9.1905171949225348
theta0.65_kappa0.1,5,34,25.513483367233519,32.89510121981062,-7.3816178525771008
theta0.65_kappa0.1,5,35,9.2498257522423142,11.081292143067085,-1.8314663908247706
theta0.65_kappa0.1,5,36,3.1459536027944184,1.6581395707154314,1.487814032078987
theta0.65_kappa0.1,5,37,8.5120218857517145,3.4161661589640895,5.095855726787625
theta0.65_kappa0.1,5,38,21.424718791998423,19.676022431049017,1.7486963609494062
theta0.65_kappa0.1,5,39,14.705850818430552,17.629538283147483,-2.9236874647169309
theta0.65_kappa0.1,5,40,4.7717728551502656,2.7326013019972852,2.0391715531529804
theta0.65_kappa0.1,5,41,0.58514815057657765,3.659814153351538,-3.0746660027749604
theta0.65_kappa0.1,5,42,19.450412463384005,11.874751030335077,7.5756614330489285
theta0.65_kappa0.1,5,43,6.7844165100395344,8.7182062257054795,-1.9337897156659452
theta0.65_kappa0.1,5,44,24.127639271450775,15.924281655977753,8.2033576154730223
theta0.65_kappa0.1,5,45,11.561315110528824,12.285609815436439,-0.72429470490761538
theta0.65_kappa0.1,5,46,-2.0502229739914473,-1.7244332423494526,-0.32578973164199465
theta0.65_kappa0.1,5,47,30.269857103245563,30.771155158078379,-0.50129805483281586
theta0.65_kappa0.1,5,48,3.4045867514718262,1.8893715789833896,1.5152151724884366
theta0.65_kappa0.1,5,49,9.364498101071046,7.6443823717297734,1.7201157293412725
theta0.65_kappa0.1,5,50,40.846973573345572,31.590327536233715,9.2566460371118566
theta0.65_kappa0.1,5,51,3.1873211265366157,7.7791049959741727,-4.591783869437557
theta0.65_kappa0.1,5,52,11.891362359782391,9.9968511784047358,1.8945111813776556
theta0.65_kappa0.1,5,53,17.160368451115612,15.47602720984322,1.6843412412723922
theta0.65_kappa0.1,5,54,20.650945969143557,11.686106224020548,8.9648397451230082
theta0.65_kappa0.1,5,55,9.3698044001827991,18.987816688063383,-9.6180122878805836
theta0.65_kappa0.1,5,56,19.713503806307425,10.485772782292727,9.2277310240146981
theta0.65_kappa0.1,5,57,13.687076660674022,10.306041061132548,3.3810355995414731
theta0.65_kappa0.1,5,58,2.4645635866882074,-6.7832718138815551,9.2478354005697625
theta0.65_kappa0.1,5,59,12.272000794327695,13.809372206228115,-1.5373714119004198
theta0.65_kappa0.1,5,60,4.6931185345169828,5.1284393246559077,-0.43532079013892488
theta0.65_kappa0.1,5,61,17.45062768953418,21.273257683453966,-3.8226299939197865
theta0.65_kappa0.1,5,62,14.408504048849036,18.871284722551906,-4.4627806737028699
theta0.65_kappa0.1,5,63,12.718780239618663,12.365458476460116,0.35332176315854724
theta0.65_kappa0.1,5,64,22.574455560301473,21.07490468322386,1.4995508770776134
theta0.65_kappa0.1,5,65,16.986653744039369,6.6537790328469786,10.332874711192391
theta0.65_kappa0.1,5,66,0.99666392165221618,5.5021318552060654,-4.5054679335538488
theta0.65_kappa0.1,5,67,15.970602814762476,12.5025769265704,3.4680258881920754
theta0.65_kappa0.1,5,68,15.582664872007287,11.425125847642134,4.1575390243651533
theta0.65_kappa0.1,5,69,10.916540630498231,8.8150349554054959,2.101505675092735
theta0.65_kappa0.1,5,70,10.841885327529804,13.25290212517856,-2.411016797648756
theta0.65_kappa0.1,5,71,6.917705850292232,0.6778270018992496,6.2398788483929826
theta0.65_kappa0.1,5,72,12.984422343455778,10.082609300223464,2.9018130432323144
theta0.65_kappa0.1,5,73,9.0939828149376893,1.2779284256993442,7.8160543892383449
theta0.65_kappa0.1,5,74,23.990212505106314,18.835683172266059,5.1545293328402551
theta0.65_kappa0.1,5,75,15.222381501226227,23.517257273044979,-8.2948757718187522
theta0.65_kappa0.1,5,76,10.816170779693858,10.256434336546889,0.55973644314696891
theta0.65_kappa0.1,5,77,3.9048815900511089,1.2857985542790089,2.6190830357720998
theta0.65_kappa0.1,5,78,15.522202790869647,7.1752851800639093,8.3469176108057379
theta0.65_kappa0.1,5,79,13.073164721754717,10.822727154574496,2.2504375671802208
theta0.65_kappa0.1,5,80,16.987140546675718,5.6827702961347031,11.304370250541016
theta0.65_kappa0.1,5,81,22.744311204877423,13.299531033480896,9.4447801713965269
theta0.65_kappa0.1,5,82,12.09363551304115,17.476051969349065,-5.3824164563079151
theta0.65_kappa0.1,5,83,17.000438881004762,19.440943315729367,-2.4405044347246054
theta0.65_kappa0.1,5,84,21.202717449726293,19.680395927151675,1.5223215225746181
theta0.65_kappa0.1,5,85,7.4903064042733511,5.35250763906404,2.1377987652093111
theta0.65_kappa0.1,5,86,9.9619643352134482,-2.2113125239589557,12.173276859172404
theta0.65_kappa0.1,5,87,14.491026508880818,11.034482092952668,3.4565444159281498
theta0.65_kappa0.1,5,88,11.404314937309149,15.634381685049457,-4.2300667477403078
theta0.65_kappa0.1,5,89,15.324662374642129,8.4000419924307401,6.9246203822113888
theta0.65_kappa0.1,5,90,6.9468772338579772,4.2939252783334467,2.6529519555245304
theta0.65_kappa0.1,5,91,4.3976004926540293,-1.1612516711212877,5.5588521637753168
theta0.65_kappa0.1,5,92,7.4839863450173478,5.9689749621196055,1.5150113828977423
theta0.65_kappa0.1,5,93,16.895238296855037,18.794590911167987,-1.8993526143129493
theta0.65_kappa0.1,5,94,11.382054508971288,6.3560044064665107,5.0260501025047777
theta0.65_kappa0.1,5,95,12.110954048120044,11.80559865140212,0.30535539671792478
theta0.65_kappa0.1,5,96,-4.1252274490306586,-3.0041459157985337,-1.1210815332321249
theta0.65_kappa0.1,5,97,-6.4421953584583704,-12.892898597278611,6.4507032388202408
theta0.65_kappa0.1,5,98,28.942343848547491,24.476750982350332,4.4655928661971593
theta0.65_kappa0.1,5,99,6.6273124720376924,2.6540607404031813,3.9732517316345111
theta0.65_kappa0.1,6,0,17.029333404884131,18.130924773701253,-1.1015913688171217
theta0.65_kappa0.1,6,1,20.505790004873205,14.995851133903177,5.5099388709700285
theta0.65_kappa0.1,6,2,7.1593909391930524,9.1198465316361794,-1.9604555924431271
theta0.65_kappa0.1,6,3,22.573266849730981,25.654244685447861,-3.0809778357168796
theta0.65_kappa0.1,6,4,8.4022901817229396,5.3921108177663992,3.0101793639565404
theta0.65_kappa0.1,6,5,23.32900788387839,19.182588941203012,4.1464189426753784
theta0.65_kappa0.1,6,6,7.6030312804318605,1.9528112609362211,5.6502200194956398
theta0.65_kappa0.1,6,7,4.0133080725340218,-2.8258269681872372,6.839135040721259
theta0.65_kappa0.1,6,8,1.8256292837327457,7.0923113125655028,-5.2666820288327569
theta0.65_kappa0.1,6,9,19.724883850673283,24.348290397979916,-4.623406547306633
theta0.65_kappa0.1,6,10,8.467388191274404,13.046245522835264,-4.5788573315608598
theta0.65_kappa0.1,6,11,23.937083642983961,16.40072767731106,7.5363559656729002
theta0.65_kappa0.1,6,12,20.133695239675461,29.784890180564101,-9.6511949408886402
theta0.65_kappa0.1,6,13,0.49803452459772241,-1.2426993933968844,1.7407339179946069
theta0.65_kappa0.1,6,14,20.259145401401977,13.995016385686259,6.2641290157157172
theta0.65_kappa0.1,6,15,18.206424939224036,16.293533048261285,1.9128918909627508
theta0.65_kappa0.1,6,16,4.7990600434135029,6.8773537933339375,-2.0782937499204346
theta0.65_kappa0.1,6,17,3.8938765908282691,6.490212606164226,-2.5963360153359569
theta0.65_kappa0.1,6,18,19.081003698229551,17.587871568652115,1.493132129577436
theta0.65_kappa0.1,6,19,17.560966546441428,22.446408991734742,-4.8854424452933145
theta0.65_kappa0.1,6,20,-0.072542495692916306,-2.375361550192594,2.3028190544996776
theta0.65_kappa0.1,6,21,23.538265850924397,17.162987053502547,6.3752787974218492
theta0.65_kappa0.1,6,22,4.4343423244137785,3.6973000645655434,0.73704225984823513
theta0.65_kappa0.1,6,23,18.967019897787591,21.588312957090245,-2.6212930593026549
theta0.65_kappa0.1,6,24,11.355809497204536,11.381353404606532,-0.02554390740199608
theta0.65_kappa0.1,6,25,-7.2167570350591044,-1.918398061270004,-5.2983589737891004
theta0.65_kappa0.1,6,26,16.666500875686346,17.925917707972605,-1.2594168322862593
theta0.65_kappa0.1,6,27,5.5607037407268374,3.0529601921425931,2.5077435485842443
theta0.65_kappa0.1,6,28,24.183653260767404,20.21541589212449,3.9682373686429138
theta0.65_kappa0.1,6,29,5.6560955834095896,9.9398429916467776,-4.283747408237188
theta0.65_kappa0.1,6,30,7.5183516453023875,2.8445639516901839,4.6737876936122031
theta0.65_kappa0.1,6,31,6.5124765144168979,5.3112264837493033,1.2012500306675946
theta0.65_kappa0.1,6,32,15.159004452048354,12.220120097203203,2.9388843548451504
theta0.65_kappa0.1,6,33,-0.49299368760610651,-1.6751239519667316,1.1821302643606251
theta0.65_kappa0.1,6,34,17.405155082438938,19.647457183853827,-2.2423021014148894
theta0.65_kappa0.1,6,35,15.265151485363608,16.969566816682551,-1.704415331318943
theta0.65_kappa0.1,6,36,27.169989576297329,25.384971936414924,1.7850176398824047
theta0.65_kappa0.1,6,37,21.827961019262435,22.485527379842662,-0.65756636058022622
theta0.65_kappa0.1,6,38,19.585604713685772,13.092645630781885,6.4929590829038872
theta0.65_kappa0.1,6,39,15.328469586572805,8.4915656665424599,6.8369039200303448
theta0.65_kappa0.1,6,40,-12.09163082637898,-6.1597050766381134,-5.9319257497408664
theta0.65_kappa0.1,6,41,-0.095407089866414094,-8.2993278847555594,8.2039207948891448
theta0.65_kappa0.1,6,42,15.431911969411798,15.872605668016666,-0.44069369860486773
theta0.65_kappa0.1,6,43,15.225494240810807,18.149437014931948,-2.9239427741211408
theta0.65_kappa0.1,6,44,18.107276182669217,19.31119933223103,-1.2039231495618132
theta0.65_kappa0.1,6,45,10.583010756409106,12.319932609383832,-1.7369218529747261
theta0.65_kappa0.1,6,46,23.77377508319131,24.371147776836441,-0.59737269364513068
theta0.65_kappa0.1,6,47,-3.6862671589508809,-11.336801660981894,7.6505345020310136
theta0.65_kappa0.1,6,48,19.230968616282617,14.784361624122967,4.4466069921596496
theta0.65_kappa0.1,6,49,11.520266814555171,18.90862093401055,-7.3883541194553786
theta0.65_kappa0.1,6,50,19.592947273887944,18.999058772180323,0.59388850170762097
theta0.65_kappa0.1,6,51,19.163425316300579,10.430025754221605,8.7333995620789739
theta0.65_kappa0.1,6,52,19.39040618198079,19.58709080203699,-0.19668462005619958
theta0.65_kappa0.1,6,53,27.673708990936422,28.798014786847649,-1.1243057959112264
theta0.65_kappa0.1,6,54,17.34402502425753,-2.3278384081721102,19.671863432429639
theta0.65_kappa0.1,6,55,22.771182460774519,18.443242744586733,4.3279397161877853
theta0.65_kappa0.1,6,56,22.173130186495509,10.81452354793374,11.358606638561769
theta0.65_kappa0.1,6,57,14.342518194356591,12.648458391897076,1.694059802459515
theta0.65_kappa0.1,6,58,12.522229244857019,9.0083874008475444,3.513841844009475
theta0.65_kappa0.1,6,59,24.521648009120515,23.161439637243038,1.3602083718774765
theta0.65_kappa0.1,6,60,16.727670493951319,14.600353865890163,2.1273166280611555
theta0.65_kappa0.1,6,61,22.197665651680268,25.05144241866298,-2.8537767669827119
theta0.65_kappa0.1,6,62,21.149935230582994,20.558616448383962,0.591318782199032
theta0.65_kappa0.1,6,63,7.0114278900912499,3.375646755801843,3.6357811342894069
theta0.65_kappa0.1,6,64,0.21162638009282081,0.27967005961973701,-0.068043679526916201
theta0.65_kappa0.1,6,65,20.466449524125352,16.153283244968698,4.3131662791566541
theta0.65_kappa0.1,6,66,8.6147034635752959,8.9379175632080354,-0.3232140996327395
theta0.65_kappa0.1,6,67,10.409171371188306,4.3391798445286476,6.069991526659658
theta0.65_kappa0.1,6,68,9.1153024294726084,9.0813996447629997,0.033902784709608724
theta0.65_kappa0.1,6,69,21.95052615811851,20.578932562237721,1.371593595880789
theta0.65_kappa0.1,6,70,-1.7924468004418652,0.079285088064892706,-1.871731888506758
theta0.65_kappa0.1,6,71,4.9097334806948849,3.6055318042257021,1.3042016764691828
theta0.65_kappa0.1,6,72,13.870594741958095,18.119945590565901,-4.249350848607806
theta0.65_kappa0.1,6,73,1.5768769718695037,0.18829898056492689,1.3885779913045768
theta0.65_kappa0.1,6,74,10.952104245141854,11.529145076938883,-0.5770408317970297
theta0.65_kappa0.1,6,75,-6.4690947037484481,0.75893471293616499,-7.2280294166846133
theta0.65_kappa0.1,6,76,13.111507885527732,9.3073785430530478,3.8041293424746847
theta0.65_kappa0.1,6,77,20.237225810971015,10.915499432006667,9.3217263789643479
theta0.65_kappa0.1,6,78,15.611434007536708,14.245351729425906,1.3660822781108024
theta0.65_kappa0.1,6,79,23.140063863555607,14.964821503906483,8.1752423596491237
theta0.65_kappa0.1,6,80,23.61133246310451,24.559411327576193,-0.94807886447168244
theta0.65_kappa0.1,6,81,14.245316076657231,9.7740719670673109,4.4712441095899198
theta0.65_kappa0.1,6,82,6.6120179842388493,11.146778542378719,-4.5347605581398698
theta0.65_kappa0.1,6,83,15.357283652890624,4.6684445161191137,10.688839136771509
theta0.65_kappa0.1,6,84,32.139603336918292,17.467967834237832,14.671635502680459
theta0.65_kappa0.1,6,85,16.376675861933322,10.702739052198435,5.6739368097348866
theta0.65_kappa0.1,6,86,10.625085555266525,10.015430603449648,0.60965495181687679
theta0.65_kappa0.1,6,87,8.4676586793373776,8.6101498765997011,-0.14249119726232351
theta0.65_kappa0.1,6,88,9.0176847476581656,6.0658645163747114,2.9518202312834543
theta0.65_kappa0.1,6,89,-5.7814112960802237,-2.1651176656665383,-3.6162936304136855
theta0.65_kappa0.1,6,90,-2.4748642000879664,-0.057729756838518401,-2.4171344432494482
theta0.65_kappa0.1,6,91,36.669200414317537,43.450553790236235,-6.7813533759186981
theta0.65_kappa0.1,6,92,13.08744216244723,11.719610345146036,1.3678318173011945
theta0.65_kappa0.1,6,93,11.906428032525138,13.242875733701696,-1.3364477011765583
theta0.65_kappa0.1,6,94,11.834557132754238,6.6446773508777213,5.1898797818765168
theta0.65_kappa0.1,6,95,3.7672888152064612,8.2929114303779858,-4.5256226151715246
theta0.65_kappa0.1,6,96,6.505561264322778,8.0654680311313669,-1.5599067668085889
theta0.65_kappa0.1,6,97,3.5577349769657065,-0.59510644704761773,4.1528414240133245
theta0.65_kappa0.1,6,98,15.906817804865874,21.067009115273084,-5.1601913104072104
theta0.65_kappa0.1,6,99,-0.2795044583232329,-1.4756850735328408,1.1961806152096079
theta0.65_kappa0.1,7,0,19.24456836271969,22.259471430962915,-3.0149030682432247
theta0.65_kappa0.1,7,1,7.6470583897316686,8.6323764312773168,-0.98531804154564817
theta0.65_kappa0.1,7,2,21.21447630390092,23.760757978552174,-2.5462816746512544
theta0.65_kappa0.1,7,3,15.795003397783804,15.015895926605509,0.77910747117829438
theta0.65_kappa0.1,7,4,15.67496519239304,13.13014536866034,2.5448198237327002
theta0.65_kappa0.1,7,5,2.7015904447313903,-2.0468315538452244,4.7484219985766147
theta0.65_kappa0.1,7,6,10.684399872345988,9.4946281984781198,1.1897716738678685
theta0.65_kappa0.1,7,7,0.1090319058871491,1.7214661268528859,-1.6124342209657367
theta0.65_kappa0.1,7,8,18.272072982239781,22.265945987396737,-3.9938730051569564
theta0.65_kappa0.1,7,9,19.385474663682743,30.541411695905563,-11.15593703222282
theta0.65_kappa0.1,7,10,-13.908561756276841,-12.996672941699869,-0.91188881457697235
theta0.65_kappa0.1,7,11,6.643062421568529,7.016529925305691,-0.37346750373716198
theta0.65_kappa0.1,7,12,22.284065762069979,14.914479063836311,7.3695866982336682
theta0.65_kappa0.1,7,13,20.343620024003975,4.5595463191373646,15.784073704866611
theta0.65_kappa0.1,7,14,14.075392826234276,14.740424134232171,-0.66503130799789467
theta0.65_kappa0.1,7,15,37.008460009360959,39.772033410577443,-2.7635734012164832
theta0.65_kappa0.1,7,16,16.728806415006638,21.353595262094036,-4.6247888470873981
theta0.65_kappa0.1,7,17,17.4618253790022,15.875562139745508,1.5862632392566915
theta0.65_kappa0.1,7,18,25.441477324072824,33.629261724355359,-8.1877844002825348
theta0.65_kappa0.1,7,19,2.2833944847219607,5.9001110918961643,-3.6167166071742036
theta0.65_kappa0.1,7,20,11.794507745856972,15.540393528978218,-3.7458857831212455
theta0.65_kappa0.1,7,21,12.079971224229286,11.505804970616326,0.57416625361295992
theta0.65_kappa0.1,7,22,12.266287584474425,19.34059334413865,-7.0743057596642256
theta0.65_kappa0.1,7,23,16.84646266550574,18.735271119568154,-1.8888084540624135
theta0.65_kappa0.1,7,24,15.423871453467832,12.461155702706185,2.9627157507616477
theta0.65_kappa0.1,7,25,27.931090801644388,26.888576847103963,1.0425139545404249
theta0.65_kappa0.1,7,26,20.91038653363206,23.578111039405961,-2.6677245057739007
theta0.65_kappa0.1,7,27,20.9949249181028,7.5238090440231229,13.471115874079677
theta0.65_kappa0.1,7,28,19.342982425587351,18.546673869233945,0.79630855635340581
theta0.65_kappa0.1,7,29,3.5398159062738004,3.7072935886846898,-0.16747768241088945
theta0.65_kappa0.1,7,30,23.543070258481869,15.440498317673891,8.1025719408079784
theta0.65_kappa0.1,7,31,15.161691510404276,12.287010357933458,2.8746811524708189
theta0.65_kappa0.1,7,32,-0.21665411169992579,13.476204842668119,-13.692858954368045
theta0.65_kappa0.1,7,33,5.2079164665760977,2.133078383731672,3.0748380828444257
theta0.65_kappa0.1,7,34,38.068404088848496,26.088649110327463,11.979754978521033
theta0.65_kappa0.1,7,35,18.642440285454654,9.4617514653571302,9.1806888200975241
theta0.65_kappa0.1,7,36,13.288000959019961,14.20690180653042,-0.91890084751045897
theta0.65_kappa0.1,7,37,10.748122296547612,8.0753813754174875,2.6727409211301243
theta0.65_kappa0.1,7,38,17.933642198012311,15.086129028226908,2.8475131697854028
theta0.65_kappa0.1,7,39,17.425164759155848,19.359037751541489,-1.9338729923856413
theta0.65_kappa0.1,7,40,13.478656099415399,19.464225928368094,-5.9855698289526948
theta0.65_kappa0.1,7,41,5.746573308975238,-1.7428292484116843,7.4894025573869225
theta0.65_kappa0.1,7,42,9.5360440830899247,12.848628928821473,-3.3125848457315481
theta0.65_kappa0.1,7,43,21.187914170109167,15.495892067428253,5.6920221026809141
theta0.65_kappa0.1,7,44,8.0949577281793204,3.2797543213273235,4.8152034068519969
theta0.65_kappa0.1,7,45,10.270287741264786,-2.8902822520875304,13.160569993352317
theta0.65_kappa0.1,7,46,14.328379118366003,9.299647387322084,5.0287317310439192
theta0.65_kappa0.1,7,47,15.592629732494029,16.105934448075615,-0.51330471558158663
theta0.65_kappa0.1,7,48,20.745339342902454,22.488985668540941,-1.7436463256384869
theta0.65_kappa0.1,7,49,10.660748655026392,7.4574730299251959,3.2032756251011962
theta0.65_kappa0.1,7,50,8.707951964390972,10.53191514982039,-1.8239631854294185
theta0.65_kappa0.1,7,51,14.139291121303708,19.064464002321859,-4.9251728810181508
theta0.65_kappa0.1,7,52,12.01716628314901,3.7125729534170686,8.3045933297319401
theta0.65_kappa0.1,7,53,1.4279506904105737,1.7181326570463806,-0.29018196663580698
theta0.65_kappa0.1,7,54,22.484447254553508,22.84052388841372,-0.35607663386021216
theta0.65_kappa0.1,7,55,17.742691988710625,20.974720542810275,-3.2320285540996494
theta0.65_kappa0.1,7,56,24.141734204399555,22.589101109520666,1.5526330948788889
theta0.65_kappa0.1,7,57,27.944374043231239,19.418171055038592,8.5262029881926473
theta0.65_kappa0.1,7,58,12.825701351798166,7.1863839808245391,5.6393173709736271
theta0.65_kappa0.1,7,59,17.155228446178427,11.353401113325416,5.8018273328530103
theta0.65_kappa0.1,7,60,16.492940659428779,19.525935428754721,-3.032994769325942
theta0.65_kappa0.1,7,61,12.608865863005498,7.1159973501426297,5.4928685128628683
theta0.65_kappa0.1,7,62,-5.1252197712934322,-1.4568385934240595,-3.6683811778693727
theta0.65_kappa0.1,7,63,14.456106105477804,8.7408307465440842,5.7152753589337202
theta0.65_kappa0.1,7,64,20.285278019486402,3.4847855551195348,16.800492464366869
theta0.65_kappa0.1,7,65,11.670886658423909,4.228249914872162,7.4426367435517466
theta0.65_kappa0.1,7,66,20.104512759457592,19.788524808196751,0.31598795126084056
theta0.65_kappa0.1,7,67,9.68268708867787,5.9924393095874215,3.6902477790904484
theta0.65_kappa0.1,7,68,9.6995769763458917,3.2674995488056191,6.432077427540273
theta0.65_kappa0.1,7,69,-8.7177300294509301,-3.0320495309406263,-5.6856804985103038
theta0.65_kappa0.1,7,70,11.760683437596123,8.2760759595903721,3.484607478005751
theta0.65_kappa0.1,7,71,9.7610111129750603,7.5264307247565769,2.2345803882184834
theta0.65_kappa0.1,7,72,16.151383139674564,8.7516740910426538,7.3997090486319106
theta0.65_kappa0.1,7,73,17.232456304816655,9.1753463829859712,8.0571099218306834
theta0.65_kappa0.1,7,74,18.003045337916106,7.7089301671847483,10.294115170731358
theta0.65_kappa0.1,7,75,14.871042595427111,9.7328718606011169,5.1381707348259944
theta0.65_kappa0.1,7,76,19.179405752313318,9.3374424173893757,9.8419633349239426
theta0.65_kappa0.1,7,77,-1.2253063004953819,-4.6007368931623329,3.3754305926669508
theta0.65_kappa0.1,7,78,3.5857051360810477,1.1282659806227564,2.4574391554582915
theta0.65_kappa0.1,7,79,9.2183958039185843,14.131171264542326,-4.9127754606237417
theta0.65_kappa0.1,7,80,18.932881849140891,24.459400066745705,-5.5265182176048135
theta0.65_kappa0.1,7,81,23.941719936483558,26.79226142963223,-2.8505414931486719
theta0.65_kappa0.1,7,82,12.807713722983941,17.969052788641321,-5.1613390656573799
theta0.65_kappa0.1,7,83,7.610074581433917,3.2216272228431437,4.3884473585907733
theta0.65_kappa0.1,7,84,10.090212295447133,20.480908709669578,-10.390696414222445
theta0.65_kappa0.1,7,85,20.520683174259233,15.999688998142689,4.5209941761165435
theta0.65_kappa0.1,7,86,16.608644062747551,8.6381364203200217,7.9705076424275294
theta0.65_kappa0.1,7,87,8.6134575957668424,18.568285008745015,-9.9548274129781724
theta0.65_kappa0.1,7,88,18.237412210088912,14.31956277721663,3.9178494328722824
theta0.65_kappa0.1,7,89,45.76223210829135,31.673644075405441,14.088588032885909
theta0.65_kappa0.1,7,90,2.5170812030443086,3.3822525710296718,-0.8651713679853632
theta0.65_kappa0.1,7,91,13.940206168734671,1.2453515109029605,12.69485465783171
theta0.65_kappa0.1,7,92,20.914767772565796,23.832166240391281,-2.9173984678254854
theta0.65_kappa0.1,7,93,8.8651976276434645,6.7308374798942783,2.1343601477491863
theta0.65_kappa0.1,7,94,10.507323288265752,8.7401500429183834,1.7671732453473687
theta0.65_kappa0.1,7,95,17.999530154013147,19.207629153852807,-1.2080989998396596
theta0.65_kappa0.1,7,96,-12.912644981568096,-11.031566534476127,-1.8810784470919693
theta0.65_kappa0.1,7,97,10.6945659843885,15.21360369454929,-4.5190377101607897
theta0.65_kappa0.1,7,98,9.9007104274031761,5.6578715474976065,4.2428388799055696
theta0.65_kappa0.1,7,99,24.275892498627972,16.167955055313378,8.1079374433145937
theta0.65_kappa0.1,8,0,25.378124381326217,19.439294105829596,5.9388302754966205
theta0.65_kappa0.1,8,1,15.073337825560053,11.803465236114636,3.2698725894454164
theta0.65_kappa0.1,8,2,11.068239556408251,13.323999044987024,-2.2557594885787733
theta0.65_kappa0.1,8,3,6.2843401789018607,0.78330828308630229,5.501031895815558
theta0.65_kappa0.1,8,4,26.03541863194075,23.189873999648981,2.8455446322917695
theta0.65_kappa0.1,8,5,34.022289668987199,36.177210540362907,-2.1549208713757082
theta0.65_kappa0.1,8,6,7.2898699213070071,8.4978372615147819,-1.2079673402077749
theta0.65_kappa0.1,8,7,7.0921456746778926,1.6814896558581696,5.410656018819723
theta0.65_kappa0.1,8,8,18.196438571767885,11.319463037102569,6.8769755346653163
theta0.65_kappa0.1,8,9,6.7444283148359059,7.8788917502896076,-1.1344634354537018
theta0.65_kappa0.1,8,10,33.712889960985606,34.688001401657203,-0.97511144067159705
theta0.65_kappa0.1,8,11,11.451178960946132,5.7587090445575262,5.6924699163886059
theta0.65_kappa0.1,8,12,15.540918606173555,13.832949525891635,1.7079690802819201
theta0.65_kappa0.1,8,13,12.73280084492443,-1.2748121172418132,14.007612962166244
theta0.65_kappa0.1,8,14,10.516284068009751,4.8205757016408928,5.6957083663688586
theta0.65_kappa0.1,8,15,17.828149312907509,16.75508220209656,1.0730671108109497
theta0.65_kappa0.1,8,16,7.73827029989571,-1.8311026525890992,9.5693729524848088
theta0.65_kappa0.1,8,17,4.2425353108065051,-2.9222049308130198,7.1647402416195245
theta0.65_kappa0.1,8,18,13.286676010273066,11.325168901310551,1.9615071089625147
theta0.65_kappa0.1,8,19,5.9752087333273396,9.7187131954760169,-3.7435044621486773
theta0.65_kappa0.1,8,20,24.603019425785707,31.071108505645409,-6.4680890798597019
theta0.65_kappa0.1,8,21,13.589150438035301,18.340707243410755,-4.7515568053754542
theta0.65_kappa0.1,8,22,16.232660685470726,6.4686146327686389,9.7640460527020885
theta0.65_kappa0.1,8,23,44.387517647432865,38.337486915041431,6.0500307323914342
theta0.65_kappa0.1,8,24,2.6104824708527121,0.84916972766133036,1.7613127431913818
theta0.65_kappa0.1,8,25,-1.8805224585437572,-3.7305672332475304,1.8500447747037732
theta0.65_kappa0.1,8,26,16.204597787443305,15.693116856214289,0.51148093122901628
theta0.65_kappa0.1,8,27,26.29421233741737,31.944032400752661,-5.6498200633352909
theta0.65_kappa0.1,8,28,21.527977388984265,25.954238800983319,-4.4262614119990538
theta0.65_kappa0.1,8,29,32.234043003140293,31.022526657959009,1.211516345181284
theta0.65_kappa0.1,8,30,33.241213846236072,30.179024119716452,3.0621897265196196
theta0.65_kappa0.1,8,31,12.402732675102758,18.991462533585079,-6.5887298584823206
theta0.65_kappa0.1,8,32,0.425240330673194,10.272160252955116,-9.8469199222819217
theta0.65_kappa0.1,8,33,1.7683600817182568,2.4827096226822789,-0.71434954096402214
theta0.65_kappa0.1,8,34,11.61635637596321,10.678691725945322,0.93766465001788823
theta0.65_kappa0.1,8,35,16.215740136366197,23.835558014627605,-7.6198178782614079
theta0.65_kappa0.1,8,36,1.1454581499627221,-0.54370561593705147,1.6891637658997736
theta0.65_kappa0.1,8,37,19.572662025291969,20.904229351685458,-1.3315673263934897
theta0.65_kappa0.1,8,38,15.931003023842363,13.672477208045969,2.2585258157963946
theta0.65_kappa0.1,8,39,17.21102444827164,21.315199187885803,-4.1041747396141623
theta0.65_kappa0.1,8,40,2.4921774126047658,-0.1174259490205167,2.6096033616252825
theta0.65_kappa0.1,8,41,7.9349922272392641,6.155228913467333,1.7797633137719311
theta0.65_kappa0.1,8,42,36.826107432226543,24.114081704035758,12.712025728190785
theta0.65_kappa0.1,8,43,13.593151706045902,12.801251837663214,0.79189986838268744
theta0.65_kappa0.1,8,44,6.3321875812368091,7.3501842573678484,-1.0179966761310393
theta0.65_kappa0.1,8,45,9.1480067122814006,12.910729609238224,-3.7627228969568236
theta0.65_kappa0.1,8,46,7.4367834963705226,7.5476231440503927,-0.11083964767987009
theta0.65_kappa0.1,8,47,18.788046547102855,19.603430795811899,-0.81538424870904436
theta0.65_kappa0.1,8,48,26.504375128310841,28.426051124688396,-1.9216759963775552
theta0.65_kappa0.1,8,49,19.543341331758885,10.481555557360997,9.0617857743978885
theta0.65_kappa0.1,8,50,31.30437359334341,37.753215480969722,-6.4488418876263118
theta0.65_kappa0.1,8,51,-0.43801899035868352,10.017385340792959,-10.455404331151643
theta0.65_kappa0.1,8,52,21.531917879446866,23.247143627263572,-1.7152257478167066
theta0.65_kappa0.1,8,53,16.433008263130112,18.816485817995577,-2.3834775548654648
theta0.65_kappa0.1,8,54,30.316068366228983,31.891922206627655,-1.5758538403986719
theta0.65_kappa0.1,8,55,21.861971035621423,31.142053220610386,-9.280082184988963
theta0.65_kappa0.1,8,56,12.264228988932238,2.0803971341745089,10.183831854757729
theta0.65_kappa0.1,8,57,2.5980247014786553,1.927640676214355,0.6703840252643003
theta0.65_kappa0.1,8,58,18.903745227925171,16.861546578925459,2.0421986489997117
theta0.65_kappa0.1,8,59,18.504675321205394,19.661817556718688,-1.1571422355132945
theta0.65_kappa0.1,8,60,13.057792773259449,7.194620163229974,5.8631726100294745
theta0.65_kappa0.1,8,61,14.450931813821928,16.960776078241963,-2.5098442644200354
theta0.65_kappa0.1,8,62,0.4111733854693127,2.2664841420829807,-1.855310756613668
theta0.65_kappa0.1,8,63,-4.4847290706228771,-5.814500985320489,1.3297719146976119
theta0.65_kappa0.1,8,64,25.884118348240207,30.854737533885256,-4.9706191856450488
theta0.65_kappa0.1,8,65,5.9716128272626738,8.945413195363102,-2.9738003681004281
theta0.65_kappa0.1,8,66,-5.1072173224806896,-12.095223759215166,6.9880064367344765
theta0.65_kappa0.1,8,67,3.48953197463827,-1.5528810466462584,5.0424130212845286
theta0.65_kappa0.1,8,68,18.362589278612937,5.3239337683525241,13.038655510260412
theta0.65_kappa0.1,8,69,18.408618412841697,10.307055688670699,8.1015627241709982
theta0.65_kappa0.1,8,70,25.462558491826503,21.473734398078975,3.9888240937475281
theta0.65_kappa0.1,8,71,23.170464935066139,22.13329593181124,1.037169003254899
theta0.65_kappa0.1,8,72,4.6460278927394336,3.4870891546377676,1.158938738101666
theta0.65_kappa0.1,8,73,7.9150191374289562,-0.1048118365468817,8.0198309739758376
theta0.65_kappa0.1,8,74,18.552606871784935,18.724085168342182,-0.17147829655724678
theta0.65_kappa0.1,8,75,16.13674151341916,22.667421762388681,-6.5306802489695208
theta0.65_kappa0.1,8,76,18.862608871042681,10.661111138915508,8.2014977321271729
theta0.65_kappa0.1,8,77,14.72289391178802,19.793754452110196,-5.070860540322176
theta0.65_kappa0.1,8,78,5.3001805494680188,3.1852857224083255,2.1148948270596932
theta0.65_kappa0.1,8,79,2.0436109894244119,1.1119831818386321,0.93162780758577979
theta0.65_kappa0.1,8,80,4.3088591914893977,3.6927942076794138,0.61606498380998387
theta0.65_kappa0.1,8,81,-2.7258987842985665,4.4809735935999466,-7.2068723778985131
theta0.65_kappa0.1,8,82,6.949341829383556,8.2122003394719556,-1.2628585100883996
theta0.65_kappa0.1,8,83,19.58214099139342,16.105196388850889,3.476944602542531
theta0.65_kappa0.1,8,84,16.757801623300313,12.951567101136639,3.806234522163674
theta0.65_kappa0.1,8,85,20.996081113281139,21.059990244269184,-0.063909130988044183
theta0.65_kappa0.1,8,86,18.894826605662701,8.9250061857211342,9.9698204199415663
theta0.65_kappa0.1,8,87,-0.29901157951884572,0.090366572318573105,-0.38937815183741881
theta0.65_kappa0.1,8,88,3.9288152649539789,-2.2319902602836619,6.1608055252376408
theta0.65_kappa0.1,8,89,-1.1541952632002004,-1.1623065117214049,0.0081112485212044838
theta0.65_kappa0.1,8,90,22.729528700643197,30.778916225972761,-8.0493875253295641
theta0.65_kappa0.1,8,91,25.13748883511116,21.178136213187933,3.9593526219232267
theta0.65_kappa0.1,8,92,14.362560733140262,8.0246319158358173,6.3379288173044444
theta0.65_kappa0.1,8,93,20.058917060941056,15.553381166844138,4.5055358940969175
theta0.65_kappa0.1,8,94,2.4191423300118853,1.8465137104842131,0.57262861952767219
theta0.65_kappa0.1,8,95,11.908400251347251,13.492179805898584,-1.5837795545513327
theta0.65_kappa0.1,8,96,13.600383538425884,7.6188063485129414,5.9815771899129428
theta0.65_kappa0.1,8,97,9.001393491568102,10.83672993426622,-1.835336442698118
theta0.65_kappa0.1,8,98,13.195665257540618,8.4937411841984254,4.7019240733421928
theta0.65_kappa0.1,8,99,10.488316094199126,9.0547069311892336,1.4336091630098924
theta0.65_kappa0.1,9,0,6.7107002498658508,17.816274461689876,-11.105574211824024
theta0.65_kappa0.1,9,1,14.36920372442937,7.3604548425898777,7.0087488818394927
theta0.65_kappa0.1,9,2,8.2627464360055534,3.7377812234162882,4.5249652125892652
theta0.65_kappa0.1,9,3,26.299429039880941,23.615742905742401,2.6836861341385401
theta0.65_kappa0.1,9,4,32.825930530702678,29.01841429035079,3.8075162403518874
theta0.65_kappa0.1,9,5,34.287256872715076,42.516655870253452,-8.2293989975383752
theta0.65_kappa0.1,9,6,7.5979666003809596,-1.7442611089957862,9.3422277093767452
theta0.65_kappa0.1,9,7,6.9466706619178833,4.7338100481224732,2.2128606137954101
theta0.65_kappa0.1,9,8,-5.2646185123692817,-10.644369297504095,5.3797507851348136
theta0.65_kappa0.1,9,9,13.560381650213158,16.609992497062759,-3.0496108468496015
theta0.65_kappa0.1,9,10,-5.2302977794234735,-1.8568544422231643,-3.3734433372003094
theta0.65_kappa0.1,9,11,27.032130324010765,22.528365246694001,4.5037650773167641
theta0.65_kappa0.1,9,12,23.961657387330785,20.85945614961657,3.1022012377142154
theta0.65_kappa0.1,9,13,13.398152299731294,9.2837044221773688,4.1144478775539248
theta0.65_kappa0.1,9,14,13.677775901204576,11.38727742478163,2.2904984764229468
theta0.65_kappa0.1,9,15,21.379693096215085,24.22051726020208,-2.8408241639869942
theta0.65_kappa0.1,9,16,10.047082402969206,7.3482578803208556,2.6988245226483505
theta0.65_kappa0.1,9,17,25.580212374519441,21.53969751465236,4.0405148598670806
theta0.65_kappa0.1,9,18,21.824844114534773,18.907396838706028,2.9174472758287457
theta0.65_kappa0.1,9,19,14.868389184724542,14.670121890048506,0.19826729467603599
theta0.65_kappa0.1,9,20,16.905625133068689,15.581701232123477,1.3239239009452124
theta0.65_kappa0.1,9,21,18.943135079288993,19.312542696134987,-0.36940761684599366
theta0.65_kappa0.1,9,22,4.9414967457464369,9.3924411027677195,-4.4509443570212825
theta0.65_kappa0.1,9,23,16.654971877029325,19.376128886773341,-2.7211570097440152
theta0.65_kappa0.1,9,24,25.116902240621119,27.128603074498919,-2.0117008338778
theta0.65_kappa0.1,9,25,9.2761603988173285,15.165940508628797,-5.8897801098114684
theta0.65_kappa0.1,9,26,19.034532425463169,24.576456589844884,-5.5419241643817152
theta0.65_kappa0.1,9,27,9.2867551901453567,7.9868332398059083,1.2999219503394484
theta0.65_kappa0.1,9,28,12.225045395727054,13.294735035956212,-1.0696896402291571
theta0.65_kappa0.1,9,29,10.324207474552104,8.5338182756598453,1.7903891988922584
theta0.65_kappa0.1,9,30,2.3413420133490979,-0.48542975878478511,2.826771772133883
theta0.65_kappa0.1,9,31,4.086210866138928,5.7256067655543124,-1.6393958994153843
theta0.65_kappa0.1,9,32,10.805304683851087,12.428915723944534,-1.6236110400934471
theta0.65_kappa0.1,9,33,14.924470836325964,17.531317991944807,-2.6068471556188424
theta0.65_kappa0.1,9,34,10.698965196158586,14.650541550220805,-3.9515763540622189
theta0.65_kappa0.1,9,35,18.114698389555091,5.883217707219826,12.231480682335265
theta0.65_kappa0.1,9,36,19.415709966245306,23.845551564678903,-4.4298415984335975
theta0.65_kappa0.1,9,37,16.281098823600043,19.593221181947797,-3.3121223583477537
theta0.65_kappa0.1,9,38,25.581774602600841,25.292075419582471,0.28969918301837083
theta0.65_kappa0.1,9,39,20.222477864271134,11.914962316042288,8.3075155482288459
theta0.65_kappa0.1,9,40,4.3078149102771341,4.998152325011584,-0.69033741473444987
theta0.65_kappa0.1,9,41,11.015145520207462,9.1224122310751365,1.892733289132325
theta0.65_kappa0.1,9,42,-2.8477450497073153,1.4402703725030732,-4.288015422210389
theta0.65_kappa0.1,9,43,23.75302083956338,18.0465585485364,5.7064622910269804
theta0.65_kappa0.1,9,44,8.9122542853291833,4.5308336741446675,4.3814206111845158
theta0.65_kappa0.1,9,45,25.32874729702996,17.961088669780924,7.3676586272490354
theta0.65_kappa0.1,9,46,5.0203245125560585,1.1998840941527251,3.8204404184033334
theta0.65_kappa0.1,9,47,0.76429977910593228,-7.6079826062626559,8.3722823853685888
theta0.65_kappa0.1,9,48,9.2218986853502543,13.843656350635262,-4.6217576652850081
theta0.65_kappa0.1,9,49,22.476274093446289,27.980014872798488,-5.5037407793521993
theta0.65_kappa0.1,9,50,0.2056590664817104,-6.7110468114496538,6.9167058779313644
theta0.65_kappa0.1,9,51,16.379220287098065,24.012431009077968,-7.6332107219799035
theta0.65_kappa0.1,9,52,22.89059562764529,22.760494661887968,0.13010096575732177
theta0.65_kappa0.1,9,53,6.6656144613171513,8.5421404156482232,-1.8765259543310719
theta0.65_kappa0.1,9,54,10.401540661830891,4.7479789747904801,5.6535616870404111
theta0.65_kappa0.1,9,55,3.4186986745532084,5.0529235602614975,-1.6342248857082891
theta0.65_kappa0.1,9,56,10.669433175695984,10.582075844492651,0.087357331203332222
theta0.65_kappa0.1,9,57,7.421073280594519,17.338930018830069,-9.9178567382355496
theta0.65_kappa0.1,9,58,41.945167038097573,37.767525043045389,4.1776419950521841
theta0.65_kappa0.1,9,59,2.9454941304301427,-2.2328445123339629,5.1783386427641052
theta0.65_kappa0.1,9,60,21.531229435392021,30.424314712820699,-8.8930852774286784
theta0.65_kappa0.1,9,61,13.551435220194705,13.371197784191621,0.18023743600308428
theta0.65_kappa0.1,9,62,21.091669977511831,19.048282004435102,2.0433879730767295
theta0.65_kappa0.1,9,63,14.00260131411641,5.4620977769985801,8.5405035371178286
theta0.65_kappa0.1,9,64,23.429007257261791,23.42420538484475,0.0048018724170404425
theta0.65_kappa0.1,9,65,10.934941466018069,5.8107621465535733,5.1241793194644956
theta0.65_kappa0.1,9,66,1.5552156763979581,2.5698537699983204,-1.0146380936003623
theta0.65_kappa0.1,9,67,31.741379536649916,28.618060527412403,3.1233190092375125
theta0.65_kappa0.1,9,68,7.0034160962289338,9.8893196144382092,-2.8859035182092754
theta0.65_kappa0.1,9,69,4.0752683363309625,6.2494265125698334,-2.1741581762388709
theta0.65_kappa0.1,9,70,18.52792036513706,6.8582364149060737,11.669683950230986
theta0.65_kappa0.1,9,71,17.351453356250808,15.878557014413555,1.4728963418372523
theta0.65_kappa0.1,9,72,0.95727972029183717,0.51422937834178795,0.44305034195004922
theta0.65_kappa0.1,9,73,11.37823679490419,11.624109913948008,-0.24587311904381792
theta0.65_kappa0.1,9,74,-0.1187911581327669,3.2804304000404727,-3.3992215581732395
theta0.65_kappa0.1,9,75,17.53660275569522,17.329556319016685,0.20704643667853517
theta0.65_kappa0.1,9,76,22.797273315103705,13.79873641616938,8.9985368989343257
theta0.65_kappa0.1,9,77,10.828333426223249,21.428331331773158,-10.599997905549909
theta0.65_kappa0.1,9,78,27.205605078853662,27.741648234140595,-0.53604315528693292
theta0.65_kappa0.1,9,79,-1.3369832181019674,-9.0392518055704567,7.7022685874684891
theta0.65_kappa0.1,9,80,17.45126454190396,12.580552749958336,4.8707117919456238
theta0.65_kappa0.1,9,81,1.5732069609675052,3.3111334564918287,-1.7379264955243234
theta0.65_kappa0.1,9,82,3.7174362680058337,4.2507208922099426,-0.53328462420410894
theta0.65_kappa0.1,9,83,16.393754660174459,15.288642601959337,1.1051120582151217
theta0.65_kappa0.1,9,84,22.475555951492556,13.303212611996363,9.1723433394961926
theta0.65_kappa0.1,9,85,21.05213711916754,19.039829363167915,2.0123077559996254
theta0.65_kappa0.1,9,86,36.712679531653407,23.468962457134584,13.243717074518823
theta0.65_kappa0.1,9,87,9.0009299362440327,11.819022932487997,-2.8180929962439638
theta0.65_kappa0.1,9,88,17.422183934264218,17.837344080378713,-0.41516014611449492
theta0.65_kappa0.1,9,89,1.8670995445938656,11.826782620323256,-9.9596830757293908
theta0.65_kappa0.1,9,90,1.1000260146892871,3.2555452068153459,-2.155519192126059
theta0.65_kappa0.1,9,91,1.8909284306355556,5.1177696776732224,-3.2268412470376671
theta0.65_kappa0.1,9,92,24.475230740817597,15.649729561606616,8.8255011792109812
theta0.65_kappa0.1,9,93,9.4047414210000362,5.7818806739871391,3.6228607470128971
theta0.65_kappa0.1,9,94,7.4656766971226514,15.882446742277532,-8.4167700451548804
theta0.65_kappa0.1,9,95,31.95569475352762,28.8708107795884,3.0848839739392204
theta0.65_kappa0.1,9,96,8.4610217250872939,2.5481706210040729,5.912851104083221
theta0.65_kappa0.1,9,97,7.7191806246312638,8.2629871875296228,-0.54380656289835905
theta0.65_kappa0.1,9,98,13.702723493959938,16.585528229233294,-2.8828047352733552
theta0.65_kappa0.1,9,99,17.535965229175289,17.294183642029466,0.2417815871458231
