variant,environment,pilot,policy,episodes,objective_mean,objective_variance,pnl_mean,pnl_variance
fixed_duration,theta0.15_kappa0.002,0,abstain,100,0,0,0,0
fixed_duration,theta0.15_kappa0.002,0,active,100,6.9158955434708478,96.697532307487549,8.6566555434708476,96.822578783595759
fixed_duration,theta0.15_kappa0.002,0,full_information,100,10.090340098027287,60.09992528385083,11.677560098027289,60.586709868034781
fixed_duration,theta0.15_kappa0.002,0,independent,100,8.0815915122093358,82.811646448710036,10.068311512209336,82.808385130791763
fixed_duration,theta0.15_kappa0.002,0,myopic,100,3.6553151573822147,75.9257568507782,4.9822951573822145,78.660412265996413
fixed_duration,theta0.15_kappa0.002,0,noinfo,100,6.9951234752586586,91.443309407582618,8.7627234752586585,91.792961706947025
fixed_duration,theta0.15_kappa0.002,0,taker,100,4.6490818890250045,102.85965386350561,6.7183818890250038,103.85917540065962
fixed_duration,theta0.15_kappa0.002,1,abstain,100,0,0,0,0
fixed_duration,theta0.15_kappa0.002,1,active,100,7.512679760599875,92.946370077843198,9.1572397605998752,92.762539075444451
fixed_duration,theta0.15_kappa0.002,1,full_information,100,9.8622021844904424,82.533871360915214,11.414982184490443,83.542647647685214
fixed_duration,theta0.15_kappa0.002,1,independent,100,8.3279967369861421,99.5892817419209,10.215376736986142,99.775546123235728
fixed_duration,theta0.15_kappa0.002,1,myopic,100,5.8296904582489093,81.755192855652382,7.2232104582489089,90.387364611666541
fixed_duration,theta0.15_kappa0.002,1,noinfo,100,7.5471939901591618,94.810747213735183,9.2281339901591632,94.563046535856145
fixed_duration,theta0.15_kappa0.002,1,taker,100,2.5399362150396767,100.4756507873619,4.5773362150396766,101.64111583824466
fixed_duration,theta0.15_kappa0.002,2,abstain,100,0,0,0,0
fixed_duration,theta0.15_kappa0.002,2,active,100,8.6361835840004062,58.126184820333727,10.269443584000408,56.883623835210962
fixed_duration,theta0.15_kappa0.002,2,full_information,100,12.130332799573193,60.866752772777929,13.654712799573195,60.876547553575371
fixed_duration,theta0.15_kappa0.002,2,independent,100,9.4465808321757354,70.936214341147917,11.343040832175737,70.644442262112449
fixed_duration,theta0.15_kappa0.002,2,myopic,100,6.1491733210752475,56.928064149083191,7.6031933210752483,61.421071772483877
fixed_duration,theta0.15_kappa0.002,2,noinfo,100,8.4763472765622048,62.8339711684836,10.139807276562204,61.25680625565365
fixed_duration,theta0.15_kappa0.002,2,taker,100,3.5106916578000575,88.584464013842634,5.5544716578000575,89.256857059189798
fixed_duration,theta0.15_kappa0.002,3,abstain,100,0,0,0,0
fixed_duration,theta0.15_kappa0.002,3,active,100,7.9108674444651523,73.644697480383229,9.5609674444651525,72.900134527506225
fixed_duration,theta0.15_kappa0.002,3,full_information,100,10.4798579466511,69.946947705343263,12.009757946651099,71.210059064018978
fixed_duration,theta0.15_kappa0.002,3,independent,100,8.6369142001463501,76.371980877154002,10.560354200146351,76.944835992631738
fixed_duration,theta0.15_kappa0.002,3,myopic,100,5.8370936833492113,69.708791464765412,7.1083736833492113,76.59145817553437
fixed_duration,theta0.15_kappa0.002,3,noinfo,100,7.6820570591454445,73.295247379843417,9.3801970591454431,72.933545515278936
fixed_duration,theta0.15_kappa0.002,3,taker,100,3.8641283522828305,61.252959574521391,5.9247083522828303,61.534259911706457
fixed_duration,theta0.15_kappa0.002,4,abstain,100,0,0,0,0
fixed_duration,theta0.15_kappa0.002,4,active,100,7.2559413114228315,85.944615494523518,8.9119413114228312,86.04594104438678
fixed_duration,theta0.15_kappa0.002,4,full_information,100,8.8736057453201465,65.821382422341117,10.408725745320146,66.80781834894519
fixed_duration,theta0.15_kappa0.002,4,independent,100,7.3804989716925125,94.489531289726031,9.2941589716925144,95.916322552565873
fixed_duration,theta0.15_kappa0.002,4,myopic,100,3.6528339778749732,92.709215559137974,5.256533977874974,97.118785463971761
fixed_duration,theta0.15_kappa0.002,4,noinfo,100,6.7275712814033897,87.578241245301214,8.4117112814033899,87.251179684702905
fixed_duration,theta0.15_kappa0.002,4,taker,100,1.9659748459993742,82.213138881438525,4.0263348459993749,82.938480773115387
fixed_duration,theta0.15_kappa0.002,5,abstain,100,0,0,0,0
fixed_duration,theta0.15_kappa0.002,5,active,100,8.7214338266758222,77.077566393483238,10.332393826675821,76.713652944110549
fixed_duration,theta0.15_kappa0.002,5,full_information,100,11.191927700112847,66.989899968418527,12.747767700112847,67.060118567150965
fixed_duration,theta0.15_kappa0.002,5,independent,100,9.454041772113948,83.405481954571798,11.330781772113948,82.561481923122756
fixed_duration,theta0.15_kappa0.002,5,myopic,100,5.1691983501560568,70.57817346283548,6.7227583501560568,74.252112226009388
fixed_duration,theta0.15_kappa0.002,5,noinfo,100,8.1803168406605113,72.624624984368936,9.8368368406605118,72.140819822339225
fixed_duration,theta0.15_kappa0.002,5,taker,100,4.46848747102975,93.689292072910035,6.5516274710297502,93.7590153521963
fixed_duration,theta0.15_kappa0.002,6,abstain,100,0,0,0,0
fixed_duration,theta0.15_kappa0.002,6,active,100,7.6863312417450596,68.365842651897225,9.3467912417450592,68.344076272848682
fixed_duration,theta0.15_kappa0.002,6,full_information,100,10.088242609899183,60.42690302200775,11.668402609899182,60.451097518487657
fixed_duration,theta0.15_kappa0.002,6,independent,100,8.2890895685673609,69.798244401197877,10.190009568567362,69.762168833623292
fixed_duration,theta0.15_kappa0.002,6,myopic,100,5.7314500997875868,58.091979211330752,7.1617100997875864,62.307598167012635
fixed_duration,theta0.15_kappa0.002,6,noinfo,100,7.1882088471166687,70.805263994561429,8.897148847116668,70.436442552680646
fixed_duration,theta0.15_kappa0.002,6,taker,100,2.9643024496030956,83.078156604612545,5.0194824496030961,83.948217709164467
fixed_duration,theta0.15_kappa0.002,7,abstain,100,0,0,0,0
fixed_duration,theta0.15_kappa0.002,7,active,100,8.6265761687298479,67.217007736526313,10.237696168729848,66.982541837924302
fixed_duration,theta0.15_kappa0.002,7,full_information,100,10.200493013316899,61.972905426110742,11.764193013316898,62.606854962206597
fixed_duration,theta0.15_kappa0.002,7,independent,100,8.7538645203804553,67.191702808854373,10.646344520380456,67.618972982667785
fixed_duration,theta0.15_kappa0.002,7,myopic,100,6.8851156407069007,80.222930852218852,8.4101356407069012,83.102524414662753
fixed_duration,theta0.15_kappa0.002,7,noinfo,100,8.7993813463975066,69.963052525971946,10.453701346397507,69.861744440947575
fixed_duration,theta0.15_kappa0.002,7,taker,100,2.7475234387932725,92.689596526172963,4.820983438793272,92.576259156333549
fixed_duration,theta0.15_kappa0.002,8,abstain,100,0,0,0,0
fixed_duration,theta0.15_kappa0.002,8,active,100,8.9335353207180628,87.927948820219441,10.530655320718063,87.873325850973288
fixed_duration,theta0.15_kappa0.002,8,full_information,100,11.160179613728701,75.22851077219363,12.733719613728702,75.691531117371511
fixed_duration,theta0.15_kappa0.002,8,independent,100,9.3818697435480196,82.449683291775088,11.281629743548018,82.41907780661559
fixed_duration,theta0.15_kappa0.002,8,myopic,100,6.3114356509655973,63.318926204762093,7.7389556509655968,66.347700170469466
fixed_duration,theta0.15_kappa0.002,8,noinfo,100,8.9222845757824594,86.396747170862881,10.55652457578246,86.724123875533081
fixed_duration,theta0.15_kappa0.002,8,taker,100,4.4701854336197391,94.861860903589104,6.534305433619739,95.518188642478776
fixed_duration,theta0.15_kappa0.002,9,abstain,100,0,0,0,0
fixed_duration,theta0.15_kappa0.002,9,active,100,7.0109507406649136,74.069464795947411,8.6978507406649133,73.186072248024274
fixed_duration,theta0.15_kappa0.002,9,full_information,100,8.5443626318240931,76.715230440921275,10.131462631824093,76.842655122683183
fixed_duration,theta0.15_kappa0.002,9,independent,100,7.5200275691834131,79.219315784326241,9.4621275691834139,78.946174024801095
fixed_duration,theta0.15_kappa0.002,9,myopic,100,4.6427467908756457,71.885618467777121,6.1748467908756455,76.252108053018986
fixed_duration,theta0.15_kappa0.002,9,noinfo,100,6.4308125516006696,82.374474346903952,8.1568925516006683,81.234731912739306
fixed_duration,theta0.15_kappa0.002,9,taker,100,2.2151668716340849,93.463326094521108,4.2749468716340848,94.194145689375773
fixed_duration,theta0.15_kappa0.02,0,abstain,100,0,0,0,0
fixed_duration,theta0.15_kappa0.02,0,active,100,7.6014201380677289,73.145966755163172,9.184000138067729,74.163611163404894
fixed_duration,theta0.15_kappa0.02,0,full_information,100,9.5879579322160922,64.220058010434713,11.122717932216093,65.150882572028493
fixed_duration,theta0.15_kappa0.02,0,independent,100,7.5832495667529427,77.393351484492015,9.4372695667529438,78.500623769729714
fixed_duration,theta0.15_kappa0.02,0,myopic,100,6.120117228581031,64.127265263519789,7.5706972285810306,65.645095944968077
fixed_duration,theta0.15_kappa0.02,0,noinfo,100,7.6761535219408339,73.079100591243702,9.253453521940834,74.193451754750214
fixed_duration,theta0.15_kappa0.02,0,taker,100,3.1676918590277112,81.536735973874471,5.177371859027712,82.177565071900759
fixed_duration,theta0.15_kappa0.02,1,abstain,100,0,0,0,0
fixed_duration,theta0.15_kappa0.02,1,active,100,8.9808554670354894,55.761488691862716,10.65577546703549,56.941034058700261
fixed_duration,theta0.15_kappa0.02,1,full_information,100,10.003918373791544,60.708244414124778,11.603238373791546,61.219022227505391
fixed_duration,theta0.15_kappa0.02,1,independent,100,8.9652868605533023,60.921089185184243,10.910686860553303,61.57749146096959
fixed_duration,theta0.15_kappa0.02,1,myopic,100,6.1072409658457953,70.168523672611627,7.6080609658457954,72.442229973691937
fixed_duration,theta0.15_kappa0.02,1,noinfo,100,9.0542858834735718,55.335050487273755,10.739385883473572,56.316050269383027
fixed_duration,theta0.15_kappa0.02,1,taker,100,4.191370358572871,71.141465270695008,6.2883703585728714,71.981158206753449
fixed_duration,theta0.15_kappa0.02,2,abstain,100,0,0,0,0
fixed_duration,theta0.15_kappa0.02,2,active,100,9.6627379294639173,76.337421271954568,11.323297929463918,76.452213180047821
fixed_duration,theta0.15_kappa0.02,2,full_information,100,11.190084466009363,64.435010768898678,12.815104466009364,63.965056676168146
fixed_duration,theta0.15_kappa0.02,2,independent,100,9.7653947114946611,90.828105961509763,11.706914711494662,90.50265535348062
fixed_duration,theta0.15_kappa0.02,2,myopic,100,5.887283664760055,70.69203248667668,7.4515436647600541,70.893799364800827
fixed_duration,theta0.15_kappa0.02,2,noinfo,100,9.6471062532689889,77.380002987568588,11.310086253268986,77.30817389870522
fixed_duration,theta0.15_kappa0.02,2,taker,100,5.8534487835424418,78.475486163965996,7.987148783542442,79.180018507841467
fixed_duration,theta0.15_kappa0.02,3,abstain,100,0,0,0,0
fixed_duration,theta0.15_kappa0.02,3,active,100,9.9780312998323897,85.977003968594161,11.651991299832389,87.883259646806295
fixed_duration,theta0.15_kappa0.02,3,full_information,100,11.078291693785893,79.582606817710015,12.660571693785894,81.355856802139897
fixed_duration,theta0.15_kappa0.02,3,independent,100,10.074566402918258,94.119234786526164,12.024466402918257,96.283507297636717
fixed_duration,theta0.15_kappa0.02,3,myopic,100,7.6083004330328636,79.98677601717894,9.132900433032864,86.250289779868041
fixed_duration,theta0.15_kappa0.02,3,noinfo,100,9.8798672937336374,85.518835742339988,11.569847293733638,87.617590942475502
fixed_duration,theta0.15_kappa0.02,3,taker,100,4.503471813581041,95.435963196086078,6.5808918135810419,96.697294327111663
fixed_duration,theta0.15_kappa0.02,4,abstain,100,0,0,0,0
fixed_duration,theta0.15_kappa0.02,4,active,100,8.7201998753704633,85.499184537079401,10.356539875370466,85.725675392703863
fixed_duration,theta0.15_kappa0.02,4,full_information,100,10.965656614927735,85.283162496476422,12.522576614927734,85.90696729213893
fixed_duration,theta0.15_kappa0.02,4,independent,100,8.0797399372493128,95.53028037249382,9.9927399372493131,95.809790414665841
fixed_duration,theta0.15_kappa0.02,4,myopic,100,7.0380097756861302,80.487717062066238,8.5168097756861307,84.221896380463988
fixed_duration,theta0.15_kappa0.02,4,noinfo,100,8.5254159429557248,88.403176762287458,10.172215942955724,88.429402001675115
fixed_duration,theta0.15_kappa0.02,4,taker,100,3.4024398347831495,99.290598114621972,5.5062998347831487,99.71549020179134
fixed_duration,theta0.15_kappa0.02,5,abstain,100,0,0,0,0
fixed_duration,theta0.15_kappa0.02,5,active,100,7.800251436377021,68.864600376210632,9.4000914363770214,68.534541783964556
fixed_duration,theta0.15_kappa0.02,5,full_information,100,8.7692163604558502,66.606539364317626,10.303076360455851,67.049101078657699
fixed_duration,theta0.15_kappa0.02,5,independent,100,6.974755194643536,80.400226750273148,8.8503751946435365,79.890287236449936
fixed_duration,theta0.15_kappa0.02,5,myopic,100,4.7274414314006883,63.117817783764345,6.235941431400688,64.819615665707062
fixed_duration,theta0.15_kappa0.02,5,noinfo,100,7.6824031221710136,71.584321086738214,9.284683122171014,71.268475456487593
fixed_duration,theta0.15_kappa0.02,5,taker,100,3.6102023743459895,79.711959848314905,5.6779223743459895,79.467740934445942
fixed_duration,theta0.15_kappa0.02,6,abstain,100,0,0,0,0
fixed_duration,theta0.15_kappa0.02,6,active,100,6.7154623333820211,67.56957125345285,8.3557023333820215,67.602400484106639
fixed_duration,theta0.15_kappa0.02,6,full_information,100,8.7960669180530573,66.09944126795321,10.337606918053057,66.126991028042497
fixed_duration,theta0.15_kappa0.02,6,independent,100,7.012291297661462,77.344433683768912,8.9218712976614629,77.834877463429663
fixed_duration,theta0.15_kappa0.02,6,myopic,100,5.0742564850718814,68.484754879017956,6.5727364850718821,68.67749730996151
fixed_duration,theta0.15_kappa0.02,6,noinfo,100,6.7426596076974228,66.298811868981247,8.3894196076974232,66.340657879663212
fixed_duration,theta0.15_kappa0.02,6,taker,100,2.9908377102565762,93.862375347503843,5.0060177102565762,94.395288281485733
fixed_duration,theta0.15_kappa0.02,7,abstain,100,0,0,0,0
fixed_duration,theta0.15_kappa0.02,7,active,100,8.815398370847765,76.794740778608059,10.440858370847765,78.079056213171711
fixed_duration,theta0.15_kappa0.02,7,full_information,100,10.77787213059157,92.411554145963933,12.34131213059157,93.564514950074752
fixed_duration,theta0.15_kappa0.02,7,independent,100,9.069786261292224,82.459511603478958,10.961946261292223,83.713004543661825
fixed_duration,theta0.15_kappa0.02,7,myopic,100,7.9208396679926416,76.707050545413566,9.4518396679926422,79.2093547354809
fixed_duration,theta0.15_kappa0.02,7,noinfo,100,8.7736209138610786,82.132223709344728,10.407520913861079,83.642948127574698
fixed_duration,theta0.15_kappa0.02,7,taker,100,3.3382102710553188,81.414659251346933,5.3890302710553195,82.694456872082014
fixed_duration,theta0.15_kappa0.02,8,abstain,100,0,0,0,0
fixed_duration,theta0.15_kappa0.02,8,active,100,8.4532540119639172,67.621148016635786,10.074614011963916,68.119081878004266
fixed_duration,theta0.15_kappa0.02,8,full_information,100,10.462939797517347,63.890049115464905,11.992399797517349,63.902222553380732
fixed_duration,theta0.15_kappa0.02,8,independent,100,8.9884273764201694,89.778828437867418,10.899847376420171,89.981323623317209
fixed_duration,theta0.15_kappa0.02,8,myopic,100,5.8784577115854901,67.390930271517064,7.3571777115854911,68.520060834999754
fixed_duration,theta0.15_kappa0.02,8,noinfo,100,8.3534058881474635,67.260187703873342,9.9834858881474631,67.685096840302165
fixed_duration,theta0.15_kappa0.02,8,taker,100,3.5747312673141982,104.29171249738893,5.6121512673141982,104.86902734955636
fixed_duration,theta0.15_kappa0.02,9,abstain,100,0,0,0,0
fixed_duration,theta0.15_kappa0.02,9,active,100,8.5754318974741022,72.781331135616284,10.280631897474102,72.87357917438672
fixed_duration,theta0.15_kappa0.02,9,full_information,100,10.16477717156782,79.882447897207598,11.81229717156782,80.195480182721894
fixed_duration,theta0.15_kappa0.02,9,independent,100,8.0468644045937214,87.641276456723119,10.040404404593721,87.890104266394573
fixed_duration,theta0.15_kappa0.02,9,myopic,100,6.0339564472856795,70.199034704713753,7.5991364472856784,71.619996700639547
fixed_duration,theta0.15_kappa0.02,9,noinfo,100,8.5661949276994829,72.302741702071572,10.284134927699483,72.271175826166029
fixed_duration,theta0.15_kappa0.02,9,taker,100,3.5143888705394715,88.789017184031835,5.6421888705394716,88.938592245372988
fixed_duration,theta0.15_kappa0.1,0,abstain,100,0,0,0,0
fixed_duration,theta0.15_kappa0.1,0,active,100,7.825157486730494,70.896125641520186,9.5243174867304941,71.040618677302561
fixed_duration,theta0.15_kappa0.1,0,full_information,100,9.8430543049979491,70.278736860845299,11.38841430499795,69.881252109654497
fixed_duration,theta0.15_kappa0.1,0,independent,100,7.7866328920868861,82.795514246444924,9.6794728920868867,82.454597512529929
fixed_duration,theta0.15_kappa0.1,0,myopic,100,6.8205176459952579,52.788532537525157,8.1678176459952585,52.546077549022584
fixed_duration,theta0.15_kappa0.1,0,noinfo,100,7.7670471155233374,71.189317226135216,9.4733871155233373,71.457652282778128
fixed_duration,theta0.15_kappa0.1,0,taker,100,2.8461894115307342,89.42349152852232,4.9154894115307339,90.017868705666913
fixed_duration,theta0.15_kappa0.1,1,abstain,100,0,0,0,0
fixed_duration,theta0.15_kappa0.1,1,active,100,8.1233607996754209,110.29581154520707,9.8212207996754213,111.99315396041645
fixed_duration,theta0.15_kappa0.1,1,full_information,100,9.9603291811948118,81.051944023827602,11.484909181194812,82.816422609680913
fixed_duration,theta0.15_kappa0.1,1,independent,100,7.8848609834557237,119.82530711013698,9.7766009834557241,120.92743672715271
fixed_duration,theta0.15_kappa0.1,1,myopic,100,6.6057832916098889,72.673926930540361,8.0117032916098889,73.135024390693971
fixed_duration,theta0.15_kappa0.1,1,noinfo,100,8.1497232343142301,110.71848859233883,9.8516632343142287,112.47422407972228
fixed_duration,theta0.15_kappa0.1,1,taker,100,3.9368289002096621,132.47186248230824,5.9566089002096625,133.72278309089964
fixed_duration,theta0.15_kappa0.1,2,abstain,100,0,0,0,0
fixed_duration,theta0.15_kappa0.1,2,active,100,8.9657281613538053,72.339960361147561,10.647368161353807,73.201772938126126
fixed_duration,theta0.15_kappa0.1,2,full_information,100,10.27274883025969,62.403200657939315,11.834388830259691,63.588444864900602
fixed_duration,theta0.15_kappa0.1,2,independent,100,8.7226791574798597,76.837196164621659,10.591779157479859,77.555683101056744
fixed_duration,theta0.15_kappa0.1,2,myopic,100,6.9398489258668699,56.519430492957362,8.3207489258668712,57.260635189979098
fixed_duration,theta0.15_kappa0.1,2,noinfo,100,8.9074572446138962,71.743487026180034,10.592877244613897,72.609818292649379
fixed_duration,theta0.15_kappa0.1,2,taker,100,2.7674861081372537,93.978987276044478,4.8443661081372538,94.610394096609085
fixed_duration,theta0.15_kappa0.1,3,abstain,100,0,0,0,0
fixed_duration,theta0.15_kappa0.1,3,active,100,8.9174747346810364,76.944575904491799,10.715194734681036,78.212600107593616
fixed_duration,theta0.15_kappa0.1,3,full_information,100,9.8384778601871332,63.476362592747513,11.504697860187132,63.982362292517301
fixed_duration,theta0.15_kappa0.1,3,independent,100,9.0738671304027108,83.648189661012594,11.064827130402712,84.411635603322409
fixed_duration,theta0.15_kappa0.1,3,myopic,100,7.5935462970134981,59.020021922656646,9.0720062970134983,59.823649861431825
fixed_duration,theta0.15_kappa0.1,3,noinfo,100,8.9566879896533003,76.828203289325856,10.761427989653301,78.094424467614573
fixed_duration,theta0.15_kappa0.1,3,taker,100,3.4805385052836098,86.72815212939237,5.60557850528361,87.974389591870533
fixed_duration,theta0.15_kappa0.1,4,abstain,100,0,0,0,0
fixed_duration,theta0.15_kappa0.1,4,active,100,6.8575493326790262,75.636305990969888,8.5586093326790262,76.228117255670398
fixed_duration,theta0.15_kappa0.1,4,full_information,100,9.4485909310327969,58.921780644347223,10.982310931032798,59.741600304941883
fixed_duration,theta0.15_kappa0.1,4,independent,100,6.9001697287748422,86.725754635767785,8.7961497287748429,87.289526045954162
fixed_duration,theta0.15_kappa0.1,4,myopic,100,5.2609240157381256,70.283918044547192,6.6579640157381252,70.895059255157605
fixed_duration,theta0.15_kappa0.1,4,noinfo,100,6.90030081600732,76.769625114432102,8.6106608160073215,77.348062853026732
fixed_duration,theta0.15_kappa0.1,4,taker,100,2.798101363869884,81.451523209727242,4.8551413638698833,81.610643567687362
fixed_duration,theta0.15_kappa0.1,5,abstain,100,0,0,0,0
fixed_duration,theta0.15_kappa0.1,5,active,100,8.5630045820598095,65.783875619340208,10.320544582059808,65.856687653930933
fixed_duration,theta0.15_kappa0.1,5,full_information,100,10.041597998836872,58.646187611025397,11.626637998836873,59.035915830744983
fixed_duration,theta0.15_kappa0.1,5,independent,100,8.5969587957116484,71.612232512520364,10.530658795711647,70.95925084709711
fixed_duration,theta0.15_kappa0.1,5,myopic,100,7.8380933588963497,64.687309691858133,9.2931733588963503,65.595892659756473
fixed_duration,theta0.15_kappa0.1,5,noinfo,100,8.5615625830170057,67.448601254905967,10.317702583017006,67.558858244557698
fixed_duration,theta0.15_kappa0.1,5,taker,100,3.5427618025958934,79.62620729872863,5.5865418025958933,79.693205786984606
fixed_duration,theta0.15_kappa0.1,6,abstain,100,0,0,0,0
fixed_duration,theta0.15_kappa0.1,6,active,100,9.4256056274439235,70.297468011637548,11.153645627443924,71.418550722634961
fixed_duration,theta0.15_kappa0.1,6,full_information,100,11.233589264484381,77.461425878674618,12.79334926448438,77.984875270434713
fixed_duration,theta0.15_kappa0.1,6,independent,100,8.9676790717124586,76.260569822044516,10.871899071712457,77.372536779952043
fixed_duration,theta0.15_kappa0.1,6,myopic,100,6.6895469601213087,72.676500467276639,8.1173069601213097,73.979436600380879
fixed_duration,theta0.15_kappa0.1,6,noinfo,100,9.3925090020383006,70.625100213809759,11.1241890020383,71.682773276515562
fixed_duration,theta0.15_kappa0.1,6,taker,100,3.7488209306752958,82.878574076087105,5.8120809306752959,83.443733754346994
fixed_duration,theta0.15_kappa0.1,7,abstain,100,0,0,0,0
fixed_duration,theta0.15_kappa0.1,7,active,100,7.4829802582006426,85.917081735213344,9.1821402582006435,86.544965461276277
fixed_duration,theta0.15_kappa0.1,7,full_information,100,9.075533524631437,84.885599274072987,10.630153524631437,85.177768547272137
fixed_duration,theta0.15_kappa0.1,7,independent,100,7.5254954511184016,93.212537653161775,9.413995451118403,93.655958631468621
fixed_duration,theta0.15_kappa0.1,7,myopic,100,5.1777041080482524,66.939670039023113,6.6441441080482528,66.754404950110313
fixed_duration,theta0.15_kappa0.1,7,noinfo,100,7.551974535977088,87.931724933055108,9.2581745359770871,88.588634502731281
fixed_duration,theta0.15_kappa0.1,7,taker,100,3.4617842136345969,111.56521231342118,5.5077042136345975,112.25430709364993
fixed_duration,theta0.15_kappa0.1,8,abstain,100,0,0,0,0
fixed_duration,theta0.15_kappa0.1,8,active,100,6.9673921671648706,115.49140422544505,8.6589321671648705,116.96152168360616
fixed_duration,theta0.15_kappa0.1,8,full_information,100,9.3036835029330724,89.113535885991453,10.871443502933072,91.065124184577968
fixed_duration,theta0.15_kappa0.1,8,independent,100,7.3128671486750383,128.56725656342851,9.2222871486750382,129.72472314839851
fixed_duration,theta0.15_kappa0.1,8,myopic,100,6.1900537898039181,77.781772079102311,7.638933789803918,78.679025648573131
fixed_duration,theta0.15_kappa0.1,8,noinfo,100,6.9433404849627767,117.31873413656702,8.6388204849627765,118.7053101559498
fixed_duration,theta0.15_kappa0.1,8,taker,100,2.4838148436822731,134.20554770997296,4.5066148436822733,136.06035480290902
fixed_duration,theta0.15_kappa0.1,9,abstain,100,0,0,0,0
fixed_duration,theta0.15_kappa0.1,9,active,100,8.2749971944736451,77.063165871344907,10.023737194473645,77.465166852204348
fixed_duration,theta0.15_kappa0.1,9,full_information,100,10.081963069698737,76.012207402155823,11.650663069698737,76.394620906988152
fixed_duration,theta0.15_kappa0.1,9,independent,100,7.9359966407157989,82.336262487690533,9.8801566407157999,82.649354422983464
fixed_duration,theta0.15_kappa0.1,9,myopic,100,7.5949814324262999,59.633398374487058,8.9982614324263004,59.531490217643366
fixed_duration,theta0.15_kappa0.1,9,noinfo,100,8.3105809080486708,76.967113188267149,10.062260908048669,77.354069868972005
fixed_duration,theta0.15_kappa0.1,9,taker,100,3.0062888929842528,101.11364880598664,5.0591688929842533,101.99449025389008
fixed_duration,theta0.35_kappa0.002,0,abstain,100,0,0,0,0
fixed_duration,theta0.35_kappa0.002,0,active,100,7.6691094333899636,85.375606785404855,9.4335694333899625,86.472228841665455
fixed_duration,theta0.35_kappa0.002,0,full_information,100,16.552668011865464,86.555058882495359,18.404988011865466,87.81331171297758
fixed_duration,theta0.35_kappa0.002,0,independent,100,9.5886543465478056,80.731247744084911,11.501174346547806,81.327974717727855
fixed_duration,theta0.35_kappa0.002,0,myopic,100,1.409755000381671,20.273732005759186,1.7233350003816708,20.536934125711536
fixed_duration,theta0.35_kappa0.002,0,noinfo,100,5.2618670603317401,77.303603686402624,7.2158470603317406,77.950757014890343
fixed_duration,theta0.35_kappa0.002,0,taker,100,4.2604685175121784,85.411117605333672,6.3326485175121787,86.415321630451672
fixed_duration,theta0.35_kappa0.002,1,abstain,100,0,0,0,0
fixed_duration,theta0.35_kappa0.002,1,active,100,7.8879995265654728,63.406042842098131,9.6559395265654722,64.628583708571227
fixed_duration,theta0.35_kappa0.002,1,full_information,100,15.997613527212485,76.504947246387474,17.860553527212485,78.500418681619323
fixed_duration,theta0.35_kappa0.002,1,independent,100,8.7254335002073482,71.179716782614392,10.619093500207349,71.506452819459611
fixed_duration,theta0.35_kappa0.002,1,myopic,100,1.8634196910470826,20.486143619778304,2.1586796910470825,22.784641946313734
fixed_duration,theta0.35_kappa0.002,1,noinfo,100,4.3262292522401493,77.499363325333917,6.254189252240149,77.63175580741094
fixed_duration,theta0.35_kappa0.002,1,taker,100,3.1291884501969167,77.95686026274808,5.1713084501969169,78.934000321453198
fixed_duration,theta0.35_kappa0.002,2,abstain,100,0,0,0,0
fixed_duration,theta0.35_kappa0.002,2,active,100,8.6137205813380913,81.931565817035192,10.434100581338091,82.600073997321303
fixed_duration,theta0.35_kappa0.002,2,full_information,100,17.737682059991453,95.846868960963363,19.661982059991452,99.152416952914976
fixed_duration,theta0.35_kappa0.002,2,independent,100,9.7564910292670053,89.546960297075401,11.660011029267004,90.440517570123617
fixed_duration,theta0.35_kappa0.002,2,myopic,100,1.4711151867559085,17.892038117335325,1.8375751867559087,18.582551529349363
fixed_duration,theta0.35_kappa0.002,2,noinfo,100,5.7528024312570638,85.665325414513177,7.7457624312570648,86.3007982399794
fixed_duration,theta0.35_kappa0.002,2,taker,100,4.5659377556957681,104.28191953399498,6.6465377556957685,105.40769399437828
fixed_duration,theta0.35_kappa0.002,3,abstain,100,0,0,0,0
fixed_duration,theta0.35_kappa0.002,3,active,100,7.995366861722097,103.0796150430408,9.765026861722097,103.98493236282347
fixed_duration,theta0.35_kappa0.002,3,full_information,100,17.063763657503515,90.470959075526707,18.957323657503515,91.95489667654688
fixed_duration,theta0.35_kappa0.002,3,independent,100,9.0482852081895278,89.652707127071935,11.019925208189528,90.258760358974399
fixed_duration,theta0.35_kappa0.002,3,myopic,100,2.0122002690845315,19.074579667299215,2.3994802690845312,21.132609709640544
fixed_duration,theta0.35_kappa0.002,3,noinfo,100,4.2028760663168132,104.13502574428163,6.1744760663168128,104.95845247885562
fixed_duration,theta0.35_kappa0.002,3,taker,100,3.8191249258277269,105.87876058978256,5.8812449258277271,106.35135778571308
fixed_duration,theta0.35_kappa0.002,4,abstain,100,0,0,0,0
fixed_duration,theta0.35_kappa0.002,4,active,100,7.2322186511061552,68.075369918442462,8.9817186511061564,69.008250745753102
fixed_duration,theta0.35_kappa0.002,4,full_information,100,15.00046715682619,60.65118211759534,16.80968715682619,61.669534868371301
fixed_duration,theta0.35_kappa0.002,4,independent,100,7.6788218947587836,56.073912389715893,9.5097618947587836,57.289005536743133
fixed_duration,theta0.35_kappa0.002,4,myopic,100,1.5988354826654956,14.772689293503779,1.9905754826654953,15.205631811078552
fixed_duration,theta0.35_kappa0.002,4,noinfo,100,5.2367020927628936,83.727091217595202,7.1467020927628937,85.040507215250614
fixed_duration,theta0.35_kappa0.002,4,taker,100,3.4129852046239275,84.549455690866452,5.4328252046239278,85.832557209143246
fixed_duration,theta0.35_kappa0.002,5,abstain,100,0,0,0,0
fixed_duration,theta0.35_kappa0.002,5,active,100,8.1260720506092223,95.727498102935996,9.9413520506092219,95.81755965939972
fixed_duration,theta0.35_kappa0.002,5,full_information,100,16.287245981596051,84.086200858968198,18.142065981596048,85.420061009672509
fixed_duration,theta0.35_kappa0.002,5,independent,100,9.7039702359578648,90.135811681564007,11.614930235957866,91.010171508317057
fixed_duration,theta0.35_kappa0.002,5,myopic,100,1.5233869880173529,13.03064591215435,1.8420069880173531,14.105218627841033
fixed_duration,theta0.35_kappa0.002,5,noinfo,100,6.0338642583891158,90.560668623699698,7.9861642583891159,90.622093528353545
fixed_duration,theta0.35_kappa0.002,5,taker,100,4.6572251023965929,98.791316762060305,6.7385051023965934,98.802095418750071
fixed_duration,theta0.35_kappa0.002,6,abstain,100,0,0,0,0
fixed_duration,theta0.35_kappa0.002,6,active,100,7.3880657753740318,90.377301063476466,9.1510257753740305,91.530822830331076
fixed_duration,theta0.35_kappa0.002,6,full_information,100,15.234042696003293,89.47733291414086,17.106042696003293,91.551054855109626
fixed_duration,theta0.35_kappa0.002,6,independent,100,8.4166842536274533,63.580686561076782,10.411224253627454,63.955335197332097
fixed_duration,theta0.35_kappa0.002,6,myopic,100,1.025012699954535,16.950338945442958,1.3831526999545349,17.294244603927478
fixed_duration,theta0.35_kappa0.002,6,noinfo,100,5.6945114833814481,89.785862978429151,7.6479914833814471,90.126290149588584
fixed_duration,theta0.35_kappa0.002,6,taker,100,3.6330049615766034,91.306541645853812,5.6650449615766032,91.877684765981783
fixed_duration,theta0.35_kappa0.002,7,abstain,100,0,0,0,0
fixed_duration,theta0.35_kappa0.002,7,active,100,7.2299682300153556,88.448661118876458,9.0859482300153562,90.167776079239928
fixed_duration,theta0.35_kappa0.002,7,full_information,100,14.8173451661541,94.936712306728907,16.712345166154101,96.521063419261466
fixed_duration,theta0.35_kappa0.002,7,independent,100,7.1460549228290242,111.07772922935909,9.1324949228290251,110.80699555523913
fixed_duration,theta0.35_kappa0.002,7,myopic,100,1.425502128245173,19.227215289946674,1.7410821282451729,20.819106385147762
fixed_duration,theta0.35_kappa0.002,7,noinfo,100,3.9583791391682159,104.81860703328297,5.9605191391682162,105.52616271888687
fixed_duration,theta0.35_kappa0.002,7,taker,100,2.4200845629973009,82.397466069657071,4.5271445629973011,83.377568203815599
fixed_duration,theta0.35_kappa0.002,8,abstain,100,0,0,0,0
fixed_duration,theta0.35_kappa0.002,8,active,100,8.0915279417169241,89.190211172302838,9.8303679417169239,89.392373951883442
fixed_duration,theta0.35_kappa0.002,8,full_information,100,15.396298801821272,83.783011365956511,17.25001880182127,85.594728869812059
fixed_duration,theta0.35_kappa0.002,8,independent,100,8.6864475808007384,94.297140808646247,10.572887580800739,94.389387378145258
fixed_duration,theta0.35_kappa0.002,8,myopic,100,1.6036439237784519,19.085294118190777,1.9889039237784516,19.733930163443272
fixed_duration,theta0.35_kappa0.002,8,noinfo,100,5.6868123208447203,77.269770011952559,7.6266323208447204,77.35877314881256
fixed_duration,theta0.35_kappa0.002,8,taker,100,3.4835066321347643,87.689803598809277,5.5213266321347643,88.115835801966469
fixed_duration,theta0.35_kappa0.002,9,abstain,100,0,0,0,0
fixed_duration,theta0.35_kappa0.002,9,active,100,9.0632715800311932,83.274968436256231,10.847311580031194,83.966364078718044
fixed_duration,theta0.35_kappa0.002,9,full_information,100,18.320054132530121,99.279689148579436,20.23261413253012,101.50874091978361
fixed_duration,theta0.35_kappa0.002,9,independent,100,10.719842909499869,86.181067008475821,12.634722909499869,86.949856588099294
fixed_duration,theta0.35_kappa0.002,9,myopic,100,1.7955194821839044,22.78217630267244,2.1506394821839043,24.039967744766681
fixed_duration,theta0.35_kappa0.002,9,noinfo,100,6.7193531871420928,104.25270233231613,8.7116131871420937,105.92362214614995
fixed_duration,theta0.35_kappa0.002,9,taker,100,5.4216033341288767,104.89576376216003,7.5202433341288772,106.22208475301885
fixed_duration,theta0.35_kappa0.02,0,abstain,100,0,0,0,0
fixed_duration,theta0.35_kappa0.02,0,active,100,10.699039186514421,73.632884370772786,12.392079186514422,74.055301415278194
fixed_duration,theta0.35_kappa0.02,0,full_information,100,15.877220198375317,64.121926398281829,17.737140198375315,64.555336577526802
fixed_duration,theta0.35_kappa0.02,0,independent,100,7.1854052842575014,86.386114519561971,9.1719252842575028,86.846044537966819
fixed_duration,theta0.35_kappa0.02,0,myopic,100,7.5799246441381429,54.514622596499187,8.8198246441381443,57.648576705490939
fixed_duration,theta0.35_kappa0.02,0,noinfo,100,9.7814291538566849,84.361970471714045,11.560449153856684,84.811214669887434
fixed_duration,theta0.35_kappa0.02,0,taker,100,2.9988566919355306,94.69644430961165,5.0516966919355308,94.604964188067129
fixed_duration,theta0.35_kappa0.02,1,abstain,100,0,0,0,0
fixed_duration,theta0.35_kappa0.02,1,active,100,10.929503873401604,76.025902066784582,12.645383873401604,77.023132450027674
fixed_duration,theta0.35_kappa0.02,1,full_information,100,15.474773572120965,87.399904286150814,17.332833572120965,88.729087383709626
fixed_duration,theta0.35_kappa0.02,1,independent,100,9.021508524728123,86.294511150000673,10.973208524728122,87.119697182641673
fixed_duration,theta0.35_kappa0.02,1,myopic,100,7.0899085256161216,54.086045358748912,8.2433285256161213,56.431613346348335
fixed_duration,theta0.35_kappa0.02,1,noinfo,100,9.7167286946601834,82.148876151869771,11.507208694660182,83.212979818460823
fixed_duration,theta0.35_kappa0.02,1,taker,100,2.8538008979690286,85.320093885705958,4.9087008979690285,85.358384826716843
fixed_duration,theta0.35_kappa0.02,2,abstain,100,0,0,0,0
fixed_duration,theta0.35_kappa0.02,2,active,100,9.2230528341779845,89.319706004730733,10.895552834177984,89.72341920031198
fixed_duration,theta0.35_kappa0.02,2,full_information,100,14.800127271226279,96.238043487488142,16.697647271226277,96.272017342922439
fixed_duration,theta0.35_kappa0.02,2,independent,100,7.3336725219457772,95.017451120743289,9.2683525219457774,95.163476002366295
fixed_duration,theta0.35_kappa0.02,2,myopic,100,6.8276730970481223,51.752186929235059,8.0502330970481211,53.637316174384878
fixed_duration,theta0.35_kappa0.02,2,noinfo,100,8.5075874301439107,102.76721110795908,10.316767430143909,102.61666888680058
fixed_duration,theta0.35_kappa0.02,2,taker,100,2.2237028556348393,85.979644075158319,4.2518828556348396,86.817410078225862
fixed_duration,theta0.35_kappa0.02,3,abstain,100,0,0,0,0
fixed_duration,theta0.35_kappa0.02,3,active,100,10.557132720504846,65.864388274715793,12.263992720504845,66.420192133059615
fixed_duration,theta0.35_kappa0.02,3,full_information,100,15.565576809835395,78.952745802835423,17.442616809835396,81.220004529523678
fixed_duration,theta0.35_kappa0.02,3,independent,100,8.17411632904542,87.245951640732613,10.087336329045421,87.548425861113316
fixed_duration,theta0.35_kappa0.02,3,myopic,100,8.7122604015291625,51.096614572349146,9.9933204015291626,55.43556588359121
fixed_duration,theta0.35_kappa0.02,3,noinfo,100,10.284851067966592,73.246109558332591,12.092251067966593,74.24589410958508
fixed_duration,theta0.35_kappa0.02,3,taker,100,3.5009654505530814,87.280466081779309,5.5706454505530818,87.912061633074657
fixed_duration,theta0.35_kappa0.02,4,abstain,100,0,0,0,0
fixed_duration,theta0.35_kappa0.02,4,active,100,10.34988811672229,79.057500006353308,12.068688116722292,79.617965486906073
fixed_duration,theta0.35_kappa0.02,4,full_information,100,15.506207707947929,68.858654463737793,17.360467707947929,69.422185008279683
fixed_duration,theta0.35_kappa0.02,4,independent,100,7.6077197907679555,86.300197640066656,9.5548797907679557,86.676539092058746
fixed_duration,theta0.35_kappa0.02,4,myopic,100,7.4348860756945605,57.862241339461157,8.5795060756945585,59.862274383592727
fixed_duration,theta0.35_kappa0.02,4,noinfo,100,9.9343660808332537,85.174773266962788,11.743706080833254,85.831689773215459
fixed_duration,theta0.35_kappa0.02,4,taker,100,2.1179592396436298,111.38214161083695,4.1847392396436298,111.75814647045823
fixed_duration,theta0.35_kappa0.02,5,abstain,100,0,0,0,0
fixed_duration,theta0.35_kappa0.02,5,active,100,10.179013427567039,79.667581065196856,11.877593427567041,81.403669866150153
fixed_duration,theta0.35_kappa0.02,5,full_information,100,15.261632250762101,86.22595425739857,17.197312250762103,88.498376784845064
fixed_duration,theta0.35_kappa0.02,5,independent,100,7.4545064714262921,83.435325318227882,9.4032464714262929,84.736174139186488
fixed_duration,theta0.35_kappa0.02,5,myopic,100,6.9633527924034153,54.488057987502671,8.0603527924034157,57.596976348530546
fixed_duration,theta0.35_kappa0.02,5,noinfo,100,9.1377878961748547,93.54361833455269,10.964687896174855,94.450740116795899
fixed_duration,theta0.35_kappa0.02,5,taker,100,3.1340975221492977,84.484650845617253,5.2229975221492975,84.894207619715132
fixed_duration,theta0.35_kappa0.02,6,abstain,100,0,0,0,0
fixed_duration,theta0.35_kappa0.02,6,active,100,12.681699791033402,78.784619965084531,14.4634797910334,80.511028115429497
fixed_duration,theta0.35_kappa0.02,6,full_information,100,16.851343844869252,108.23020275632388,18.770003844869251,109.85417559548141
fixed_duration,theta0.35_kappa0.02,6,independent,100,9.5685682592292896,98.03378527607218,11.536568259229291,98.686543577869315
fixed_duration,theta0.35_kappa0.02,6,myopic,100,9.957393882306258,68.792155601943506,11.267613882306257,73.679181537203448
fixed_duration,theta0.35_kappa0.02,6,noinfo,100,11.411874046793351,98.481271014354505,13.263774046793349,100.05792966575602
fixed_duration,theta0.35_kappa0.02,6,taker,100,3.5295900827580984,86.875104248673395,5.599010082758098,87.812999722260074
fixed_duration,theta0.35_kappa0.02,7,abstain,100,0,0,0,0
fixed_duration,theta0.35_kappa0.02,7,active,100,10.602820971825231,87.020936139132729,12.315060971825231,88.285804882940539
fixed_duration,theta0.35_kappa0.02,7,full_information,100,14.855674274707059,81.904650312445725,16.71047427470706,83.603100409343497
fixed_duration,theta0.35_kappa0.02,7,independent,100,7.4185172070470831,89.744391811748855,9.3493372070470837,90.04618194200782
fixed_duration,theta0.35_kappa0.02,7,myopic,100,6.5260515021302501,57.174090884590726,7.7228115021302504,60.096106530670397
fixed_duration,theta0.35_kappa0.02,7,noinfo,100,9.6947804876241328,93.744856738296605,11.518360487624134,94.834554978287329
fixed_duration,theta0.35_kappa0.02,7,taker,100,2.9479937662994811,94.788196503719604,5.0181537662994806,95.770622441923365
fixed_duration,theta0.35_kappa0.02,8,abstain,100,0,0,0,0
fixed_duration,theta0.35_kappa0.02,8,active,100,10.09071731276102,73.392924277640589,11.817017312761021,74.816085844129688
fixed_duration,theta0.35_kappa0.02,8,full_information,100,15.638521550250799,79.10819096249368,17.481861550250798,80.890529089715173
fixed_duration,theta0.35_kappa0.02,8,independent,100,8.2328285393160403,77.63028610558861,10.190648539316042,78.010046778974598
fixed_duration,theta0.35_kappa0.02,8,myopic,100,6.8366771088686393,54.717976182723625,8.0725371088686391,56.980050654585952
fixed_duration,theta0.35_kappa0.02,8,noinfo,100,9.5960552704807434,72.774426597416493,11.405335270480743,74.423230293571223
fixed_duration,theta0.35_kappa0.02,8,taker,100,3.847278015615939,74.306350994611705,5.9163780156159396,75.338107229400194
fixed_duration,theta0.35_kappa0.02,9,abstain,100,0,0,0,0
fixed_duration,theta0.35_kappa0.02,9,active,100,13.693128331133982,81.910403018556238,15.374508331133985,83.33549194955593
fixed_duration,theta0.35_kappa0.02,9,full_information,100,19.032120334535101,108.8725271327659,20.965000334535098,111.69869368318925
fixed_duration,theta0.35_kappa0.02,9,independent,100,11.183480256081332,111.53068110753719,13.07794025608133,112.05176881122567
fixed_duration,theta0.35_kappa0.02,9,myopic,100,8.7038303049607162,48.110347232725843,9.914770304960717,50.251805235567382
fixed_duration,theta0.35_kappa0.02,9,noinfo,100,13.129049217326807,88.914466846467874,14.877389217326808,90.19771035303954
fixed_duration,theta0.35_kappa0.02,9,taker,100,6.1568432457861046,102.59935263742382,8.2230032457861046,103.80752103218616
fixed_duration,theta0.35_kappa0.1,0,abstain,100,0,0,0,0
fixed_duration,theta0.35_kappa0.1,0,active,100,9.4962587820934647,87.847972516276442,11.107438782093464,88.965059902896598
fixed_duration,theta0.35_kappa0.1,0,full_information,100,15.605294179296447,62.962817442832161,16.998974179296447,64.520910651599195
fixed_duration,theta0.35_kappa0.1,0,independent,100,8.136180963715935,87.291739231399561,10.037840963715935,87.586032006388621
fixed_duration,theta0.35_kappa0.1,0,myopic,100,8.8847584641978141,68.742353366063952,10.299258464197814,70.80096829169554
fixed_duration,theta0.35_kappa0.1,0,noinfo,100,9.836379181123041,82.683068531065373,11.544059181123041,83.818484930853458
fixed_duration,theta0.35_kappa0.1,0,taker,100,2.2015049329587359,99.951624651769464,4.2755849329587354,100.05543184028565
fixed_duration,theta0.35_kappa0.1,1,abstain,100,0,0,0,0
fixed_duration,theta0.35_kappa0.1,1,active,100,11.339845675488951,100.17857711800987,13.024825675488948,101.25806672828787
fixed_duration,theta0.35_kappa0.1,1,full_information,100,15.830231547790707,77.15283760048527,17.287491547790705,77.883748997121373
fixed_duration,theta0.35_kappa0.1,1,independent,100,9.3976083976536042,121.12256568575323,11.369388397653603,121.14175467334844
fixed_duration,theta0.35_kappa0.1,1,myopic,100,10.075762905786346,82.053683920754381,11.598462905786345,85.416306065971412
fixed_duration,theta0.35_kappa0.1,1,noinfo,100,11.810739595274418,106.90584162013386,13.560419595274418,108.33784826190326
fixed_duration,theta0.35_kappa0.1,1,taker,100,5.0776802938688395,115.96479518824704,7.1799202938688396,117.09381421831543
fixed_duration,theta0.35_kappa0.1,2,abstain,100,0,0,0,0
fixed_duration,theta0.35_kappa0.1,2,active,100,11.669505487875474,78.114119944722702,13.293365487875473,78.716842360564868
fixed_duration,theta0.35_kappa0.1,2,full_information,100,16.663886801794966,65.319165086673252,18.063846801794966,66.924570624856727
fixed_duration,theta0.35_kappa0.1,2,independent,100,9.9588021070521222,79.040491988247936,11.886422107052121,78.984487143893162
fixed_duration,theta0.35_kappa0.1,2,myopic,100,10.71566303047676,67.370560078098038,12.18076303047676,71.121153001610622
fixed_duration,theta0.35_kappa0.1,2,noinfo,100,11.49683620849512,77.478351331468971,13.21501620849512,78.04989906218384
fixed_duration,theta0.35_kappa0.1,2,taker,100,4.1565301897787101,69.75799397982901,6.1921901897787111,69.982779755795249
fixed_duration,theta0.35_kappa0.1,3,abstain,100,0,0,0,0
fixed_duration,theta0.35_kappa0.1,3,active,100,9.9800741773194108,63.895894598339659,11.553234177319412,65.107909856271263
fixed_duration,theta0.35_kappa0.1,3,full_information,100,14.335019731464179,63.651767704659356,15.758299731464179,64.619840979211688
fixed_duration,theta0.35_kappa0.1,3,independent,100,8.3466739323523935,81.638045395156595,10.256213932352393,82.090027347998344
fixed_duration,theta0.35_kappa0.1,3,myopic,100,9.3264467460657059,76.563888002176611,10.865306746065707,78.675017740163554
fixed_duration,theta0.35_kappa0.1,3,noinfo,100,10.372813148669753,63.842764186730122,12.033933148669751,65.179739988724904
fixed_duration,theta0.35_kappa0.1,3,taker,100,2.0070070170042671,89.70160690708056,4.0385670170042678,90.625401248310581
fixed_duration,theta0.35_kappa0.1,4,abstain,100,0,0,0,0
fixed_duration,theta0.35_kappa0.1,4,active,100,10.198164403188137,54.827534545106126,11.803784403188137,56.001246964670287
fixed_duration,theta0.35_kappa0.1,4,full_information,100,15.021109420682883,59.020361012682272,16.417249420682882,61.1615382037971
fixed_duration,theta0.35_kappa0.1,4,independent,100,8.1060436738134296,58.079234460004649,10.007323673813429,58.485713163346887
fixed_duration,theta0.35_kappa0.1,4,myopic,100,9.6396986808340355,56.00323475742055,11.097478680834035,60.314723636851497
fixed_duration,theta0.35_kappa0.1,4,noinfo,100,9.936093183422102,54.015383376564763,11.625333183422102,55.662990083114799
fixed_duration,theta0.35_kappa0.1,4,taker,100,2.3649119972281643,57.594170681102952,4.4071119972281645,58.394286072886757
fixed_duration,theta0.35_kappa0.1,5,abstain,100,0,0,0,0
fixed_duration,theta0.35_kappa0.1,5,active,100,10.856572725177701,96.605786036845075,12.557292725177701,98.159843335908079
fixed_duration,theta0.35_kappa0.1,5,full_information,100,15.436491595108699,82.57589413854673,16.860711595108697,83.616211701743197
fixed_duration,theta0.35_kappa0.1,5,independent,100,8.6414992198583178,108.95661775277742,10.640519219858318,108.71576770232535
fixed_duration,theta0.35_kappa0.1,5,myopic,100,8.9027203419161829,87.96873700881946,10.430200341916182,91.417992862941077
fixed_duration,theta0.35_kappa0.1,5,noinfo,100,11.186766607847515,98.044116498680751,12.994206607847513,100.06014477203124
fixed_duration,theta0.35_kappa0.1,5,taker,100,3.7813567398151839,113.84417774636051,5.8658967398151836,114.16773528533912
fixed_duration,theta0.35_kappa0.1,6,abstain,100,0,0,0,0
fixed_duration,theta0.35_kappa0.1,6,active,100,10.425623195294511,78.078213952812632,12.034483195294513,79.661769155483498
fixed_duration,theta0.35_kappa0.1,6,full_information,100,15.582372883585247,65.561054651439491,17.014652883585246,67.148959776382455
fixed_duration,theta0.35_kappa0.1,6,independent,100,8.7570441597976014,85.668969348126566,10.680424159797601,85.826991812577802
fixed_duration,theta0.35_kappa0.1,6,myopic,100,8.8298197260128948,81.144676913849267,10.338279726012894,86.888321793733581
fixed_duration,theta0.35_kappa0.1,6,noinfo,100,10.24316746530091,77.855109717121621,11.937547465300911,79.200726305489596
fixed_duration,theta0.35_kappa0.1,6,taker,100,3.7830444131622549,90.044976910674009,5.8239044131622553,90.646881608470736
fixed_duration,theta0.35_kappa0.1,7,abstain,100,0,0,0,0
fixed_duration,theta0.35_kappa0.1,7,active,100,9.6579414746699754,81.782675246805596,11.313421474669974,83.984586636819188
fixed_duration,theta0.35_kappa0.1,7,full_information,100,14.838878671183426,78.604318975218973,16.275858671183428,80.766190305215588
fixed_duration,theta0.35_kappa0.1,7,independent,100,6.9581876731075809,102.44829764105641,8.9191876731075812,103.39604553646886
fixed_duration,theta0.35_kappa0.1,7,myopic,100,9.1126775258906658,62.93961645459801,10.651517525890664,65.717714393822163
fixed_duration,theta0.35_kappa0.1,7,noinfo,100,9.4888766964628566,86.396497081398209,11.223736696462856,88.183586343692781
fixed_duration,theta0.35_kappa0.1,7,taker,100,1.4930413608820612,105.21030128326737,3.5461413608820611,105.95408619934391
fixed_duration,theta0.35_kappa0.1,8,abstain,100,0,0,0,0
fixed_duration,theta0.35_kappa0.1,8,active,100,10.996935459934516,78.868362983338443,12.602675459934517,80.142037504216319
fixed_duration,theta0.35_kappa0.1,8,full_information,100,15.842051478015538,62.506144368519102,17.216851478015538,64.577468068474332
fixed_duration,theta0.35_kappa0.1,8,independent,100,8.4939777215391228,82.847026167553409,10.390777721539123,83.174625361600931
fixed_duration,theta0.35_kappa0.1,8,myopic,100,9.6657342777431268,70.611267041788395,11.175794277743128,74.973286049337148
fixed_duration,theta0.35_kappa0.1,8,noinfo,100,10.972634927283252,81.984590021028126,12.672534927283252,83.469150746721922
fixed_duration,theta0.35_kappa0.1,8,taker,100,4.5884455298110201,91.983269408610113,6.623265529811019,92.664807020193479
fixed_duration,theta0.35_kappa0.1,9,abstain,100,0,0,0,0
fixed_duration,theta0.35_kappa0.1,9,active,100,10.088719658966619,71.00342279285168,11.705119658966618,71.87234961919944
fixed_duration,theta0.35_kappa0.1,9,full_information,100,15.678096660485226,70.448622776464603,17.063516660485224,71.58699248082938
fixed_duration,theta0.35_kappa0.1,9,independent,100,7.1702943198476623,91.788641535226859,9.0897743198476633,92.171260776000196
fixed_duration,theta0.35_kappa0.1,9,myopic,100,9.5969898150782544,82.629451322503655,11.076849815078255,85.52364520710799
fixed_duration,theta0.35_kappa0.1,9,noinfo,100,10.32059690455954,76.064662490338179,12.027076904559539,76.795398102531138
fixed_duration,theta0.35_kappa0.1,9,taker,100,1.9078859375749604,98.760844559755967,3.9700659375749607,98.498344625441888
fixed_duration,theta0.65_kappa0.002,0,abstain,100,0,0,0,0
fixed_duration,theta0.65_kappa0.002,0,active,100,15.083104297850223,92.737676759680625,17.072164297850222,94.760111287136795
fixed_duration,theta0.65_kappa0.002,0,full_information,100,26.219634906227405,70.088125840887827,28.288494906227406,71.483080353073206
fixed_duration,theta0.65_kappa0.002,0,independent,100,9.3318974961695371,78.063322656611732,11.366797496169537,79.061432142483469
fixed_duration,theta0.65_kappa0.002,0,myopic,100,1.8568334012467329,15.738983148792464,2.1249334012467331,17.284241515212582
fixed_duration,theta0.65_kappa0.002,0,noinfo,100,5.3227051251021615,105.10420237816777,7.3864651251021618,104.58235053183662
fixed_duration,theta0.65_kappa0.002,0,taker,100,3.7867919641616474,101.29134148100074,5.850731964161648,101.28986820470458
fixed_duration,theta0.65_kappa0.002,1,abstain,100,0,0,0,0
fixed_duration,theta0.65_kappa0.002,1,active,100,14.429800613003609,110.61603006572591,16.445700613003609,111.83974948285744
fixed_duration,theta0.65_kappa0.002,1,full_information,100,26.314065090035665,102.49697038177422,28.403165090035664,104.43887160024425
fixed_duration,theta0.65_kappa0.002,1,independent,100,8.1210151544281501,119.24560542256563,10.14429515442815,119.3553609188385
fixed_duration,theta0.65_kappa0.002,1,myopic,100,1.2279534880786962,17.696400167045155,1.5212734880786962,19.088955232796792
fixed_duration,theta0.65_kappa0.002,1,noinfo,100,4.479589593996586,108.38993342316746,6.5191295939965856,108.90135589755607
fixed_duration,theta0.65_kappa0.002,1,taker,100,2.7534780269707309,103.08403025147959,4.8037180269707305,104.01900296963774
fixed_duration,theta0.65_kappa0.002,2,abstain,100,0,0,0,0
fixed_duration,theta0.65_kappa0.002,2,active,100,14.937073545242846,97.8185008614022,16.970693545242849,99.763834503475621
fixed_duration,theta0.65_kappa0.002,2,full_information,100,26.454662861847773,110.54765893330233,28.536062861847778,113.4208141422597
fixed_duration,theta0.65_kappa0.002,2,independent,100,9.6007543234183323,69.800775265256021,11.660274323418331,70.359485583418419
fixed_duration,theta0.65_kappa0.002,2,myopic,100,1.6817582944502556,13.704361207418092,1.9368182944502557,15.117328632235848
fixed_duration,theta0.65_kappa0.002,2,noinfo,100,6.2451621494411338,77.392309331860389,8.3556021494411326,77.94735748286304
fixed_duration,theta0.65_kappa0.002,2,taker,100,4.5397933617344579,78.423244084583104,6.6557733617344583,79.253010679938612
fixed_duration,theta0.65_kappa0.002,3,abstain,100,0,0,0,0
fixed_duration,theta0.65_kappa0.002,3,active,100,14.965975921866255,91.744029982084697,17.009015921866254,93.606883893073388
fixed_duration,theta0.65_kappa0.002,3,full_information,100,26.009202660616083,79.589101704035144,28.072782660616085,82.756176031884408
fixed_duration,theta0.65_kappa0.002,3,independent,100,8.66427623696047,70.042726330637876,10.650556236960469,70.769194458862856
fixed_duration,theta0.65_kappa0.002,3,myopic,100,2.2067896239414702,25.440706009188272,2.4374296239414703,28.608682209259058
fixed_duration,theta0.65_kappa0.002,3,noinfo,100,5.8711806968988673,89.490750325172868,7.9139006968988665,91.166401506827128
fixed_duration,theta0.65_kappa0.002,3,taker,100,4.619420099850597,81.46088868787794,6.6731600998505973,82.873252853361038
fixed_duration,theta0.65_kappa0.002,4,abstain,100,0,0,0,0
fixed_duration,theta0.65_kappa0.002,4,active,100,14.056497519109209,90.043908323799315,16.077057519109211,91.241268224931218
fixed_duration,theta0.65_kappa0.002,4,full_information,100,26.385111533781242,71.963087087771356,28.472471533781242,74.295147204985653
fixed_duration,theta0.65_kappa0.002,4,independent,100,9.2151031217586468,88.282595785751198,11.241083121758647,90.093186381606486
fixed_duration,theta0.65_kappa0.002,4,myopic,100,1.6460842818843462,14.397896214261444,1.9007042818843463,16.922293343309505
fixed_duration,theta0.65_kappa0.002,4,noinfo,100,5.230551550169257,98.842636740638,7.2815315501692579,99.604381225026003
fixed_duration,theta0.65_kappa0.002,4,taker,100,3.818017288352253,94.521513743932246,5.8635772883522534,95.278214955007201
fixed_duration,theta0.65_kappa0.002,5,abstain,100,0,0,0,0
fixed_duration,theta0.65_kappa0.002,5,active,100,13.365581401709568,106.87175835544006,15.380261401709566,107.76729376701428
fixed_duration,theta0.65_kappa0.002,5,full_information,100,24.841205553571807,87.122900845202466,26.858265553571808,89.141439722651938
fixed_duration,theta0.65_kappa0.002,5,independent,100,7.8801546011722179,97.460854862552111,9.9139146011722179,97.585281256381037
fixed_duration,theta0.65_kappa0.002,5,myopic,100,2.3312832184872847,18.346622138589744,2.6444432184872846,20.938621990481018
fixed_duration,theta0.65_kappa0.002,5,noinfo,100,4.9440459486034118,105.70390813548195,6.9948459486034116,106.33928806143606
fixed_duration,theta0.65_kappa0.002,5,taker,100,2.7620980489721387,99.195107085059774,4.8275980489721384,99.852067585644789
fixed_duration,theta0.65_kappa0.002,6,abstain,100,0,0,0,0
fixed_duration,theta0.65_kappa0.002,6,active,100,15.8080209506708,93.220124290420756,17.845060950670799,96.80627215407668
fixed_duration,theta0.65_kappa0.002,6,full_information,100,26.280580816314387,101.39334705773831,28.350420816314386,106.54956003275153
fixed_duration,theta0.65_kappa0.002,6,independent,100,9.8998989113533167,87.699626085883963,11.857558911353317,88.144255233156471
fixed_duration,theta0.65_kappa0.002,6,myopic,100,1.7688651873805261,20.449113732235105,2.0385251873805261,22.343910782608969
fixed_duration,theta0.65_kappa0.002,6,noinfo,100,6.1804960552073975,101.66220598919635,8.2223760552073983,102.98269884235518
fixed_duration,theta0.65_kappa0.002,6,taker,100,4.3330654536038358,85.359566120520782,6.3848254536038356,85.907010984594564
fixed_duration,theta0.65_kappa0.002,7,abstain,100,0,0,0,0
fixed_duration,theta0.65_kappa0.002,7,active,100,14.895887454454728,103.58616635929174,16.972627454454727,105.66526220757153
fixed_duration,theta0.65_kappa0.002,7,full_information,100,24.385979806609694,94.304267830893806,26.492139806609693,96.688016437266342
fixed_duration,theta0.65_kappa0.002,7,independent,100,6.8170323262261547,90.090151152151961,8.8407923262261541,89.143178645755171
fixed_duration,theta0.65_kappa0.002,7,myopic,100,1.7480827909419012,21.980961195565328,2.110682790941901,23.321607991162161
fixed_duration,theta0.65_kappa0.002,7,noinfo,100,4.8686948748355654,98.226685768117278,6.9792148748355647,99.028150358591859
fixed_duration,theta0.65_kappa0.002,7,taker,100,2.3595627742613861,97.244809392585026,4.4538627742613857,97.332940048308899
fixed_duration,theta0.65_kappa0.002,8,abstain,100,0,0,0,0
fixed_duration,theta0.65_kappa0.002,8,active,100,14.281140523491326,111.11813789118497,16.316880523491328,114.01262215403786
fixed_duration,theta0.65_kappa0.002,8,full_information,100,24.982607773371711,119.85112506327739,27.104967773371708,123.08614922749948
fixed_duration,theta0.65_kappa0.002,8,independent,100,8.2381248587721636,85.045694575358269,10.249024858772163,86.028773015920379
fixed_duration,theta0.65_kappa0.002,8,myopic,100,1.7156056052927167,23.777954342644424,1.9579056052927166,26.177817488731407
fixed_duration,theta0.65_kappa0.002,8,noinfo,100,5.0382805234584742,93.724183066453136,7.1210405234584746,94.253393462470058
fixed_duration,theta0.65_kappa0.002,8,taker,100,3.1016386574554446,75.706312670938232,5.1769786574554439,76.230481927359108
fixed_duration,theta0.65_kappa0.002,9,abstain,100,0,0,0,0
fixed_duration,theta0.65_kappa0.002,9,active,100,13.593878084265539,115.05137891853063,15.581018084265539,117.88250272057938
fixed_duration,theta0.65_kappa0.002,9,full_information,100,23.245794430601372,92.511415019213274,25.278114430601374,95.730639888447996
fixed_duration,theta0.65_kappa0.002,9,independent,100,7.9812607955502832,111.0659566973742,9.9792207955502832,112.85042105966191
fixed_duration,theta0.65_kappa0.002,9,myopic,100,1.7502360738546279,15.79569950912621,1.9905960738546278,17.766344634585089
fixed_duration,theta0.65_kappa0.002,9,noinfo,100,4.5820635880124945,93.1491051408684,6.6348835880124941,94.742748963559791
fixed_duration,theta0.65_kappa0.002,9,taker,100,3.074366229491535,80.501800042706208,5.1290262294915347,81.990747992267288
fixed_duration,theta0.65_kappa0.02,0,abstain,100,0,0,0,0
fixed_duration,theta0.65_kappa0.02,0,active,100,18.438161742087129,94.081001052712509,20.316061742087125,96.529832744382261
fixed_duration,theta0.65_kappa0.02,0,full_information,100,24.312007030638373,94.402449015792584,26.484427030638376,97.990336281411473
fixed_duration,theta0.65_kappa0.02,0,independent,100,7.2061139597523045,78.089418659131042,9.1978939597523048,77.793182007493286
fixed_duration,theta0.65_kappa0.02,0,myopic,100,10.068204475450518,68.347012120036027,11.312904475450518,75.976310544541718
fixed_duration,theta0.65_kappa0.02,0,noinfo,100,11.4064123786927,108.39306050576812,13.447632378692701,109.92689611879749
fixed_duration,theta0.65_kappa0.02,0,taker,100,1.4706060027537662,83.540973253398377,3.5275060027537664,83.172662092081751
fixed_duration,theta0.65_kappa0.02,1,abstain,100,0,0,0,0
fixed_duration,theta0.65_kappa0.02,1,active,100,17.77063041902354,84.464495476504936,19.74003041902354,87.281337660358062
fixed_duration,theta0.65_kappa0.02,1,full_information,100,23.502088349959944,97.661933554689114,25.762028349959948,100.41819500729342
fixed_duration,theta0.65_kappa0.02,1,independent,100,7.278148979637721,72.043294652671733,9.4134889796377212,73.343148358944674
fixed_duration,theta0.65_kappa0.02,1,myopic,100,10.176179368303181,60.48716534985239,11.547419368303181,67.91456391676131
fixed_duration,theta0.65_kappa0.02,1,noinfo,100,12.787228599346323,97.052711616822194,14.938948599346322,99.224821630186554
fixed_duration,theta0.65_kappa0.02,1,taker,100,2.3320693136414414,82.765419870241971,4.446849313641442,83.154866141268741
fixed_duration,theta0.65_kappa0.02,2,abstain,100,0,0,0,0
fixed_duration,theta0.65_kappa0.02,2,active,100,18.191330158310684,99.066946708387761,20.055730158310684,101.69718860802504
fixed_duration,theta0.65_kappa0.02,2,full_information,100,24.404796323813162,113.7282366423379,26.555976323813162,116.79440212705669
fixed_duration,theta0.65_kappa0.02,2,independent,100,6.6296176500626185,76.169444333752665,8.6363376500626181,76.124550001338704
fixed_duration,theta0.65_kappa0.02,2,myopic,100,9.3229177813455255,73.097616130716915,10.487557781345524,78.785538576573401
fixed_duration,theta0.65_kappa0.02,2,noinfo,100,12.614890769151343,98.129948507728784,14.660790769151342,100.04720645758815
fixed_duration,theta0.65_kappa0.02,2,taker,100,1.9960246633782968,102.23403943176967,4.0427846633782965,102.78570785259656
fixed_duration,theta0.65_kappa0.02,3,abstain,100,0,0,0,0
fixed_duration,theta0.65_kappa0.02,3,active,100,20.201729191022071,88.392139130597087,22.235209191022072,92.102139681472167
fixed_duration,theta0.65_kappa0.02,3,full_information,100,25.923186327257635,107.99967291344677,28.179966327257635,111.58065590591025
fixed_duration,theta0.65_kappa0.02,3,independent,100,9.8547189368247388,76.364452819651277,11.913558936824739,77.866359803742426
fixed_duration,theta0.65_kappa0.02,3,myopic,100,10.759495116950704,74.332565200462611,11.966175116950703,83.199648908031605
fixed_duration,theta0.65_kappa0.02,3,noinfo,100,15.001926091853528,98.493600218910203,17.118066091853528,100.74396114319802
fixed_duration,theta0.65_kappa0.02,3,taker,100,4.4291765813934232,84.639913484822728,6.5255365813934239,85.486883508859904
fixed_duration,theta0.65_kappa0.02,4,abstain,100,0,0,0,0
fixed_duration,theta0.65_kappa0.02,4,active,100,18.38295082252084,85.430025609530048,20.31445082252084,88.198515408209488
fixed_duration,theta0.65_kappa0.02,4,full_information,100,25.048976683182392,95.656578774999517,27.315076683182394,99.994509768913758
fixed_duration,theta0.65_kappa0.02,4,independent,100,7.8421531210662883,79.053026213854295,9.8662331210662888,79.75592716115375
fixed_duration,theta0.65_kappa0.02,4,myopic,100,9.7258076537750338,62.997512633024336,11.162107653775033,69.376230575062777
fixed_duration,theta0.65_kappa0.02,4,noinfo,100,14.102295868373419,97.294921671464934,16.181695868373421,98.828133209333259
fixed_duration,theta0.65_kappa0.02,4,taker,100,4.1001260895771763,81.985015584194045,6.1300660895771761,82.269064576756193
fixed_duration,theta0.65_kappa0.02,5,abstain,100,0,0,0,0
fixed_duration,theta0.65_kappa0.02,5,active,100,19.117761328970047,75.977011950954179,20.99006132897005,78.34901277600764
fixed_duration,theta0.65_kappa0.02,5,full_information,100,25.236724335666391,81.234814754521707,27.420624335666389,82.917943337255963
fixed_duration,theta0.65_kappa0.02,5,independent,100,9.2889865558001468,78.991282646261311,11.304646555800147,79.952515688160005
fixed_duration,theta0.65_kappa0.02,5,myopic,100,9.678309079311612,63.934462589981123,10.957669079311611,70.466395543043902
fixed_duration,theta0.65_kappa0.02,5,noinfo,100,14.946443111539891,105.74343445228773,17.004743111539891,108.14961480768635
fixed_duration,theta0.65_kappa0.02,5,taker,100,4.4392314687552155,92.956677481531074,6.5132514687552154,94.616666314178318
fixed_duration,theta0.65_kappa0.02,6,abstain,100,0,0,0,0
fixed_duration,theta0.65_kappa0.02,6,active,100,19.332131276635447,77.417513832133452,21.307971276635445,78.895870779152631
fixed_duration,theta0.65_kappa0.02,6,full_information,100,26.226405428578687,100.05784834926716,28.489905428578691,102.53000661336294
fixed_duration,theta0.65_kappa0.02,6,independent,100,9.8376198326321216,88.975519593144298,11.92009983263212,88.676975782678838
fixed_duration,theta0.65_kappa0.02,6,myopic,100,8.8873870888873387,68.538529654443508,10.13524708888734,72.391449902703172
fixed_duration,theta0.65_kappa0.02,6,noinfo,100,15.616835190171285,112.29152036859246,17.776855190171283,113.89113530481283
fixed_duration,theta0.65_kappa0.02,6,taker,100,5.7933786834095464,110.35342389905242,7.9125386834095455,110.35070657871647
fixed_duration,theta0.65_kappa0.02,7,abstain,100,0,0,0,0
fixed_duration,theta0.65_kappa0.02,7,active,100,20.203501406621058,109.78631982275684,22.109001406621061,112.78178115540997
fixed_duration,theta0.65_kappa0.02,7,full_information,100,27.666104419945359,100.43958588039388,29.854464419945359,103.78902767156444
fixed_duration,theta0.65_kappa0.02,7,independent,100,9.6883041175899116,111.74814947027654,11.744024117589911,112.20870886536389
fixed_duration,theta0.65_kappa0.02,7,myopic,100,10.090675764145887,53.672158091404313,11.346095764145886,57.877591981265304
fixed_duration,theta0.65_kappa0.02,7,noinfo,100,15.87044332876671,140.69712141287138,17.871923328766712,143.15250376005309
fixed_duration,theta0.65_kappa0.02,7,taker,100,5.6308812111849793,118.66882178262939,7.6575212111849797,120.18116661050821
fixed_duration,theta0.65_kappa0.02,8,abstain,100,0,0,0,0
fixed_duration,theta0.65_kappa0.02,8,active,100,18.355529829989099,74.897777435946793,20.2274898299891,77.09670576963579
fixed_duration,theta0.65_kappa0.02,8,full_information,100,24.020430191255421,81.600722802271406,26.159890191255421,83.628404105472484
fixed_duration,theta0.65_kappa0.02,8,independent,100,6.0165393501725619,73.633162293830907,8.0023993501725617,74.6089505824757
fixed_duration,theta0.65_kappa0.02,8,myopic,100,10.629837337720344,81.724205159489443,11.988417337720346,87.552405423153061
fixed_duration,theta0.65_kappa0.02,8,noinfo,100,12.050974638627276,96.473643335221709,14.099254638627276,98.647788077280495
fixed_duration,theta0.65_kappa0.02,8,taker,100,1.5228256155162903,67.965126533774168,3.5634256155162904,67.994019756829843
fixed_duration,theta0.65_kappa0.02,9,abstain,100,0,0,0,0
fixed_duration,theta0.65_kappa0.02,9,active,100,20.113291460079054,84.474527411797382,21.967451460079051,86.328153894281883
fixed_duration,theta0.65_kappa0.02,9,full_information,100,26.042424294254793,99.852973078416824,28.183444294254791,102.28326700900466
fixed_duration,theta0.65_kappa0.02,9,independent,100,8.8874848964890241,100.09702917879153,10.822084896489025,101.26209991614398
fixed_duration,theta0.65_kappa0.02,9,myopic,100,9.192565055970551,70.741070879698469,10.381425055970549,76.538307955029424
fixed_duration,theta0.65_kappa0.02,9,noinfo,100,15.123493969845372,116.66134386241316,17.114253969845368,118.66211940191253
fixed_duration,theta0.65_kappa0.02,9,taker,100,4.2885989046367801,101.41092889131467,6.2995989046367802,101.62827846001066
fixed_duration,theta0.65_kappa0.1,0,abstain,100,0,0,0,0
fixed_duration,theta0.65_kappa0.1,0,active,100,17.616077985689518,86.72856448178355,19.352777985689521,90.242725855168814
fixed_duration,theta0.65_kappa0.1,0,full_information,100,24.671578044805337,99.279517643923157,26.585178044805339,103.0460644654558
fixed_duration,theta0.65_kappa0.1,0,independent,100,8.8320179295953576,99.981311804147296,10.856037929595356,99.033359422744397
fixed_duration,theta0.65_kappa0.1,0,myopic,100,15.699224206706546,77.067455210963786,17.441164206706546,82.3336846783114
fixed_duration,theta0.65_kappa0.1,0,noinfo,100,17.055718910627299,107.34475577685751,19.090158910627299,110.53161733816586
fixed_duration,theta0.65_kappa0.1,0,taker,100,3.3671424940364303,96.985804520133485,5.4481224940364301,97.879827489594689
fixed_duration,theta0.65_kappa0.1,1,abstain,100,0,0,0,0
fixed_duration,theta0.65_kappa0.1,1,active,100,19.442161512211545,78.978000522299965,21.177861512211543,82.155048907623097
fixed_duration,theta0.65_kappa0.1,1,full_information,100,27.241690535718316,77.475588005135805,29.164410535718318,80.376910609544296
fixed_duration,theta0.65_kappa0.1,1,independent,100,9.8068488204137072,91.330144291010569,11.810848820413707,92.568942639620531
fixed_duration,theta0.65_kappa0.1,1,myopic,100,17.570370714427479,71.425489765231958,19.423750714427477,77.153497755949488
fixed_duration,theta0.65_kappa0.1,1,noinfo,100,19.277042906082517,89.109809681223624,21.315282906082516,91.605261958746084
fixed_duration,theta0.65_kappa0.1,1,taker,100,4.2464516081449526,97.941200877365375,6.2942916081449525,99.361131776188131
fixed_duration,theta0.65_kappa0.1,2,abstain,100,0,0,0,0
fixed_duration,theta0.65_kappa0.1,2,active,100,18.012197004533405,78.400933593599859,19.728157004533408,81.633758422800454
fixed_duration,theta0.65_kappa0.1,2,full_information,100,24.624204820124433,83.512043425447757,26.481944820124433,87.354609759104576
fixed_duration,theta0.65_kappa0.1,2,independent,100,8.807389090893011,98.670555836662601,10.818649090893011,99.536204142178406
fixed_duration,theta0.65_kappa0.1,2,myopic,100,14.782907898492194,69.442473186854443,16.498447898492191,73.872534833315029
fixed_duration,theta0.65_kappa0.1,2,noinfo,100,18.688872073018917,101.96551514870293,20.705012073018921,106.59475668149109
fixed_duration,theta0.65_kappa0.1,2,taker,100,5.0322288448010823,95.950234152371266,7.1163488448010819,97.386370758079437
fixed_duration,theta0.65_kappa0.1,3,abstain,100,0,0,0,0
fixed_duration,theta0.65_kappa0.1,3,active,100,15.593752867456764,74.399422205253487,17.270192867456764,76.98940299175193
fixed_duration,theta0.65_kappa0.1,3,full_information,100,23.274585658408586,69.267410469948189,25.171305658408581,73.259286846569992
fixed_duration,theta0.65_kappa0.1,3,independent,100,6.8033843902647835,102.02971180571649,8.7885843902647824,102.96758365872935
fixed_duration,theta0.65_kappa0.1,3,myopic,100,14.388116007196521,73.381613575006654,16.183216007196521,77.0123085274369
fixed_duration,theta0.65_kappa0.1,3,noinfo,100,15.580214857072917,84.147900699611185,17.532694857072919,86.685143250240529
fixed_duration,theta0.65_kappa0.1,3,taker,100,2.0060692131496602,105.31602796271721,4.0739492131496604,105.98581029596683
fixed_duration,theta0.65_kappa0.1,4,abstain,100,0,0,0,0
fixed_duration,theta0.65_kappa0.1,4,active,100,17.88032891373679,86.988302031338677,19.628408913736788,90.132612676411142
fixed_duration,theta0.65_kappa0.1,4,full_information,100,25.277672278892449,89.673859655051203,27.142352278892449,93.978992988776582
fixed_duration,theta0.65_kappa0.1,4,independent,100,8.1819016796035715,86.930096980400251,10.220101679603571,86.488056516237037
fixed_duration,theta0.65_kappa0.1,4,myopic,100,15.997250702477288,70.577203913175325,17.767010702477286,74.570333919248228
fixed_duration,theta0.65_kappa0.1,4,noinfo,100,18.273384171836202,104.9403722080215,20.319224171836204,107.01431657076925
fixed_duration,theta0.65_kappa0.1,4,taker,100,5.2189480906836252,97.301251002713911,7.2797680906836248,97.19775561604618
fixed_duration,theta0.65_kappa0.1,5,abstain,100,0,0,0,0
fixed_duration,theta0.65_kappa0.1,5,active,100,15.188808957531624,56.627525480511309,16.837848957531623,58.122020153257139
fixed_duration,theta0.65_kappa0.1,5,full_information,100,23.301063587418675,61.23728395547608,25.137303587418675,62.96542582233409
fixed_duration,theta0.65_kappa0.1,5,independent,100,6.3900482129602914,79.931317353341882,8.3741882129602914,79.933968404307635
fixed_duration,theta0.65_kappa0.1,5,myopic,100,15.560525863433394,72.001272103504817,17.371005863433396,76.273902336356102
fixed_duration,theta0.65_kappa0.1,5,noinfo,100,15.051597607001236,73.772777275383575,17.008237607001234,75.839772281804272
fixed_duration,theta0.65_kappa0.1,5,taker,100,1.2466959301443929,86.334124056245784,3.297075930144393,86.391803324412408
fixed_duration,theta0.65_kappa0.1,6,abstain,100,0,0,0,0
fixed_duration,theta0.65_kappa0.1,6,active,100,17.591948876444292,72.440694736837543,19.337008876444294,74.300962470891008
fixed_duration,theta0.65_kappa0.1,6,full_information,100,24.745705667012359,85.911407790735893,26.677405667012358,88.93832513368838
fixed_duration,theta0.65_kappa0.1,6,independent,100,7.6143430264393421,111.45234744857227,9.6363430264393415,110.68510717460677
fixed_duration,theta0.65_kappa0.1,6,myopic,100,16.062777073705075,77.750197971757203,17.952217073705075,83.503023174276223
fixed_duration,theta0.65_kappa0.1,6,noinfo,100,17.37324112289598,99.832518202270208,19.406501122895982,101.81777613429355
fixed_duration,theta0.65_kappa0.1,6,taker,100,3.0811516426832957,117.03338425294559,5.1249516426832953,117.248485332467
fixed_duration,theta0.65_kappa0.1,7,abstain,100,0,0,0,0
fixed_duration,theta0.65_kappa0.1,7,active,100,17.824996375323146,60.711843881282263,19.582016375323143,62.970319301666898
fixed_duration,theta0.65_kappa0.1,7,full_information,100,26.386716696274625,71.88549069083065,28.279176696274625,75.130400760332861
fixed_duration,theta0.65_kappa0.1,7,independent,100,7.4904674878706734,71.035388902536113,9.4455274878706739,70.77944773851857
fixed_duration,theta0.65_kappa0.1,7,myopic,100,17.327973946193122,74.210538297729244,19.21589394619312,79.542072488043488
fixed_duration,theta0.65_kappa0.1,7,noinfo,100,17.663260590322608,75.093476626629254,19.64368059032261,78.218974835514189
fixed_duration,theta0.65_kappa0.1,7,taker,100,3.6175555882573054,82.119210770532888,5.674995588257306,83.024716316484927
fixed_duration,theta0.65_kappa0.1,8,abstain,100,0,0,0,0
fixed_duration,theta0.65_kappa0.1,8,active,100,18.725562384032088,88.503690101857572,20.413162384032088,91.365536754914203
fixed_duration,theta0.65_kappa0.1,8,full_information,100,25.209623682523798,85.71032890223087,27.063043682523798,88.54251627868436
fixed_duration,theta0.65_kappa0.1,8,independent,100,8.2363504383021215,83.592693816547978,10.212770438302122,83.971522788918676
fixed_duration,theta0.65_kappa0.1,8,myopic,100,16.444735738091293,75.334139369256036,18.257835738091291,79.122430929404686
fixed_duration,theta0.65_kappa0.1,8,noinfo,100,18.611193485510061,103.19531958615961,20.553293485510057,105.40606535346915
fixed_duration,theta0.65_kappa0.1,8,taker,100,3.0568278236036317,93.149728078443985,5.0945278236036309,94.138916178034833
fixed_duration,theta0.65_kappa0.1,9,abstain,100,0,0,0,0
fixed_duration,theta0.65_kappa0.1,9,active,100,17.779594562596134,69.998784782663108,19.502134562596133,72.193934264128401
fixed_duration,theta0.65_kappa0.1,9,full_information,100,25.161667558574212,79.088320552058178,27.04404755857421,81.529871326286269
fixed_duration,theta0.65_kappa0.1,9,independent,100,8.0532468766874619,106.18456312737021,10.049526876687462,106.20815601101023
fixed_duration,theta0.65_kappa0.1,9,myopic,100,15.997306587704029,85.974663180460993,17.846786587704031,90.075324693909522
fixed_duration,theta0.65_kappa0.1,9,noinfo,100,17.736749552597942,91.830517145133854,19.717789552597942,94.077138716850484
fixed_duration,theta0.65_kappa0.1,9,taker,100,3.612340195190638,99.365617884624186,5.6254201951906389,100.65329448617494
nominal,theta0.15_kappa0.002,0,abstain,100,0,0,0,0
nominal,theta0.15_kappa0.002,0,active,100,9.6067862719302113,96.182446536671321,11.249006271930211,93.193559771699142
nominal,theta0.15_kappa0.002,0,full_information,100,10.561710826879974,96.118259996921822,12.105170826879974,93.693276467334357
nominal,theta0.15_kappa0.002,0,independent,100,7.9876054984018898,108.72988560831662,9.8782454984018901,108.14677360258786
nominal,theta0.15_kappa0.002,0,myopic,100,6.4728909851716061,114.42869879638504,8.0163309851716065,128.22983916473791
nominal,theta0.15_kappa0.002,0,noinfo,100,9.7051600492551824,98.467150959891782,11.373860049255182,95.271348100020745
nominal,theta0.15_kappa0.002,0,taker,100,4.4846427264190218,109.74427294542889,6.6159227264190212,109.91231775586826
nominal,theta0.15_kappa0.002,1,abstain,100,0,0,0,0
nominal,theta0.15_kappa0.002,1,active,100,8.5890331093334211,116.88115056757148,10.209393109333419,115.09716052129997
nominal,theta0.15_kappa0.002,1,full_information,100,8.7664766890908954,112.5430514926545,10.293616689090895,111.19591744880978
nominal,theta0.15_kappa0.002,1,independent,100,6.3315450311229098,139.32605419549586,8.2459050311229092,140.40816485094072
nominal,theta0.15_kappa0.002,1,myopic,100,6.1470173719524777,129.70842394781613,7.7905973719524786,145.96135455461342
nominal,theta0.15_kappa0.002,1,noinfo,100,8.5396216710976542,118.08605232500919,10.174001671097653,116.04034129056508
nominal,theta0.15_kappa0.002,1,taker,100,2.5617553386036409,122.34696446122092,4.6081553386036411,123.17776195631487
nominal,theta0.15_kappa0.002,2,abstain,100,0,0,0,0
nominal,theta0.15_kappa0.002,2,active,100,8.4396856861932914,114.71211516254567,10.138465686193291,112.07557507108311
nominal,theta0.15_kappa0.002,2,full_information,100,9.3226954109017814,106.37383187611717,10.919175410901783,104.66160925095575
nominal,theta0.15_kappa0.002,2,independent,100,7.4827968022203581,122.08294053613051,9.4767768022203587,121.89468621568258
nominal,theta0.15_kappa0.002,2,myopic,100,8.0989495630691248,130.754329763182,9.8380695630691246,147.10776759743922
nominal,theta0.15_kappa0.002,2,noinfo,100,8.3755282978473407,113.86645123694753,10.106568297847341,110.97744574929128
nominal,theta0.15_kappa0.002,2,taker,100,1.1789087738258324,88.035007506393583,3.2483487738258323,87.946144449502739
nominal,theta0.15_kappa0.002,3,abstain,100,0,0,0,0
nominal,theta0.15_kappa0.002,3,active,100,9.7143493757342902,96.394200859387581,11.355089375734289,93.908026189255736
nominal,theta0.15_kappa0.002,3,full_information,100,10.404553496980011,84.500719519981132,11.951613496980013,82.723154899068021
nominal,theta0.15_kappa0.002,3,independent,100,9.1471814186919502,103.22389819017057,11.090041418691952,102.77934670950803
nominal,theta0.15_kappa0.002,3,myopic,100,8.2064992239426182,112.71930147823031,9.9379192239426182,130.4585645253128
nominal,theta0.15_kappa0.002,3,noinfo,100,9.6380148121440143,95.132950972019628,11.301254812144016,92.67346405208157
nominal,theta0.15_kappa0.002,3,taker,100,4.5209331626349822,83.959720626755256,6.620413162634982,84.354407778066459
nominal,theta0.15_kappa0.002,4,abstain,100,0,0,0,0
nominal,theta0.15_kappa0.002,4,active,100,9.7563481829492265,97.578674357939249,11.321188182949227,95.440461054514572
nominal,theta0.15_kappa0.002,4,full_information,100,10.115834374319956,97.089656984517589,11.603494374319956,95.394129226416069
nominal,theta0.15_kappa0.002,4,independent,100,9.0711992926901335,118.54031710049871,10.972959292690135,119.57662683983196
nominal,theta0.15_kappa0.002,4,myopic,100,7.8088153989795499,81.994301154493385,9.5996553989795501,96.381284138510708
nominal,theta0.15_kappa0.002,4,noinfo,100,9.8738577157280911,103.72789672965207,11.474857715728092,101.85484789081183
nominal,theta0.15_kappa0.002,4,taker,100,2.9444438008302209,109.53821899590757,4.9682238008302209,110.68635492510323
nominal,theta0.15_kappa0.002,5,abstain,100,0,0,0,0
nominal,theta0.15_kappa0.002,5,active,100,9.2529027085112592,75.490854040776625,10.869542708511259,73.149396678260445
nominal,theta0.15_kappa0.002,5,full_information,100,9.4224855407316905,69.796656378271081,10.945165540731692,67.774284024328466
nominal,theta0.15_kappa0.002,5,independent,100,8.5050070652204219,103.05550156348842,10.39596706522042,102.45300318221229
nominal,theta0.15_kappa0.002,5,myopic,100,7.199382795407347,100.50416425683699,8.8702227954073471,114.68099629639819
nominal,theta0.15_kappa0.002,5,noinfo,100,9.0919686781494367,79.513922382122686,10.735068678149437,77.101131420980565
nominal,theta0.15_kappa0.002,5,taker,100,3.1302190147670319,81.286606321020301,5.2360390147670319,80.664512635368496
nominal,theta0.15_kappa0.002,6,abstain,100,0,0,0,0
nominal,theta0.15_kappa0.002,6,active,100,10.867646821991901,92.815474791188166,12.465486821991899,90.820975179174255
nominal,theta0.15_kappa0.002,6,full_information,100,11.248955894104519,85.855801340206654,12.746275894104521,84.406458236975851
nominal,theta0.15_kappa0.002,6,independent,100,10.227986747115875,118.82139001456639,12.153286747115875,119.39629191721973
nominal,theta0.15_kappa0.002,6,myopic,100,8.2032520846301882,145.09059392769052,10.076952084630188,162.19575213772137
nominal,theta0.15_kappa0.002,6,noinfo,100,10.791923655013488,95.187074562356827,12.405523655013489,93.068796418327693
nominal,theta0.15_kappa0.002,6,taker,100,4.2220877447089293,107.16576612026478,6.2830677447089291,108.35929944763231
nominal,theta0.15_kappa0.002,7,abstain,100,0,0,0,0
nominal,theta0.15_kappa0.002,7,active,100,9.3061896905274128,89.779787198629478,10.944589690527414,88.728371562005961
nominal,theta0.15_kappa0.002,7,full_information,100,10.1643085368153,86.852554540467565,11.745448536815299,85.43332734863003
nominal,theta0.15_kappa0.002,7,independent,100,8.6493413745768368,93.559074590494589,10.561261374576837,94.798587180644589
nominal,theta0.15_kappa0.002,7,myopic,100,6.951710792139834,149.68592818139976,8.5869307921398335,169.69149165597264
nominal,theta0.15_kappa0.002,7,noinfo,100,9.3634249362964397,93.960483110996321,11.03664493629644,92.562741682206436
nominal,theta0.15_kappa0.002,7,taker,100,3.8065856469319419,91.761510264265326,5.9274256469319422,91.992069858449369
nominal,theta0.15_kappa0.002,8,abstain,100,0,0,0,0
nominal,theta0.15_kappa0.002,8,active,100,9.0513142393316386,95.483571336249554,10.671174239331638,94.549587449445966
nominal,theta0.15_kappa0.002,8,full_information,100,9.8317109581098823,82.142909693443258,11.391250958109881,81.253574350344181
nominal,theta0.15_kappa0.002,8,independent,100,8.4384030658364697,109.38938290215329,10.33954306583647,110.06565346000301
nominal,theta0.15_kappa0.002,8,myopic,100,5.6115692061810867,98.666473084792273,7.2289692061810866,110.2208744074313
nominal,theta0.15_kappa0.002,8,noinfo,100,8.852474126180951,93.882585986777784,10.501094126180952,93.126990774237612
nominal,theta0.15_kappa0.002,8,taker,100,2.9993579207478649,64.092660781873491,5.0336179207478651,64.397039652254605
nominal,theta0.15_kappa0.002,9,abstain,100,0,0,0,0
nominal,theta0.15_kappa0.002,9,active,100,7.6201148963709366,99.87404997028095,9.3270748963709362,97.30414399251039
nominal,theta0.15_kappa0.002,9,full_information,100,8.2353876574136535,88.924680440997051,9.8200076574136528,86.588149201605006
nominal,theta0.15_kappa0.002,9,independent,100,6.1646485061630152,130.5016232096676,8.1389485061630147,130.38417771497683
nominal,theta0.15_kappa0.002,9,myopic,100,4.625312341039459,76.982579853334087,6.1298723410394587,87.759953394383842
nominal,theta0.15_kappa0.002,9,noinfo,100,7.9026405639246908,96.825881054555964,9.6377205639246917,94.376075579300391
nominal,theta0.15_kappa0.002,9,taker,100,3.6792058310634776,90.471833293401303,5.7746858310634774,91.807097753475716
nominal,theta0.15_kappa0.02,0,abstain,100,0,0,0,0
nominal,theta0.15_kappa0.02,0,active,100,9.5844107960070382,66.003568153506791,11.184870796007038,65.623254051632017
nominal,theta0.15_kappa0.02,0,full_information,100,10.517712039791068,67.740828281787316,12.028312039791068,67.255621352034993
nominal,theta0.15_kappa0.02,0,independent,100,9.9318923171109006,77.610618685855314,11.867412317110903,77.725190882888597
nominal,theta0.15_kappa0.02,0,myopic,100,7.1194447748552969,54.621982853350382,8.6383647748552974,58.813976329844699
nominal,theta0.15_kappa0.02,0,noinfo,100,9.4833458328416178,65.944421843613071,11.087385832841619,65.519767192717396
nominal,theta0.15_kappa0.02,0,taker,100,5.4533603485064148,81.742581086142593,7.4954603485064153,81.35420039447294
nominal,theta0.15_kappa0.02,1,abstain,100,0,0,0,0
nominal,theta0.15_kappa0.02,1,active,100,10.400049708096587,77.076924278912614,11.951049708096587,77.527484034477069
nominal,theta0.15_kappa0.02,1,full_information,100,11.35600675454052,79.40089547464666,12.889606754540521,79.32664045563503
nominal,theta0.15_kappa0.02,1,independent,100,10.471203013617599,92.16418299844581,12.3063230136176,92.481080373377665
nominal,theta0.15_kappa0.02,1,myopic,100,8.451175814566307,63.877345661112223,10.025335814566308,67.81058681528252
nominal,theta0.15_kappa0.02,1,noinfo,100,10.349750403460728,73.841207622151359,11.912890403460727,74.081900857544355
nominal,theta0.15_kappa0.02,1,taker,100,3.9158225444113701,106.51801598014731,5.9685625444113706,107.30517822337367
nominal,theta0.15_kappa0.02,2,abstain,100,0,0,0,0
nominal,theta0.15_kappa0.02,2,active,100,8.1157772809166726,73.161210819065204,9.7360572809166737,73.918586318329162
nominal,theta0.15_kappa0.02,2,full_information,100,8.9046338231769884,56.278264940811113,10.436293823176991,57.178262521583527
nominal,theta0.15_kappa0.02,2,independent,100,7.8717416451034365,88.780913747215664,9.8017816451034374,89.96139396538004
nominal,theta0.15_kappa0.02,2,myopic,100,6.3574313647659935,82.95769246472689,7.9445113647659946,86.493463510243785
nominal,theta0.15_kappa0.02,2,noinfo,100,8.0150968416943442,74.11207524596459,9.6566368416943433,75.068294808671709
nominal,theta0.15_kappa0.02,2,taker,100,2.8262861645538293,74.320583332933367,4.88408616455383,75.131691563734691
nominal,theta0.15_kappa0.02,3,abstain,100,0,0,0,0
nominal,theta0.15_kappa0.02,3,active,100,8.0091966102197816,68.911150301921936,9.611596610219781,68.624371810825835
nominal,theta0.15_kappa0.02,3,full_information,100,8.963145354391834,69.362252575626101,10.513385354391833,69.363319290102496
nominal,theta0.15_kappa0.02,3,independent,100,7.9342789118015951,90.12864153456718,9.8362789118015943,90.11982401344136
nominal,theta0.15_kappa0.02,3,myopic,100,6.1739264123105135,76.317204601817025,7.7063264123105135,78.746792226943711
nominal,theta0.15_kappa0.02,3,noinfo,100,8.175114973048375,71.056286433691625,9.7825549730483754,71.046878560071846
nominal,theta0.15_kappa0.02,3,taker,100,2.6631355677743254,79.528505805593255,4.7229355677743259,79.35100672876878
nominal,theta0.15_kappa0.02,4,abstain,100,0,0,0,0
nominal,theta0.15_kappa0.02,4,active,100,8.4142016904514474,70.513992044301872,10.062521690451447,71.126046568047016
nominal,theta0.15_kappa0.02,4,full_information,100,9.7483546045613743,70.170331809052641,11.324714604561372,71.311373285837774
nominal,theta0.15_kappa0.02,4,independent,100,8.1272122167478535,83.927425055686044,10.045212216747855,84.24488270386847
nominal,theta0.15_kappa0.02,4,myopic,100,8.0704712098979492,54.997752689569687,9.6429112098979495,58.960109623814105
nominal,theta0.15_kappa0.02,4,noinfo,100,8.4451490002479197,70.435964388173275,10.093489000247921,71.115969655949414
nominal,theta0.15_kappa0.02,4,taker,100,2.6251790851239893,81.860133374108145,4.6573790851239893,82.530160770039473
nominal,theta0.15_kappa0.02,5,abstain,100,0,0,0,0
nominal,theta0.15_kappa0.02,5,active,100,8.5461438023672684,75.882314107161761,10.127063802367269,75.550581629975099
nominal,theta0.15_kappa0.02,5,full_information,100,10.115520425962259,90.011775393247987,11.632640425962258,90.652794982217145
nominal,theta0.15_kappa0.02,5,independent,100,8.7852663767372814,91.551793968369978,10.657686376737281,91.664208043979897
nominal,theta0.15_kappa0.02,5,myopic,100,5.8324070724965784,62.531646190039503,7.3125270724965787,63.20663780303866
nominal,theta0.15_kappa0.02,5,noinfo,100,8.4793546001959808,78.982413428124417,10.079374600195981,78.454019048328405
nominal,theta0.15_kappa0.02,5,taker,100,3.9712200613041047,111.95110896697815,6.0260400613041041,112.71671824239846
nominal,theta0.15_kappa0.02,6,abstain,100,0,0,0,0
nominal,theta0.15_kappa0.02,6,active,100,9.4556979431968085,75.084659963499789,11.075057943196807,75.573648547275354
nominal,theta0.15_kappa0.02,6,full_information,100,10.082070265940422,57.765513264089854,11.59759026594042,57.875511873727106
nominal,theta0.15_kappa0.02,6,independent,100,9.3265023473061106,89.097581675958708,11.243762347306109,89.564229858372059
nominal,theta0.15_kappa0.02,6,myopic,100,8.302982297096559,84.760623742735589,9.9419022970965578,87.888295172750574
nominal,theta0.15_kappa0.02,6,noinfo,100,9.6266306345850179,75.691920632068303,11.251610634585017,76.151181909926663
nominal,theta0.15_kappa0.02,6,taker,100,3.1938207861278505,75.90682427054432,5.2662007861278504,76.884906013739325
nominal,theta0.15_kappa0.02,7,abstain,100,0,0,0,0
nominal,theta0.15_kappa0.02,7,active,100,8.8795368747454315,80.998361518090462,10.499396874745432,81.349544740951174
nominal,theta0.15_kappa0.02,7,full_information,100,10.227996250687836,80.111448768041797,11.775536250687837,79.806446622239619
nominal,theta0.15_kappa0.02,7,independent,100,8.5783781994041526,89.081192015233739,10.467678199404155,89.530561061795026
nominal,theta0.15_kappa0.02,7,myopic,100,5.9734207053410504,68.825784943120269,7.5389207053410505,70.762213016036398
nominal,theta0.15_kappa0.02,7,noinfo,100,8.5737977343442147,77.043771939689833,10.198457734344213,77.517363696280114
nominal,theta0.15_kappa0.02,7,taker,100,3.3824037718078377,113.18317701728314,5.4784037718078373,114.03726755282287
nominal,theta0.15_kappa0.02,8,abstain,100,0,0,0,0
nominal,theta0.15_kappa0.02,8,active,100,9.6088025465301783,73.747567096636431,11.208362546530177,74.396493370004791
nominal,theta0.15_kappa0.02,8,full_information,100,10.512969295417545,74.813646933644847,12.041829295417545,75.020363149568936
nominal,theta0.15_kappa0.02,8,independent,100,9.6508177669597259,98.604330278517679,11.533237766959726,98.779198258900379
nominal,theta0.15_kappa0.02,8,myopic,100,6.6116243410508329,78.478607748559583,8.1890243410508337,82.40761391593594
nominal,theta0.15_kappa0.02,8,noinfo,100,9.563608114086362,71.411545980445496,11.171088114086363,72.080310929798358
nominal,theta0.15_kappa0.02,8,taker,100,4.4446233135108164,102.66858352435722,6.490383313510816,102.80879800252349
nominal,theta0.15_kappa0.02,9,abstain,100,0,0,0,0
nominal,theta0.15_kappa0.02,9,active,100,7.0706522560282998,68.849641784084824,8.7552722560282987,69.330273142237047
nominal,theta0.15_kappa0.02,9,full_information,100,7.8747873621170861,69.089850812206521,9.4969473621170852,70.160166390188991
nominal,theta0.15_kappa0.02,9,independent,100,6.2992310976559223,75.60404224191484,8.2382110976559222,76.024422910330244
nominal,theta0.15_kappa0.02,9,myopic,100,5.4468715021133711,65.550992572147479,6.8722715021133709,68.85403235553899
nominal,theta0.15_kappa0.02,9,noinfo,100,6.9372681611880855,67.602552527759954,8.6346281611880844,68.19441726938706
nominal,theta0.15_kappa0.02,9,taker,100,2.4784313614770541,78.438495798999725,4.5871113614770538,78.916854105477839
nominal,theta0.15_kappa0.1,0,abstain,100,0,0,0,0
nominal,theta0.15_kappa0.1,0,active,100,9.0475873328357643,75.006071009180516,10.794527332835765,75.257602626148554
nominal,theta0.15_kappa0.1,0,full_information,100,10.658496738372172,85.045513259338136,12.295836738372172,85.289503059663076
nominal,theta0.15_kappa0.1,0,independent,100,9.1735690431040169,84.359647767496071,11.114669043104016,84.578686466930876
nominal,theta0.15_kappa0.1,0,myopic,100,8.8368415775903379,73.513265019107365,10.323961577590337,75.313494210320968
nominal,theta0.15_kappa0.1,0,noinfo,100,9.1756538877229623,75.321919432110192,10.932473887722963,75.591261452719024
nominal,theta0.15_kappa0.1,0,taker,100,3.5095281223916626,81.049055547454458,5.5830081223916626,80.280389783580134
nominal,theta0.15_kappa0.1,1,abstain,100,0,0,0,0
nominal,theta0.15_kappa0.1,1,active,100,7.3059270714432243,61.098950331993329,8.9897270714432231,61.349854118342037
nominal,theta0.15_kappa0.1,1,full_information,100,9.8914457720350679,58.151757793274818,11.497045772035069,59.086837387885296
nominal,theta0.15_kappa0.1,1,independent,100,7.0647496495835878,68.83111976838623,8.964449649583587,68.553589471018299
nominal,theta0.15_kappa0.1,1,myopic,100,5.4050156976678361,58.965305771453757,6.7859956976678371,60.41840552468598
nominal,theta0.15_kappa0.1,1,noinfo,100,7.3614814553355776,61.148735534440526,9.053921455335578,61.375801946257262
nominal,theta0.15_kappa0.1,1,taker,100,4.0988334544736515,80.585904099334726,6.1365734544736519,81.421933181244839
nominal,theta0.15_kappa0.1,2,abstain,100,0,0,0,0
nominal,theta0.15_kappa0.1,2,active,100,8.3684813764103829,64.474621941479242,10.060741376410384,64.341487725184379
nominal,theta0.15_kappa0.1,2,full_information,100,10.171304667312908,65.624007571354028,11.752704667312907,66.40707239892113
nominal,theta0.15_kappa0.1,2,independent,100,8.4387067201995993,70.016752963223723,10.344326720199598,69.739758338185666
nominal,theta0.15_kappa0.1,2,myopic,100,7.6681274761093334,57.963660527514733,9.0496474761093335,57.313725830000976
nominal,theta0.15_kappa0.1,2,noinfo,100,8.3743454808395263,65.029603568256675,10.069185480839526,64.990091503358002
nominal,theta0.15_kappa0.1,2,taker,100,2.3221918101903762,64.192345275377477,4.3546118101903764,64.395681035115032
nominal,theta0.15_kappa0.1,3,abstain,100,0,0,0,0
nominal,theta0.15_kappa0.1,3,active,100,7.9648752043756588,88.052705546941567,9.6768952043756595,88.749239527062556
nominal,theta0.15_kappa0.1,3,full_information,100,9.2319765943053138,76.768801725594017,10.815996594305313,76.42877934754577
nominal,theta0.15_kappa0.1,3,independent,100,7.7001157095814481,104.92063387918517,9.6067157095814473,105.13187116789763
nominal,theta0.15_kappa0.1,3,myopic,100,5.8265541544394672,74.426101321216706,7.1965541544394673,74.778390460544003
nominal,theta0.15_kappa0.1,3,noinfo,100,7.9946324410237324,88.748746534116663,9.7106524410237327,89.49093716591382
nominal,theta0.15_kappa0.1,3,taker,100,3.2477168045408571,106.64719892072591,5.2933968045408566,107.33275536332584
nominal,theta0.15_kappa0.1,4,abstain,100,0,0,0,0
nominal,theta0.15_kappa0.1,4,active,100,10.45927799728495,85.337482419075357,12.144077997284951,86.598233847332182
nominal,theta0.15_kappa0.1,4,full_information,100,11.790979359281055,79.775415844750924,13.384119359281053,80.444224185450167
nominal,theta0.15_kappa0.1,4,independent,100,10.64469597567447,97.626398821377535,12.522615975674471,98.536563331046963
nominal,theta0.15_kappa0.1,4,myopic,100,8.3634273305584923,67.69431048129924,9.7339673305584942,71.165219514621569
nominal,theta0.15_kappa0.1,4,noinfo,100,10.446890770096632,84.884551274947725,12.139650770096631,86.046933758619573
nominal,theta0.15_kappa0.1,4,taker,100,5.199735445232025,100.58408636726777,7.269015445232025,101.40973686352982
nominal,theta0.15_kappa0.1,5,abstain,100,0,0,0,0
nominal,theta0.15_kappa0.1,5,active,100,9.3529928724092084,70.497834200768239,11.112312872409207,70.123707335906346
nominal,theta0.15_kappa0.1,5,full_information,100,11.00705083242287,60.684051442540678,12.613830832422869,60.68545791322542
nominal,theta0.15_kappa0.1,5,independent,100,9.3988346160636649,81.926874909035192,11.355254616063664,81.213969904120276
nominal,theta0.15_kappa0.1,5,myopic,100,7.8198107728750825,63.163983664678533,9.2209107728750812,63.46605051567235
nominal,theta0.15_kappa0.1,5,noinfo,100,9.3767198904451146,72.056199228174066,11.143359890445115,71.686584533277227
nominal,theta0.15_kappa0.1,5,taker,100,4.03081593698764,89.200346872362303,6.1270559369876398,88.789925502607986
nominal,theta0.15_kappa0.1,6,abstain,100,0,0,0,0
nominal,theta0.15_kappa0.1,6,active,100,8.8953026405511295,104.62107518787982,10.630322640551128,105.01474421765319
nominal,theta0.15_kappa0.1,6,full_information,100,10.525816452180438,116.64096382724571,12.133616452180439,117.34244200167473
nominal,theta0.15_kappa0.1,6,independent,100,9.0576320095096143,121.76209143917463,10.980992009509613,122.25979868320583
nominal,theta0.15_kappa0.1,6,myopic,100,7.3774514759151808,87.174087591115097,8.7807514759151815,86.769835215092698
nominal,theta0.15_kappa0.1,6,noinfo,100,8.9378117954793339,103.97259746454787,10.668831795479331,104.43564702950182
nominal,theta0.15_kappa0.1,6,taker,100,4.4518029075810537,129.40918384684542,6.5176229075810532,130.82784892068506
nominal,theta0.15_kappa0.1,7,abstain,100,0,0,0,0
nominal,theta0.15_kappa0.1,7,active,100,7.2852495161058046,85.135301634023818,9.0496695161058049,85.911615958184186
nominal,theta0.15_kappa0.1,7,full_information,100,8.6633350064402492,60.924081933637446,10.277595006440249,60.91821555614149
nominal,theta0.15_kappa0.1,7,independent,100,7.2020226124271582,88.671699146185574,9.1663826124271583,89.533914053058297
nominal,theta0.15_kappa0.1,7,myopic,100,5.4753383446375503,64.66721031165892,6.8948583446375507,65.185813222798046
nominal,theta0.15_kappa0.1,7,noinfo,100,7.2910808852700688,87.007034960903255,9.0589208852700693,87.832889581467569
nominal,theta0.15_kappa0.1,7,taker,100,2.8478471225170132,75.70690948129409,4.8838671225170138,76.730744247976219
nominal,theta0.15_kappa0.1,8,abstain,100,0,0,0,0
nominal,theta0.15_kappa0.1,8,active,100,8.9586313245481044,76.872243419900343,10.646311324548103,77.985085681510185
nominal,theta0.15_kappa0.1,8,full_information,100,10.953981485786416,81.268902256290204,12.555641485786417,82.182680684433237
nominal,theta0.15_kappa0.1,8,independent,100,8.8569276714741303,88.730255692188706,10.73132767147413,89.68125513131892
nominal,theta0.15_kappa0.1,8,myopic,100,6.7731506488933704,80.31466368750749,8.1479506488933708,81.492618358772276
nominal,theta0.15_kappa0.1,8,noinfo,100,8.9438798952107579,77.327861835753524,10.634399895210759,78.477105301137598
nominal,theta0.15_kappa0.1,8,taker,100,3.8199960692434183,96.917670504307083,5.8865160692434184,97.169951822932219
nominal,theta0.15_kappa0.1,9,abstain,100,0,0,0,0
nominal,theta0.15_kappa0.1,9,active,100,8.5604332882342202,96.761489219669457,10.325333288234219,97.559817925205451
nominal,theta0.15_kappa0.1,9,full_information,100,10.779633841792741,80.434039654498449,12.432113841792738,81.522927550602901
nominal,theta0.15_kappa0.1,9,independent,100,8.6407807107293415,103.47530088150384,10.582520710729343,103.74689515382276
nominal,theta0.15_kappa0.1,9,myopic,100,7.3174189595449661,64.653842702626591,8.6784789595449663,65.451911239160765
nominal,theta0.15_kappa0.1,9,noinfo,100,8.5935447098241156,97.066908022048622,10.363684709824115,97.895697195378418
nominal,theta0.15_kappa0.1,9,taker,100,3.0222928339728399,102.98622809261023,5.1276728339728406,103.5348651389139
nominal,theta0.35_kappa0.002,0,abstain,100,0,0,0,0
nominal,theta0.35_kappa0.002,0,active,100,15.535564218680998,211.29712370690694,17.414104218680997,211.30427297134682
nominal,theta0.35_kappa0.002,0,full_information,100,18.048541356462707,185.69838851809257,19.988301356462706,184.9189951082376
nominal,theta0.35_kappa0.002,0,independent,100,9.2216794011010901,242.33799638378792,11.15077940110109,243.07320399701436
nominal,theta0.35_kappa0.002,0,myopic,100,8.2917939565949847,182.15876657632995,9.2206339565949857,203.75734505081513
nominal,theta0.35_kappa0.002,0,noinfo,100,13.562662968974337,181.80606151734398,15.488022968974338,181.95186283190336
nominal,theta0.35_kappa0.002,0,taker,100,4.2272257228650316,87.506496425792335,6.2877857228650313,88.435787007176174
nominal,theta0.35_kappa0.002,1,abstain,100,0,0,0,0
nominal,theta0.35_kappa0.002,1,active,100,11.68537801099532,174.49120987850029,13.49979801099532,173.1301230366698
nominal,theta0.35_kappa0.002,1,full_information,100,14.304808042291871,156.46791728610921,16.206308042291869,155.1940422527544
nominal,theta0.35_kappa0.002,1,independent,100,6.4810944664779333,211.10837710787459,8.3936144664779349,212.70215697305468
nominal,theta0.35_kappa0.002,1,myopic,100,6.9674862738741306,112.78846529785464,7.821946273874131,130.7960549161925
nominal,theta0.35_kappa0.002,1,noinfo,100,9.8443937003705564,148.76791177631071,11.752993700370558,146.88631961306578
nominal,theta0.35_kappa0.002,1,taker,100,3.330066229869959,69.608732842800634,5.3846862298699589,70.182283719917081
nominal,theta0.35_kappa0.002,2,abstain,100,0,0,0,0
nominal,theta0.35_kappa0.002,2,active,100,16.442080223356914,219.46411928221988,18.191920223356917,218.61887071376808
nominal,theta0.35_kappa0.002,2,full_information,100,17.72569703770003,216.2871428670158,19.524677037700027,215.28025567057139
nominal,theta0.35_kappa0.002,2,independent,100,10.748666221263788,315.349303657625,12.648466221263789,316.98929079582433
nominal,theta0.35_kappa0.002,2,myopic,100,10.99915447278515,194.16981279766023,12.128874472785151,221.57850149549748
nominal,theta0.35_kappa0.002,2,noinfo,100,13.572837824419445,228.7796809258974,15.448077824419443,227.05781677878181
nominal,theta0.35_kappa0.002,2,taker,100,3.2494110839026558,115.15599074267892,5.2861110839026564,115.48174249191865
nominal,theta0.35_kappa0.002,3,abstain,100,0,0,0,0
nominal,theta0.35_kappa0.002,3,active,100,11.495338391000573,164.88645123797286,13.347438391000573,163.04774566344429
nominal,theta0.35_kappa0.002,3,full_information,100,13.967523140407417,154.73633398189034,15.901143140407418,152.2085075199287
nominal,theta0.35_kappa0.002,3,independent,100,6.0715674130132591,249.31832116736294,8.0066474130132601,249.78481807255335
nominal,theta0.35_kappa0.002,3,myopic,100,7.2295745183066833,121.09841020099951,8.2470745183066825,141.39039787924108
nominal,theta0.35_kappa0.002,3,noinfo,100,10.008276391056842,158.88598522950483,11.942596391056844,156.20198976480646
nominal,theta0.35_kappa0.002,3,taker,100,2.7909696877527437,72.804414405313679,4.871209687752744,73.731358392250399
nominal,theta0.35_kappa0.002,4,abstain,100,0,0,0,0
nominal,theta0.35_kappa0.002,4,active,100,15.617867490690021,221.9302742638321,17.392247490690021,220.79535405367267
nominal,theta0.35_kappa0.002,4,full_information,100,17.107510249580137,202.70215465419813,18.952610249580136,200.09554879588958
nominal,theta0.35_kappa0.002,4,independent,100,9.4593534708243183,269.35883409340869,11.457333470824318,269.72508554709918
nominal,theta0.35_kappa0.002,4,myopic,100,11.504589729270547,249.2912220066768,12.663449729270546,286.34094944686848
nominal,theta0.35_kappa0.002,4,noinfo,100,14.252216321032927,197.98603120738895,16.101636321032927,195.46208680420187
nominal,theta0.35_kappa0.002,4,taker,100,2.6272566611417418,103.29180373571165,4.7128766611417419,103.06572049550908
nominal,theta0.35_kappa0.002,5,abstain,100,0,0,0,0
nominal,theta0.35_kappa0.002,5,active,100,14.48626982796161,223.75628239857133,16.324949827961611,223.51564210629607
nominal,theta0.35_kappa0.002,5,full_information,100,16.52273739324669,196.14373012395626,18.447977393246688,195.59408176677749
nominal,theta0.35_kappa0.002,5,independent,100,7.7914939679389912,268.94266252525574,9.7193739679389903,267.96373517651864
nominal,theta0.35_kappa0.002,5,myopic,100,9.9213624750887508,169.55933431728357,11.003422475088751,197.0657007875746
nominal,theta0.35_kappa0.002,5,noinfo,100,12.437195958879604,203.01568051155377,14.373175958879603,202.35332458714987
nominal,theta0.35_kappa0.002,5,taker,100,2.5658765020753522,89.305743042585405,4.6176565020753522,90.437293359379922
nominal,theta0.35_kappa0.002,6,abstain,100,0,0,0,0
nominal,theta0.35_kappa0.002,6,active,100,15.909029351873599,182.4488798264149,17.677169351873598,180.58496812108092
nominal,theta0.35_kappa0.002,6,full_information,100,17.120549895294982,182.70408907738448,18.939209895294979,181.05635996257004
nominal,theta0.35_kappa0.002,6,independent,100,11.89377267555165,256.59037817832296,13.83001267555165,257.47628622592083
nominal,theta0.35_kappa0.002,6,myopic,100,8.9807882774979877,162.06240837896718,9.9924482774979886,188.91263767993007
nominal,theta0.35_kappa0.002,6,noinfo,100,14.589372448363763,197.89323713395564,16.423652448363761,196.07402495202655
nominal,theta0.35_kappa0.002,6,taker,100,5.4252633744440546,106.8156330327042,7.474003374444055,107.03170084035288
nominal,theta0.35_kappa0.002,7,abstain,100,0,0,0,0
nominal,theta0.35_kappa0.002,7,active,100,13.110123965409572,193.2738624734242,14.929403965409572,191.00123899373787
nominal,theta0.35_kappa0.002,7,full_information,100,14.963989829424815,181.21739072153665,16.855389829424816,178.09412828028161
nominal,theta0.35_kappa0.002,7,independent,100,7.2828268324490946,246.05816169956935,9.2194468324490941,246.57911696312121
nominal,theta0.35_kappa0.002,7,myopic,100,9.1176591244196405,176.96614688646812,10.049599124419641,204.38984331785082
nominal,theta0.35_kappa0.002,7,noinfo,100,11.076277992759991,188.91507060620833,12.98841799275999,186.145921815778
nominal,theta0.35_kappa0.002,7,taker,100,1.5500649978465431,89.362867179951465,3.6413249978465432,90.071511672678199
nominal,theta0.35_kappa0.002,8,abstain,100,0,0,0,0
nominal,theta0.35_kappa0.002,8,active,100,11.957920517703137,181.95076585023446,13.797460517703138,179.22932651446402
nominal,theta0.35_kappa0.002,8,full_information,100,14.06787232982156,176.17404585355766,15.991552329821559,172.35497675343464
nominal,theta0.35_kappa0.002,8,independent,100,6.108892225282764,227.84779363602021,8.0772122252827643,225.50198668137995
nominal,theta0.35_kappa0.002,8,myopic,100,7.5060441764044796,114.8411113443243,8.3969841764044801,136.05322785539155
nominal,theta0.35_kappa0.002,8,noinfo,100,10.299359107517922,158.2832535754813,12.197999107517923,155.57093273327612
nominal,theta0.35_kappa0.002,8,taker,100,2.7915985909774128,113.1058991036068,4.8879785909774123,114.05857631581124
nominal,theta0.35_kappa0.002,9,abstain,100,0,0,0,0
nominal,theta0.35_kappa0.002,9,active,100,13.139641962482976,238.10840117081057,14.913321962482975,236.4591174277312
nominal,theta0.35_kappa0.002,9,full_information,100,14.843771101975602,212.01174896975789,16.687391101975599,209.8274082545455
nominal,theta0.35_kappa0.002,9,independent,100,7.6402176224160572,274.650809150756,9.5631376224160576,275.12301155130552
nominal,theta0.35_kappa0.002,9,myopic,100,8.6782113065124218,167.31594747287375,9.6344513065124211,193.86602076476112
nominal,theta0.35_kappa0.002,9,noinfo,100,11.583192468494918,206.16869636372479,13.451632468494918,203.78753694854041
nominal,theta0.35_kappa0.002,9,taker,100,2.4427995272150609,86.122945902712303,4.4754595272150608,86.118906848116993
nominal,theta0.35_kappa0.02,0,abstain,100,0,0,0,0
nominal,theta0.35_kappa0.02,0,active,100,11.159882853332478,105.99485699592783,12.863342853332478,107.03295787431151
nominal,theta0.35_kappa0.02,0,full_information,100,15.996569523376529,106.3713412354941,17.847989523376526,106.54700980892478
nominal,theta0.35_kappa0.02,0,independent,100,8.1553484937361649,124.73097129466058,10.064768493736166,125.73616404756601
nominal,theta0.35_kappa0.02,0,myopic,100,9.0313948172778424,89.788674309982255,10.408214817277845,98.205366424711585
nominal,theta0.35_kappa0.02,0,noinfo,100,10.664828660401263,108.75721118563084,12.452128660401263,109.50763978838924
nominal,theta0.35_kappa0.02,0,taker,100,3.1338392889362221,87.043432568268443,5.1649592889362221,87.024242142994922
nominal,theta0.35_kappa0.02,1,abstain,100,0,0,0,0
nominal,theta0.35_kappa0.02,1,active,100,10.498140206183704,113.21332966957939,12.240020206183706,114.30318789552483
nominal,theta0.35_kappa0.02,1,full_information,100,14.603306058291203,116.82575146252954,16.523646058291202,117.10021561102755
nominal,theta0.35_kappa0.02,1,independent,100,7.6404770969737568,130.50688440135016,9.6040770969737572,130.95059982695648
nominal,theta0.35_kappa0.02,1,myopic,100,7.1245594102865981,60.284249103489124,8.4453794102865984,66.650187095925673
nominal,theta0.35_kappa0.02,1,noinfo,100,10.014888337302612,128.77420112685505,11.864508337302611,129.99444178592248
nominal,theta0.35_kappa0.02,1,taker,100,3.2144365158852848,117.97163255365996,5.3045565158852854,118.0851858487398
nominal,theta0.35_kappa0.02,2,abstain,100,0,0,0,0
nominal,theta0.35_kappa0.02,2,active,100,11.909234646201297,103.60304919495395,13.603354646201295,104.47020430523105
nominal,theta0.35_kappa0.02,2,full_information,100,16.155956550354286,97.792274399054008,18.038076550354287,98.299534611614106
nominal,theta0.35_kappa0.02,2,independent,100,7.7134425080783897,121.15658958397459,9.6735825080783897,121.96079069427908
nominal,theta0.35_kappa0.02,2,myopic,100,9.4549535820873167,104.28213296028227,10.700373582087316,114.24688839209252
nominal,theta0.35_kappa0.02,2,noinfo,100,11.455833028400237,100.53692685358556,13.244793028400236,101.47390653484015
nominal,theta0.35_kappa0.02,2,taker,100,3.3650468090271386,76.183309922919179,5.4357268090271385,76.866591723582047
nominal,theta0.35_kappa0.02,3,abstain,100,0,0,0,0
nominal,theta0.35_kappa0.02,3,active,100,12.611051327685946,113.58722332124485,14.318171327685947,114.77913463548899
nominal,theta0.35_kappa0.02,3,full_information,100,17.421770858605541,118.09091548311912,19.254130858605539,120.08954439052833
nominal,theta0.35_kappa0.02,3,independent,100,8.8985854465797889,125.53811097692591,10.870765446579789,126.29824615405377
nominal,theta0.35_kappa0.02,3,myopic,100,8.9209051548154612,93.454874774284775,10.317345154815461,100.58002941006409
nominal,theta0.35_kappa0.02,3,noinfo,100,11.482288822882845,113.44921528835151,13.296008822882845,114.71593131012446
nominal,theta0.35_kappa0.02,3,taker,100,3.311822606997711,117.00769058552464,5.3801426069977119,117.7535893809402
nominal,theta0.35_kappa0.02,4,abstain,100,0,0,0,0
nominal,theta0.35_kappa0.02,4,active,100,13.089851406074686,107.88043134358566,14.788991406074686,108.35343235833089
nominal,theta0.35_kappa0.02,4,full_information,100,17.435949818704159,125.3715335871418,19.29066981870416,126.94500821613839
nominal,theta0.35_kappa0.02,4,independent,100,9.1998291614540832,122.59892700258148,11.156909161454085,124.80431131074593
nominal,theta0.35_kappa0.02,4,myopic,100,9.5596728134155171,65.340482329263793,11.004892813415518,69.146656609589172
nominal,theta0.35_kappa0.02,4,noinfo,100,12.772567313327102,113.80641149296929,14.5360873133271,114.96359969699061
nominal,theta0.35_kappa0.02,4,taker,100,2.967041488914524,78.855909356179581,5.0208414889145239,79.705484045032009
nominal,theta0.35_kappa0.02,5,abstain,100,0,0,0,0
nominal,theta0.35_kappa0.02,5,active,100,12.165833967663561,97.942170041025861,13.87589396766356,98.511695013339434
nominal,theta0.35_kappa0.02,5,full_information,100,16.81121189154744,108.00392079263159,18.732011891547444,108.8779218948257
nominal,theta0.35_kappa0.02,5,independent,100,8.4977389395648508,132.62151431143386,10.531298939564852,132.69329717258537
nominal,theta0.35_kappa0.02,5,myopic,100,7.7408838408442708,93.289479959844527,9.1359438408442699,100.87689539350585
nominal,theta0.35_kappa0.02,5,noinfo,100,12.135597189959704,117.41844713150806,13.942277189959702,118.13325965228111
nominal,theta0.35_kappa0.02,5,taker,100,4.2359036898803559,98.491522511296438,6.3313236898803549,99.854031418269727
nominal,theta0.35_kappa0.02,6,abstain,100,0,0,0,0
nominal,theta0.35_kappa0.02,6,active,100,11.09778035677042,116.16603195213534,12.78428035677042,117.65115587934
nominal,theta0.35_kappa0.02,6,full_information,100,15.961003660115026,99.300261296390985,17.793143660115028,100.2955907093756
nominal,theta0.35_kappa0.02,6,independent,100,7.9107828559823563,117.8826857710915,9.7879628559823555,118.62872840840446
nominal,theta0.35_kappa0.02,6,myopic,100,8.8191747334584214,79.896406815382647,10.094294733458421,87.054532387889054
nominal,theta0.35_kappa0.02,6,noinfo,100,10.888592841414608,110.74971152787374,12.661912841414608,112.44282093211287
nominal,theta0.35_kappa0.02,6,taker,100,3.4686705846288302,86.801064381680547,5.47095058462883,86.559354206175684
nominal,theta0.35_kappa0.02,7,abstain,100,0,0,0,0
nominal,theta0.35_kappa0.02,7,active,100,14.143896893993317,126.51183210239239,15.956856893993317,128.16852284124047
nominal,theta0.35_kappa0.02,7,full_information,100,17.351629318430245,140.42954438051058,19.315809318430244,142.41995832762663
nominal,theta0.35_kappa0.02,7,independent,100,10.835246621744108,132.82137773872347,12.787846621744109,133.25902373484371
nominal,theta0.35_kappa0.02,7,myopic,100,10.884470505197257,96.88403311707323,12.248210505197257,105.14508275370802
nominal,theta0.35_kappa0.02,7,noinfo,100,12.982021063071619,123.37253994283584,14.853681063071617,124.82983196099792
nominal,theta0.35_kappa0.02,7,taker,100,3.4397515382496988,82.404478803796479,5.5647715382496985,83.500964215249525
nominal,theta0.35_kappa0.02,8,abstain,100,0,0,0,0
nominal,theta0.35_kappa0.02,8,active,100,12.518156285589122,158.07698801679203,14.24887628558912,159.76911541612736
nominal,theta0.35_kappa0.02,8,full_information,100,16.935062046642145,144.40173201581484,18.841982046642144,146.11325282890311
nominal,theta0.35_kappa0.02,8,independent,100,9.9347789862622271,157.0879427415845,11.897018986262228,157.60885873812339
nominal,theta0.35_kappa0.02,8,myopic,100,9.4507421822668132,90.747466134905508,10.842462182266813,98.309304474518584
nominal,theta0.35_kappa0.02,8,noinfo,100,12.277925008999123,151.51444968808809,14.067885008999122,152.33491436990229
nominal,theta0.35_kappa0.02,8,taker,100,4.2884568157152332,97.21511031614061,6.3605968157152333,98.189209323194973
nominal,theta0.35_kappa0.02,9,abstain,100,0,0,0,0
nominal,theta0.35_kappa0.02,9,active,100,10.921312265724406,91.761758847911949,12.679352265724408,93.076720063281556
nominal,theta0.35_kappa0.02,9,full_information,100,15.133304956287246,85.140938328047696,17.060444956287245,86.671558456608565
nominal,theta0.35_kappa0.02,9,independent,100,7.8559675750778295,110.0593573180288,9.7818075750778295,111.58800263104831
nominal,theta0.35_kappa0.02,9,myopic,100,7.9125870445256341,82.141195680011137,9.2469470445256334,91.832023160516997
nominal,theta0.35_kappa0.02,9,noinfo,100,9.7964485998661051,88.418047606527026,11.603048599866106,89.838640955169467
nominal,theta0.35_kappa0.02,9,taker,100,2.6955888585451877,115.21373650000865,4.7849088585451884,116.120051367638
nominal,theta0.35_kappa0.1,0,abstain,100,0,0,0,0
nominal,theta0.35_kappa0.1,0,active,100,9.5519042142468464,79.936034847432069,11.208984214246847,81.302569441918124
nominal,theta0.35_kappa0.1,0,full_information,100,16.46197622192657,81.481951191254439,17.921576221926571,83.378230559317188
nominal,theta0.35_kappa0.1,0,independent,100,8.9454456577014501,91.189292102369009,10.90702565770145,92.594579356214609
nominal,theta0.35_kappa0.1,0,myopic,100,7.7094582274525569,71.403174434647312,9.1292382274525572,72.705634938123708
nominal,theta0.35_kappa0.1,0,noinfo,100,9.9682120604046744,95.236955349125708,11.688152060404676,97.277912204377017
nominal,theta0.35_kappa0.1,0,taker,100,3.205584071748234,111.9537261865477,5.2573240717482337,112.40852570036949
nominal,theta0.35_kappa0.1,1,abstain,100,0,0,0,0
nominal,theta0.35_kappa0.1,1,active,100,9.9547071526749704,83.037568895959822,11.609387152674971,83.181044208451524
nominal,theta0.35_kappa0.1,1,full_information,100,16.355757104049406,76.290683287956284,17.787417104049407,77.778177933620967
nominal,theta0.35_kappa0.1,1,independent,100,9.0426573093946061,89.079410302886814,11.008957309394606,88.806424133228646
nominal,theta0.35_kappa0.1,1,myopic,100,8.6921382150695887,67.53643726740404,10.043658215069588,70.97829370169471
nominal,theta0.35_kappa0.1,1,noinfo,100,9.7215011349783556,79.48378069999363,11.467181134978354,79.722253121494532
nominal,theta0.35_kappa0.1,1,taker,100,3.9156980429120547,100.11586032156215,5.9727380429120549,99.671580735452395
nominal,theta0.35_kappa0.1,2,abstain,100,0,0,0,0
nominal,theta0.35_kappa0.1,2,active,100,7.9612199728551083,85.466474254683291,9.5953199728551084,86.790278821055509
nominal,theta0.35_kappa0.1,2,full_information,100,14.840707603645123,57.657780422877359,16.242727603645122,59.309375804768813
nominal,theta0.35_kappa0.1,2,independent,100,6.8070021573153978,105.76691112980309,8.7684621573153976,105.99107569358884
nominal,theta0.35_kappa0.1,2,myopic,100,7.420223538479787,57.220273967521663,8.8476035384797882,60.022990670589024
nominal,theta0.35_kappa0.1,2,noinfo,100,7.6547092790431881,90.87377827164643,9.3768492790431885,91.767404319987918
nominal,theta0.35_kappa0.1,2,taker,100,1.4552065101983516,79.566696620483697,3.4829065101983514,79.911276160199279
nominal,theta0.35_kappa0.1,3,abstain,100,0,0,0,0
nominal,theta0.35_kappa0.1,3,active,100,8.4727626971072869,76.945970127368724,10.040242697107287,78.123187708487009
nominal,theta0.35_kappa0.1,3,full_information,100,15.775484310291557,53.710063230399186,17.141144310291555,54.68452832892703
nominal,theta0.35_kappa0.1,3,independent,100,8.1307256915001087,80.559654970490485,10.008705691500108,80.799445163365149
nominal,theta0.35_kappa0.1,3,myopic,100,7.875741320723546,76.187921271990447,9.2470413207235467,78.6970260252576
nominal,theta0.35_kappa0.1,3,noinfo,100,8.3524289661711872,79.461799753487696,10.018248966171187,80.608825099798395
nominal,theta0.35_kappa0.1,3,taker,100,2.2524866585542771,78.736929751595014,4.2612666585542769,79.018846065623038
nominal,theta0.35_kappa0.1,4,abstain,100,0,0,0,0
nominal,theta0.35_kappa0.1,4,active,100,9.0384957274186633,85.705728800950922,10.654035727418664,88.139631532821767
nominal,theta0.35_kappa0.1,4,full_information,100,16.269476114066894,72.080298292036105,17.644236114066892,73.529189228152546
nominal,theta0.35_kappa0.1,4,independent,100,7.7524964836140295,106.07793683735939,9.6981164836140294,107.35291505539756
nominal,theta0.35_kappa0.1,4,myopic,100,7.3893473030754127,66.60233842485178,8.7207073030754128,69.440262055350814
nominal,theta0.35_kappa0.1,4,noinfo,100,8.9854691246540437,90.283062274460036,10.686749124654042,93.04217890332049
nominal,theta0.35_kappa0.1,4,taker,100,3.6176655374495357,107.61185746600044,5.6882055374495364,109.19930100656467
nominal,theta0.35_kappa0.1,5,abstain,100,0,0,0,0
nominal,theta0.35_kappa0.1,5,active,100,10.017433458598271,103.12656922838994,11.723173458598271,104.57490844785622
nominal,theta0.35_kappa0.1,5,full_information,100,17.835846607196331,79.324314533606213,19.340326607196332,81.721615851657646
nominal,theta0.35_kappa0.1,5,independent,100,8.6665592483511151,133.61630374967973,10.666099248351115,134.63650748717922
nominal,theta0.35_kappa0.1,5,myopic,100,7.301501180756568,80.012086270721255,8.7739411807565677,84.436892902012985
nominal,theta0.35_kappa0.1,5,noinfo,100,9.7746461985327588,114.28958960902361,11.573766198532757,116.00681980366433
nominal,theta0.35_kappa0.1,5,taker,100,4.5175717367347747,111.17679745036762,6.6537517367347743,111.51786087041719
nominal,theta0.35_kappa0.1,6,abstain,100,0,0,0,0
nominal,theta0.35_kappa0.1,6,active,100,9.2209416994367519,71.754178613988415,10.800521699436752,72.403726257397309
nominal,theta0.35_kappa0.1,6,full_information,100,16.069058769957095,60.345062170903731,17.440758769957096,61.909001295800074
nominal,theta0.35_kappa0.1,6,independent,100,8.5829252636285585,88.089223984099988,10.442945263628557,88.74323802866455
nominal,theta0.35_kappa0.1,6,myopic,100,8.8584935413801311,77.957730959794191,10.283093541380131,81.542056398858804
nominal,theta0.35_kappa0.1,6,noinfo,100,9.3470014179045293,66.26889499402516,11.013701417904532,67.217624407404145
nominal,theta0.35_kappa0.1,6,taker,100,3.2568838773527617,89.659539128151096,5.2801438773527618,90.383286581137924
nominal,theta0.35_kappa0.1,7,abstain,100,0,0,0,0
nominal,theta0.35_kappa0.1,7,active,100,8.9180922700661185,84.596102024434515,10.567692270066118,85.485191828890876
nominal,theta0.35_kappa0.1,7,full_information,100,15.668740407535582,79.472591656680493,17.104660407535579,81.121789524333991
nominal,theta0.35_kappa0.1,7,independent,100,7.9597426507417763,97.547634339999533,9.9303226507417772,97.900597412443034
nominal,theta0.35_kappa0.1,7,myopic,100,7.5837533769621528,61.515512927197314,8.9166933769621526,63.8314160508993
nominal,theta0.35_kappa0.1,7,noinfo,100,9.1453318656454723,91.215910581886021,10.913371865645471,92.987040195543528
nominal,theta0.35_kappa0.1,7,taker,100,3.5017973211864768,104.67269270558444,5.5958173211864768,104.13676881160151
nominal,theta0.35_kappa0.1,8,abstain,100,0,0,0,0
nominal,theta0.35_kappa0.1,8,active,100,11.256944674822005,89.623472536770791,12.971784674822004,91.215641324815692
nominal,theta0.35_kappa0.1,8,full_information,100,17.786146444984233,108.465463603958,19.27908644498423,111.57825552636854
nominal,theta0.35_kappa0.1,8,independent,100,9.9033652553304403,92.877727102092322,11.824765255330441,93.217536989956173
nominal,theta0.35_kappa0.1,8,myopic,100,9.2039271468257038,82.296358978245095,10.733767146825706,87.232092722685309
nominal,theta0.35_kappa0.1,8,noinfo,100,11.239882231787311,104.31467125937213,13.052202231787311,106.00978254386715
nominal,theta0.35_kappa0.1,8,taker,100,4.5052789283922143,100.47564698156346,6.6189389283922138,101.54325534377891
nominal,theta0.35_kappa0.1,9,abstain,100,0,0,0,0
nominal,theta0.35_kappa0.1,9,active,100,9.1554919183775709,61.515434811946626,10.776631918377573,61.592918115491564
nominal,theta0.35_kappa0.1,9,full_information,100,15.430399941839077,67.762011371486935,16.836939941839077,68.616698636621379
nominal,theta0.35_kappa0.1,9,independent,100,8.1816693584122042,69.988775739472743,10.157789358412204,69.1947892173296
nominal,theta0.35_kappa0.1,9,myopic,100,7.6882168394329424,65.908935533556985,9.1050368394329411,68.067825550519345
nominal,theta0.35_kappa0.1,9,noinfo,100,9.2450659685400325,63.231514985954732,10.934285968540031,63.322922965903203
nominal,theta0.35_kappa0.1,9,taker,100,3.2667971890062955,88.368676095419332,5.3718571890062954,88.127098310246964
nominal,theta0.65_kappa0.002,0,abstain,100,0,0,0,0
nominal,theta0.65_kappa0.002,0,active,100,22.588517758752115,499.38557843538331,24.672717758752114,505.69192779027395
nominal,theta0.65_kappa0.002,0,full_information,100,24.319341168309307,479.60222289748219,26.417921168309309,485.15774839084941
nominal,theta0.65_kappa0.002,0,independent,100,8.6965796869713223,779.50176600195766,10.777439686971322,780.39194874294742
nominal,theta0.65_kappa0.002,0,myopic,100,15.365663774162678,448.68535336759197,16.927603774162677,525.75005335987146
nominal,theta0.65_kappa0.002,0,noinfo,100,18.775157028705681,458.36470428029736,20.847437028705681,461.84565124237071
nominal,theta0.65_kappa0.002,0,taker,100,3.038719746267923,97.503500284706789,5.1219197462679231,98.504968385856571
nominal,theta0.65_kappa0.002,1,abstain,100,0,0,0,0
nominal,theta0.65_kappa0.002,1,active,100,24.397589067523363,513.44106171753185,26.481849067523363,518.3296015484525
nominal,theta0.65_kappa0.002,1,full_information,100,26.371462738392118,485.18910607194675,28.49004273839212,489.96231634015726
nominal,theta0.65_kappa0.002,1,independent,100,8.4512284745968991,717.76638730556112,10.4795484745969,717.54509985396908
nominal,theta0.65_kappa0.002,1,myopic,100,15.611717433968579,483.23642769154651,17.210937433968578,572.65323443638283
nominal,theta0.65_kappa0.002,1,noinfo,100,18.180602312852827,483.51323288044603,20.253782312852827,486.53483695953594
nominal,theta0.65_kappa0.002,1,taker,100,2.855112565821746,91.305557240582161,4.9277525658217458,92.438285123001194
nominal,theta0.65_kappa0.002,2,abstain,100,0,0,0,0
nominal,theta0.65_kappa0.002,2,active,100,23.419460782733722,478.82149341034381,25.519740782733724,482.70850787616757
nominal,theta0.65_kappa0.002,2,full_information,100,26.166723666515466,448.60711317375683,28.283703666515468,451.52429410318547
nominal,theta0.65_kappa0.002,2,independent,100,10.379541477716723,738.35026879899033,12.400781477716723,738.38112583521752
nominal,theta0.65_kappa0.002,2,myopic,100,15.32342408944254,415.87319566369763,16.85644408944254,497.15242792717987
nominal,theta0.65_kappa0.002,2,noinfo,100,18.135835757652004,434.13255853699775,20.259475757652005,435.68190447015968
nominal,theta0.65_kappa0.002,2,taker,100,4.3353465196244265,113.42605665922413,6.4333865196244266,114.12976633016301
nominal,theta0.65_kappa0.002,3,abstain,100,0,0,0,0
nominal,theta0.65_kappa0.002,3,active,100,21.957025989221492,423.53475835627114,23.960285989221493,423.76024987948017
nominal,theta0.65_kappa0.002,3,full_information,100,23.763459095341389,384.95945500170768,25.785819095341388,384.57193802800117
nominal,theta0.65_kappa0.002,3,independent,100,6.9644289197411808,682.51895381200666,8.9832689197411817,682.89590947783836
nominal,theta0.65_kappa0.002,3,myopic,100,14.045894770935963,370.90155110553661,15.540794770935964,442.14727625929714
nominal,theta0.65_kappa0.002,3,noinfo,100,16.870859305113736,369.52731592306321,18.891039305113736,370.01694120979761
nominal,theta0.65_kappa0.002,3,taker,100,2.7018525784887482,68.951160138937567,4.7775125784887482,68.857102522324624
nominal,theta0.65_kappa0.002,4,abstain,100,0,0,0,0
nominal,theta0.65_kappa0.002,4,active,100,21.953623361196041,368.04751006852672,23.996883361196041,370.40776956993494
nominal,theta0.65_kappa0.002,4,full_information,100,24.228951430170024,330.51403111830177,26.285031430170019,331.93454546059763
nominal,theta0.65_kappa0.002,4,independent,100,6.1538115777691154,627.69445980384569,8.1780115777691158,627.43297971724792
nominal,theta0.65_kappa0.002,4,myopic,100,12.107231289382675,306.66375182620794,13.524911289382676,373.643160199026
nominal,theta0.65_kappa0.002,4,noinfo,100,15.412603798432915,356.90008462927125,17.484323798432914,358.32910632402098
nominal,theta0.65_kappa0.002,4,taker,100,2.9702381815118652,85.740474798019619,5.0209981815118656,85.947045534592931
nominal,theta0.65_kappa0.002,5,abstain,100,0,0,0,0
nominal,theta0.65_kappa0.002,5,active,100,26.569880398709223,385.32936921039772,28.67696039870922,387.97295537014168
nominal,theta0.65_kappa0.002,5,full_information,100,28.689369471216274,352.89089305131893,30.829669471216274,354.93205090795675
nominal,theta0.65_kappa0.002,5,independent,100,12.641496722231206,687.27990290603168,14.658916722231206,687.60516558750976
nominal,theta0.65_kappa0.002,5,myopic,100,16.69237770764283,395.6472180440353,18.575477707642833,480.98211292727251
nominal,theta0.65_kappa0.002,5,noinfo,100,22.233803419842356,410.35084182222107,24.30888341984236,412.7228477953488
nominal,theta0.65_kappa0.002,5,taker,100,5.0831113310509197,107.26096267910523,7.1373513310509198,107.86747763746357
nominal,theta0.65_kappa0.002,6,abstain,100,0,0,0,0
nominal,theta0.65_kappa0.002,6,active,100,22.633992734724178,363.76954619374754,24.696752734724178,365.56201832699549
nominal,theta0.65_kappa0.002,6,full_information,100,24.779481270690908,353.39456139138173,26.895821270690909,355.46763680259852
nominal,theta0.65_kappa0.002,6,independent,100,8.6709116795031473,619.80148946431257,10.712291679503148,620.07508409891341
nominal,theta0.65_kappa0.002,6,myopic,100,11.381193675725068,332.62281571808177,12.529593675725069,396.58150844328969
nominal,theta0.65_kappa0.002,6,noinfo,100,16.409531086718967,373.27602092363463,18.483931086718968,374.12066652660138
nominal,theta0.65_kappa0.002,6,taker,100,5.3132848190298265,97.605167562179318,7.4149048190298261,97.852539680752088
nominal,theta0.65_kappa0.002,7,abstain,100,0,0,0,0
nominal,theta0.65_kappa0.002,7,active,100,26.231764038176106,434.65050065104901,28.334804038176106,436.06847319360634
nominal,theta0.65_kappa0.002,7,full_information,100,27.40164692259464,404.03183978121882,29.497566922594643,405.26262555598527
nominal,theta0.65_kappa0.002,7,independent,100,11.96842612928139,658.69707119797079,14.015306129281392,658.60339566276764
nominal,theta0.65_kappa0.002,7,myopic,100,15.550642435964571,448.32053159377216,17.165042435964573,530.54212732338601
nominal,theta0.65_kappa0.002,7,noinfo,100,20.353281705065797,432.52577777331294,22.420801705065795,433.26518114125082
nominal,theta0.65_kappa0.002,7,taker,100,4.446597957659578,103.21151727797104,6.5325379576595788,104.55223795438371
nominal,theta0.65_kappa0.002,8,abstain,100,0,0,0,0
nominal,theta0.65_kappa0.002,8,active,100,23.831948549552909,440.77517814979524,25.878808549552911,442.90188451091512
nominal,theta0.65_kappa0.002,8,full_information,100,26.094398859644055,431.21697674249481,28.168298859644054,434.64518025687022
nominal,theta0.65_kappa0.002,8,independent,100,9.0928370042244531,731.34400607037583,11.155217004224452,733.00315957365854
nominal,theta0.65_kappa0.002,8,myopic,100,13.880946672706363,364.11312983641716,15.307826672706362,434.07034722818076
nominal,theta0.65_kappa0.002,8,noinfo,100,18.092285480690631,407.65142947071763,20.162345480690632,408.48375877914521
nominal,theta0.65_kappa0.002,8,taker,100,2.878567275955394,98.554972659649209,4.9827472759553935,99.989025083889501
nominal,theta0.65_kappa0.002,9,abstain,100,0,0,0,0
nominal,theta0.65_kappa0.002,9,active,100,25.877224836418399,443.88939271173348,27.927444836418399,446.17517076375884
nominal,theta0.65_kappa0.002,9,full_information,100,28.032268699700172,423.74005824930924,30.095648699700174,426.32929145852171
nominal,theta0.65_kappa0.002,9,independent,100,13.06504047855981,660.71043430072177,15.06612047855981,658.79151739260283
nominal,theta0.65_kappa0.002,9,myopic,100,16.455599660127575,411.28338814311383,18.195379660127575,484.61199604673237
nominal,theta0.65_kappa0.002,9,noinfo,100,20.996861135408448,488.06213737925816,23.077581135408451,489.79516579110276
nominal,theta0.65_kappa0.002,9,taker,100,3.4777138548934192,110.84702878636037,5.5352338548934199,111.27900849026636
nominal,theta0.65_kappa0.02,0,abstain,100,0,0,0,0
nominal,theta0.65_kappa0.02,0,active,100,21.370679226449933,153.8077462824408,23.272519226449937,157.12085445427095
nominal,theta0.65_kappa0.02,0,full_information,100,26.454271929960782,145.78422503325342,28.591771929960782,148.73758930329686
nominal,theta0.65_kappa0.02,0,independent,100,9.2890976995284387,194.54018690125542,11.293917699528437,195.87156783129012
nominal,theta0.65_kappa0.02,0,myopic,100,13.077721499419209,110.30893009682239,14.495301499419208,126.79596044262544
nominal,theta0.65_kappa0.02,0,noinfo,100,17.920112411570944,150.88478828398647,19.967672411570945,154.08171008336549
nominal,theta0.65_kappa0.02,0,taker,100,2.8109684638675385,86.192347475630513,4.8968484638675385,86.628892101808589
nominal,theta0.65_kappa0.02,1,abstain,100,0,0,0,0
nominal,theta0.65_kappa0.02,1,active,100,18.660250498652829,164.94453127715903,20.618770498652829,168.832432275174
nominal,theta0.65_kappa0.02,1,full_information,100,24.961632749960575,164.25679737086955,27.164092749960577,168.34469544208616
nominal,theta0.65_kappa0.02,1,independent,100,7.2498351926853566,227.69825098197339,9.2581151926853575,228.54460594920818
nominal,theta0.65_kappa0.02,1,myopic,100,11.452472612964153,134.18521676236855,12.997052612964151,154.43150601129253
nominal,theta0.65_kappa0.02,1,noinfo,100,14.867420456117006,162.19805056953228,16.934900456117006,165.63814713116275
nominal,theta0.65_kappa0.02,1,taker,100,2.8811482045438739,80.632186627378204,4.9518482045438734,81.207116959461089
nominal,theta0.65_kappa0.02,2,abstain,100,0,0,0,0
nominal,theta0.65_kappa0.02,2,active,100,17.291620630036128,119.6910310930696,19.149700630036126,123.32198637667453
nominal,theta0.65_kappa0.02,2,full_information,100,23.6326287820559,112.49943552344429,25.760108782055898,115.728778658873
nominal,theta0.65_kappa0.02,2,independent,100,6.4565158142463908,208.20251897302006,8.44297581424639,211.44898918597883
nominal,theta0.65_kappa0.02,2,myopic,100,10.373992439729767,127.73204500421292,11.637912439729764,142.20608461051816
nominal,theta0.65_kappa0.02,2,noinfo,100,13.965321676645667,106.12199396814729,15.995661676645666,109.01281137908197
nominal,theta0.65_kappa0.02,2,taker,100,4.5596491582524497,79.366198427307751,6.6063091582524498,80.616039325744055
nominal,theta0.65_kappa0.02,3,abstain,100,0,0,0,0
nominal,theta0.65_kappa0.02,3,active,100,18.993185994339459,162.84730408676589,20.912725994339461,165.22577623121526
nominal,theta0.65_kappa0.02,3,full_information,100,24.690089707994069,158.32438434291464,26.893609707994074,162.72306437362471
nominal,theta0.65_kappa0.02,3,independent,100,6.7275795922620318,198.4972896796894,8.757699592262032,198.13379095514
nominal,theta0.65_kappa0.02,3,myopic,100,13.38562949098371,115.21649128345997,14.806729490983709,133.92038224026939
nominal,theta0.65_kappa0.02,3,noinfo,100,15.42531661607693,143.90877236767838,17.51035661607693,146.3150295489155
nominal,theta0.65_kappa0.02,3,taker,100,2.8930495728000949,91.596185453025498,4.9464295728000955,92.447312411122198
nominal,theta0.65_kappa0.02,4,abstain,100,0,0,0,0
nominal,theta0.65_kappa0.02,4,active,100,21.183158596516066,186.40268618428595,23.125018596516064,189.29846146908113
nominal,theta0.65_kappa0.02,4,full_information,100,26.58168807096542,166.37198252247074,28.799328070965416,169.43386060686791
nominal,theta0.65_kappa0.02,4,independent,100,9.3063346815676287,260.99694293247506,11.33263468156763,262.18484244069316
nominal,theta0.65_kappa0.02,4,myopic,100,12.69934639904073,149.5118024375146,14.093506399040729,170.61358274942526
nominal,theta0.65_kappa0.02,4,noinfo,100,16.870519742867419,163.98450981621002,18.967179742867422,167.04194613055154
nominal,theta0.65_kappa0.02,4,taker,100,3.9585458404123393,110.24367527873548,6.0270858404123393,111.12656985323079
nominal,theta0.65_kappa0.02,5,abstain,100,0,0,0,0
nominal,theta0.65_kappa0.02,5,active,100,20.220749205791709,148.52338246955105,22.126909205791712,150.69037224404548
nominal,theta0.65_kappa0.02,5,full_information,100,25.914975350652515,148.51231616051501,28.123595350652518,151.77785558815162
nominal,theta0.65_kappa0.02,5,independent,100,10.275906615843324,218.74432991830992,12.299106615843323,221.54887044644823
nominal,theta0.65_kappa0.02,5,myopic,100,12.735100909397975,122.47062929491452,14.258460909397975,142.61445375506565
nominal,theta0.65_kappa0.02,5,noinfo,100,17.676379164520821,152.55949808489987,19.72565916452082,154.52636380152703
nominal,theta0.65_kappa0.02,5,taker,100,5.2857687966433708,102.40677179092023,7.3646487966433707,102.37655290351235
nominal,theta0.65_kappa0.02,6,abstain,100,0,0,0,0
nominal,theta0.65_kappa0.02,6,active,100,17.889808860520827,210.52414830386914,19.791728860520827,213.13525712795831
nominal,theta0.65_kappa0.02,6,full_information,100,23.799997441038968,197.1677260946835,25.979617441038968,199.74427666968629
nominal,theta0.65_kappa0.02,6,independent,100,7.9366104840315597,261.06566379050747,9.9653904840315608,258.94008392445443
nominal,theta0.65_kappa0.02,6,myopic,100,9.8910188041263094,121.52783975817303,11.097958804126311,132.73858180060475
nominal,theta0.65_kappa0.02,6,noinfo,100,14.686296580332096,184.7503171272391,16.755216580332096,186.72648304082554
nominal,theta0.65_kappa0.02,6,taker,100,3.415786359458207,90.562700714051886,5.4610863594582062,91.199434774143455
nominal,theta0.65_kappa0.02,7,abstain,100,0,0,0,0
nominal,theta0.65_kappa0.02,7,active,100,19.675803870560674,181.20412074442356,21.619263870560676,182.48133724210368
nominal,theta0.65_kappa0.02,7,full_information,100,24.684592943307909,177.68698802677471,26.896092943307909,180.44860915722765
nominal,theta0.65_kappa0.02,7,independent,100,8.312085611391927,225.7575014415325,10.323185611391928,225.87852980668376
nominal,theta0.65_kappa0.02,7,myopic,100,12.301912179709378,145.66366900412805,13.704672179709378,168.23810051793168
nominal,theta0.65_kappa0.02,7,noinfo,100,15.867710900929778,196.2782981849405,17.95151090092978,197.71001648636221
nominal,theta0.65_kappa0.02,7,taker,100,2.4571845644009302,120.17312795943681,4.5439445644009302,119.57352416294253
nominal,theta0.65_kappa0.02,8,abstain,100,0,0,0,0
nominal,theta0.65_kappa0.02,8,active,100,18.465509729358516,185.19679482075426,20.420409729358514,189.49598503988176
nominal,theta0.65_kappa0.02,8,full_information,100,24.300585192182925,175.90478401825686,26.513085192182924,180.34776003113362
nominal,theta0.65_kappa0.02,8,independent,100,8.1249927025181776,197.70912539693359,10.170712702518177,200.06974091832834
nominal,theta0.65_kappa0.02,8,myopic,100,11.855108997265289,129.93569775348476,13.314048997265289,145.50837596074206
nominal,theta0.65_kappa0.02,8,noinfo,100,14.895189692892137,166.47003133885403,17.003089692892139,168.90204133999674
nominal,theta0.65_kappa0.02,8,taker,100,4.0509140673048778,105.55027900886131,6.1669540673048777,105.93417480555865
nominal,theta0.65_kappa0.02,9,abstain,100,0,0,0,0
nominal,theta0.65_kappa0.02,9,active,100,20.785771595900329,175.57913468641379,22.731091595900331,180.62356540776881
nominal,theta0.65_kappa0.02,9,full_information,100,26.230822289760244,156.47760162651329,28.420802289760246,160.73369133756384
nominal,theta0.65_kappa0.02,9,independent,100,9.0381705877029415,168.29027935522674,11.051090587702941,169.34129522562804
nominal,theta0.65_kappa0.02,9,myopic,100,12.580257036427334,136.08251360151004,14.090637036427333,154.39222391369032
nominal,theta0.65_kappa0.02,9,noinfo,100,18.151050999012959,153.61901362640958,20.22883099901296,157.0021555073057
nominal,theta0.65_kappa0.02,9,taker,100,2.3263601146104809,84.484989174467302,4.4231401146104812,84.780606484128867
nominal,theta0.65_kappa0.1,0,abstain,100,0,0,0,0
nominal,theta0.65_kappa0.1,0,active,100,12.041534992594549,90.124213657056586,13.71563499259455,93.355931749213667
nominal,theta0.65_kappa0.1,0,full_information,100,25.16155468735867,85.818379153436794,26.940014687358669,89.54823246384764
nominal,theta0.65_kappa0.1,0,independent,100,6.5796058642295296,113.98823679218023,8.5835258642295287,114.93771716003621
nominal,theta0.65_kappa0.1,0,myopic,100,10.474682964574601,85.993934982059116,11.919462964574603,89.610488890776196
nominal,theta0.65_kappa0.1,0,noinfo,100,11.012457344885201,103.98080582078659,12.965717344885201,108.14942574338889
nominal,theta0.65_kappa0.1,0,taker,100,1.7086780131008907,67.953765750642233,3.7407380131008909,68.479756265608358
nominal,theta0.65_kappa0.1,1,abstain,100,0,0,0,0
nominal,theta0.65_kappa0.1,1,active,100,14.847859617617296,97.339303326577124,16.553519617617297,100.52010041610691
nominal,theta0.65_kappa0.1,1,full_information,100,25.639648852072458,92.238546918808126,27.380108852072457,96.386056542185159
nominal,theta0.65_kappa0.1,1,independent,100,8.5317296591131875,139.91138787350928,10.580949659113188,139.78106256699127
nominal,theta0.65_kappa0.1,1,myopic,100,11.66360383125194,109.1401098907852,13.229443831251938,118.0343441631229
nominal,theta0.65_kappa0.1,1,noinfo,100,14.587295661277789,91.372923448136874,16.586355661277789,93.954704184139302
nominal,theta0.65_kappa0.1,1,taker,100,3.2895627497952544,70.101879276301545,5.3717827497952548,70.148499698801302
nominal,theta0.65_kappa0.1,2,abstain,100,0,0,0,0
nominal,theta0.65_kappa0.1,2,active,100,15.140913118317869,99.265200294293479,16.775473118317869,102.85495523320418
nominal,theta0.65_kappa0.1,2,full_information,100,26.2743158375369,97.514136375229086,28.047655837536901,101.320982131067
nominal,theta0.65_kappa0.1,2,independent,100,10.184969356915087,124.28665235181721,12.171669356915086,125.20398283523116
nominal,theta0.65_kappa0.1,2,myopic,100,11.323979060961261,67.056783843148423,12.761439060961258,71.060639438274904
nominal,theta0.65_kappa0.1,2,noinfo,100,13.052963794527686,97.548503281861684,14.992603794527685,100.243342094666
nominal,theta0.65_kappa0.1,2,taker,100,3.6612270582354647,92.617302382591248,5.7269070582354642,93.406286629906475
nominal,theta0.65_kappa0.1,3,abstain,100,0,0,0,0
nominal,theta0.65_kappa0.1,3,active,100,13.792501997466797,90.282614583125778,15.417861997466797,92.332593562060111
nominal,theta0.65_kappa0.1,3,full_information,100,25.51106284314384,89.104843612228464,27.250762843143839,93.093366631453165
nominal,theta0.65_kappa0.1,3,independent,100,8.9943291155205305,110.04196316186739,10.995449115520531,110.42070477447908
nominal,theta0.65_kappa0.1,3,myopic,100,11.467090761304085,87.835910884514249,12.966910761304085,92.759903812130844
nominal,theta0.65_kappa0.1,3,noinfo,100,12.527979136662545,104.28098501924543,14.484959136662544,105.85288325534123
nominal,theta0.65_kappa0.1,3,taker,100,3.5708351608410078,100.81355418499059,5.6158551608410088,102.09608082775242
nominal,theta0.65_kappa0.1,4,abstain,100,0,0,0,0
nominal,theta0.65_kappa0.1,4,active,100,15.579844796290089,102.54781103990442,17.236224796290088,106.41821709247702
nominal,theta0.65_kappa0.1,4,full_information,100,27.068003760818847,94.026171315566287,28.841243760818848,98.605472821047059
nominal,theta0.65_kappa0.1,4,independent,100,9.4156546945856743,103.93844322312349,11.432694694585676,105.97679646098412
nominal,theta0.65_kappa0.1,4,myopic,100,13.045983234161115,70.799671887403392,14.594143234161116,76.671171970968231
nominal,theta0.65_kappa0.1,4,noinfo,100,13.54038009236298,105.02425805384546,15.519720092362979,108.85484291636863
nominal,theta0.65_kappa0.1,4,taker,100,3.6862160669635959,108.28871266403709,5.7716960669635968,109.6475667973445
nominal,theta0.65_kappa0.1,5,abstain,100,0,0,0,0
nominal,theta0.65_kappa0.1,5,active,100,12.82325747959363,80.561604081298583,14.431497479593631,82.871769732693181
nominal,theta0.65_kappa0.1,5,full_information,100,25.004120300442153,89.587871361067883,26.750740300442153,93.519342959931095
nominal,theta0.65_kappa0.1,5,independent,100,7.2785552505012427,109.04060198820059,9.2316152505012425,108.66489788136874
nominal,theta0.65_kappa0.1,5,myopic,100,9.8457410461244859,87.490842348047892,11.300561046124486,91.558526879191987
nominal,theta0.65_kappa0.1,5,noinfo,100,11.277544289122774,105.25439223634407,13.189684289122773,107.19519805973363
nominal,theta0.65_kappa0.1,5,taker,100,1.7690669000838568,91.641898994712832,3.8196469000838569,91.642952712261447
nominal,theta0.65_kappa0.1,6,abstain,100,0,0,0,0
nominal,theta0.65_kappa0.1,6,active,100,12.790038790316391,85.725451970888372,14.485678790316392,87.955726422269294
nominal,theta0.65_kappa0.1,6,full_information,100,24.692166287701788,92.467733622394519,26.476826287701794,95.225484261837195
nominal,theta0.65_kappa0.1,6,independent,100,8.1257646522625642,120.44764909719825,10.162844652262564,120.58183325430176
nominal,theta0.65_kappa0.1,6,myopic,100,8.7843744926398681,91.225886599631679,10.303814492639868,95.650697050479963
nominal,theta0.65_kappa0.1,6,noinfo,100,11.555203988412755,87.689998900570075,13.550223988412753,90.546187444749037
nominal,theta0.65_kappa0.1,6,taker,100,2.8990328224689508,80.637953570572037,4.9628728224689507,81.580393278866069
nominal,theta0.65_kappa0.1,7,abstain,100,0,0,0,0
nominal,theta0.65_kappa0.1,7,active,100,13.977737400322496,84.745080429296124,15.631517400322496,86.519193561921654
nominal,theta0.65_kappa0.1,7,full_information,100,26.013603889682368,76.722182558201681,27.766643889682367,80.157254075526851
nominal,theta0.65_kappa0.1,7,independent,100,7.2622833760048149,125.17810480046785,9.2601433760048142,125.62340337729107
nominal,theta0.65_kappa0.1,7,myopic,100,12.193254664035656,92.074686690941007,13.789954664035657,99.014170944466287
nominal,theta0.65_kappa0.1,7,noinfo,100,12.342709446984895,88.512901567078345,14.315429446984895,90.461998429867279
nominal,theta0.65_kappa0.1,7,taker,100,1.9428485923242076,97.635705386708707,4.0151085923242071,97.691097892682677
nominal,theta0.65_kappa0.1,8,abstain,100,0,0,0,0
nominal,theta0.65_kappa0.1,8,active,100,13.948193314859477,99.690541602030777,15.643013314859477,102.73729042847712
nominal,theta0.65_kappa0.1,8,full_information,100,26.101705230836934,92.585264496104443,27.906205230836932,96.353937621678369
nominal,theta0.65_kappa0.1,8,independent,100,7.8264207744223135,125.92285455370966,9.9212607744223131,127.387353332378
nominal,theta0.65_kappa0.1,8,myopic,100,10.896685449769432,79.155990758072932,12.497765449769432,85.748033158624395
nominal,theta0.65_kappa0.1,8,noinfo,100,12.799013778801809,121.52055774128625,14.80705377880181,124.85403563452324
nominal,theta0.65_kappa0.1,8,taker,100,3.5098111017802438,94.309264538870806,5.6302711017802434,94.080447177278486
nominal,theta0.65_kappa0.1,9,abstain,100,0,0,0,0
nominal,theta0.65_kappa0.1,9,active,100,13.736312553704593,93.994653486003841,15.334852553704593,97.444597359776935
nominal,theta0.65_kappa0.1,9,full_information,100,25.458863341652123,72.923668001086796,27.179643341652124,75.851320212905861
nominal,theta0.65_kappa0.1,9,independent,100,8.9130151799806399,95.70095231440753,10.85867517998064,97.099522497798191
nominal,theta0.65_kappa0.1,9,myopic,100,11.092045296344374,74.158958695846508,12.499745296344374,80.684012249562628
nominal,theta0.65_kappa0.1,9,noinfo,100,12.982704736981709,98.968694747406118,14.917464736981708,101.60713193330507
nominal,theta0.65_kappa0.1,9,taker,100,3.7033991051308823,86.054839145023308,5.759699105130883,86.35124545217181
state_dependence,theta0.15_kappa0.002,0,abstain,100,0,0,0,0
state_dependence,theta0.15_kappa0.002,0,active,100,9.404323391967873,112.80115877792258,11.026363391967873,112.45174481281285
state_dependence,theta0.15_kappa0.002,0,full_information,100,10.392811970889984,112.97951590041752,11.937111970889985,112.20661918135661
state_dependence,theta0.15_kappa0.002,0,independent,100,9.5171491740563496,134.93708026790989,11.399989174056349,136.17822153366907
state_dependence,theta0.15_kappa0.002,0,myopic,100,7.2378358715487332,98.668655376942141,8.8545558715487331,111.48952829824985
state_dependence,theta0.15_kappa0.002,0,noinfo,100,9.5009958987359227,113.89131477867741,11.144795898735925,113.5728090341545
state_dependence,theta0.15_kappa0.002,0,taker,100,3.6421165144352221,118.60294713446676,5.7047365144352229,120.06161062245431
state_dependence,theta0.15_kappa0.002,1,abstain,100,0,0,0,0
state_dependence,theta0.15_kappa0.002,1,active,100,10.583955081962694,93.642069282545805,12.244575081962694,92.728766717862158
state_dependence,theta0.15_kappa0.002,1,full_information,100,11.037666234762419,85.973344675493109,12.59658623476242,85.817319900404613
state_dependence,theta0.15_kappa0.002,1,independent,100,9.8879967181255104,113.34233785552409,11.81747671812551,114.3146584799411
state_dependence,theta0.15_kappa0.002,1,myopic,100,7.1569735118714775,112.37914367757787,8.7646535118714777,127.28828803534388
state_dependence,theta0.15_kappa0.002,1,noinfo,100,10.707874263171815,92.825251892677215,12.384314263171817,91.929059137702367
state_dependence,theta0.15_kappa0.002,1,taker,100,5.0546237241541592,73.693764520285583,7.137423724154158,73.97047307175491
state_dependence,theta0.15_kappa0.002,2,abstain,100,0,0,0,0
state_dependence,theta0.15_kappa0.002,2,active,100,8.9942561394298011,106.53143100904835,10.626956139429801,104.94704138374198
state_dependence,theta0.15_kappa0.002,2,full_information,100,9.5087483950149778,95.352610333647476,11.049648395014978,94.207197983122228
state_dependence,theta0.15_kappa0.002,2,independent,100,8.705017719799951,107.97956576900827,10.619237719799953,109.03899338074572
state_dependence,theta0.15_kappa0.002,2,myopic,100,6.1500541303741452,81.459759439828986,7.7253741303741448,95.158640676655992
state_dependence,theta0.15_kappa0.002,2,noinfo,100,9.1772359085442865,105.80256008369111,10.837255908544286,104.39869895102969
state_dependence,theta0.15_kappa0.002,2,taker,100,3.3446490387597367,93.586558227176994,5.4044690387597374,94.111304370608906
state_dependence,theta0.15_kappa0.002,3,abstain,100,0,0,0,0
state_dependence,theta0.15_kappa0.002,3,active,100,7.8450783645551976,114.11834585521314,9.5200983645551975,111.85122230401619
state_dependence,theta0.15_kappa0.002,3,full_information,100,8.44700190051622,105.34976864066753,10.009061900516219,104.53271193615176
state_dependence,theta0.15_kappa0.002,3,independent,100,6.5859595195768756,152.43672800407543,8.4848995195768762,153.5498643352193
state_dependence,theta0.15_kappa0.002,3,myopic,100,6.9343551160996499,130.60863475164177,8.4503551160996508,152.25869362399089
state_dependence,theta0.15_kappa0.002,3,noinfo,100,7.8117788467872433,113.43454335644321,9.4904988467872435,111.45363005855056
state_dependence,theta0.15_kappa0.002,3,taker,100,2.4924147640883287,116.39024765612422,4.5397347640883288,116.3824344001525
state_dependence,theta0.15_kappa0.002,4,abstain,100,0,0,0,0
state_dependence,theta0.15_kappa0.002,4,active,100,10.446696761448074,115.00341049707109,12.138556761448076,114.02046482427707
state_dependence,theta0.15_kappa0.002,4,full_information,100,11.040269089039452,109.91344620702995,12.652829089039454,109.14618418938956
state_dependence,theta0.15_kappa0.002,4,independent,100,9.2821483595433172,132.15326303669755,11.259968359543318,131.80333554883822
state_dependence,theta0.15_kappa0.002,4,myopic,100,7.5199269728328648,103.75763927871962,9.2824869728328654,122.22169475170205
state_dependence,theta0.15_kappa0.002,4,noinfo,100,10.119182305491643,110.96947376358246,11.854302305491645,109.55697299733447
state_dependence,theta0.15_kappa0.002,4,taker,100,4.947816490399557,129.21302245603508,7.0449164903995563,129.57300685609275
state_dependence,theta0.15_kappa0.002,5,abstain,100,0,0,0,0
state_dependence,theta0.15_kappa0.002,5,active,100,11.067963758172336,95.670999271470762,12.696503758172334,94.144498268921666
state_dependence,theta0.15_kappa0.002,5,full_information,100,11.762645859282568,83.258568305361763,13.288205859282566,81.419907065616471
state_dependence,theta0.15_kappa0.002,5,independent,100,10.490461628781098,113.91302076228904,12.400161628781097,114.75219145173361
state_dependence,theta0.15_kappa0.002,5,myopic,100,9.3285084357882333,129.37101113366052,10.979048435788235,148.27189664757557
state_dependence,theta0.15_kappa0.002,5,noinfo,100,10.917472330905875,91.982191569539779,12.560992330905876,90.6469985089728
state_dependence,theta0.15_kappa0.002,5,taker,100,4.6343117149241166,92.619847229718815,6.684671714924117,92.606804553024816
state_dependence,theta0.15_kappa0.002,6,abstain,100,0,0,0,0
state_dependence,theta0.15_kappa0.002,6,active,100,7.3116907797237012,99.64115731769121,8.9241307797237024,98.951477599474259
state_dependence,theta0.15_kappa0.002,6,full_information,100,8.0926250362944412,92.741023796137839,9.6157650362944409,91.896620621556721
state_dependence,theta0.15_kappa0.002,6,independent,100,6.8058912038261834,121.48357225785531,8.6608712038261828,123.05640267439938
state_dependence,theta0.15_kappa0.002,6,myopic,100,6.3571296612904504,86.587959365410967,7.6688096612904495,101.01216282193981
state_dependence,theta0.15_kappa0.002,6,noinfo,100,7.4113983527482583,99.783089966852344,9.0346183527482591,99.29248812418875
state_dependence,theta0.15_kappa0.002,6,taker,100,3.9216838040647088,98.548898723321486,5.9723038040647092,100.0697800012033
state_dependence,theta0.15_kappa0.002,7,abstain,100,0,0,0,0
state_dependence,theta0.15_kappa0.002,7,active,100,7.8738229075287132,132.21988595674449,9.4426829075287131,131.72564988180974
state_dependence,theta0.15_kappa0.002,7,full_information,100,8.5576713237783508,126.11013550671889,10.058051323778351,125.97888900883015
state_dependence,theta0.15_kappa0.002,7,independent,100,7.3979687457211654,146.20783809152351,9.2466887457211655,147.37229276717289
state_dependence,theta0.15_kappa0.002,7,myopic,100,7.9336307733267537,127.18346697603381,9.4773907733267535,148.68720242798733
state_dependence,theta0.15_kappa0.002,7,noinfo,100,7.5338610363340255,133.45178996200971,9.1250010363340248,132.97274685280894
state_dependence,theta0.15_kappa0.002,7,taker,100,1.5006742943554467,107.27355720257356,3.5299542943554467,108.84944850040382
state_dependence,theta0.15_kappa0.002,8,abstain,100,0,0,0,0
state_dependence,theta0.15_kappa0.002,8,active,100,10.204755351590636,107.41181996380442,11.820795351590636,106.76599419657363
state_dependence,theta0.15_kappa0.002,8,full_information,100,11.048904229971631,90.523106101254641,12.550724229971632,90.736271660451692
state_dependence,theta0.15_kappa0.002,8,independent,100,9.7297504226860454,130.85932199783329,11.613970422686045,132.75420867841859
state_dependence,theta0.15_kappa0.002,8,myopic,100,6.9940251075373201,91.593817593601159,8.7558651075373213,103.03343509869897
state_dependence,theta0.15_kappa0.002,8,noinfo,100,10.425553163660579,106.44692725116973,12.044053163660578,106.01631304736087
state_dependence,theta0.15_kappa0.002,8,taker,100,3.5702899461722826,104.97194380925491,5.6132899461722836,105.46137512166261
state_dependence,theta0.15_kappa0.002,9,abstain,100,0,0,0,0
state_dependence,theta0.15_kappa0.002,9,active,100,9.1390572473182505,83.595502793972955,10.693777247318248,81.754036557833345
state_dependence,theta0.15_kappa0.002,9,full_information,100,9.9494373080279868,93.421531788646519,11.427957308027988,92.010061584386875
state_dependence,theta0.15_kappa0.002,9,independent,100,8.3527431518981032,81.531705242612077,10.192423151898105,81.861447659008192
state_dependence,theta0.15_kappa0.002,9,myopic,100,7.1626343058112738,92.730876245748419,8.6620743058112755,109.01178559274356
state_dependence,theta0.15_kappa0.002,9,noinfo,100,9.2141371818338786,80.872738380806325,10.79833718183388,79.248272030358564
state_dependence,theta0.15_kappa0.002,9,taker,100,2.5624314614121273,72.810116102994556,4.5683314614121278,73.577453655893223
state_dependence,theta0.15_kappa0.02,0,abstain,100,0,0,0,0
state_dependence,theta0.15_kappa0.02,0,active,100,9.4883395063606812,72.367174349810355,11.08441950636068,72.472027320246951
state_dependence,theta0.15_kappa0.02,0,full_information,100,10.238296592188734,77.968086784673332,11.769316592188733,78.778892282277383
state_dependence,theta0.15_kappa0.02,0,independent,100,8.9280146287339317,84.233877334961974,10.786094628733933,84.939130073664046
state_dependence,theta0.15_kappa0.02,0,myopic,100,7.7332597751766627,67.635979701696286,9.2425997751766626,71.843336536032268
state_dependence,theta0.15_kappa0.02,0,noinfo,100,9.1909188796976142,78.163583453665424,10.786658879697615,78.286835968456259
state_dependence,theta0.15_kappa0.02,0,taker,100,3.4753277673871854,100.99333185861761,5.5322477673871857,102.09318647874268
state_dependence,theta0.15_kappa0.02,1,abstain,100,0,0,0,0
state_dependence,theta0.15_kappa0.02,1,active,100,9.4833570334590664,80.810140118792972,11.142877033459067,81.655278511357125
state_dependence,theta0.15_kappa0.02,1,full_information,100,11.106851839638622,82.033172837677967,12.675311839638622,83.154793995892561
state_dependence,theta0.15_kappa0.02,1,independent,100,9.4502592527529501,99.693140139041802,11.37939925275295,100.3488855993641
state_dependence,theta0.15_kappa0.02,1,myopic,100,7.3075353483976251,73.737395039170238,8.8260753483976249,78.185244949099186
state_dependence,theta0.15_kappa0.02,1,noinfo,100,9.44800907721873,80.380454527700522,11.108549077218729,81.343544199649926
state_dependence,theta0.15_kappa0.02,1,taker,100,4.9540409808630477,96.680204935755981,7.0182609808630483,97.434764646071756
state_dependence,theta0.15_kappa0.02,2,abstain,100,0,0,0,0
state_dependence,theta0.15_kappa0.02,2,active,100,8.9792012328548001,81.52875816442014,10.652361232854801,81.175471542251557
state_dependence,theta0.15_kappa0.02,2,full_information,100,10.306042713821839,78.611843015191312,11.931462713821839,78.142836412414425
state_dependence,theta0.15_kappa0.02,2,independent,100,8.569742200536254,112.15773839568567,10.542222200536255,111.91477963275857
state_dependence,theta0.15_kappa0.02,2,myopic,100,5.6007768495035757,58.566007373030985,7.226116849503577,58.333242270667235
state_dependence,theta0.15_kappa0.02,2,noinfo,100,8.8899014237691638,84.646845559952538,10.566321423769164,84.11557832137342
state_dependence,theta0.15_kappa0.02,2,taker,100,3.7053706016870378,93.944929452609841,5.7722506016870376,94.192959568692942
state_dependence,theta0.15_kappa0.02,3,abstain,100,0,0,0,0
state_dependence,theta0.15_kappa0.02,3,active,100,8.2469657737498405,84.429651601083279,9.8674857737498414,86.109257974248621
state_dependence,theta0.15_kappa0.02,3,full_information,100,9.9510965455280509,91.305508494762691,11.508716545528051,91.931845462940728
state_dependence,theta0.15_kappa0.02,3,independent,100,7.8263181017681429,110.86928643979353,9.7398581017681423,112.15935112750971
state_dependence,theta0.15_kappa0.02,3,myopic,100,7.3949943199936365,62.179845406540927,8.9150743199936358,66.400636458843621
state_dependence,theta0.15_kappa0.02,3,noinfo,100,8.2989733224431088,84.547893714071236,9.9318333224431097,85.910574176316018
state_dependence,theta0.15_kappa0.02,3,taker,100,3.3416617478837738,94.99789280716297,5.4246417478837738,96.171066201352929
state_dependence,theta0.15_kappa0.02,4,abstain,100,0,0,0,0
state_dependence,theta0.15_kappa0.02,4,active,100,7.3971307074658181,80.194298903134467,9.0114907074658177,79.94271822395315
state_dependence,theta0.15_kappa0.02,4,full_information,100,8.3422249251842793,63.714502284261691,9.84938492518428,63.234998237465938
state_dependence,theta0.15_kappa0.02,4,independent,100,7.4522094240749785,94.447046414119669,9.3438294240749791,93.329604433758874
state_dependence,theta0.15_kappa0.02,4,myopic,100,5.7438572719487357,77.178780056739228,7.2523172719487352,78.039963264420578
state_dependence,theta0.15_kappa0.02,4,noinfo,100,7.2209060426622536,82.328930812526906,8.8586460426622526,82.067897990920159
state_dependence,theta0.15_kappa0.02,4,taker,100,2.2112296644283349,104.07188100766763,4.2715896644283351,103.55279809549022
state_dependence,theta0.15_kappa0.02,5,abstain,100,0,0,0,0
state_dependence,theta0.15_kappa0.02,5,active,100,8.0900560896450333,83.631637064798255,9.7335960896450331,82.376095389618911
state_dependence,theta0.15_kappa0.02,5,full_information,100,9.9721035584617361,77.398525649809258,11.523943558461738,76.448575335492976
state_dependence,theta0.15_kappa0.02,5,independent,100,8.0648946189498218,93.974928530646849,10.00379461894982,93.276110988033835
state_dependence,theta0.15_kappa0.02,5,myopic,100,6.0207645655968864,67.440642405518133,7.6213245655968862,69.977990133212771
state_dependence,theta0.15_kappa0.02,5,noinfo,100,8.2602925732952723,82.42597929061894,9.9113125732952714,81.532661515960726
state_dependence,theta0.15_kappa0.02,5,taker,100,2.2441059237556997,84.147915098695876,4.3223859237557001,84.331739686410444
state_dependence,theta0.15_kappa0.02,6,abstain,100,0,0,0,0
state_dependence,theta0.15_kappa0.02,6,active,100,9.1378289552726173,65.595022936781021,10.736428955272618,65.698121077627121
state_dependence,theta0.15_kappa0.02,6,full_information,100,10.067444981612146,56.052957688238486,11.609664981612145,56.361076522162968
state_dependence,theta0.15_kappa0.02,6,independent,100,9.5178175158221805,78.459540678507366,11.38817751582218,79.143569844167217
state_dependence,theta0.15_kappa0.02,6,myopic,100,6.0834757491328029,51.889884893041675,7.5982557491328029,55.363485533301287
state_dependence,theta0.15_kappa0.02,6,noinfo,100,9.0954582453284871,65.039594719247233,10.703178245328486,65.065038870774828
state_dependence,theta0.15_kappa0.02,6,taker,100,4.1394571819466215,82.337974714418039,6.1988371819466215,83.326893482739706
state_dependence,theta0.15_kappa0.02,7,abstain,100,0,0,0,0
state_dependence,theta0.15_kappa0.02,7,active,100,9.0514345404853174,73.491966240514174,10.621794540485316,74.577669949265569
state_dependence,theta0.15_kappa0.02,7,full_information,100,10.7688035256279,59.869795072677526,12.312063525627901,60.298848023505464
state_dependence,theta0.15_kappa0.02,7,independent,100,8.5837668844921033,79.880194595512464,10.430926884492102,81.194995343681299
state_dependence,theta0.15_kappa0.02,7,myopic,100,6.7852827905325936,80.490350897157953,8.3049027905325925,82.647031521771936
state_dependence,theta0.15_kappa0.02,7,noinfo,100,9.0437300009512231,74.941147454942083,10.623290000951224,75.912709199101656
state_dependence,theta0.15_kappa0.02,7,taker,100,3.6399018116188571,88.623922935254598,5.6846818116188569,88.545198327998349
state_dependence,theta0.15_kappa0.02,8,abstain,100,0,0,0,0
state_dependence,theta0.15_kappa0.02,8,active,100,9.1160562626495949,87.602404082637008,10.694036262649595,88.31642796194798
state_dependence,theta0.15_kappa0.02,8,full_information,100,11.279032018269659,85.666015779823326,12.823692018269661,86.408321688544689
state_dependence,theta0.15_kappa0.02,8,independent,100,9.5860459193568985,107.31622717707083,11.472485919356897,107.69404785395673
state_dependence,theta0.15_kappa0.02,8,myopic,100,7.5380372867357019,70.479212132678754,9.0472372867357027,73.797108839821718
state_dependence,theta0.15_kappa0.02,8,noinfo,100,9.3725214373713417,90.305002425614092,10.966161437371341,91.276638114471382
state_dependence,theta0.15_kappa0.02,8,taker,100,5.5105776574244745,108.52355287129969,7.5673376574244751,109.3645559469885
state_dependence,theta0.15_kappa0.02,9,abstain,100,0,0,0,0
state_dependence,theta0.15_kappa0.02,9,active,100,9.8029086202678126,66.715754794140992,11.458288620267814,67.388211331890844
state_dependence,theta0.15_kappa0.02,9,full_information,100,11.048024460001345,64.480668274529449,12.634244460001346,65.011569618906705
state_dependence,theta0.15_kappa0.02,9,independent,100,9.6116401656992689,80.628367513791432,11.56850016569927,80.985873322634177
state_dependence,theta0.15_kappa0.02,9,myopic,100,8.6143897626488268,74.891671322488406,10.226289762648827,80.848739670254972
state_dependence,theta0.15_kappa0.02,9,noinfo,100,9.7931859991342272,68.378555012001371,11.461365999134227,69.134254832948542
state_dependence,theta0.15_kappa0.02,9,taker,100,4.0216809889385967,117.93236053874021,6.157140988938596,118.89130237846501
state_dependence,theta0.15_kappa0.1,0,abstain,100,0,0,0,0
state_dependence,theta0.15_kappa0.1,0,active,100,7.4210152522783996,76.222385533841447,9.1235152522784002,75.88667174207778
state_dependence,theta0.15_kappa0.1,0,full_information,100,8.8268350229564874,72.217647609122608,10.402195022956487,72.788495629061728
state_dependence,theta0.15_kappa0.1,0,independent,100,7.343049064175533,83.978327791316474,9.2478290641755336,83.773731358213723
state_dependence,theta0.15_kappa0.1,0,myopic,100,6.6205406444713768,61.532656110341428,8.0601006444713761,61.541137447073929
state_dependence,theta0.15_kappa0.1,0,noinfo,100,7.355951603420575,74.860589863271144,9.0651116034205756,74.560476864737083
state_dependence,theta0.15_kappa0.1,0,taker,100,2.0632591033745085,92.518166871346779,4.1288591033745083,93.261353108560357
state_dependence,theta0.15_kappa0.1,1,abstain,100,0,0,0,0
state_dependence,theta0.15_kappa0.1,1,active,100,7.529929438787109,89.930072235593158,9.2308094387871105,90.151450876712431
state_dependence,theta0.15_kappa0.1,1,full_information,100,8.4376039457514942,88.115839430912914,10.018603945751495,88.048227682085908
state_dependence,theta0.15_kappa0.1,1,independent,100,7.1810098853364703,94.970337342636583,9.0566898853364712,95.184977131778481
state_dependence,theta0.15_kappa0.1,1,myopic,100,6.6867678850033494,68.84868492376971,7.9663678850033497,68.792062673575245
state_dependence,theta0.15_kappa0.1,1,noinfo,100,7.5600006702773204,91.021022372977924,9.2646206702773206,91.38885429321742
state_dependence,theta0.15_kappa0.1,1,taker,100,2.2913359457020595,102.85541496158402,4.3123959457020593,103.66676048533347
state_dependence,theta0.15_kappa0.1,2,abstain,100,0,0,0,0
state_dependence,theta0.15_kappa0.1,2,active,100,7.8296892464037136,71.489848524145074,9.5752292464037136,72.217156473035374
state_dependence,theta0.15_kappa0.1,2,full_information,100,9.930353454491307,56.807031277739064,11.563653454491309,58.084821415325152
state_dependence,theta0.15_kappa0.1,2,independent,100,7.7184131295621743,77.572991430687438,9.6734531295621746,78.147324971360348
state_dependence,theta0.15_kappa0.1,2,myopic,100,6.4348603953444412,71.192975039811969,7.9449603953444417,73.3941085515428
state_dependence,theta0.15_kappa0.1,2,noinfo,100,7.784885129993679,71.235419856608388,9.5406451299936794,71.863327529609435
state_dependence,theta0.15_kappa0.1,2,taker,100,2.3404381905833742,103.34354469533035,4.4354781905833747,104.05698303488307
state_dependence,theta0.15_kappa0.1,3,abstain,100,0,0,0,0
state_dependence,theta0.15_kappa0.1,3,active,100,7.7880588065093761,82.023566535717535,9.4782188065093766,82.546166558129272
state_dependence,theta0.15_kappa0.1,3,full_information,100,9.4084862600490116,82.951386996209493,10.953486260049011,83.042447436854289
state_dependence,theta0.15_kappa0.1,3,independent,100,7.9393579671832955,93.415344673994142,9.8123779671832967,93.842394002080923
state_dependence,theta0.15_kappa0.1,3,myopic,100,6.36720228825543,63.82464708977114,7.8298222882554311,65.472574878241062
state_dependence,theta0.15_kappa0.1,3,noinfo,100,7.8385096041435496,82.903801080318431,9.5336896041435502,83.356882197259651
state_dependence,theta0.15_kappa0.1,3,taker,100,2.5280975563816579,109.74092137350793,4.5441775563816575,110.5270988436089
state_dependence,theta0.15_kappa0.1,4,abstain,100,0,0,0,0
state_dependence,theta0.15_kappa0.1,4,active,100,8.3253403176799399,78.915612114569825,10.06942031767994,79.25688619685701
state_dependence,theta0.15_kappa0.1,4,full_information,100,9.0430889411050686,76.583789381862132,10.688588941105067,76.786938412689253
state_dependence,theta0.15_kappa0.1,4,independent,100,7.6864645908983418,86.612377634757777,9.628064590898342,86.515181955743941
state_dependence,theta0.15_kappa0.1,4,myopic,100,6.379303255218769,77.138236062983893,7.9028432552187677,76.792872090712109
state_dependence,theta0.15_kappa0.1,4,noinfo,100,8.2270862016514386,79.477717003557402,9.9723062016514383,79.76417477514272
state_dependence,theta0.15_kappa0.1,4,taker,100,2.9148010760182017,102.23644662968464,4.9651610760182017,103.04679925624092
state_dependence,theta0.15_kappa0.1,5,abstain,100,0,0,0,0
state_dependence,theta0.15_kappa0.1,5,active,100,9.098668843382157,74.557942873035074,10.801108843382158,75.28478228779808
state_dependence,theta0.15_kappa0.1,5,full_information,100,9.8973804938744028,67.863523582586581,11.494240493874404,68.332888385389936
state_dependence,theta0.15_kappa0.1,5,independent,100,9.180311444007323,87.320160829421951,11.090131444007323,87.289918883703166
state_dependence,theta0.15_kappa0.1,5,myopic,100,7.2411605140876807,52.102716626481516,8.6982805140876813,52.505811695468225
state_dependence,theta0.15_kappa0.1,5,noinfo,100,9.0834747604259238,75.058762955010195,10.786114760425924,75.765766033393902
state_dependence,theta0.15_kappa0.1,5,taker,100,3.3070374860420468,83.48640308473432,5.3552774860420467,83.857983281260161
state_dependence,theta0.15_kappa0.1,6,abstain,100,0,0,0,0
state_dependence,theta0.15_kappa0.1,6,active,100,8.6078365485783177,90.378473401575008,10.32723654857832,90.984597071125265
state_dependence,theta0.15_kappa0.1,6,full_information,100,10.559818981871897,74.250470331284475,12.144578981871895,75.257988839131983
state_dependence,theta0.15_kappa0.1,6,independent,100,8.4088656519546685,95.924055879285604,10.31774565195467,96.224915965787829
state_dependence,theta0.15_kappa0.1,6,myopic,100,6.2425196751967382,64.755409948044658,7.6600196751967387,66.151516087210965
state_dependence,theta0.15_kappa0.1,6,noinfo,100,8.620306148158658,90.303662731094917,10.345046148158659,90.904253117641218
state_dependence,theta0.15_kappa0.1,6,taker,100,4.5407676708999904,105.11357178031082,6.6197676708999902,106.23485526633667
state_dependence,theta0.15_kappa0.1,7,abstain,100,0,0,0,0
state_dependence,theta0.15_kappa0.1,7,active,100,8.1075675575590704,66.111794049845471,9.8117875575590716,66.708635041618663
state_dependence,theta0.15_kappa0.1,7,full_information,100,9.1871008361954996,70.716509156423115,10.787640836195498,71.081846466701421
state_dependence,theta0.15_kappa0.1,7,independent,100,8.0445208583306229,76.997728195848126,9.9277408583306244,77.951416994582274
state_dependence,theta0.15_kappa0.1,7,myopic,100,7.1411801113145552,61.394752338288342,8.5618801113145562,61.47108694374316
state_dependence,theta0.15_kappa0.1,7,noinfo,100,8.1196287418756832,65.530937349287868,9.8287887418756821,66.21977943201513
state_dependence,theta0.15_kappa0.1,7,taker,100,2.8843164479078593,93.945915522977401,4.9256364479078592,94.956821532709057
state_dependence,theta0.15_kappa0.1,8,abstain,100,0,0,0,0
state_dependence,theta0.15_kappa0.1,8,active,100,7.5745294336183324,92.833070844622355,9.2677694336183318,93.286056744173095
state_dependence,theta0.15_kappa0.1,8,full_information,100,9.8589030220562055,96.934571905372465,11.493003022056206,98.098437909934773
state_dependence,theta0.15_kappa0.1,8,independent,100,7.6289132017865464,99.73509746618295,9.5015132017865458,100.01012050013279
state_dependence,theta0.15_kappa0.1,8,myopic,100,6.1461589070452636,62.583766890844593,7.5353389070452632,63.507646771001731
state_dependence,theta0.15_kappa0.1,8,noinfo,100,7.6514256708369182,92.473902743081837,9.3469656708369175,92.896717720934291
state_dependence,theta0.15_kappa0.1,8,taker,100,2.9540415050693825,109.82935071149998,5.0219815050693821,111.26449492196959
state_dependence,theta0.15_kappa0.1,9,abstain,100,0,0,0,0
state_dependence,theta0.15_kappa0.1,9,active,100,9.0085032478553497,76.747620837502566,10.72420324785535,76.708133565407493
state_dependence,theta0.15_kappa0.1,9,full_information,100,10.753257330023876,74.469596850616284,12.341637330023875,74.931642927356066
state_dependence,theta0.15_kappa0.1,9,independent,100,9.1503295336011305,78.820098605603604,11.051429533601128,78.969652613477962
state_dependence,theta0.15_kappa0.1,9,myopic,100,6.5862288767295158,63.539804964722016,7.9946488767295163,65.162303794058957
state_dependence,theta0.15_kappa0.1,9,noinfo,100,8.9161017949135069,74.922244716368326,10.638781794913507,74.832567510693465
state_dependence,theta0.15_kappa0.1,9,taker,100,3.452029624813012,83.554289143892817,5.5061496248130117,84.354932695440226
state_dependence,theta0.35_kappa0.002,0,abstain,100,0,0,0,0
state_dependence,theta0.35_kappa0.002,0,active,100,15.097432595566405,223.97012912329382,16.880032595566401,223.13612961561415
state_dependence,theta0.35_kappa0.002,0,full_information,100,16.830190876238056,195.19708827462588,18.687710876238054,193.32432177143846
state_dependence,theta0.35_kappa0.002,0,independent,100,9.8300248033449478,256.05129107694933,11.765584803344948,257.76149793163
state_dependence,theta0.35_kappa0.002,0,myopic,100,10.397695768527116,185.14398019835002,11.508555768527117,215.85813611522417
state_dependence,theta0.35_kappa0.002,0,noinfo,100,12.213537805466743,223.66281873477817,14.091297805466743,221.41034576436914
state_dependence,theta0.35_kappa0.002,0,taker,100,2.6985244079695234,107.15203224990579,4.7740844079695233,108.68686563880441
state_dependence,theta0.35_kappa0.002,1,abstain,100,0,0,0,0
state_dependence,theta0.35_kappa0.002,1,active,100,11.058482270991833,204.48216441819952,12.92126227099183,204.58942756987366
state_dependence,theta0.35_kappa0.002,1,full_information,100,13.651480041245096,198.62730998044057,15.601360041245094,198.89840240238692
state_dependence,theta0.35_kappa0.002,1,independent,100,5.5917053263014393,261.51892257552447,7.553585326301441,262.56608816602034
state_dependence,theta0.35_kappa0.002,1,myopic,100,7.3349969246126925,139.89174181534537,8.1172169246126913,161.42412682934281
state_dependence,theta0.35_kappa0.002,1,noinfo,100,9.5624441117156387,185.5920096518997,11.474164111715638,184.91844616869668
state_dependence,theta0.35_kappa0.002,1,taker,100,2.7138138273764802,87.368592241802432,4.7571338273764807,88.356840708944219
state_dependence,theta0.35_kappa0.002,2,abstain,100,0,0,0,0
state_dependence,theta0.35_kappa0.002,2,active,100,16.379662508282479,227.88789919487326,18.137482508282478,225.830459585288
state_dependence,theta0.35_kappa0.002,2,full_information,100,18.424196011485936,195.66087403934415,20.213076011485938,193.20644334944717
state_dependence,theta0.35_kappa0.002,2,independent,100,10.501008694623419,282.02749440120414,12.42252869462342,282.15476823496834
state_dependence,theta0.35_kappa0.002,2,myopic,100,12.094346107669203,217.31075168512902,13.262306107669204,248.27487497055017
state_dependence,theta0.35_kappa0.002,2,noinfo,100,14.901781593932574,204.36194956945891,16.725861593932574,200.9665907738335
state_dependence,theta0.35_kappa0.002,2,taker,100,3.6611194641550839,91.328137968031385,5.7429794641550833,91.618002803100836
state_dependence,theta0.35_kappa0.002,3,abstain,100,0,0,0,0
state_dependence,theta0.35_kappa0.002,3,active,100,14.307371462014858,239.95155772246667,16.135171462014856,238.75303140810513
state_dependence,theta0.35_kappa0.002,3,full_information,100,16.105774933015102,228.0524201549913,18.017014933015101,225.74870716386661
state_dependence,theta0.35_kappa0.002,3,independent,100,8.8698122903002581,285.94488817839948,10.846472290300257,286.41479173419413
state_dependence,theta0.35_kappa0.002,3,myopic,100,9.3582182439645258,144.06433135670449,10.426558243964529,171.04560548863563
state_dependence,theta0.35_kappa0.002,3,noinfo,100,12.758282754660732,225.70301677529747,14.673302754660734,223.52313622792039
state_dependence,theta0.35_kappa0.002,3,taker,100,3.2529184973673244,83.697723481954597,5.3439384973673247,84.318386247332882
state_dependence,theta0.35_kappa0.002,4,abstain,100,0,0,0,0
state_dependence,theta0.35_kappa0.002,4,active,100,14.183134681872573,200.15373595654333,15.953894681872573,199.43467439798849
state_dependence,theta0.35_kappa0.002,4,full_information,100,16.337757470874873,185.95449054656771,18.17885747087487,183.81863997924364
state_dependence,theta0.35_kappa0.002,4,independent,100,9.2751609635026977,256.31372778548854,11.221220963502699,257.81255821531204
state_dependence,theta0.35_kappa0.002,4,myopic,100,8.6334996323677444,148.16845868535006,9.6024596323677454,175.58470314605111
state_dependence,theta0.35_kappa0.002,4,noinfo,100,13.18530521034708,176.25049352873427,15.078645210347082,174.54895505243763
state_dependence,theta0.35_kappa0.002,4,taker,100,4.5581665408840077,83.559692210733928,6.641046540884008,84.3836062328906
state_dependence,theta0.35_kappa0.002,5,abstain,100,0,0,0,0
state_dependence,theta0.35_kappa0.002,5,active,100,16.111970413665603,247.23119585442078,17.961410413665604,247.43004577056826
state_dependence,theta0.35_kappa0.002,5,full_information,100,17.60206520700735,248.24490592115126,19.51234520700735,247.41479744011079
state_dependence,theta0.35_kappa0.002,5,independent,100,11.333225477999818,320.21409877899066,13.326005477999818,320.88377862698354
state_dependence,theta0.35_kappa0.002,5,myopic,100,11.402219691161884,224.61738753269961,12.561499691161883,257.40736977903248
state_dependence,theta0.35_kappa0.002,5,noinfo,100,13.91674400203979,220.0777611706454,15.839524002039791,219.60668147544371
state_dependence,theta0.35_kappa0.002,5,taker,100,4.0048711295081105,98.042563563261368,6.0790111295081104,98.782988735469743
state_dependence,theta0.35_kappa0.002,6,abstain,100,0,0,0,0
state_dependence,theta0.35_kappa0.002,6,active,100,13.983832231197404,187.32040317221512,15.812372231197402,185.30858353864505
state_dependence,theta0.35_kappa0.002,6,full_information,100,15.092580302403903,182.46014842138035,16.980800302403903,179.26251905738886
state_dependence,theta0.35_kappa0.002,6,independent,100,8.0520501180500315,215.15720176873901,9.9801901180500305,216.48036613575565
state_dependence,theta0.35_kappa0.002,6,myopic,100,7.8285337921308313,158.32719869370567,8.7400337921308324,183.64465718902235
state_dependence,theta0.35_kappa0.002,6,noinfo,100,11.908505245091103,177.25264421746903,13.841205245091103,174.52234502030629
state_dependence,theta0.35_kappa0.002,6,taker,100,3.2662704819473403,103.96163584038736,5.3918704819473406,105.5516897090796
state_dependence,theta0.35_kappa0.002,7,abstain,100,0,0,0,0
state_dependence,theta0.35_kappa0.002,7,active,100,14.430700743133904,166.56955906982179,16.202360743133905,165.88323962859573
state_dependence,theta0.35_kappa0.002,7,full_information,100,15.795529915721017,155.64512827432739,17.618849915721015,154.55771781652197
state_dependence,theta0.35_kappa0.002,7,independent,100,8.5602782283609962,244.27461474459628,10.469038228360995,245.28359232304288
state_dependence,theta0.35_kappa0.002,7,myopic,100,8.5301295283605185,157.19896136751154,9.4365695283605184,178.04905604751576
state_dependence,theta0.35_kappa0.002,7,noinfo,100,12.199321287176225,155.36039928188762,14.013341287176226,154.15415115542288
state_dependence,theta0.35_kappa0.002,7,taker,100,4.2339891535215335,97.411502144083912,6.295469153521533,97.508056092715151
state_dependence,theta0.35_kappa0.002,8,abstain,100,0,0,0,0
state_dependence,theta0.35_kappa0.002,8,active,100,14.689085048840152,189.47509656289859,16.496265048840151,187.43043597007031
state_dependence,theta0.35_kappa0.002,8,full_information,100,16.370583814715232,173.20296380601539,18.241523814715229,170.17424848106387
state_dependence,theta0.35_kappa0.002,8,independent,100,9.7052549347124124,271.68088318341444,11.683334934712411,272.35422091740003
state_dependence,theta0.35_kappa0.002,8,myopic,100,8.294606557488331,157.23255927036504,9.1591465574883326,182.79753025774485
state_dependence,theta0.35_kappa0.002,8,noinfo,100,13.954716970486849,190.52499705493057,15.847856970486848,188.0082133098613
state_dependence,theta0.35_kappa0.002,8,taker,100,5.7878139375568374,72.76951201650202,7.8993939375568383,73.075549321197343
state_dependence,theta0.35_kappa0.002,9,abstain,100,0,0,0,0
state_dependence,theta0.35_kappa0.002,9,active,100,12.792103259028572,193.184999223104,14.70792325902857,192.10692513945503
state_dependence,theta0.35_kappa0.002,9,full_information,100,15.173584042126969,176.35476445324207,17.180644042126968,174.53918508850873
state_dependence,theta0.35_kappa0.002,9,independent,100,7.490799839847651,236.23490348645058,9.4811198398476524,236.33188358884945
state_dependence,theta0.35_kappa0.002,9,myopic,100,7.9998233663234082,194.9882009974732,9.0808033663234067,228.46746479500334
state_dependence,theta0.35_kappa0.002,9,noinfo,100,12.08531860618989,179.29579724019777,14.073018606189889,177.67593795680267
state_dependence,theta0.35_kappa0.002,9,taker,100,3.2166314158948524,83.84701018909567,5.3582714158948521,84.040688309093539
state_dependence,theta0.35_kappa0.02,0,abstain,100,0,0,0,0
state_dependence,theta0.35_kappa0.02,0,active,100,10.01779604204968,98.877900703603771,11.715696042049681,98.699904191946274
state_dependence,theta0.35_kappa0.02,0,full_information,100,14.882653695931651,98.536689930170425,16.719253695931648,98.965120019378588
state_dependence,theta0.35_kappa0.02,0,independent,100,7.628833342091955,117.46718054577561,9.543033342091956,116.48328782589599
state_dependence,theta0.35_kappa0.02,0,myopic,100,7.1099638853791784,66.836940435243577,8.1782638853791791,70.286890575604119
state_dependence,theta0.35_kappa0.02,0,noinfo,100,10.26130539959137,98.254522400074549,12.040105399591368,98.520176131062996
state_dependence,theta0.35_kappa0.02,0,taker,100,3.0452969121920894,82.086355385249831,5.1125169121920893,82.23677738762818
state_dependence,theta0.35_kappa0.02,1,abstain,100,0,0,0,0
state_dependence,theta0.35_kappa0.02,1,active,100,9.4961664034119053,111.32450461277215,11.225626403411905,110.03731738072307
state_dependence,theta0.35_kappa0.02,1,full_information,100,14.374495004057692,104.43821864040044,16.267975004057693,104.09203380008837
state_dependence,theta0.35_kappa0.02,1,independent,100,6.9122307952056374,130.45233457958881,8.8711907952056368,131.02983701041265
state_dependence,theta0.35_kappa0.02,1,myopic,100,7.7113366121248035,56.847382547428467,9.0344166121248026,62.454970126575247
state_dependence,theta0.35_kappa0.02,1,noinfo,100,8.7681176763308901,123.07583613473882,10.608337676330891,122.27548846383775
state_dependence,theta0.35_kappa0.02,1,taker,100,3.7786190209582018,71.139654345944905,5.8361190209582023,71.821270716144539
state_dependence,theta0.35_kappa0.02,2,abstain,100,0,0,0,0
state_dependence,theta0.35_kappa0.02,2,active,100,9.9327254120541681,90.744997894428479,11.631505412054169,90.875346334889201
state_dependence,theta0.35_kappa0.02,2,full_information,100,13.870190950785764,101.51874775698306,15.740570950785763,101.52564728942092
state_dependence,theta0.35_kappa0.02,2,independent,100,7.4863253076025469,124.73369889827644,9.3878053076025463,124.52351688381492
state_dependence,theta0.35_kappa0.02,2,myopic,100,7.5244483650364842,72.695794838790363,8.7886283650364838,80.789281671108327
state_dependence,theta0.35_kappa0.02,2,noinfo,100,10.116993225853847,96.925287674193854,11.890333225853846,97.515311476025275
state_dependence,theta0.35_kappa0.02,2,taker,100,1.5456020306252263,79.851019270844759,3.5924020306252258,80.366037030592437
state_dependence,theta0.35_kappa0.02,3,abstain,100,0,0,0,0
state_dependence,theta0.35_kappa0.02,3,active,100,11.657393347434365,116.76242778206024,13.426473347434367,116.8308244423919
state_dependence,theta0.35_kappa0.02,3,full_information,100,16.215835130895229,101.48689813180447,18.129395130895226,101.63691325813133
state_dependence,theta0.35_kappa0.02,3,independent,100,6.7195227179884371,100.60812696261158,8.6564027179884366,99.969205511244624
state_dependence,theta0.35_kappa0.02,3,myopic,100,9.1386697746507064,93.274978127894698,10.604509774650708,99.941809416582132
state_dependence,theta0.35_kappa0.02,3,noinfo,100,11.343446647124047,100.23710239882841,13.181686647124048,99.710294149898573
state_dependence,theta0.35_kappa0.02,3,taker,100,2.6965239389129674,85.074368357361152,4.7725839389129678,84.966599834444466
state_dependence,theta0.35_kappa0.02,4,abstain,100,0,0,0,0
state_dependence,theta0.35_kappa0.02,4,active,100,11.281044040722122,106.47220255490896,13.057504040722122,106.84219704368189
state_dependence,theta0.35_kappa0.02,4,full_information,100,15.462250493103854,112.900394701998,17.423650493103853,114.09728959658773
state_dependence,theta0.35_kappa0.02,4,independent,100,7.5448970447090797,134.07327178969314,9.5398970447090807,134.55504019336846
state_dependence,theta0.35_kappa0.02,4,myopic,100,8.3191121811520059,86.997960716075411,9.6887921811520066,94.114652911501381
state_dependence,theta0.35_kappa0.02,4,noinfo,100,9.7740558212662147,115.86946735602749,11.641395821266215,116.64196744172244
state_dependence,theta0.35_kappa0.02,4,taker,100,3.4376835884286936,101.03817112782355,5.5307635884286936,101.6964231569777
state_dependence,theta0.35_kappa0.02,5,abstain,100,0,0,0,0
state_dependence,theta0.35_kappa0.02,5,active,100,10.728450508071344,105.77111329516352,12.474150508071343,106.43886612035291
state_dependence,theta0.35_kappa0.02,5,full_information,100,14.495056840491946,108.78653988018493,16.430576840491945,109.01935893862351
state_dependence,theta0.35_kappa0.02,5,independent,100,6.8462282603741755,156.5385079035033,8.7915082603741777,157.94480198957442
state_dependence,theta0.35_kappa0.02,5,myopic,100,7.9173182263992912,79.781443749635955,9.1503582263992911,85.040744707672445
state_dependence,theta0.35_kappa0.02,5,noinfo,100,10.042968219243644,97.775818584367542,11.854528219243644,97.826731314992486
state_dependence,theta0.35_kappa0.02,5,taker,100,3.069489349937411,119.14791360726785,5.1274093499374116,119.95243844844747
state_dependence,theta0.35_kappa0.02,6,abstain,100,0,0,0,0
state_dependence,theta0.35_kappa0.02,6,active,100,12.507842954129792,112.1667606506369,14.275842954129791,114.94312065435018
state_dependence,theta0.35_kappa0.02,6,full_information,100,16.777527073064125,88.145634176520858,18.716407073064126,90.21188910693715
state_dependence,theta0.35_kappa0.02,6,independent,100,9.985067615385077,115.54636400288584,11.919687615385076,118.0302734972292
state_dependence,theta0.35_kappa0.02,6,myopic,100,8.5862849305241919,74.299944516108823,9.8790249305241922,82.486890664625946
state_dependence,theta0.35_kappa0.02,6,noinfo,100,11.905745122316175,107.08793429609051,13.775805122316173,109.97824717318908
state_dependence,theta0.35_kappa0.02,6,taker,100,4.6648342016336883,108.0112501444528,6.7397542016336889,109.8055201031202
state_dependence,theta0.35_kappa0.02,7,abstain,100,0,0,0,0
state_dependence,theta0.35_kappa0.02,7,active,100,9.6444655478807793,95.678973041688224,11.294385547880779,96.568359664797185
state_dependence,theta0.35_kappa0.02,7,full_information,100,14.312686868413669,95.820074636406844,16.195966868413667,96.293329778240661
state_dependence,theta0.35_kappa0.02,7,independent,100,7.1009965428218518,121.22545108407357,9.026176542821851,121.57168455338494
state_dependence,theta0.35_kappa0.02,7,myopic,100,6.4887343431365068,75.378501196534458,7.6515343431365066,83.004651912183647
state_dependence,theta0.35_kappa0.02,7,noinfo,100,9.3479192663920507,93.908102900802376,11.104059266392051,94.027917942070545
state_dependence,theta0.35_kappa0.02,7,taker,100,3.3826820232775492,79.576345336100985,5.4033620232775492,79.335687163443566
state_dependence,theta0.35_kappa0.02,8,abstain,100,0,0,0,0
state_dependence,theta0.35_kappa0.02,8,active,100,13.444862820999793,108.92817200765802,15.143162820999795,110.94831643901244
state_dependence,theta0.35_kappa0.02,8,full_information,100,18.008509451119934,113.25846461339754,19.886469451119936,115.25517296983176
state_dependence,theta0.35_kappa0.02,8,independent,100,9.8510430861634646,138.87686148103433,11.838683086163464,139.54333018727388
state_dependence,theta0.35_kappa0.02,8,myopic,100,9.9829043549147531,93.34658172844847,11.339244354914751,100.2689062526303
state_dependence,theta0.35_kappa0.02,8,noinfo,100,13.090775860650808,107.53378310163697,14.890455860650807,109.85044423711439
state_dependence,theta0.35_kappa0.02,8,taker,100,3.5622522355699413,116.59694447303437,5.6291922355699411,118.53312438464783
state_dependence,theta0.35_kappa0.02,9,abstain,100,0,0,0,0
state_dependence,theta0.35_kappa0.02,9,active,100,11.25045259404027,123.6919307114605,13.010032594040272,125.45972448378478
state_dependence,theta0.35_kappa0.02,9,full_information,100,15.729840601746009,112.16895044973766,17.63042060174601,113.81332295956983
state_dependence,theta0.35_kappa0.02,9,independent,100,8.1092316525103865,137.08955507716223,10.063651652510387,138.18932537377097
state_dependence,theta0.35_kappa0.02,9,myopic,100,8.098264012523714,79.214139637968771,9.4741040125237141,88.741797861687871
state_dependence,theta0.35_kappa0.02,9,noinfo,100,11.121821381065891,110.83649351332201,12.96778138106589,111.9475668199198
state_dependence,theta0.35_kappa0.02,9,taker,100,3.3043293526427515,96.598123553049135,5.3989293526427513,97.339983014880886
state_dependence,theta0.35_kappa0.1,0,abstain,100,0,0,0,0
state_dependence,theta0.35_kappa0.1,0,active,100,9.2814237270810604,78.84944397360475,10.953963727081062,80.129978132849715
state_dependence,theta0.35_kappa0.1,0,full_information,100,16.257728919172592,77.267703187274932,17.699908919172593,79.880804673549619
state_dependence,theta0.35_kappa0.1,0,independent,100,8.7675284314075377,82.687011879939888,10.756448431407536,83.364933444627169
state_dependence,theta0.35_kappa0.1,0,myopic,100,8.3196305694509949,72.478927684383606,9.7901305694509944,76.262161817442873
state_dependence,theta0.35_kappa0.1,0,noinfo,100,9.0948744527972885,72.833150244991302,10.849154452797288,73.945751191132018
state_dependence,theta0.35_kappa0.1,0,taker,100,3.3584055341684236,74.193443955345131,5.442105534168423,73.967835706398617
state_dependence,theta0.35_kappa0.1,1,abstain,100,0,0,0,0
state_dependence,theta0.35_kappa0.1,1,active,100,9.4996507546125279,90.088855124799153,11.11161075461253,91.742391287827957
state_dependence,theta0.35_kappa0.1,1,full_information,100,16.425490478095369,82.323213586743975,17.851730478095373,84.050884246207573
state_dependence,theta0.35_kappa0.1,1,independent,100,8.5804749066628645,107.51458896022272,10.453814906662865,108.30355579695606
state_dependence,theta0.35_kappa0.1,1,myopic,100,7.5988822324225875,71.705898920010327,8.9057822324225882,74.445170150286287
state_dependence,theta0.35_kappa0.1,1,noinfo,100,9.1124893028143887,93.791696924045254,10.793809302814388,95.290243423481698
state_dependence,theta0.35_kappa0.1,1,taker,100,4.1271532015460046,105.20607519436817,6.1753532015460042,105.72773300160189
state_dependence,theta0.35_kappa0.1,2,abstain,100,0,0,0,0
state_dependence,theta0.35_kappa0.1,2,active,100,9.0283141121220574,76.784478949746514,10.62129411212206,78.66202807967899
state_dependence,theta0.35_kappa0.1,2,full_information,100,15.996022256998126,55.390280659447782,17.399202256998127,56.720099654332451
state_dependence,theta0.35_kappa0.1,2,independent,100,8.6440600974491701,76.436485951717302,10.567360097449171,77.05164936344309
state_dependence,theta0.35_kappa0.1,2,myopic,100,7.9465703518943522,70.569536109244666,9.2699703518943526,73.629440227807123
state_dependence,theta0.35_kappa0.1,2,noinfo,100,9.2813498867269395,79.016987404578416,10.96840988672694,80.712742489408242
state_dependence,theta0.35_kappa0.1,2,taker,100,4.2417982538407291,77.113886633244519,6.2897382538407296,77.427815345795082
state_dependence,theta0.35_kappa0.1,3,abstain,100,0,0,0,0
state_dependence,theta0.35_kappa0.1,3,active,100,9.1624654909165031,80.046799121401349,10.835845490916505,80.971849372979662
state_dependence,theta0.35_kappa0.1,3,full_information,100,15.026820736210988,70.72808322612191,16.466880736210989,72.130087918886574
state_dependence,theta0.35_kappa0.1,3,independent,100,7.652462511470155,107.4225791729362,9.6525625114701548,108.06094546533957
state_dependence,theta0.35_kappa0.1,3,myopic,100,7.0503730997554364,65.697284158883704,8.5064330997554354,67.734264633146722
state_dependence,theta0.35_kappa0.1,3,noinfo,100,8.9743538397613456,97.368475183866067,10.755793839761347,98.660948004204315
state_dependence,theta0.35_kappa0.1,3,taker,100,1.9706953157367615,113.33851690974468,4.0833953157367615,113.71970638671989
state_dependence,theta0.35_kappa0.1,4,abstain,100,0,0,0,0
state_dependence,theta0.35_kappa0.1,4,active,100,10.664844092887698,86.095279953762955,12.322844092887697,87.757870023782061
state_dependence,theta0.35_kappa0.1,4,full_information,100,17.678590236380415,54.500250685679831,19.155590236380416,56.11090030154913
state_dependence,theta0.35_kappa0.1,4,independent,100,9.9830429670925565,95.968450646373967,11.903122967092557,96.802979897480768
state_dependence,theta0.35_kappa0.1,4,myopic,100,8.1009230173318638,69.31261467300061,9.6169630173318641,71.695024547249432
state_dependence,theta0.35_kappa0.1,4,noinfo,100,10.649114038199953,90.838076090928695,12.365434038199954,93.21491362616085
state_dependence,theta0.35_kappa0.1,4,taker,100,4.429214037094348,81.437145523858888,6.4469140370943476,81.344175768716156
state_dependence,theta0.35_kappa0.1,5,abstain,100,0,0,0,0
state_dependence,theta0.35_kappa0.1,5,active,100,8.2518577712247012,90.950242330443615,9.8201377712247009,91.884712011397482
state_dependence,theta0.35_kappa0.1,5,full_information,100,14.847203989027879,74.092019711152119,16.251243989027881,76.019102894615997
state_dependence,theta0.35_kappa0.1,5,independent,100,7.92495270483965,112.83917413124375,9.869612704839648,113.72156074197858
state_dependence,theta0.35_kappa0.1,5,myopic,100,7.1733065223312558,52.186213831708962,8.4399465223312564,54.362831481581189
state_dependence,theta0.35_kappa0.1,5,noinfo,100,8.1660629673000535,87.822844905324089,9.8503029673000544,88.514786597149154
state_dependence,theta0.35_kappa0.1,5,taker,100,2.8118550905920103,102.14909130757466,4.8526550905920098,103.40691755578574
state_dependence,theta0.35_kappa0.1,6,abstain,100,0,0,0,0
state_dependence,theta0.35_kappa0.1,6,active,100,9.4067868641444914,75.690068440855569,11.021226864144491,76.237313031948361
state_dependence,theta0.35_kappa0.1,6,full_information,100,16.509637582397904,70.618863597677702,17.947077582397903,72.552516452933787
state_dependence,theta0.35_kappa0.1,6,independent,100,8.5070428009638608,87.942898741016862,10.434882800963861,87.703706010721532
state_dependence,theta0.35_kappa0.1,6,myopic,100,7.9659371217442301,68.788032297332592,9.4364971217442299,71.500451540405976
state_dependence,theta0.35_kappa0.1,6,noinfo,100,9.5161316331847097,77.048371268462446,11.19657163318471,77.881873219638607
state_dependence,theta0.35_kappa0.1,6,taker,100,3.2812888087156034,106.85310934682344,5.3496088087156037,108.12105564244658
state_dependence,theta0.35_kappa0.1,7,abstain,100,0,0,0,0
state_dependence,theta0.35_kappa0.1,7,active,100,9.8055384395451295,77.514630751473334,11.431258439545129,78.364586992488896
state_dependence,theta0.35_kappa0.1,7,full_information,100,15.802748166680692,72.941035445022194,17.214088166680693,73.737502970742241
state_dependence,theta0.35_kappa0.1,7,independent,100,8.7945533283072947,81.659477248700142,10.758773328307296,82.657976401901948
state_dependence,theta0.35_kappa0.1,7,myopic,100,8.4927429765857454,84.642320983949219,9.922082976585747,86.652357019544198
state_dependence,theta0.35_kappa0.1,7,noinfo,100,9.9208112827474206,77.658649758269306,11.64271128274742,78.623265024280059
state_dependence,theta0.35_kappa0.1,7,taker,100,3.523472025646023,81.993418836666393,5.5944120256460224,83.332586085112851
state_dependence,theta0.35_kappa0.1,8,abstain,100,0,0,0,0
state_dependence,theta0.35_kappa0.1,8,active,100,10.128409230553487,79.836505304580953,11.746429230553485,81.495777337464332
state_dependence,theta0.35_kappa0.1,8,full_information,100,15.553035843063437,68.427812618155627,16.986555843063435,69.33082074617721
state_dependence,theta0.35_kappa0.1,8,independent,100,8.9498817754939068,99.45492728055001,10.883661775493906,100.49242253795877
state_dependence,theta0.35_kappa0.1,8,myopic,100,8.118913817208691,65.714822673569714,9.535553817208692,69.302841216987673
state_dependence,theta0.35_kappa0.1,8,noinfo,100,10.277691391966425,84.038852888188643,12.005091391966426,85.364807298691161
state_dependence,theta0.35_kappa0.1,8,taker,100,3.4987857016305277,86.333648045167749,5.5775857016305279,87.551782706172688
state_dependence,theta0.35_kappa0.1,9,abstain,100,0,0,0,0
state_dependence,theta0.35_kappa0.1,9,active,100,7.4847144417145604,80.104539363061136,9.1125144417145592,81.202160046911175
state_dependence,theta0.35_kappa0.1,9,full_information,100,14.47911334384521,67.57678552181028,15.904713343845209,68.337051031292148
state_dependence,theta0.35_kappa0.1,9,independent,100,5.3301730229658055,88.391978925833598,7.3176930229658055,88.552039771356135
state_dependence,theta0.35_kappa0.1,9,myopic,100,6.5740797945669156,61.513593195093883,7.9900997945669152,62.362699631598154
state_dependence,theta0.35_kappa0.1,9,noinfo,100,7.4073216177673196,82.507751609746038,9.1221016177673189,83.642994810499843
state_dependence,theta0.35_kappa0.1,9,taker,100,1.3824140422129625,123.10013335884054,3.4383140422129621,122.66691948050202
state_dependence,theta0.65_kappa0.002,0,abstain,100,0,0,0,0
state_dependence,theta0.65_kappa0.002,0,active,100,22.173040106669422,383.68456332912439,24.172980106669424,384.9519016121202
state_dependence,theta0.65_kappa0.002,0,full_information,100,24.499839811265858,373.57540495690756,26.529299811265854,375.36185767475757
state_dependence,theta0.65_kappa0.002,0,independent,100,8.1137091273779838,605.79580964003094,10.119229127377984,603.37618541574852
state_dependence,theta0.65_kappa0.002,0,myopic,100,10.405470130978399,280.71258093667745,11.566410130978399,338.26794620719829
state_dependence,theta0.65_kappa0.002,0,noinfo,100,14.875693551197752,363.2466975515718,16.877053551197754,363.67708081364384
state_dependence,theta0.65_kappa0.002,0,taker,100,1.3741196031169411,118.42632744913404,3.4136196031169406,120.33869799963134
state_dependence,theta0.65_kappa0.002,1,abstain,100,0,0,0,0
state_dependence,theta0.65_kappa0.002,1,active,100,20.351487587051896,465.72161805554441,22.357847587051896,466.40783000253128
state_dependence,theta0.65_kappa0.002,1,full_information,100,22.557203189912315,451.63704231001083,24.566163189912317,451.51776857726435
state_dependence,theta0.65_kappa0.002,1,independent,100,5.8321454618515576,686.02753321471255,7.8571054618515577,686.76921939465478
state_dependence,theta0.65_kappa0.002,1,myopic,100,13.395055477923918,368.97597064040849,14.846935477923916,434.2922720661935
state_dependence,theta0.65_kappa0.002,1,noinfo,100,16.504332282838899,456.8729039661477,18.5499122828389,456.48310494951477
state_dependence,theta0.65_kappa0.002,1,taker,100,1.5653988423469738,80.887082949878106,3.6418188423469742,80.68474532321477
state_dependence,theta0.65_kappa0.002,2,abstain,100,0,0,0,0
state_dependence,theta0.65_kappa0.002,2,active,100,24.240298766441761,525.66735852930333,26.302278766441759,532.26502927132969
state_dependence,theta0.65_kappa0.002,2,full_information,100,26.361174961433203,484.85403878270472,28.446794961433202,491.01067001681508
state_dependence,theta0.65_kappa0.002,2,independent,100,9.9066683937030824,792.45942386613387,11.922668393703082,795.82868032862871
state_dependence,theta0.65_kappa0.002,2,myopic,100,15.835653416655104,428.07716952146791,17.455833416655103,502.79455785406401
state_dependence,theta0.65_kappa0.002,2,noinfo,100,19.536261014643472,515.43884513641069,21.611621014643475,520.48095269167527
state_dependence,theta0.65_kappa0.002,2,taker,100,3.7401563421497843,104.6847690179531,5.818416342149785,105.33952013732755
state_dependence,theta0.65_kappa0.002,3,abstain,100,0,0,0,0
state_dependence,theta0.65_kappa0.002,3,active,100,23.595996618143449,418.58460337259152,25.670436618143448,420.74896375977295
state_dependence,theta0.65_kappa0.002,3,full_information,100,25.402254537022451,411.03429317513456,27.511934537022452,412.70758235605575
state_dependence,theta0.65_kappa0.002,3,independent,100,8.8041652294162773,654.87981729115768,10.796025229416278,655.68420535136352
state_dependence,theta0.65_kappa0.002,3,myopic,100,15.365155114635229,371.84447528991615,16.986135114635228,443.17140217134306
state_dependence,theta0.65_kappa0.002,3,noinfo,100,20.33299903597911,397.29996808884817,22.394879035979113,398.4552320631721
state_dependence,theta0.65_kappa0.002,3,taker,100,4.1329562260621051,66.086274002430457,6.214016226062105,65.911587434076878
state_dependence,theta0.65_kappa0.002,4,abstain,100,0,0,0,0
state_dependence,theta0.65_kappa0.002,4,active,100,22.660218129315044,518.11548281457158,24.746958129315043,521.00201457862261
state_dependence,theta0.65_kappa0.002,4,full_information,100,24.708639365650004,477.84214951983114,26.802619365650003,479.68633963603122
state_dependence,theta0.65_kappa0.002,4,independent,100,8.0211517284106861,725.54051311246951,10.031611728410686,727.37963691491825
state_dependence,theta0.65_kappa0.002,4,myopic,100,14.984626818301729,429.12067594175915,16.474166818301729,505.9145822507665
state_dependence,theta0.65_kappa0.002,4,noinfo,100,17.183444378880477,487.83598782764903,19.282804378880474,491.10640440081164
state_dependence,theta0.65_kappa0.002,4,taker,100,2.8396617440265559,93.597475129958426,4.9206017440265564,94.357644050680022
state_dependence,theta0.65_kappa0.002,5,abstain,100,0,0,0,0
state_dependence,theta0.65_kappa0.002,5,active,100,22.838378671685856,494.41652297854836,24.979478671685857,500.72153109706841
state_dependence,theta0.65_kappa0.002,5,full_information,100,24.538981575392292,463.86989838259797,26.706501575392291,469.09024490726262
state_dependence,theta0.65_kappa0.002,5,independent,100,6.8011654068067209,759.08107074856969,8.8440854068067214,760.24972857605655
state_dependence,theta0.65_kappa0.002,5,myopic,100,14.810198713516215,447.08899073801609,16.232038713516214,528.10462755261472
state_dependence,theta0.65_kappa0.002,5,noinfo,100,18.034348523527772,487.50058255253623,20.175648523527769,493.92205828045121
state_dependence,theta0.65_kappa0.002,5,taker,100,3.1059862818936783,76.918766382558871,5.195486281893678,78.578139673462758
state_dependence,theta0.65_kappa0.002,6,abstain,100,0,0,0,0
state_dependence,theta0.65_kappa0.002,6,active,100,21.725654533888047,425.88393881753473,23.820134533888044,431.02054788083899
state_dependence,theta0.65_kappa0.002,6,full_information,100,24.772999712458095,407.31027348178509,26.902219712458095,412.39987307277397
state_dependence,theta0.65_kappa0.002,6,independent,100,5.5679978717501424,676.78003200976229,7.5870378717501419,676.49674767753118
state_dependence,theta0.65_kappa0.002,6,myopic,100,11.729135938150216,313.42063843250355,12.995015938150216,374.37807487710006
state_dependence,theta0.65_kappa0.002,6,noinfo,100,16.145712644266979,342.8150758656285,18.243992644266978,344.94173973255386
state_dependence,theta0.65_kappa0.002,6,taker,100,4.2986629509432479,106.51751079780236,6.3589229509432483,107.25896547905853
state_dependence,theta0.65_kappa0.002,7,abstain,100,0,0,0,0
state_dependence,theta0.65_kappa0.002,7,active,100,21.110602151605846,496.96131504436221,23.150282151605843,497.97851353349307
state_dependence,theta0.65_kappa0.002,7,full_information,100,23.445186909486814,485.55252175003665,25.503946909486814,486.86290143073637
state_dependence,theta0.65_kappa0.002,7,independent,100,5.7807287353331924,731.49071317276753,7.8232487353331921,726.01547216658344
state_dependence,theta0.65_kappa0.002,7,myopic,100,12.376970405691338,364.89065819481107,13.660530405691338,428.90332554452942
state_dependence,theta0.65_kappa0.002,7,noinfo,100,15.757273146681134,419.81969251874375,17.808693146681136,418.66431591985872
state_dependence,theta0.65_kappa0.002,7,taker,100,2.168778159834476,97.909796793111411,4.2404381598344756,97.559308650682922
state_dependence,theta0.65_kappa0.002,8,abstain,100,0,0,0,0
state_dependence,theta0.65_kappa0.002,8,active,100,25.065803889281096,472.27348366242245,27.1558638892811,476.71940245775573
state_dependence,theta0.65_kappa0.002,8,full_information,100,26.829056287798934,439.79099806838917,28.943596287798933,443.93866729484489
state_dependence,theta0.65_kappa0.002,8,independent,100,9.460788117473319,736.88884004448016,11.47258811747332,736.43576419885699
state_dependence,theta0.65_kappa0.002,8,myopic,100,17.451394983292538,438.75941565342941,19.344634983292536,521.9200374751432
state_dependence,theta0.65_kappa0.002,8,noinfo,100,21.323354462486769,435.72059182725013,23.418874462486766,438.13894302335564
state_dependence,theta0.65_kappa0.002,8,taker,100,2.9134063970003425,85.855115173587762,4.9621463970003425,85.821847161356203
state_dependence,theta0.65_kappa0.002,9,abstain,100,0,0,0,0
state_dependence,theta0.65_kappa0.002,9,active,100,21.667615578624254,436.13924696344975,23.757315578624258,439.73616391033852
state_dependence,theta0.65_kappa0.002,9,full_information,100,23.834931182136511,399.11007376708301,25.921851182136511,402.41787432019237
state_dependence,theta0.65_kappa0.002,9,independent,100,6.9275725901389773,631.17646646986179,8.9087125901389772,631.52612376397838
state_dependence,theta0.65_kappa0.002,9,myopic,100,12.22477797737031,392.23206048619363,13.473017977370311,463.49642321197229
state_dependence,theta0.65_kappa0.002,9,noinfo,100,14.23953828944515,384.39299698110341,16.311198289445151,386.7292528806334
state_dependence,theta0.65_kappa0.002,9,taker,100,3.6933478053791604,81.610563845785293,5.7366478053791603,82.030086262571714
state_dependence,theta0.65_kappa0.02,0,abstain,100,0,0,0,0
state_dependence,theta0.65_kappa0.02,0,active,100,21.636040303708068,162.0161533716736,23.581060303708067,164.1299047123812
state_dependence,theta0.65_kappa0.02,0,full_information,100,26.669727664132541,136.26565867154889,28.873407664132543,139.79612271781883
state_dependence,theta0.65_kappa0.02,0,independent,100,8.9137109290241092,221.73000225211382,10.92935092902411,221.85616928725975
state_dependence,theta0.65_kappa0.02,0,myopic,100,12.939143284110312,133.57704064137167,14.344543284110312,151.07149603438964
state_dependence,theta0.65_kappa0.02,0,noinfo,100,17.225092855935262,129.48568409595467,19.314772855935264,131.00731021955465
state_dependence,theta0.65_kappa0.02,0,taker,100,3.9367735264529609,102.44651635591751,6.0190335264529606,102.44029457108704
state_dependence,theta0.65_kappa0.02,1,abstain,100,0,0,0,0
state_dependence,theta0.65_kappa0.02,1,active,100,18.847972434251627,142.41694910079818,20.742732434251625,145.28497001281261
state_dependence,theta0.65_kappa0.02,1,full_information,100,25.446661800725892,159.66903884128595,27.632921800725889,163.73039953407624
state_dependence,theta0.65_kappa0.02,1,independent,100,8.9427186768638531,207.2133863083485,10.949418676863852,208.12212054690562
state_dependence,theta0.65_kappa0.02,1,myopic,100,12.741930454566047,136.56609193178519,14.123190454566048,154.76352605742051
state_dependence,theta0.65_kappa0.02,1,noinfo,100,15.81010522065815,142.38988264898703,17.873845220658151,144.85233622077516
state_dependence,theta0.65_kappa0.02,1,taker,100,3.8784421051345372,73.121466500975771,5.9343221051345383,73.095445325337408
state_dependence,theta0.65_kappa0.02,2,abstain,100,0,0,0,0
state_dependence,theta0.65_kappa0.02,2,active,100,16.437714475290075,163.58700137258978,18.360194475290072,166.08481251975948
state_dependence,theta0.65_kappa0.02,2,full_information,100,21.416843646339871,181.59022703100322,23.63626364633987,186.45109499269319
state_dependence,theta0.65_kappa0.02,2,independent,100,5.107270256215946,200.03731153319512,7.1320702562159468,201.19045078979664
state_dependence,theta0.65_kappa0.02,2,myopic,100,9.9840782798978118,105.58252198449804,11.315338279897812,119.3981294120758
state_dependence,theta0.65_kappa0.02,2,noinfo,100,14.198423363784489,143.18703958696651,16.289443363784486,144.80142245949565
state_dependence,theta0.65_kappa0.02,2,taker,100,3.9171886581437922,83.050853052977004,5.9775086581437931,84.082738201769629
state_dependence,theta0.65_kappa0.02,3,abstain,100,0,0,0,0
state_dependence,theta0.65_kappa0.02,3,active,100,18.712602657652475,186.97487894539091,20.605022657652469,190.72729070345056
state_dependence,theta0.65_kappa0.02,3,full_information,100,24.677084267244346,181.16748337394378,26.819944267244345,185.90575781525027
state_dependence,theta0.65_kappa0.02,3,independent,100,7.6190534034681017,242.81033897724421,9.5829534034681014,243.74205312613353
state_dependence,theta0.65_kappa0.02,3,myopic,100,11.632149917183121,114.20926440873443,12.981009917183121,129.12954230752905
state_dependence,theta0.65_kappa0.02,3,noinfo,100,15.371453262019461,191.63710466000416,17.446433262019461,195.23457310470809
state_dependence,theta0.65_kappa0.02,3,taker,100,3.023937242899907,90.510627427253098,5.0793972428999075,91.441270548759164
state_dependence,theta0.65_kappa0.02,4,abstain,100,0,0,0,0
state_dependence,theta0.65_kappa0.02,4,active,100,20.062689166176707,160.40028658864881,21.986769166176703,162.89686267643006
state_dependence,theta0.65_kappa0.02,4,full_information,100,26.203941671893361,161.19455905226374,28.401941671893361,164.57213309806303
state_dependence,theta0.65_kappa0.02,4,independent,100,8.9247830536797679,191.39784754862924,10.916363053679767,191.13931531544361
state_dependence,theta0.65_kappa0.02,4,myopic,100,12.064743155038958,89.303792787157192,13.465223155038958,101.66020565431893
state_dependence,theta0.65_kappa0.02,4,noinfo,100,16.373428830023254,144.16250304759185,18.453488830023254,145.0916075917506
state_dependence,theta0.65_kappa0.02,4,taker,100,3.9302261024502592,80.90918126424647,5.9653661024502593,80.719455378451343
state_dependence,theta0.65_kappa0.02,5,abstain,100,0,0,0,0
state_dependence,theta0.65_kappa0.02,5,active,100,19.739016229690154,182.19074742299804,21.662796229690152,187.09057613194864
state_dependence,theta0.65_kappa0.02,5,full_information,100,25.587848612403928,201.99427444518611,27.766888612403928,207.90378095787176
state_dependence,theta0.65_kappa0.02,5,independent,100,7.9815777668730536,230.45484815385899,9.9477977668730553,232.35735757223651
state_dependence,theta0.65_kappa0.02,5,myopic,100,12.579560109483406,146.36799164279071,14.068300109483408,166.15387146061266
state_dependence,theta0.65_kappa0.02,5,noinfo,100,16.294907276427455,184.1475313056809,18.368347276427457,188.44627583365016
state_dependence,theta0.65_kappa0.02,5,taker,100,3.3862581589858083,88.219038186201857,5.4655581589858082,89.054759770469772
state_dependence,theta0.65_kappa0.02,6,abstain,100,0,0,0,0
state_dependence,theta0.65_kappa0.02,6,active,100,20.661935539147603,194.81194450345703,22.550595539147604,200.78677336413381
state_dependence,theta0.65_kappa0.02,6,full_information,100,26.834219596869438,208.46758153070087,29.005639596869443,216.11886110345398
state_dependence,theta0.65_kappa0.02,6,independent,100,10.578454312773641,217.00116296860253,12.588594312773639,218.12783826261389
state_dependence,theta0.65_kappa0.02,6,myopic,100,13.598252192233387,137.14269967508994,15.028812192233389,156.74987553430535
state_dependence,theta0.65_kappa0.02,6,noinfo,100,17.122742691300019,181.89850248996734,19.128402691300018,186.16612923299792
state_dependence,theta0.65_kappa0.02,6,taker,100,3.8340289022938716,76.745317918217566,5.8325489022938708,77.829002884871358
state_dependence,theta0.65_kappa0.02,7,abstain,100,0,0,0,0
state_dependence,theta0.65_kappa0.02,7,active,100,18.635445101041956,158.66514595928609,20.503045101041952,161.76619533270377
state_dependence,theta0.65_kappa0.02,7,full_information,100,25.540676086921316,150.61757003210113,27.667636086921316,153.89462893267017
state_dependence,theta0.65_kappa0.02,7,independent,100,7.5944470175666563,231.08846328975778,9.5762270175666568,232.07356551056037
state_dependence,theta0.65_kappa0.02,7,myopic,100,13.149662951109695,154.7292948063683,14.648062951109694,175.33046943360785
state_dependence,theta0.65_kappa0.02,7,noinfo,100,15.445550191006966,130.291849947923,17.501370191006966,132.87541162726154
state_dependence,theta0.65_kappa0.02,7,taker,100,4.3846465948725566,105.4138300093466,6.4480065948725578,107.49356241984279
state_dependence,theta0.65_kappa0.02,8,abstain,100,0,0,0,0
state_dependence,theta0.65_kappa0.02,8,active,100,15.975883140523887,182.05304245445814,17.933923140523888,186.08280474162191
state_dependence,theta0.65_kappa0.02,8,full_information,100,22.830898360128177,173.8942475222029,25.002518360128175,178.23318530216048
state_dependence,theta0.65_kappa0.02,8,independent,100,5.1282549909809472,295.28235211509775,7.1922549909809481,297.49919829279997
state_dependence,theta0.65_kappa0.02,8,myopic,100,10.289308555881176,113.29854473034069,11.716748555881175,129.23495804648047
state_dependence,theta0.65_kappa0.02,8,noinfo,100,13.405854225389206,168.91126939541181,15.459494225389205,172.21933607475614
state_dependence,theta0.65_kappa0.02,8,taker,100,2.4157428540142871,105.43356499912886,4.4829628540142865,105.86757149481888
state_dependence,theta0.65_kappa0.02,9,abstain,100,0,0,0,0
state_dependence,theta0.65_kappa0.02,9,active,100,19.357682174375348,163.64990465488737,21.211822174375346,166.02358910615365
state_dependence,theta0.65_kappa0.02,9,full_information,100,26.092955064067404,163.07662345538128,28.281495064067403,166.59402084725954
state_dependence,theta0.65_kappa0.02,9,independent,100,7.9396537603636395,258.00196012672603,9.9751337603636401,258.50932675478583
state_dependence,theta0.65_kappa0.02,9,myopic,100,12.255213874056526,110.63731135367419,13.492113874056527,123.7056099679437
state_dependence,theta0.65_kappa0.02,9,noinfo,100,16.280617599385725,149.92378315586529,18.350817599385724,151.83373955925333
state_dependence,theta0.65_kappa0.02,9,taker,100,3.5669635842942258,98.851735155405592,5.6336235842942255,99.143942268491415
state_dependence,theta0.65_kappa0.1,0,abstain,100,0,0,0,0
state_dependence,theta0.65_kappa0.1,0,active,100,13.439002117683083,83.075680699040049,15.081922117683082,84.966010498116361
state_dependence,theta0.65_kappa0.1,0,full_information,100,25.814635153230885,98.32036658909162,27.587835153230881,101.89655837209422
state_dependence,theta0.65_kappa0.1,0,independent,100,7.4674186136513345,129.00044330408468,9.5176986136513353,127.39168598565057
state_dependence,theta0.65_kappa0.1,0,myopic,100,10.802523055685796,71.399769693102968,12.387523055685797,76.578472181882489
state_dependence,theta0.65_kappa0.1,0,noinfo,100,13.223660561009435,108.12653214706125,15.230900561009436,109.43344071184897
state_dependence,theta0.65_kappa0.1,0,taker,100,4.113685919203399,92.928593770488206,6.1952859192033989,93.855414860037712
state_dependence,theta0.65_kappa0.1,1,abstain,100,0,0,0,0
state_dependence,theta0.65_kappa0.1,1,active,100,14.017527629440035,73.876173513633049,15.630247629440035,76.384356180446261
state_dependence,theta0.65_kappa0.1,1,full_information,100,25.678854723472476,88.828111274883142,27.472794723472475,92.203225733089553
state_dependence,theta0.65_kappa0.1,1,independent,100,7.0471074888754961,106.57227628963328,9.0893674888754958,107.11895380113334
state_dependence,theta0.65_kappa0.1,1,myopic,100,11.189042737734033,98.869554180277873,12.764242737734032,105.95252621157819
state_dependence,theta0.65_kappa0.1,1,noinfo,100,12.832472471678802,79.71768522816339,14.757212471678804,82.229608612467388
state_dependence,theta0.65_kappa0.1,1,taker,100,2.6522990819600643,93.460645748034082,4.7299390819600644,94.315356852187421
state_dependence,theta0.65_kappa0.1,2,abstain,100,0,0,0,0
state_dependence,theta0.65_kappa0.1,2,active,100,14.660488840042511,99.147075708576068,16.341868840042508,102.02442822919926
state_dependence,theta0.65_kappa0.1,2,full_information,100,25.81879887769108,92.34820290713273,27.574578877691078,96.144406820823235
state_dependence,theta0.65_kappa0.1,2,independent,100,9.3816351069713715,143.61165266803516,11.391635106971373,144.40922646269576
state_dependence,theta0.65_kappa0.1,2,myopic,100,10.967356266200024,82.959841315536622,12.470716266200027,92.048809841808847
state_dependence,theta0.65_kappa0.1,2,noinfo,100,14.09700501424167,133.53123298174938,16.09804501424167,137.14585886547968
state_dependence,theta0.65_kappa0.1,2,taker,100,5.8769416342192926,93.834991645595693,7.9913616342192926,94.267204257851304
state_dependence,theta0.65_kappa0.1,3,abstain,100,0,0,0,0
state_dependence,theta0.65_kappa0.1,3,active,100,13.991801481119076,123.4356377189371,15.650401481119077,126.13899469272575
state_dependence,theta0.65_kappa0.1,3,full_information,100,25.98941558962461,116.73075687139308,27.747055589624605,120.88390004474988
state_dependence,theta0.65_kappa0.1,3,independent,100,7.2608351411406344,146.21484342904895,9.2369751411406344,146.3195269368635
state_dependence,theta0.65_kappa0.1,3,myopic,100,11.912979288938741,108.02417202009613,13.434319288938742,115.98925811028383
state_dependence,theta0.65_kappa0.1,3,noinfo,100,12.147547392921133,121.13619580521153,14.104507392921134,124.09920675360823
state_dependence,theta0.65_kappa0.1,3,taker,100,3.3849225235160709,92.336593812113833,5.4351625235160714,93.191503926832567
state_dependence,theta0.65_kappa0.1,4,abstain,100,0,0,0,0
state_dependence,theta0.65_kappa0.1,4,active,100,12.490789366374216,87.437361585749699,14.112789366374216,88.975825984566484
state_dependence,theta0.65_kappa0.1,4,full_information,100,24.644051856894222,84.113666370203376,26.402331856894222,86.580185852065895
state_dependence,theta0.65_kappa0.1,4,independent,100,8.2102930026662424,126.90687110884002,10.266993002666243,126.75510774842272
state_dependence,theta0.65_kappa0.1,4,myopic,100,9.3350349089048379,87.299297537003923,10.888654908904837,90.02235602986346
state_dependence,theta0.65_kappa0.1,4,noinfo,100,12.222382148039985,111.49673564367852,14.188262148039986,114.23020183731272
state_dependence,theta0.65_kappa0.1,4,taker,100,3.9111838697974188,101.24720841435902,5.9596438697974188,102.32355202324898
state_dependence,theta0.65_kappa0.1,5,abstain,100,0,0,0,0
state_dependence,theta0.65_kappa0.1,5,active,100,14.100662777327102,116.27667851764114,15.733422777327103,118.93149142180769
state_dependence,theta0.65_kappa0.1,5,full_information,100,25.391484022760224,92.734864032543598,27.107164022760227,96.435021006662978
state_dependence,theta0.65_kappa0.1,5,independent,100,7.7812589349462691,158.74113500701245,9.7598989349462695,160.44677584842867
state_dependence,theta0.65_kappa0.1,5,myopic,100,10.434990177522184,74.2407911851367,11.812170177522184,78.171461343952245
state_dependence,theta0.65_kappa0.1,5,noinfo,100,13.215009088983306,122.49579927730609,15.142529088983306,123.7008732100182
state_dependence,theta0.65_kappa0.1,5,taker,100,4.215428755857296,127.45874031825366,6.2211487558572962,129.25029928020166
state_dependence,theta0.65_kappa0.1,6,abstain,100,0,0,0,0
state_dependence,theta0.65_kappa0.1,6,active,100,13.690929691301074,91.3543962671218,15.332789691301073,93.475320569721831
state_dependence,theta0.65_kappa0.1,6,full_information,100,25.234499954637123,95.568932060442776,26.96299995463712,100.4627231947339
state_dependence,theta0.65_kappa0.1,6,independent,100,8.4184660558282811,129.28497278482391,10.483606055828282,129.66503481588572
state_dependence,theta0.65_kappa0.1,6,myopic,100,10.85764333473676,84.686427215220121,12.390243334736761,90.882030777114281
state_dependence,theta0.65_kappa0.1,6,noinfo,100,12.721037837571517,111.83325933887978,14.728997837571518,113.87518275471216
state_dependence,theta0.65_kappa0.1,6,taker,100,3.3823483370233047,95.635535130283088,5.4523083370233056,95.840425393377856
state_dependence,theta0.65_kappa0.1,7,abstain,100,0,0,0,0
state_dependence,theta0.65_kappa0.1,7,active,100,13.874714762921535,97.271647246332378,15.492734762921536,99.538841340716075
state_dependence,theta0.65_kappa0.1,7,full_information,100,25.668632383366166,81.44040500486895,27.393792383366169,83.944570939948065
state_dependence,theta0.65_kappa0.1,7,independent,100,6.701800213037461,114.53558564205221,8.6475002130374605,114.04036274678491
state_dependence,theta0.65_kappa0.1,7,myopic,100,10.783875918018575,87.634967224997325,12.199435918018576,90.657964229329352
state_dependence,theta0.65_kappa0.1,7,noinfo,100,11.955375550243192,101.03951924127854,13.872555550243192,102.9865481938477
state_dependence,theta0.65_kappa0.1,7,taker,100,1.6930764387256654,112.78480924288267,3.7269364387256654,113.8917633060599
state_dependence,theta0.65_kappa0.1,8,abstain,100,0,0,0,0
state_dependence,theta0.65_kappa0.1,8,active,100,14.374607264702696,122.40376977759756,16.043347264702696,125.92304478461
state_dependence,theta0.65_kappa0.1,8,full_information,100,26.43918872200835,107.4244489520694,28.254688722008346,111.57317416225253
state_dependence,theta0.65_kappa0.1,8,independent,100,9.0809994418065756,123.70681430621585,11.129459441806576,124.31012433884717
state_dependence,theta0.65_kappa0.1,8,myopic,100,11.164220633635564,138.73828009391522,12.729480633635564,145.89846875235699
state_dependence,theta0.65_kappa0.1,8,noinfo,100,13.984869761023566,124.68521799988925,15.993309761023562,127.22884741607783
state_dependence,theta0.65_kappa0.1,8,taker,100,4.089218100797714,98.687272443341698,6.1721581007977147,98.931879754308625
state_dependence,theta0.65_kappa0.1,9,abstain,100,0,0,0,0
state_dependence,theta0.65_kappa0.1,9,active,100,14.36167882505627,112.34724056661798,15.988478825056269,115.1748968071484
state_dependence,theta0.65_kappa0.1,9,full_information,100,26.178992339417793,108.13541909815183,27.967732339417793,112.57328836760198
state_dependence,theta0.65_kappa0.1,9,independent,100,7.9978817125584962,134.21992341677264,9.9792417125584958,134.37743669019736
state_dependence,theta0.65_kappa0.1,9,myopic,100,11.785912026842968,93.86506883860163,13.263492026842968,103.62125330197674
state_dependence,theta0.65_kappa0.1,9,noinfo,100,13.622400887962483,123.20890872829118,15.604580887962484,125.41638991881425
state_dependence,theta0.65_kappa0.1,9,taker,100,3.1311651744831921,97.147120056599945,5.212565174483192,97.170766868557578
