variant,environment,pilot,episodes,mean,variance,baseline
fixed_duration,theta0.15_kappa0.002,0,100,6.9158955434708478,96.697532307487549,abstain
fixed_duration,theta0.15_kappa0.002,1,100,7.512679760599875,92.946370077843198,abstain
fixed_duration,theta0.15_kappa0.002,2,100,8.6361835840004062,58.126184820333727,abstain
fixed_duration,theta0.15_kappa0.002,3,100,7.9108674444651523,73.644697480383229,abstain
fixed_duration,theta0.15_kappa0.002,4,100,7.2559413114228315,85.944615494523518,abstain
fixed_duration,theta0.15_kappa0.002,5,100,8.7214338266758222,77.077566393483238,abstain
fixed_duration,theta0.15_kappa0.002,6,100,7.6863312417450596,68.365842651897225,abstain
fixed_duration,theta0.15_kappa0.002,7,100,8.6265761687298479,67.217007736526313,abstain
fixed_duration,theta0.15_kappa0.002,8,100,8.9335353207180628,87.927948820219441,abstain
fixed_duration,theta0.15_kappa0.002,9,100,7.0109507406649136,74.069464795947411,abstain
fixed_duration,theta0.15_kappa0.02,0,100,7.6014201380677289,73.145966755163172,abstain
fixed_duration,theta0.15_kappa0.02,1,100,8.9808554670354894,55.761488691862716,abstain
fixed_duration,theta0.15_kappa0.02,2,100,9.6627379294639173,76.337421271954568,abstain
fixed_duration,theta0.15_kappa0.02,3,100,9.9780312998323897,85.977003968594161,abstain
fixed_duration,theta0.15_kappa0.02,4,100,8.7201998753704633,85.499184537079401,abstain
fixed_duration,theta0.15_kappa0.02,5,100,7.800251436377021,68.864600376210632,abstain
fixed_duration,theta0.15_kappa0.02,6,100,6.7154623333820211,67.56957125345285,abstain
fixed_duration,theta0.15_kappa0.02,7,100,8.815398370847765,76.794740778608059,abstain
fixed_duration,theta0.15_kappa0.02,8,100,8.4532540119639172,67.621148016635786,abstain
fixed_duration,theta0.15_kappa0.02,9,100,8.5754318974741022,72.781331135616284,abstain
fixed_duration,theta0.15_kappa0.1,0,100,7.825157486730494,70.896125641520186,abstain
fixed_duration,theta0.15_kappa0.1,1,100,8.1233607996754209,110.29581154520707,abstain
fixed_duration,theta0.15_kappa0.1,2,100,8.9657281613538053,72.339960361147561,abstain
fixed_duration,theta0.15_kappa0.1,3,100,8.9174747346810364,76.944575904491799,abstain
fixed_duration,theta0.15_kappa0.1,4,100,6.8575493326790262,75.636305990969888,abstain
fixed_duration,theta0.15_kappa0.1,5,100,8.5630045820598095,65.783875619340208,abstain
fixed_duration,theta0.15_kappa0.1,6,100,9.4256056274439235,70.297468011637548,abstain
fixed_duration,theta0.15_kappa0.1,7,100,7.4829802582006426,85.917081735213344,abstain
fixed_duration,theta0.15_kappa0.1,8,100,6.9673921671648706,115.49140422544505,abstain
fixed_duration,theta0.15_kappa0.1,9,100,8.2749971944736451,77.063165871344907,abstain
fixed_duration,theta0.35_kappa0.002,0,100,7.6691094333899636,85.375606785404855,abstain
fixed_duration,theta0.35_kappa0.002,1,100,7.8879995265654728,63.406042842098131,abstain
fixed_duration,theta0.35_kappa0.002,2,100,8.6137205813380913,81.931565817035192,abstain
fixed_duration,theta0.35_kappa0.002,3,100,7.995366861722097,103.0796150430408,abstain
fixed_duration,theta0.35_kappa0.002,4,100,7.2322186511061552,68.075369918442462,abstain
fixed_duration,theta0.35_kappa0.002,5,100,8.1260720506092223,95.727498102935996,abstain
fixed_duration,theta0.35_kappa0.002,6,100,7.3880657753740318,90.377301063476466,abstain
fixed_duration,theta0.35_kappa0.002,7,100,7.2299682300153556,88.448661118876458,abstain
fixed_duration,theta0.35_kappa0.002,8,100,8.0915279417169241,89.190211172302838,abstain
fixed_duration,theta0.35_kappa0.002,9,100,9.0632715800311932,83.274968436256231,abstain
fixed_duration,theta0.35_kappa0.02,0,100,10.699039186514421,73.632884370772786,abstain
fixed_duration,theta0.35_kappa0.02,1,100,10.929503873401604,76.025902066784582,abstain
fixed_duration,theta0.35_kappa0.02,2,100,9.2230528341779845,89.319706004730733,abstain
fixed_duration,theta0.35_kappa0.02,3,100,10.557132720504846,65.864388274715793,abstain
fixed_duration,theta0.35_kappa0.02,4,100,10.34988811672229,79.057500006353308,abstain
fixed_duration,theta0.35_kappa0.02,5,100,10.179013427567039,79.667581065196856,abstain
fixed_duration,theta0.35_kappa0.02,6,100,12.681699791033402,78.784619965084531,abstain
fixed_duration,theta0.35_kappa0.02,7,100,10.602820971825231,87.020936139132729,abstain
fixed_duration,theta0.35_kappa0.02,8,100,10.09071731276102,73.392924277640589,abstain
fixed_duration,theta0.35_kappa0.02,9,100,13.693128331133982,81.910403018556238,abstain
fixed_duration,theta0.35_kappa0.1,0,100,9.4962587820934647,87.847972516276442,abstain
fixed_duration,theta0.35_kappa0.1,1,100,11.339845675488951,100.17857711800987,abstain
fixed_duration,theta0.35_kappa0.1,2,100,11.669505487875474,78.114119944722702,abstain
fixed_duration,theta0.35_kappa0.1,3,100,9.9800741773194108,63.895894598339659,abstain
fixed_duration,theta0.35_kappa0.1,4,100,10.198164403188137,54.827534545106126,abstain
fixed_duration,theta0.35_kappa0.1,5,100,10.856572725177701,96.605786036845075,abstain
fixed_duration,theta0.35_kappa0.1,6,100,10.425623195294511,78.078213952812632,abstain
fixed_duration,theta0.35_kappa0.1,7,100,9.6579414746699754,81.782675246805596,abstain
fixed_duration,theta0.35_kappa0.1,8,100,10.996935459934516,78.868362983338443,abstain
fixed_duration,theta0.35_kappa0.1,9,100,10.088719658966619,71.00342279285168,abstain
fixed_duration,theta0.65_kappa0.002,0,100,15.083104297850223,92.737676759680625,abstain
fixed_duration,theta0.65_kappa0.002,1,100,14.429800613003609,110.61603006572591,abstain
fixed_duration,theta0.65_kappa0.002,2,100,14.937073545242846,97.8185008614022,abstain
fixed_duration,theta0.65_kappa0.002,3,100,14.965975921866255,91.744029982084697,abstain
fixed_duration,theta0.65_kappa0.002,4,100,14.056497519109209,90.043908323799315,abstain
fixed_duration,theta0.65_kappa0.002,5,100,13.365581401709568,106.87175835544006,abstain
fixed_duration,theta0.65_kappa0.002,6,100,15.8080209506708,93.220124290420756,abstain
fixed_duration,theta0.65_kappa0.002,7,100,14.895887454454728,103.58616635929174,abstain
fixed_duration,theta0.65_kappa0.002,8,100,14.281140523491326,111.11813789118497,abstain
fixed_duration,theta0.65_kappa0.002,9,100,13.593878084265539,115.05137891853063,abstain
fixed_duration,theta0.65_kappa0.02,0,100,18.438161742087129,94.081001052712509,abstain
fixed_duration,theta0.65_kappa0.02,1,100,17.77063041902354,84.464495476504936,abstain
fixed_duration,theta0.65_kappa0.02,2,100,18.191330158310684,99.066946708387761,abstain
fixed_duration,theta0.65_kappa0.02,3,100,20.201729191022071,88.392139130597087,abstain
fixed_duration,theta0.65_kappa0.02,4,100,18.38295082252084,85.430025609530048,abstain
fixed_duration,theta0.65_kappa0.02,5,100,19.117761328970047,75.977011950954179,abstain
fixed_duration,theta0.65_kappa0.02,6,100,19.332131276635447,77.417513832133452,abstain
fixed_duration,theta0.65_kappa0.02,7,100,20.203501406621058,109.78631982275684,abstain
fixed_duration,theta0.65_kappa0.02,8,100,18.355529829989099,74.897777435946793,abstain
fixed_duration,theta0.65_kappa0.02,9,100,20.113291460079054,84.474527411797382,abstain
fixed_duration,theta0.65_kappa0.1,0,100,17.616077985689518,86.72856448178355,abstain
fixed_duration,theta0.65_kappa0.1,1,100,19.442161512211545,78.978000522299965,abstain
fixed_duration,theta0.65_kappa0.1,2,100,18.012197004533405,78.400933593599859,abstain
fixed_duration,theta0.65_kappa0.1,3,100,15.593752867456764,74.399422205253487,abstain
fixed_duration,theta0.65_kappa0.1,4,100,17.88032891373679,86.988302031338677,abstain
fixed_duration,theta0.65_kappa0.1,5,100,15.188808957531624,56.627525480511309,abstain
fixed_duration,theta0.65_kappa0.1,6,100,17.591948876444292,72.440694736837543,abstain
fixed_duration,theta0.65_kappa0.1,7,100,17.824996375323146,60.711843881282263,abstain
fixed_duration,theta0.65_kappa0.1,8,100,18.725562384032088,88.503690101857572,abstain
fixed_duration,theta0.65_kappa0.1,9,100,17.779594562596134,69.998784782663108,abstain
nominal,theta0.15_kappa0.002,0,100,9.6067862719302113,96.182446536671321,abstain
nominal,theta0.15_kappa0.002,1,100,8.5890331093334211,116.88115056757148,abstain
nominal,theta0.15_kappa0.002,2,100,8.4396856861932914,114.71211516254567,abstain
nominal,theta0.15_kappa0.002,3,100,9.7143493757342902,96.394200859387581,abstain
nominal,theta0.15_kappa0.002,4,100,9.7563481829492265,97.578674357939249,abstain
nominal,theta0.15_kappa0.002,5,100,9.2529027085112592,75.490854040776625,abstain
nominal,theta0.15_kappa0.002,6,100,10.867646821991901,92.815474791188166,abstain
nominal,theta0.15_kappa0.002,7,100,9.3061896905274128,89.779787198629478,abstain
nominal,theta0.15_kappa0.002,8,100,9.0513142393316386,95.483571336249554,abstain
nominal,theta0.15_kappa0.002,9,100,7.6201148963709366,99.87404997028095,abstain
nominal,theta0.15_kappa0.02,0,100,9.5844107960070382,66.003568153506791,abstain
nominal,theta0.15_kappa0.02,1,100,10.400049708096587,77.076924278912614,abstain
nominal,theta0.15_kappa0.02,2,100,8.1157772809166726,73.161210819065204,abstain
nominal,theta0.15_kappa0.02,3,100,8.0091966102197816,68.911150301921936,abstain
nominal,theta0.15_kappa0.02,4,100,8.4142016904514474,70.513992044301872,abstain
nominal,theta0.15_kappa0.02,5,100,8.5461438023672684,75.882314107161761,abstain
nominal,theta0.15_kappa0.02,6,100,9.4556979431968085,75.084659963499789,abstain
nominal,theta0.15_kappa0.02,7,100,8.8795368747454315,80.998361518090462,abstain
nominal,theta0.15_kappa0.02,8,100,9.6088025465301783,73.747567096636431,abstain
nominal,theta0.15_kappa0.02,9,100,7.0706522560282998,68.849641784084824,abstain
nominal,theta0.15_kappa0.1,0,100,9.0475873328357643,75.006071009180516,abstain
nominal,theta0.15_kappa0.1,1,100,7.3059270714432243,61.098950331993329,abstain
nominal,theta0.15_kappa0.1,2,100,8.3684813764103829,64.474621941479242,abstain
nominal,theta0.15_kappa0.1,3,100,7.9648752043756588,88.052705546941567,abstain
nominal,theta0.15_kappa0.1,4,100,10.45927799728495,85.337482419075357,abstain
nominal,theta0.15_kappa0.1,5,100,9.3529928724092084,70.497834200768239,abstain
nominal,theta0.15_kappa0.1,6,100,8.8953026405511295,104.62107518787982,abstain
nominal,theta0.15_kappa0.1,7,100,7.2852495161058046,85.135301634023818,abstain
nominal,theta0.15_kappa0.1,8,100,8.9586313245481044,76.872243419900343,abstain
nominal,theta0.15_kappa0.1,9,100,8.5604332882342202,96.761489219669457,abstain
nominal,theta0.35_kappa0.002,0,100,15.535564218680998,211.29712370690694,abstain
nominal,theta0.35_kappa0.002,1,100,11.68537801099532,174.49120987850029,abstain
nominal,theta0.35_kappa0.002,2,100,16.442080223356914,219.46411928221988,abstain
nominal,theta0.35_kappa0.002,3,100,11.495338391000573,164.88645123797286,abstain
nominal,theta0.35_kappa0.002,4,100,15.617867490690021,221.9302742638321,abstain
nominal,theta0.35_kappa0.002,5,100,14.48626982796161,223.75628239857133,abstain
nominal,theta0.35_kappa0.002,6,100,15.909029351873599,182.4488798264149,abstain
nominal,theta0.35_kappa0.002,7,100,13.110123965409572,193.2738624734242,abstain
nominal,theta0.35_kappa0.002,8,100,11.957920517703137,181.95076585023446,abstain
nominal,theta0.35_kappa0.002,9,100,13.139641962482976,238.10840117081057,abstain
nominal,theta0.35_kappa0.02,0,100,11.159882853332478,105.99485699592783,abstain
nominal,theta0.35_kappa0.02,1,100,10.498140206183704,113.21332966957939,abstain
nominal,theta0.35_kappa0.02,2,100,11.909234646201297,103.60304919495395,abstain
nominal,theta0.35_kappa0.02,3,100,12.611051327685946,113.58722332124485,abstain
nominal,theta0.35_kappa0.02,4,100,13.089851406074686,107.88043134358566,abstain
nominal,theta0.35_kappa0.02,5,100,12.165833967663561,97.942170041025861,abstain
nominal,theta0.35_kappa0.02,6,100,11.09778035677042,116.16603195213534,abstain
nominal,theta0.35_kappa0.02,7,100,14.143896893993317,126.51183210239239,abstain
nominal,theta0.35_kappa0.02,8,100,12.518156285589122,158.07698801679203,abstain
nominal,theta0.35_kappa0.02,9,100,10.921312265724406,91.761758847911949,abstain
nominal,theta0.35_kappa0.1,0,100,9.5519042142468464,79.936034847432069,abstain
nominal,theta0.35_kappa0.1,1,100,9.9547071526749704,83.037568895959822,abstain
nominal,theta0.35_kappa0.1,2,100,7.9612199728551083,85.466474254683291,abstain
nominal,theta0.35_kappa0.1,3,100,8.4727626971072869,76.945970127368724,abstain
nominal,theta0.35_kappa0.1,4,100,9.0384957274186633,85.705728800950922,abstain
nominal,theta0.35_kappa0.1,5,100,10.017433458598271,103.12656922838994,abstain
nominal,theta0.35_kappa0.1,6,100,9.2209416994367519,71.754178613988415,abstain
nominal,theta0.35_kappa0.1,7,100,8.9180922700661185,84.596102024434515,abstain
nominal,theta0.35_kappa0.1,8,100,11.256944674822005,89.623472536770791,abstain
nominal,theta0.35_kappa0.1,9,100,9.1554919183775709,61.515434811946626,abstain
nominal,theta0.65_kappa0.002,0,100,22.588517758752115,499.38557843538331,abstain
nominal,theta0.65_kappa0.002,1,100,24.397589067523363,513.44106171753185,abstain
nominal,theta0.65_kappa0.002,2,100,23.419460782733722,478.82149341034381,abstain
nominal,theta0.65_kappa0.002,3,100,21.957025989221492,423.53475835627114,abstain
nominal,theta0.65_kappa0.002,4,100,21.953623361196041,368.04751006852672,abstain
nominal,theta0.65_kappa0.002,5,100,26.569880398709223,385.32936921039772,abstain
nominal,theta0.65_kappa0.002,6,100,22.633992734724178,363.76954619374754,abstain
nominal,theta0.65_kappa0.002,7,100,26.231764038176106,434.65050065104901,abstain
nominal,theta0.65_kappa0.002,8,100,23.831948549552909,440.77517814979524,abstain
nominal,theta0.65_kappa0.002,9,100,25.877224836418399,443.88939271173348,abstain
nominal,theta0.65_kappa0.02,0,100,21.370679226449933,153.8077462824408,abstain
nominal,theta0.65_kappa0.02,1,100,18.660250498652829,164.94453127715903,abstain
nominal,theta0.65_kappa0.02,2,100,17.291620630036128,119.6910310930696,abstain
nominal,theta0.65_kappa0.02,3,100,18.993185994339459,162.84730408676589,abstain
nominal,theta0.65_kappa0.02,4,100,21.183158596516066,186.40268618428595,abstain
nominal,theta0.65_kappa0.02,5,100,20.220749205791709,148.52338246955105,abstain
nominal,theta0.65_kappa0.02,6,100,17.889808860520827,210.52414830386914,abstain
nominal,theta0.65_kappa0.02,7,100,19.675803870560674,181.20412074442356,abstain
nominal,theta0.65_kappa0.02,8,100,18.465509729358516,185.19679482075426,abstain
nominal,theta0.65_kappa0.02,9,100,20.785771595900329,175.57913468641379,abstain
nominal,theta0.65_kappa0.1,0,100,12.041534992594549,90.124213657056586,abstain
nominal,theta0.65_kappa0.1,1,100,14.847859617617296,97.339303326577124,abstain
nominal,theta0.65_kappa0.1,2,100,15.140913118317869,99.265200294293479,abstain
nominal,theta0.65_kappa0.1,3,100,13.792501997466797,90.282614583125778,abstain
nominal,theta0.65_kappa0.1,4,100,15.579844796290089,102.54781103990442,abstain
nominal,theta0.65_kappa0.1,5,100,12.82325747959363,80.561604081298583,abstain
nominal,theta0.65_kappa0.1,6,100,12.790038790316391,85.725451970888372,abstain
nominal,theta0.65_kappa0.1,7,100,13.977737400322496,84.745080429296124,abstain
nominal,theta0.65_kappa0.1,8,100,13.948193314859477,99.690541602030777,abstain
nominal,theta0.65_kappa0.1,9,100,13.736312553704593,93.994653486003841,abstain
state_dependence,theta0.15_kappa0.002,0,100,9.404323391967873,112.80115877792258,abstain
state_dependence,theta0.15_kappa0.002,1,100,10.583955081962694,93.642069282545805,abstain
state_dependence,theta0.15_kappa0.002,2,100,8.9942561394298011,106.53143100904835,abstain
state_dependence,theta0.15_kappa0.002,3,100,7.8450783645551976,114.11834585521314,abstain
state_dependence,theta0.15_kappa0.002,4,100,10.446696761448074,115.00341049707109,abstain
state_dependence,theta0.15_kappa0.002,5,100,11.067963758172336,95.670999271470762,abstain
state_dependence,theta0.15_kappa0.002,6,100,7.3116907797237012,99.64115731769121,abstain
state_dependence,theta0.15_kappa0.002,7,100,7.8738229075287132,132.21988595674449,abstain
state_dependence,theta0.15_kappa0.002,8,100,10.204755351590636,107.41181996380442,abstain
state_dependence,theta0.15_kappa0.002,9,100,9.1390572473182505,83.595502793972955,abstain
state_dependence,theta0.15_kappa0.02,0,100,9.4883395063606812,72.367174349810355,abstain
state_dependence,theta0.15_kappa0.02,1,100,9.4833570334590664,80.810140118792972,abstain
state_dependence,theta0.15_kappa0.02,2,100,8.9792012328548001,81.52875816442014,abstain
state_dependence,theta0.15_kappa0.02,3,100,8.2469657737498405,84.429651601083279,abstain
state_dependence,theta0.15_kappa0.02,4,100,7.3971307074658181,80.194298903134467,abstain
state_dependence,theta0.15_kappa0.02,5,100,8.0900560896450333,83.631637064798255,abstain
state_dependence,theta0.15_kappa0.02,6,100,9.1378289552726173,65.595022936781021,abstain
state_dependence,theta0.15_kappa0.02,7,100,9.0514345404853174,73.491966240514174,abstain
state_dependence,theta0.15_kappa0.02,8,100,9.1160562626495949,87.602404082637008,abstain
state_dependence,theta0.15_kappa0.02,9,100,9.8029086202678126,66.715754794140992,abstain
state_dependence,theta0.15_kappa0.1,0,100,7.4210152522783996,76.222385533841447,abstain
state_dependence,theta0.15_kappa0.1,1,100,7.529929438787109,89.930072235593158,abstain
state_dependence,theta0.15_kappa0.1,2,100,7.8296892464037136,71.489848524145074,abstain
state_dependence,theta0.15_kappa0.1,3,100,7.7880588065093761,82.023566535717535,abstain
state_dependence,theta0.15_kappa0.1,4,100,8.3253403176799399,78.915612114569825,abstain
state_dependence,theta0.15_kappa0.1,5,100,9.098668843382157,74.557942873035074,abstain
state_dependence,theta0.15_kappa0.1,6,100,8.6078365485783177,90.378473401575008,abstain
state_dependence,theta0.15_kappa0.1,7,100,8.1075675575590704,66.111794049845471,abstain
state_dependence,theta0.15_kappa0.1,8,100,7.5745294336183324,92.833070844622355,abstain
state_dependence,theta0.15_kappa0.1,9,100,9.0085032478553497,76.747620837502566,abstain
state_dependence,theta0.35_kappa0.002,0,100,15.097432595566405,223.97012912329382,abstain
state_dependence,theta0.35_kappa0.002,1,100,11.058482270991833,204.48216441819952,abstain
state_dependence,theta0.35_kappa0.002,2,100,16.379662508282479,227.88789919487326,abstain
state_dependence,theta0.35_kappa0.002,3,100,14.307371462014858,239.95155772246667,abstain
state_dependence,theta0.35_kappa0.002,4,100,14.183134681872573,200.15373595654333,abstain
state_dependence,theta0.35_kappa0.002,5,100,16.111970413665603,247.23119585442078,abstain
state_dependence,theta0.35_kappa0.002,6,100,13.983832231197404,187.32040317221512,abstain
state_dependence,theta0.35_kappa0.002,7,100,14.430700743133904,166.56955906982179,abstain
state_dependence,theta0.35_kappa0.002,8,100,14.689085048840152,189.47509656289859,abstain
state_dependence,theta0.35_kappa0.002,9,100,12.792103259028572,193.184999223104,abstain
state_dependence,theta0.35_kappa0.02,0,100,10.01779604204968,98.877900703603771,abstain
state_dependence,theta0.35_kappa0.02,1,100,9.4961664034119053,111.32450461277215,abstain
state_dependence,theta0.35_kappa0.02,2,100,9.9327254120541681,90.744997894428479,abstain
state_dependence,theta0.35_kappa0.02,3,100,11.657393347434365,116.76242778206024,abstain
state_dependence,theta0.35_kappa0.02,4,100,11.281044040722122,106.47220255490896,abstain
state_dependence,theta0.35_kappa0.02,5,100,10.728450508071344,105.77111329516352,abstain
state_dependence,theta0.35_kappa0.02,6,100,12.507842954129792,112.1667606506369,abstain
state_dependence,theta0.35_kappa0.02,7,100,9.6444655478807793,95.678973041688224,abstain
state_dependence,theta0.35_kappa0.02,8,100,13.444862820999793,108.92817200765802,abstain
state_dependence,theta0.35_kappa0.02,9,100,11.25045259404027,123.6919307114605,abstain
state_dependence,theta0.35_kappa0.1,0,100,9.2814237270810604,78.84944397360475,abstain
state_dependence,theta0.35_kappa0.1,1,100,9.4996507546125279,90.088855124799153,abstain
state_dependence,theta0.35_kappa0.1,2,100,9.0283141121220574,76.784478949746514,abstain
state_dependence,theta0.35_kappa0.1,3,100,9.1624654909165031,80.046799121401349,abstain
state_dependence,theta0.35_kappa0.1,4,100,10.664844092887698,86.095279953762955,abstain
state_dependence,theta0.35_kappa0.1,5,100,8.2518577712247012,90.950242330443615,abstain
state_dependence,theta0.35_kappa0.1,6,100,9.4067868641444914,75.690068440855569,abstain
state_dependence,theta0.35_kappa0.1,7,100,9.8055384395451295,77.514630751473334,abstain
state_dependence,theta0.35_kappa0.1,8,100,10.128409230553487,79.836505304580953,abstain
state_dependence,theta0.35_kappa0.1,9,100,7.4847144417145604,80.104539363061136,abstain
state_dependence,theta0.65_kappa0.002,0,100,22.173040106669422,383.68456332912439,abstain
state_dependence,theta0.65_kappa0.002,1,100,20.351487587051896,465.72161805554441,abstain
state_dependence,theta0.65_kappa0.002,2,100,24.240298766441761,525.66735852930333,abstain
state_dependence,theta0.65_kappa0.002,3,100,23.595996618143449,418.58460337259152,abstain
state_dependence,theta0.65_kappa0.002,4,100,22.660218129315044,518.11548281457158,abstain
state_dependence,theta0.65_kappa0.002,5,100,22.838378671685856,494.41652297854836,abstain
state_dependence,theta0.65_kappa0.002,6,100,21.725654533888047,425.88393881753473,abstain
state_dependence,theta0.65_kappa0.002,7,100,21.110602151605846,496.96131504436221,abstain
state_dependence,theta0.65_kappa0.002,8,100,25.065803889281096,472.27348366242245,abstain
state_dependence,theta0.65_kappa0.002,9,100,21.667615578624254,436.13924696344975,abstain
state_dependence,theta0.65_kappa0.02,0,100,21.636040303708068,162.0161533716736,abstain
state_dependence,theta0.65_kappa0.02,1,100,18.847972434251627,142.41694910079818,abstain
state_dependence,theta0.65_kappa0.02,2,100,16.437714475290075,163.58700137258978,abstain
state_dependence,theta0.65_kappa0.02,3,100,18.712602657652475,186.97487894539091,abstain
state_dependence,theta0.65_kappa0.02,4,100,20.062689166176707,160.40028658864881,abstain
state_dependence,theta0.65_kappa0.02,5,100,19.739016229690154,182.19074742299804,abstain
state_dependence,theta0.65_kappa0.02,6,100,20.661935539147603,194.81194450345703,abstain
state_dependence,theta0.65_kappa0.02,7,100,18.635445101041956,158.66514595928609,abstain
state_dependence,theta0.65_kappa0.02,8,100,15.975883140523887,182.05304245445814,abstain
state_dependence,theta0.65_kappa0.02,9,100,19.357682174375348,163.64990465488737,abstain
state_dependence,theta0.65_kappa0.1,0,100,13.439002117683083,83.075680699040049,abstain
state_dependence,theta0.65_kappa0.1,1,100,14.017527629440035,73.876173513633049,abstain
state_dependence,theta0.65_kappa0.1,2,100,14.660488840042511,99.147075708576068,abstain
state_dependence,theta0.65_kappa0.1,3,100,13.991801481119076,123.4356377189371,abstain
state_dependence,theta0.65_kappa0.1,4,100,12.490789366374216,87.437361585749699,abstain
state_dependence,theta0.65_kappa0.1,5,100,14.100662777327102,116.27667851764114,abstain
state_dependence,theta0.65_kappa0.1,6,100,13.690929691301074,91.3543962671218,abstain
state_dependence,theta0.65_kappa0.1,7,100,13.874714762921535,97.271647246332378,abstain
state_dependence,theta0.65_kappa0.1,8,100,14.374607264702696,122.40376977759756,abstain
state_dependence,theta0.65_kappa0.1,9,100,14.36167882505627,112.34724056661798,abstain
fixed_duration,theta0.15_kappa0.002,0,100,2.2668136544458442,51.577217163210065,taker
fixed_duration,theta0.15_kappa0.002,1,100,4.9727435455601983,44.905404975326128,taker
fixed_duration,theta0.15_kappa0.002,2,100,5.1254919262003487,47.69933752959426,taker
fixed_duration,theta0.15_kappa0.002,3,100,4.0467390921823219,51.898754610487671,taker
fixed_duration,theta0.15_kappa0.002,4,100,5.2899664654234577,59.932641144236207,taker
fixed_duration,theta0.15_kappa0.002,5,100,4.2529463556460714,46.753252623969658,taker
fixed_duration,theta0.15_kappa0.002,6,100,4.7220287921419635,43.423350661980201,taker
fixed_duration,theta0.15_kappa0.002,7,100,5.879052729936574,66.379007885347988,taker
fixed_duration,theta0.15_kappa0.002,8,100,4.4633498870983228,48.75907691464181,taker
fixed_duration,theta0.15_kappa0.002,9,100,4.7957838690308288,55.577828439012443,taker
fixed_duration,theta0.15_kappa0.02,0,100,4.4337282790400181,37.570310296310652,taker
fixed_duration,theta0.15_kappa0.02,1,100,4.7894851084626193,54.887352127963602,taker
fixed_duration,theta0.15_kappa0.02,2,100,3.8092891459214746,39.749795717442012,taker
fixed_duration,theta0.15_kappa0.02,3,100,5.4745594862513478,53.809715996836786,taker
fixed_duration,theta0.15_kappa0.02,4,100,5.3177600405873147,52.86143787112389,taker
fixed_duration,theta0.15_kappa0.02,5,100,4.1900490620310311,36.719230177119847,taker
fixed_duration,theta0.15_kappa0.02,6,100,3.724624623125445,47.101124037297147,taker
fixed_duration,theta0.15_kappa0.02,7,100,5.4771880997924463,38.545407687551474,taker
fixed_duration,theta0.15_kappa0.02,8,100,4.8785227446497181,63.989096104152807,taker
fixed_duration,theta0.15_kappa0.02,9,100,5.0610430269346303,38.46287754718302,taker
fixed_duration,theta0.15_kappa0.1,0,100,4.9789680751997603,37.525792449682598,taker
fixed_duration,theta0.15_kappa0.1,1,100,4.1865318994657592,44.234896711810826,taker
fixed_duration,theta0.15_kappa0.1,2,100,6.1982420532165516,49.327640744405755,taker
fixed_duration,theta0.15_kappa0.1,3,100,5.4369362293974257,40.66544008494968,taker
fixed_duration,theta0.15_kappa0.1,4,100,4.0594479688091418,52.657317466794069,taker
fixed_duration,theta0.15_kappa0.1,5,100,5.0202427794639162,42.722815321183624,taker
fixed_duration,theta0.15_kappa0.1,6,100,5.6767846967686273,28.308942771602176,taker
fixed_duration,theta0.15_kappa0.1,7,100,4.0211960445660457,48.481320712385497,taker
fixed_duration,theta0.15_kappa0.1,8,100,4.4835773234825975,44.6195655520767,taker
fixed_duration,theta0.15_kappa0.1,9,100,5.2687083014893918,36.298850760233734,taker
fixed_duration,theta0.35_kappa0.002,0,100,3.4086409158777853,47.049018352553567,taker
fixed_duration,theta0.35_kappa0.002,1,100,4.7588110763685556,45.240282001240359,taker
fixed_duration,theta0.35_kappa0.002,2,100,4.0477828256423223,55.694094235334973,taker
fixed_duration,theta0.35_kappa0.002,3,100,4.1762419358943701,50.423704388467527,taker
fixed_duration,theta0.35_kappa0.002,4,100,3.8192334464822291,47.945149507558739,taker
fixed_duration,theta0.35_kappa0.002,5,100,3.4688469482126294,51.030223790708455,taker
fixed_duration,theta0.35_kappa0.002,6,100,3.7550608137974284,58.948606797598075,taker
fixed_duration,theta0.35_kappa0.002,7,100,4.8098836670180543,42.322659217922244,taker
fixed_duration,theta0.35_kappa0.002,8,100,4.6080213095821598,37.690037277536739,taker
fixed_duration,theta0.35_kappa0.002,9,100,3.6416682459023169,57.125510042438997,taker
fixed_duration,theta0.35_kappa0.02,0,100,7.7001824945788915,54.601858522999585,taker
fixed_duration,theta0.35_kappa0.02,1,100,8.0757029754325753,51.243950749738538,taker
fixed_duration,theta0.35_kappa0.02,2,100,6.9993499785431439,63.702280518197142,taker
fixed_duration,theta0.35_kappa0.02,3,100,7.0561672699517644,55.10445486702956,taker
fixed_duration,theta0.35_kappa0.02,4,100,8.2319288770786621,62.703221211951487,taker
fixed_duration,theta0.35_kappa0.02,5,100,7.0449159054177413,54.292730191799912,taker
fixed_duration,theta0.35_kappa0.02,6,100,9.1521097082753045,44.816967604482798,taker
fixed_duration,theta0.35_kappa0.02,7,100,7.6548272055257494,65.817432142826249,taker
fixed_duration,theta0.35_kappa0.02,8,100,6.2434392971450814,69.726268626746403,taker
fixed_duration,theta0.35_kappa0.02,9,100,7.5362850853478776,58.445601563301764,taker
fixed_duration,theta0.35_kappa0.1,0,100,7.2947538491347279,52.051535281609425,taker
fixed_duration,theta0.35_kappa0.1,1,100,6.2621653816201102,49.795636332414553,taker
fixed_duration,theta0.35_kappa0.1,2,100,7.5129752980967623,54.826530576572281,taker
fixed_duration,theta0.35_kappa0.1,3,100,7.9730671603151446,53.686871182421214,taker
fixed_duration,theta0.35_kappa0.1,4,100,7.8332524059599722,37.424696565746821,taker
fixed_duration,theta0.35_kappa0.1,5,100,7.0752159853625178,60.939624268363794,taker
fixed_duration,theta0.35_kappa0.1,6,100,6.6425787821322571,49.611460583376051,taker
fixed_duration,theta0.35_kappa0.1,7,100,8.1649001137879136,54.943387961464026,taker
fixed_duration,theta0.35_kappa0.1,8,100,6.4084899301234968,54.498994705000243,taker
fixed_duration,theta0.35_kappa0.1,9,100,8.1808337213916573,54.336572225298589,taker
fixed_duration,theta0.65_kappa0.002,0,100,11.296312333688574,67.773569819256323,taker
fixed_duration,theta0.65_kappa0.002,1,100,11.676322586032876,65.302846814926198,taker
fixed_duration,theta0.65_kappa0.002,2,100,10.397280183508389,61.668002052940523,taker
fixed_duration,theta0.65_kappa0.002,3,100,10.346555822015658,65.19260670877965,taker
fixed_duration,theta0.65_kappa0.002,4,100,10.238480230756956,71.418118915737637,taker
fixed_duration,theta0.65_kappa0.002,5,100,10.603483352737427,67.567816483005345,taker
fixed_duration,theta0.65_kappa0.002,6,100,11.474955497066965,69.971449236535506,taker
fixed_duration,theta0.65_kappa0.002,7,100,12.536324680193342,77.269229350585633,taker
fixed_duration,theta0.65_kappa0.002,8,100,11.179501866035883,73.555614823840855,taker
fixed_duration,theta0.65_kappa0.002,9,100,10.519511854774004,55.224007858009237,taker
fixed_duration,theta0.65_kappa0.02,0,100,16.96755573933336,87.94699837049302,taker
fixed_duration,theta0.65_kappa0.02,1,100,15.438561105382099,72.098015996191208,taker
fixed_duration,theta0.65_kappa0.02,2,100,16.195305494932388,91.16884446795811,taker
fixed_duration,theta0.65_kappa0.02,3,100,15.772552609628649,72.507240695959979,taker
fixed_duration,theta0.65_kappa0.02,4,100,14.282824732943663,79.537017296266185,taker
fixed_duration,theta0.65_kappa0.02,5,100,14.678529860214832,80.874087969332507,taker
fixed_duration,theta0.65_kappa0.02,6,100,13.538752593225899,63.51062231347332,taker
fixed_duration,theta0.65_kappa0.02,7,100,14.57262019543608,86.949044887415795,taker
fixed_duration,theta0.65_kappa0.02,8,100,16.832704214472809,80.006560218484509,taker
fixed_duration,theta0.65_kappa0.02,9,100,15.824692555442272,73.997650701800907,taker
fixed_duration,theta0.65_kappa0.1,0,100,14.248935491653089,75.749475393455199,taker
fixed_duration,theta0.65_kappa0.1,1,100,15.195709904066593,90.018885134932361,taker
fixed_duration,theta0.65_kappa0.1,2,100,12.979968159732325,77.387041829573477,taker
fixed_duration,theta0.65_kappa0.1,3,100,13.587683654307105,73.122018193477828,taker
fixed_duration,theta0.65_kappa0.1,4,100,12.661380823053165,76.747943024392683,taker
fixed_duration,theta0.65_kappa0.1,5,100,13.942113027387231,86.986142623121609,taker
fixed_duration,theta0.65_kappa0.1,6,100,14.510797233760995,83.0809116332196,taker
fixed_duration,theta0.65_kappa0.1,7,100,14.207440787065838,71.329380551987967,taker
fixed_duration,theta0.65_kappa0.1,8,100,15.668734560428454,96.755708355975045,taker
fixed_duration,theta0.65_kappa0.1,9,100,14.167254367405496,72.961881481962635,taker
nominal,theta0.15_kappa0.002,0,100,5.1221435455111903,90.947341287385612,taker
nominal,theta0.15_kappa0.002,1,100,6.0272777707297793,105.07689091737461,taker
nominal,theta0.15_kappa0.002,2,100,7.2607769123674588,86.468414266303242,taker
nominal,theta0.15_kappa0.002,3,100,5.193416213099308,76.043407951750993,taker
nominal,theta0.15_kappa0.002,4,100,6.8119043821190051,72.195295934088591,taker
nominal,theta0.15_kappa0.002,5,100,6.1226836937442286,69.511568444594701,taker
nominal,theta0.15_kappa0.002,6,100,6.6455590772829707,83.487975210091236,taker
nominal,theta0.15_kappa0.002,7,100,5.4996040435954718,97.699601886350848,taker
nominal,theta0.15_kappa0.002,8,100,6.0519563185837741,67.768252854600206,taker
nominal,theta0.15_kappa0.002,9,100,3.9409090653074577,84.514277800343024,taker
nominal,theta0.15_kappa0.02,0,100,4.1310504475006233,41.156056815201133,taker
nominal,theta0.15_kappa0.02,1,100,6.4842271636852162,72.604204901954645,taker
nominal,theta0.15_kappa0.02,2,100,5.2894911163628429,53.11218841183404,taker
nominal,theta0.15_kappa0.02,3,100,5.3460610424454558,49.879047077689833,taker
nominal,theta0.15_kappa0.02,4,100,5.7890226053274576,56.405037716155341,taker
nominal,theta0.15_kappa0.02,5,100,4.5749237410631638,54.748882548140223,taker
nominal,theta0.15_kappa0.02,6,100,6.261877157068958,41.78510841741727,taker
nominal,theta0.15_kappa0.02,7,100,5.4971331029375934,55.564473073842954,taker
nominal,theta0.15_kappa0.02,8,100,5.1641792330193619,63.400611294803674,taker
nominal,theta0.15_kappa0.02,9,100,4.5922208945512457,44.201543620877658,taker
nominal,theta0.15_kappa0.1,0,100,5.5380592104441018,41.430756701769738,taker
nominal,theta0.15_kappa0.1,1,100,3.2070936169695727,55.517358073805838,taker
nominal,theta0.15_kappa0.1,2,100,6.0462895662200058,47.413471830305348,taker
nominal,theta0.15_kappa0.1,3,100,4.7171583998348012,52.937994747440925,taker
nominal,theta0.15_kappa0.1,4,100,5.2595425520529249,44.122443544940481,taker
nominal,theta0.15_kappa0.1,5,100,5.3221769354215667,39.295848724960962,taker
nominal,theta0.15_kappa0.1,6,100,4.4434997329700749,42.931523772441786,taker
nominal,theta0.15_kappa0.1,7,100,4.4374023935887923,38.441529066080427,taker
nominal,theta0.15_kappa0.1,8,100,5.1386352553046857,24.736615693336137,taker
nominal,theta0.15_kappa0.1,9,100,5.5381404542613799,33.106857974421274,taker
nominal,theta0.35_kappa0.002,0,100,11.308338495815967,209.61319722731946,taker
nominal,theta0.35_kappa0.002,1,100,8.3553117811253621,162.72103183326161,taker
nominal,theta0.35_kappa0.002,2,100,13.19266913945426,203.13560572932434,taker
nominal,theta0.35_kappa0.002,3,100,8.7043687032478303,146.95477966881217,taker
nominal,theta0.35_kappa0.002,4,100,12.990610829548279,228.13171238412889,taker
nominal,theta0.35_kappa0.002,5,100,11.920393325886257,213.46128547351782,taker
nominal,theta0.35_kappa0.002,6,100,10.483765977429544,158.72760306489533,taker
nominal,theta0.35_kappa0.002,7,100,11.56005896756303,199.11235829734773,taker
nominal,theta0.35_kappa0.002,8,100,9.1663219267257254,177.52231017626752,taker
nominal,theta0.35_kappa0.002,9,100,10.696842435267916,206.70203836292498,taker
nominal,theta0.35_kappa0.02,0,100,8.0260435643962555,94.014513787187582,taker
nominal,theta0.35_kappa0.02,1,100,7.2837036902984202,90.098629665126708,taker
nominal,theta0.35_kappa0.02,2,100,8.5441878371741566,116.97121424862416,taker
nominal,theta0.35_kappa0.02,3,100,9.2992287206882356,104.98341629162491,taker
nominal,theta0.35_kappa0.02,4,100,10.122809917160161,91.426978756168936,taker
nominal,theta0.35_kappa0.02,5,100,7.929930277783205,90.398075235129397,taker
nominal,theta0.35_kappa0.02,6,100,7.6291097721415904,89.734723230240434,taker
nominal,theta0.35_kappa0.02,7,100,10.704145355743616,99.553890359431847,taker
nominal,theta0.35_kappa0.02,8,100,8.2296994698738857,108.33259376647011,taker
nominal,theta0.35_kappa0.02,9,100,8.2257234071792187,122.89614992128466,taker
nominal,theta0.35_kappa0.1,0,100,6.3463201424986133,48.205548768712219,taker
nominal,theta0.35_kappa0.1,1,100,6.039009109762917,51.310128179123417,taker
nominal,theta0.35_kappa0.1,2,100,6.5060134626567567,42.42550247398399,taker
nominal,theta0.35_kappa0.1,3,100,6.2202760385530098,57.084618488464287,taker
nominal,theta0.35_kappa0.1,4,100,5.4208301899691271,64.126920576059888,taker
nominal,theta0.35_kappa0.1,5,100,5.4998617218634953,66.610143123426582,taker
nominal,theta0.35_kappa0.1,6,100,5.9640578220839897,64.55992492125155,taker
nominal,theta0.35_kappa0.1,7,100,5.4162949488796404,46.723893223590046,taker
nominal,theta0.35_kappa0.1,8,100,6.7516657464297909,60.45860071786457,taker
nominal,theta0.35_kappa0.1,9,100,5.8886947293712764,53.708590588475694,taker
nominal,theta0.65_kappa0.002,0,100,19.549798012484189,404.52166571086354,taker
nominal,theta0.65_kappa0.002,1,100,21.542476501701618,520.24011749440831,taker
nominal,theta0.65_kappa0.002,2,100,19.084114263109296,433.75555652477868,taker
nominal,theta0.65_kappa0.002,3,100,19.255173410732745,384.56859447680091,taker
nominal,theta0.65_kappa0.002,4,100,18.983385179684177,381.7627079772152,taker
nominal,theta0.65_kappa0.002,5,100,21.486769067658301,430.23439711368985,taker
nominal,theta0.65_kappa0.002,6,100,17.320707915694353,316.92216611284317,taker
nominal,theta0.65_kappa0.002,7,100,21.785166080516529,498.38357591678113,taker
nominal,theta0.65_kappa0.002,8,100,20.953381273597515,468.11089102768671,taker
nominal,theta0.65_kappa0.002,9,100,22.399510981524976,397.40919047960887,taker
nominal,theta0.65_kappa0.02,0,100,18.559710762582398,169.59419504886597,taker
nominal,theta0.65_kappa0.02,1,100,15.779102294108954,131.17310986750346,taker
nominal,theta0.65_kappa0.02,2,100,12.731971471783677,117.43016410625783,taker
nominal,theta0.65_kappa0.02,3,100,16.100136421539364,168.94483578968885,taker
nominal,theta0.65_kappa0.02,4,100,17.224612756103724,187.72368624224049,taker
nominal,theta0.65_kappa0.02,5,100,14.934980409148341,152.80064238773986,taker
nominal,theta0.65_kappa0.02,6,100,14.474022501062622,161.70264898573299,taker
nominal,theta0.65_kappa0.02,7,100,17.218619306159745,158.77835905579266,taker
nominal,theta0.65_kappa0.02,8,100,14.414595662053637,159.54660338284984,taker
nominal,theta0.65_kappa0.02,9,100,18.459411481289848,229.36037287027156,taker
nominal,theta0.65_kappa0.1,0,100,10.332856979493661,77.401394268279475,taker
nominal,theta0.65_kappa0.1,1,100,11.558296867822042,80.160052466816765,taker
nominal,theta0.65_kappa0.1,2,100,11.479686060082404,83.031536748874899,taker
nominal,theta0.65_kappa0.1,3,100,10.221666836625788,88.318721391488225,taker
nominal,theta0.65_kappa0.1,4,100,11.893628729326494,112.58314516011762,taker
nominal,theta0.65_kappa0.1,5,100,11.054190579509775,84.040058388771413,taker
nominal,theta0.65_kappa0.1,6,100,9.8910059678474411,84.858770265556018,taker
nominal,theta0.65_kappa0.1,7,100,12.034888807998289,92.575489836197335,taker
nominal,theta0.65_kappa0.1,8,100,10.438382213079235,82.694886303543754,taker
nominal,theta0.65_kappa0.1,9,100,10.03291344857371,104.41009562360961,taker
state_dependence,theta0.15_kappa0.002,0,100,5.7622068775326509,86.545107442626104,taker
state_dependence,theta0.15_kappa0.002,1,100,5.5293313578085348,79.928174159953059,taker
state_dependence,theta0.15_kappa0.002,2,100,5.6496071006700639,89.405646962317178,taker
state_dependence,theta0.15_kappa0.002,3,100,5.352663600466868,68.847710014321777,taker
state_dependence,theta0.15_kappa0.002,4,100,5.4988802710485194,71.017322100617051,taker
state_dependence,theta0.15_kappa0.002,5,100,6.4336520432482187,85.520721122585215,taker
state_dependence,theta0.15_kappa0.002,6,100,3.3900069756589928,68.038145007515254,taker
state_dependence,theta0.15_kappa0.002,7,100,6.3731486131732664,72.638892715203568,taker
state_dependence,theta0.15_kappa0.002,8,100,6.6344654054183536,85.706400394538974,taker
state_dependence,theta0.15_kappa0.002,9,100,6.5766257859061215,72.951584735968098,taker
state_dependence,theta0.15_kappa0.02,0,100,6.0130117389734945,48.008709066154552,taker
state_dependence,theta0.15_kappa0.02,1,100,4.5293160525960188,50.287178828722496,taker
state_dependence,theta0.15_kappa0.02,2,100,5.2738306311677636,45.100599999483947,taker
state_dependence,theta0.15_kappa0.02,3,100,4.9053040258660667,39.376148328779699,taker
state_dependence,theta0.15_kappa0.02,4,100,5.1859010430374841,65.847741448164911,taker
state_dependence,theta0.15_kappa0.02,5,100,5.8459501658893327,52.498534105763042,taker
state_dependence,theta0.15_kappa0.02,6,100,4.9983717733259958,41.19672083503702,taker
state_dependence,theta0.15_kappa0.02,7,100,5.4115327288664608,48.631840539910918,taker
state_dependence,theta0.15_kappa0.02,8,100,3.60547860522512,50.917958592309859,taker
state_dependence,theta0.15_kappa0.02,9,100,5.7812276313292159,66.146342815202132,taker
state_dependence,theta0.15_kappa0.1,0,100,5.3577561489038921,41.289395480907402,taker
state_dependence,theta0.15_kappa0.1,1,100,5.23859349308505,33.643673392584731,taker
state_dependence,theta0.15_kappa0.1,2,100,5.4892510558203389,46.951702420656531,taker
state_dependence,theta0.15_kappa0.1,3,100,5.2599612501277182,41.435317412642931,taker
state_dependence,theta0.15_kappa0.1,4,100,5.4105392416617395,44.27837816762149,taker
state_dependence,theta0.15_kappa0.1,5,100,5.791631357340111,36.281641817488456,taker
state_dependence,theta0.15_kappa0.1,6,100,4.0670688776783273,49.608266733788447,taker
state_dependence,theta0.15_kappa0.1,7,100,5.2232511096512111,37.587340202928608,taker
state_dependence,theta0.15_kappa0.1,8,100,4.6204879285489504,36.23609659993874,taker
state_dependence,theta0.15_kappa0.1,9,100,5.5564736230423373,42.264367353899438,taker
state_dependence,theta0.35_kappa0.002,0,100,12.398908187596881,186.27234321917049,taker
state_dependence,theta0.35_kappa0.002,1,100,8.3446684436153529,184.52552557397397,taker
state_dependence,theta0.35_kappa0.002,2,100,12.718543044127395,230.27913891920363,taker
state_dependence,theta0.35_kappa0.002,3,100,11.054452964647533,175.32706590979959,taker
state_dependence,theta0.35_kappa0.002,4,100,9.6249681409885639,148.07389444552228,taker
state_dependence,theta0.35_kappa0.002,5,100,12.107099284157494,201.35198959317273,taker
state_dependence,theta0.35_kappa0.002,6,100,10.717561749250065,184.93304411489899,taker
state_dependence,theta0.35_kappa0.002,7,100,10.196711589612372,168.18462306394682,taker
state_dependence,theta0.35_kappa0.002,8,100,8.9012711112833145,157.03357073854534,taker
state_dependence,theta0.35_kappa0.002,9,100,9.5754718431337196,198.59252266326237,taker
state_dependence,theta0.35_kappa0.02,0,100,6.9724991298575913,63.663220976422153,taker
state_dependence,theta0.35_kappa0.02,1,100,5.717547382453704,54.896278263737472,taker
state_dependence,theta0.35_kappa0.02,2,100,8.3871233814289425,96.564005609927463,taker
state_dependence,theta0.35_kappa0.02,3,100,8.9608694085213987,102.46418435072812,taker
state_dependence,theta0.35_kappa0.02,4,100,7.8433604522934282,82.679881083585641,taker
state_dependence,theta0.35_kappa0.02,5,100,7.6589611581339332,72.8044252829215,taker
state_dependence,theta0.35_kappa0.02,6,100,7.8430087524961039,110.74611121410489,taker
state_dependence,theta0.35_kappa0.02,7,100,6.2617835246032305,93.0665313176182,taker
state_dependence,theta0.35_kappa0.02,8,100,9.8826105854298518,87.639840273813448,taker
state_dependence,theta0.35_kappa0.02,9,100,7.9461232413975198,75.247061017900307,taker
state_dependence,theta0.35_kappa0.1,0,100,5.9230181929126378,68.386332632519313,taker
state_dependence,theta0.35_kappa0.1,1,100,5.3724975530665242,47.068606635273035,taker
state_dependence,theta0.35_kappa0.1,2,100,4.7865158582813292,58.449321462142187,taker
state_dependence,theta0.35_kappa0.1,3,100,7.1917701751797418,62.470930127661326,taker
state_dependence,theta0.35_kappa0.1,4,100,6.2356300557933491,68.739428506431992,taker
state_dependence,theta0.35_kappa0.1,5,100,5.4400026806326913,53.283394506260052,taker
state_dependence,theta0.35_kappa0.1,6,100,6.1254980554288885,61.461828172717297,taker
state_dependence,theta0.35_kappa0.1,7,100,6.2820664138991056,61.221792009235287,taker
state_dependence,theta0.35_kappa0.1,8,100,6.6296235289229584,62.202935689470777,taker
state_dependence,theta0.35_kappa0.1,9,100,6.1023003995015976,60.542948543237642,taker
state_dependence,theta0.65_kappa0.002,0,100,20.79892050355248,397.18507278614561,taker
state_dependence,theta0.65_kappa0.002,1,100,18.786088744704923,423.77526683379335,taker
state_dependence,theta0.65_kappa0.002,2,100,20.500142424291976,450.28112671765479,taker
state_dependence,theta0.65_kappa0.002,3,100,19.463040392081346,401.3191252848269,taker
state_dependence,theta0.65_kappa0.002,4,100,19.820556385288487,433.343248712177,taker
state_dependence,theta0.65_kappa0.002,5,100,19.732392389792174,456.62620453979395,taker
state_dependence,theta0.65_kappa0.002,6,100,17.426991582944797,418.90212753032887,taker
state_dependence,theta0.65_kappa0.002,7,100,18.941823991771365,425.05958328295674,taker
state_dependence,theta0.65_kappa0.002,8,100,22.152397492280755,500.80874834296219,taker
state_dependence,theta0.65_kappa0.002,9,100,17.974267773245096,437.7650573289954,taker
state_dependence,theta0.65_kappa0.02,0,100,17.699266777255108,192.14151010555111,taker
state_dependence,theta0.65_kappa0.02,1,100,14.96953032911709,113.99750854764551,taker
state_dependence,theta0.65_kappa0.02,2,100,12.520525817146281,137.54265973656027,taker
state_dependence,theta0.65_kappa0.02,3,100,15.688665414752565,127.80298641562017,taker
state_dependence,theta0.65_kappa0.02,4,100,16.132463063726444,172.76757374788994,taker
state_dependence,theta0.65_kappa0.02,5,100,16.352758070704343,165.46292352965258,taker
state_dependence,theta0.65_kappa0.02,6,100,16.827906636853729,151.98014091552588,taker
state_dependence,theta0.65_kappa0.02,7,100,14.250798506169399,178.1284275590196,taker
state_dependence,theta0.65_kappa0.02,8,100,13.560140286509601,134.58908712586722,taker
state_dependence,theta0.65_kappa0.02,9,100,15.790718590081124,136.89341796457654,taker
state_dependence,theta0.65_kappa0.1,0,100,9.3253161984796833,82.302437349961849,taker
state_dependence,theta0.65_kappa0.1,1,100,11.365228547479971,90.390760638247215,taker
state_dependence,theta0.65_kappa0.1,2,100,8.7835472058232185,79.251796326097761,taker
state_dependence,theta0.65_kappa0.1,3,100,10.606878957603005,90.764954408406325,taker
state_dependence,theta0.65_kappa0.1,4,100,8.5796054965767965,78.993428591211313,taker
state_dependence,theta0.65_kappa0.1,5,100,9.885234021469806,85.988607740487623,taker
state_dependence,theta0.65_kappa0.1,6,100,10.308581354277766,63.43259948603508,taker
state_dependence,theta0.65_kappa0.1,7,100,12.18163832419587,92.846813996261474,taker
state_dependence,theta0.65_kappa0.1,8,100,10.285389163904984,126.22265498778198,taker
state_dependence,theta0.65_kappa0.1,9,100,11.230513650573078,88.922549004929905,taker
fixed_duration,theta0.15_kappa0.002,0,100,-1.1656959687384887,22.11365968848828,independent
fixed_duration,theta0.15_kappa0.002,1,100,-0.81531697638626721,19.076862120730581,independent
fixed_duration,theta0.15_kappa0.002,2,100,-0.81039724817532954,18.111169340197993,independent
fixed_duration,theta0.15_kappa0.002,3,100,-0.72604675568119803,17.894024246173451,independent
fixed_duration,theta0.15_kappa0.002,4,100,-0.12455766026968193,21.264855468341313,independent
fixed_duration,theta0.15_kappa0.002,5,100,-0.73260794543812635,15.355381958539683,independent
fixed_duration,theta0.15_kappa0.002,6,100,-0.60275832682230179,15.318795807711336,independent
fixed_duration,theta0.15_kappa0.002,7,100,-0.1272883516506095,18.942671544771599,independent
fixed_duration,theta0.15_kappa0.002,8,100,-0.44833442282995728,18.12151624868844,independent
fixed_duration,theta0.15_kappa0.002,9,100,-0.50907682851849945,19.484674624183405,independent
fixed_duration,theta0.15_kappa0.02,0,100,0.018170571314785933,10.758935119290394,independent
fixed_duration,theta0.15_kappa0.02,1,100,0.015568606482187415,11.939780802466396,independent
fixed_duration,theta0.15_kappa0.02,2,100,-0.10265678203074462,11.127549267664799,independent
fixed_duration,theta0.15_kappa0.02,3,100,-0.09653510308586849,12.786774322635265,independent
fixed_duration,theta0.15_kappa0.02,4,100,0.64045993812115209,11.534756703051762,independent
fixed_duration,theta0.15_kappa0.02,5,100,0.82549624173348402,10.77260370309356,independent
fixed_duration,theta0.15_kappa0.02,6,100,-0.29682896427944089,11.64834914685691,independent
fixed_duration,theta0.15_kappa0.02,7,100,-0.25438789044445964,9.5272116006884477,independent
fixed_duration,theta0.15_kappa0.02,8,100,-0.53517336445625341,12.344175985964208,independent
fixed_duration,theta0.15_kappa0.02,9,100,0.52856749288038085,10.57147379533008,independent
fixed_duration,theta0.15_kappa0.1,0,100,0.038524594643607954,5.3951475210663302,independent
fixed_duration,theta0.15_kappa0.1,1,100,0.23849981621969754,7.6689409772725465,independent
fixed_duration,theta0.15_kappa0.1,2,100,0.2430490038739466,6.1723820320772838,independent
fixed_duration,theta0.15_kappa0.1,3,100,-0.15639239572167571,5.5973694911929375,independent
fixed_duration,theta0.15_kappa0.1,4,100,-0.042620396095815992,5.7425075444962443,independent
fixed_duration,theta0.15_kappa0.1,5,100,-0.03395421365183901,5.1568546872882175,independent
fixed_duration,theta0.15_kappa0.1,6,100,0.45792655573146512,5.3297633292195172,independent
fixed_duration,theta0.15_kappa0.1,7,100,-0.042515192917759084,5.8121714894943839,independent
fixed_duration,theta0.15_kappa0.1,8,100,-0.34547498151016759,6.9281201231677434,independent
fixed_duration,theta0.15_kappa0.1,9,100,0.3390005537578451,4.7062607322342815,independent
fixed_duration,theta0.35_kappa0.002,0,100,-1.9195449131578428,37.572628695428484,independent
fixed_duration,theta0.35_kappa0.002,1,100,-0.83743397364187555,42.719213519370768,independent
fixed_duration,theta0.35_kappa0.002,2,100,-1.1427704479289147,47.090954888136771,independent
fixed_duration,theta0.35_kappa0.002,3,100,-1.0529183464674312,44.748460087250059,independent
fixed_duration,theta0.35_kappa0.002,4,100,-0.44660324365262771,39.294899057275472,independent
fixed_duration,theta0.35_kappa0.002,5,100,-1.5778981853486431,35.409741635352511,independent
fixed_duration,theta0.35_kappa0.002,6,100,-1.0286184782534209,48.965756488275076,independent
fixed_duration,theta0.35_kappa0.002,7,100,0.083913307186330624,45.017608512601171,independent
fixed_duration,theta0.35_kappa0.002,8,100,-0.59491963908381418,45.249241708827604,independent
fixed_duration,theta0.35_kappa0.002,9,100,-1.656571329468675,55.377760977573061,independent
fixed_duration,theta0.35_kappa0.02,0,100,3.5136339022569207,34.374476473785847,independent
fixed_duration,theta0.35_kappa0.02,1,100,1.90799534867348,38.542115007122824,independent
fixed_duration,theta0.35_kappa0.02,2,100,1.8893803122322064,27.757154172496161,independent
fixed_duration,theta0.35_kappa0.02,3,100,2.3830163914594262,43.703932592979378,independent
fixed_duration,theta0.35_kappa0.02,4,100,2.7421683259543359,31.539464371707815,independent
fixed_duration,theta0.35_kappa0.02,5,100,2.724506956140746,33.587356860267576,independent
fixed_duration,theta0.35_kappa0.02,6,100,3.113131531804112,41.879332460819214,independent
fixed_duration,theta0.35_kappa0.02,7,100,3.1843037647781465,38.817485668696158,independent
fixed_duration,theta0.35_kappa0.02,8,100,1.8578887734449787,33.528771854965449,independent
fixed_duration,theta0.35_kappa0.02,9,100,2.509648075052652,41.195376269403503,independent
fixed_duration,theta0.35_kappa0.1,0,100,1.3600778183775291,19.498548871620716,independent
fixed_duration,theta0.35_kappa0.1,1,100,1.9422372778353449,24.495566282642734,independent
fixed_duration,theta0.35_kappa0.1,2,100,1.7107033808233516,23.130098752766802,independent
fixed_duration,theta0.35_kappa0.1,3,100,1.6334002449670182,30.749628880127634,independent
fixed_duration,theta0.35_kappa0.1,4,100,2.0921207293747073,23.565857371610196,independent
fixed_duration,theta0.35_kappa0.1,5,100,2.2150735053193835,30.886136158243787,independent
fixed_duration,theta0.35_kappa0.1,6,100,1.6685790354969103,23.214170352286772,independent
fixed_duration,theta0.35_kappa0.1,7,100,2.6997538015623941,23.47421381912752,independent
fixed_duration,theta0.35_kappa0.1,8,100,2.5029577383953923,25.553827311545376,independent
fixed_duration,theta0.35_kappa0.1,9,100,2.9184253391189565,26.349525017414756,independent
fixed_duration,theta0.65_kappa0.002,0,100,5.7512068016806861,71.126244225513119,independent
fixed_duration,theta0.65_kappa0.002,1,100,6.3087854585754579,76.406439987273544,independent
fixed_duration,theta0.65_kappa0.002,2,100,5.3363192218245148,72.457964791837298,independent
fixed_duration,theta0.65_kappa0.002,3,100,6.3016996849057856,66.075259793993766,independent
fixed_duration,theta0.65_kappa0.002,4,100,4.8413943973505624,57.622829277477528,independent
fixed_duration,theta0.65_kappa0.002,5,100,5.4854268005373488,67.529391198045175,independent
fixed_duration,theta0.65_kappa0.002,6,100,5.9081220393174831,57.468811898055002,independent
fixed_duration,theta0.65_kappa0.002,7,100,8.0788551282285717,77.085910532247524,independent
fixed_duration,theta0.65_kappa0.002,8,100,6.043015664719162,68.717290804764204,independent
fixed_duration,theta0.65_kappa0.002,9,100,5.6126172887152563,75.950248184420403,independent
fixed_duration,theta0.65_kappa0.02,0,100,11.232047782334821,46.355481012895325,independent
fixed_duration,theta0.65_kappa0.02,1,100,10.49248143938582,60.329601486230565,independent
fixed_duration,theta0.65_kappa0.02,2,100,11.561712508248068,60.492943622319821,independent
fixed_duration,theta0.65_kappa0.02,3,100,10.347010254197334,61.764092661701234,independent
fixed_duration,theta0.65_kappa0.02,4,100,10.540797701454551,51.932002203962185,independent
fixed_duration,theta0.65_kappa0.02,5,100,9.8287747731699024,52.941242973697911,independent
fixed_duration,theta0.65_kappa0.02,6,100,9.4945114440033258,44.209992086815845,independent
fixed_duration,theta0.65_kappa0.02,7,100,10.515197289031146,58.253668742150062,independent
fixed_duration,theta0.65_kappa0.02,8,100,12.338990479816538,63.089210712046629,independent
fixed_duration,theta0.65_kappa0.02,9,100,11.225806563590028,70.893575710708234,independent
fixed_duration,theta0.65_kappa0.1,0,100,8.7840600560941624,57.631434909060651,independent
fixed_duration,theta0.65_kappa0.1,1,100,9.6353126917978393,57.444261916360553,independent
fixed_duration,theta0.65_kappa0.1,2,100,9.204807913640396,44.383844034272997,independent
fixed_duration,theta0.65_kappa0.1,3,100,8.790368477191981,51.742021323159243,independent
fixed_duration,theta0.65_kappa0.1,4,100,9.6984272341332165,39.178466001821036,independent
fixed_duration,theta0.65_kappa0.1,5,100,8.7987607445713323,61.092074538951948,independent
fixed_duration,theta0.65_kappa0.1,6,100,9.9776058500049505,56.584634650242037,independent
fixed_duration,theta0.65_kappa0.1,7,100,10.334528887452471,37.226120191424805,independent
fixed_duration,theta0.65_kappa0.1,8,100,10.489211945729965,55.723498687263572,independent
fixed_duration,theta0.65_kappa0.1,9,100,9.7263476859086726,54.752922778160389,independent
nominal,theta0.15_kappa0.002,0,100,1.6191807735283223,22.331385201024727,independent
nominal,theta0.15_kappa0.002,1,100,2.2574880782105105,25.841224973600404,independent
nominal,theta0.15_kappa0.002,2,100,0.9568888839729317,23.796683519173914,independent
nominal,theta0.15_kappa0.002,3,100,0.56716795704234035,27.158957472936745,independent
nominal,theta0.15_kappa0.002,4,100,0.68514889025909254,22.28955147905517,independent
nominal,theta0.15_kappa0.002,5,100,0.74789564329083835,20.647298472585984,independent
nominal,theta0.15_kappa0.002,6,100,0.63966007487602605,24.681329729211125,independent
nominal,theta0.15_kappa0.002,7,100,0.65684831595057735,20.875806131520413,independent
nominal,theta0.15_kappa0.002,8,100,0.61291117349516944,21.060865564654531,independent
nominal,theta0.15_kappa0.002,9,100,1.4554663902079208,26.852519564540728,independent
nominal,theta0.15_kappa0.02,0,100,-0.34748152110386327,9.8815410141681674,independent
nominal,theta0.15_kappa0.02,1,100,-0.071153305521012622,11.23672311095963,independent
nominal,theta0.15_kappa0.02,2,100,0.24403563581323642,11.671381357647062,independent
nominal,theta0.15_kappa0.02,3,100,0.074917698418187031,9.9945526927991448,independent
nominal,theta0.15_kappa0.02,4,100,0.28698947370359285,13.187834290370054,independent
nominal,theta0.15_kappa0.02,5,100,-0.23912257437001266,9.9826466843974284,independent
nominal,theta0.15_kappa0.02,6,100,0.12919559589069785,10.250827776041847,independent
nominal,theta0.15_kappa0.02,7,100,0.3011586753412786,11.020202658130742,independent
nominal,theta0.15_kappa0.02,8,100,-0.042015220429547327,13.064165734963664,independent
nominal,theta0.15_kappa0.02,9,100,0.77142115837237701,9.1775330963409498,independent
nominal,theta0.15_kappa0.1,0,100,-0.12598171026825261,5.2946539320160175,independent
nominal,theta0.15_kappa0.1,1,100,0.241177421859637,7.9062509739494988,independent
nominal,theta0.15_kappa0.1,2,100,-0.070225343789216452,5.9394764718974677,independent
nominal,theta0.15_kappa0.1,3,100,0.26475949479420996,6.3656436137265091,independent
nominal,theta0.15_kappa0.1,4,100,-0.18541797838952034,6.1640329786343084,independent
nominal,theta0.15_kappa0.1,5,100,-0.045841743654457652,5.0247453981425414,independent
nominal,theta0.15_kappa0.1,6,100,-0.16232936895848668,5.2328698001695253,independent
nominal,theta0.15_kappa0.1,7,100,0.08322690367864656,7.05642782922083,independent
nominal,theta0.15_kappa0.1,8,100,0.10170365307397505,5.5455744331826438,independent
nominal,theta0.15_kappa0.1,9,100,-0.080347422495122736,4.2895420242754163,independent
nominal,theta0.35_kappa0.002,0,100,6.3138848175799076,46.088203898593022,independent
nominal,theta0.35_kappa0.002,1,100,5.2042835445173878,56.968461743810131,independent
nominal,theta0.35_kappa0.002,2,100,5.6934140020931263,70.409687275539042,independent
nominal,theta0.35_kappa0.002,3,100,5.4237709779873136,54.839128887890119,independent
nominal,theta0.35_kappa0.002,4,100,6.158514019865704,52.964491916266077,independent
nominal,theta0.35_kappa0.002,5,100,6.6947758600226193,47.849006009233662,independent
nominal,theta0.35_kappa0.002,6,100,4.0152566763219504,59.054729664205425,independent
nominal,theta0.35_kappa0.002,7,100,5.8272971329604779,48.680670082859308,independent
nominal,theta0.35_kappa0.002,8,100,5.8490282924203747,54.707967454940132,independent
nominal,theta0.35_kappa0.002,9,100,5.499424340066918,70.431304027128078,independent
nominal,theta0.35_kappa0.02,0,100,3.0045343595963119,25.488112259881966,independent
nominal,theta0.35_kappa0.02,1,100,2.8576631092099483,37.971023040121096,independent
nominal,theta0.35_kappa0.02,2,100,4.195792138122906,37.686856321254297,independent
nominal,theta0.35_kappa0.02,3,100,3.7124658811061577,36.42947149002233,independent
nominal,theta0.35_kappa0.02,4,100,3.8900222446206025,37.351691301313707,independent
nominal,theta0.35_kappa0.02,5,100,3.6680950280987101,38.945763692440849,independent
nominal,theta0.35_kappa0.02,6,100,3.1869975007880647,35.475674363112631,independent
nominal,theta0.35_kappa0.02,7,100,3.3086502722492077,43.474639896664662,independent
nominal,theta0.35_kappa0.02,8,100,2.5833772993268926,38.515930121981086,independent
nominal,theta0.35_kappa0.02,9,100,3.0653446906465773,36.103998952622533,independent
nominal,theta0.35_kappa0.1,0,100,0.60645855654539649,17.91755961612494,independent
nominal,theta0.35_kappa0.1,1,100,0.91204984328036565,21.641885886917517,independent
nominal,theta0.35_kappa0.1,2,100,1.1542178155397111,18.663198846915531,independent
nominal,theta0.35_kappa0.1,3,100,0.34203700560717848,21.271063245818425,independent
nominal,theta0.35_kappa0.1,4,100,1.2859992438046337,20.827669639169528,independent
nominal,theta0.35_kappa0.1,5,100,1.3508742102471556,25.092362462530804,independent
nominal,theta0.35_kappa0.1,6,100,0.63801643580819356,29.278472223629215,independent
nominal,theta0.35_kappa0.1,7,100,0.95834961932434137,22.614945927952434,independent
nominal,theta0.35_kappa0.1,8,100,1.3535794194915645,19.289833264697684,independent
nominal,theta0.35_kappa0.1,9,100,0.97382255996536815,24.955189836957214,independent
nominal,theta0.65_kappa0.002,0,100,13.891938071780793,112.04107490672789,independent
nominal,theta0.65_kappa0.002,1,100,15.946360592926462,84.707957324658778,independent
nominal,theta0.65_kappa0.002,2,100,13.039919305016999,106.55871553746793,independent
nominal,theta0.65_kappa0.002,3,100,14.992597069480311,91.736823206238938,independent
nominal,theta0.65_kappa0.002,4,100,15.799811783426929,121.40445838405772,independent
nominal,theta0.65_kappa0.002,5,100,13.928383676478015,128.68202953974858,independent
nominal,theta0.65_kappa0.002,6,100,13.963081055221032,113.45322802470012,independent
nominal,theta0.65_kappa0.002,7,100,14.263337908894719,118.2060940977037,independent
nominal,theta0.65_kappa0.002,8,100,14.739111545328456,113.12695613606792,independent
nominal,theta0.65_kappa0.002,9,100,12.812184357858587,91.833890502570583,independent
nominal,theta0.65_kappa0.02,0,100,12.081581526921498,68.758174962258309,independent
nominal,theta0.65_kappa0.02,1,100,11.410415305967472,55.525413854280245,independent
nominal,theta0.65_kappa0.02,2,100,10.835104815789737,63.143082277073056,independent
nominal,theta0.65_kappa0.02,3,100,12.265606402077429,66.181390924347284,independent
nominal,theta0.65_kappa0.02,4,100,11.876823914948437,71.66285252904008,independent
nominal,theta0.65_kappa0.02,5,100,9.9448425899483883,50.345095777946725,independent
nominal,theta0.65_kappa0.02,6,100,9.9531983764892686,63.524669846214842,independent
nominal,theta0.65_kappa0.02,7,100,11.363718259168747,58.161143462071401,independent
nominal,theta0.65_kappa0.02,8,100,10.340517026840336,49.540390261161825,independent
nominal,theta0.65_kappa0.02,9,100,11.747601008197387,67.962447073609496,independent
nominal,theta0.65_kappa0.1,0,100,5.4619291283650213,45.198704704041816,independent
nominal,theta0.65_kappa0.1,1,100,6.3161299585041091,52.0551627793497,independent
nominal,theta0.65_kappa0.1,2,100,4.9559437614027821,45.799326166424997,independent
nominal,theta0.65_kappa0.1,3,100,4.7981728819462672,48.855607896375169,independent
nominal,theta0.65_kappa0.1,4,100,6.1641901017044169,37.884296936725192,independent
nominal,theta0.65_kappa0.1,5,100,5.5447022290923895,42.858258746626831,independent
nominal,theta0.65_kappa0.1,6,100,4.6642741380538277,52.631378238246263,independent
nominal,theta0.65_kappa0.1,7,100,6.7154540243176815,56.389531514389631,independent
nominal,theta0.65_kappa0.1,8,100,6.1217725404371652,40.080539527684174,independent
nominal,theta0.65_kappa0.1,9,100,4.8232973737239533,52.845678896572679,independent
state_dependence,theta0.15_kappa0.002,0,100,-0.11282578208847518,25.50949855030737,independent
state_dependence,theta0.15_kappa0.002,1,100,0.69595836383718346,23.483147713539623,independent
state_dependence,theta0.15_kappa0.002,2,100,0.28923841962984881,20.345180075819677,independent
state_dependence,theta0.15_kappa0.002,3,100,1.2591188449783208,22.866980779853698,independent
state_dependence,theta0.15_kappa0.002,4,100,1.1645484019047583,23.470011438624127,independent
state_dependence,theta0.15_kappa0.002,5,100,0.57750212939123924,18.774886292360303,independent
state_dependence,theta0.15_kappa0.002,6,100,0.50579957589751812,21.337832028962296,independent
state_dependence,theta0.15_kappa0.002,7,100,0.47585416180754742,21.976449213697329,independent
state_dependence,theta0.15_kappa0.002,8,100,0.47500492890459001,22.469007555095171,independent
state_dependence,theta0.15_kappa0.002,9,100,0.78631409542014541,22.450705845111614,independent
state_dependence,theta0.15_kappa0.02,0,100,0.56032487762674721,11.56010018651239,independent
state_dependence,theta0.15_kappa0.02,1,100,0.033097780706115368,9.7745492688341411,independent
state_dependence,theta0.15_kappa0.02,2,100,0.40945903231854686,11.299777413101888,independent
state_dependence,theta0.15_kappa0.02,3,100,0.42064767198169789,12.479323962773023,independent
state_dependence,theta0.15_kappa0.02,4,100,-0.055078716609160867,12.07628870822318,independent
state_dependence,theta0.15_kappa0.02,5,100,0.025161470695211473,12.219059888455943,independent
state_dependence,theta0.15_kappa0.02,6,100,-0.37998856054956337,9.3719254217696726,independent
state_dependence,theta0.15_kappa0.02,7,100,0.46766765599321458,13.408761115658159,independent
state_dependence,theta0.15_kappa0.02,8,100,-0.46998965670730269,14.405026080071494,independent
state_dependence,theta0.15_kappa0.02,9,100,0.19126845456854305,11.010783445171166,independent
state_dependence,theta0.15_kappa0.1,0,100,0.077966188102866929,5.7547699336375473,independent
state_dependence,theta0.15_kappa0.1,1,100,0.34891955345063819,5.1407691712954415,independent
state_dependence,theta0.15_kappa0.1,2,100,0.11127611684153928,4.9842453623152014,independent
state_dependence,theta0.15_kappa0.1,3,100,-0.15129916067391969,4.4833094148138901,independent
state_dependence,theta0.15_kappa0.1,4,100,0.63887572678159932,5.1324061035730235,independent
state_dependence,theta0.15_kappa0.1,5,100,-0.081642600625165984,4.5055076695680416,independent
state_dependence,theta0.15_kappa0.1,6,100,0.19897089662364864,5.3134915518438524,independent
state_dependence,theta0.15_kappa0.1,7,100,0.063046699228446385,6.1398993569939382,independent
state_dependence,theta0.15_kappa0.1,8,100,-0.054383768168213387,4.3589447179100063,independent
state_dependence,theta0.15_kappa0.1,9,100,-0.14182628574578016,5.7857722615930705,independent
state_dependence,theta0.35_kappa0.002,0,100,5.2674077922214551,43.465072408907801,independent
state_dependence,theta0.35_kappa0.002,1,100,5.466776944690392,51.135390943477077,independent
state_dependence,theta0.35_kappa0.002,2,100,5.87865381365906,43.392292793575884,independent
state_dependence,theta0.35_kappa0.002,3,100,5.4375591717145992,50.365696717194552,independent
state_dependence,theta0.35_kappa0.002,4,100,4.9079737183698739,53.024305781129719,independent
state_dependence,theta0.35_kappa0.002,5,100,4.7787449356657872,61.546879738798268,independent
state_dependence,theta0.35_kappa0.002,6,100,5.9317821131473725,53.358334627021229,independent
state_dependence,theta0.35_kappa0.002,7,100,5.8704225147729092,50.754826281335184,independent
state_dependence,theta0.35_kappa0.002,8,100,4.9838301141277395,51.900299149490188,independent
state_dependence,theta0.35_kappa0.002,9,100,5.3013034191809201,71.743847060145882,independent
state_dependence,theta0.35_kappa0.02,0,100,2.3889626999577249,36.868951118923569,independent
state_dependence,theta0.35_kappa0.02,1,100,2.5839356082062683,30.664980253637168,independent
state_dependence,theta0.35_kappa0.02,2,100,2.4464001044516221,45.126218659870034,independent
state_dependence,theta0.35_kappa0.02,3,100,4.9378706294459276,40.498058111038077,independent
state_dependence,theta0.35_kappa0.02,4,100,3.7361469960130425,41.661083899400204,independent
state_dependence,theta0.35_kappa0.02,5,100,3.8822222476971673,33.59933780633731,independent
state_dependence,theta0.35_kappa0.02,6,100,2.5227753387447156,38.26185601564525,independent
state_dependence,theta0.35_kappa0.02,7,100,2.543469005058927,43.802300688628591,independent
state_dependence,theta0.35_kappa0.02,8,100,3.5938197348363281,35.715265918623807,independent
state_dependence,theta0.35_kappa0.02,9,100,3.1412209415298848,34.642593053437665,independent
state_dependence,theta0.35_kappa0.1,0,100,0.5138952956735241,15.390106691376891,independent
state_dependence,theta0.35_kappa0.1,1,100,0.91917584794966434,19.588038277380605,independent
state_dependence,theta0.35_kappa0.1,2,100,0.3842540146728885,22.319130580539156,independent
state_dependence,theta0.35_kappa0.1,3,100,1.5100029794463472,17.109658556463607,independent
state_dependence,theta0.35_kappa0.1,4,100,0.68180112579514029,23.220636848776682,independent
state_dependence,theta0.35_kappa0.1,5,100,0.32690506638505179,17.153275701621737,independent
state_dependence,theta0.35_kappa0.1,6,100,0.8997440631806316,26.595054628457532,independent
state_dependence,theta0.35_kappa0.1,7,100,1.0109851112378339,21.44423247149291,independent
state_dependence,theta0.35_kappa0.1,8,100,1.1785274550595788,18.712657119754258,independent
state_dependence,theta0.35_kappa0.1,9,100,2.1545414187487548,18.627046981001495,independent
state_dependence,theta0.65_kappa0.002,0,100,14.05933097929144,95.506193326530052,independent
state_dependence,theta0.65_kappa0.002,1,100,14.519342125200339,85.920360625041283,independent
state_dependence,theta0.65_kappa0.002,2,100,14.333630372738675,102.33839086043194,independent
state_dependence,theta0.65_kappa0.002,3,100,14.791831388727173,84.711709793036718,independent
state_dependence,theta0.65_kappa0.002,4,100,14.639066400904358,88.747166941503139,independent
state_dependence,theta0.65_kappa0.002,5,100,16.037213264879135,87.30311341213212,independent
state_dependence,theta0.65_kappa0.002,6,100,16.157656662137903,112.54325804189828,independent
state_dependence,theta0.65_kappa0.002,7,100,15.329873416272651,90.799192530666971,independent
state_dependence,theta0.65_kappa0.002,8,100,15.605015771807778,73.238407584574759,independent
state_dependence,theta0.65_kappa0.002,9,100,14.740042988485278,84.265702482540661,independent
state_dependence,theta0.65_kappa0.02,0,100,12.722329374683961,51.470196159599197,independent
state_dependence,theta0.65_kappa0.02,1,100,9.9052537573877739,65.517406596718615,independent
state_dependence,theta0.65_kappa0.02,2,100,11.330444219074128,46.06523114201395,independent
state_dependence,theta0.65_kappa0.02,3,100,11.093549254184373,62.580527427792155,independent
state_dependence,theta0.65_kappa0.02,4,100,11.137906112496937,62.608811217430159,independent
state_dependence,theta0.65_kappa0.02,5,100,11.757438462817099,64.450343318751266,independent
state_dependence,theta0.65_kappa0.02,6,100,10.083481226373962,44.211567183137085,independent
state_dependence,theta0.65_kappa0.02,7,100,11.0409980834753,74.173619963015142,independent
state_dependence,theta0.65_kappa0.02,8,100,10.84762814954294,71.96907216794358,independent
state_dependence,theta0.65_kappa0.02,9,100,11.41802841401171,72.43126776730692,independent
state_dependence,theta0.65_kappa0.1,0,100,5.9715835040317486,49.706865292126693,independent
state_dependence,theta0.65_kappa0.1,1,100,6.9704201405645394,45.67279619985878,independent
state_dependence,theta0.65_kappa0.1,2,100,5.2788537330711378,45.284373932318282,independent
state_dependence,theta0.65_kappa0.1,3,100,6.7309663399784423,31.533293571874431,independent
state_dependence,theta0.65_kappa0.1,4,100,4.2804963637079716,37.677147325553136,independent
state_dependence,theta0.65_kappa0.1,5,100,6.319403842380833,48.161001303185543,independent
state_dependence,theta0.65_kappa0.1,6,100,5.272463635472791,44.283967005342113,independent
state_dependence,theta0.65_kappa0.1,7,100,7.1729145498840747,49.964813526024301,independent
state_dependence,theta0.65_kappa0.1,8,100,5.2936078228961216,55.929166196247756,independent
state_dependence,theta0.65_kappa0.1,9,100,6.3637971124977728,52.595817450971566,independent
fixed_duration,theta0.15_kappa0.002,0,100,3.2605803860886335,61.003225823688531,myopic
fixed_duration,theta0.15_kappa0.002,1,100,1.6829893023509657,62.443408785541742,myopic
fixed_duration,theta0.15_kappa0.002,2,100,2.4870102629251587,64.251374802763181,myopic
fixed_duration,theta0.15_kappa0.002,3,100,2.073773761115941,59.665723495124723,myopic
fixed_duration,theta0.15_kappa0.002,4,100,3.6031073335478578,82.397104409128985,myopic
fixed_duration,theta0.15_kappa0.002,5,100,3.5522354765197637,79.213418547895259,myopic
fixed_duration,theta0.15_kappa0.002,6,100,1.9548811419574728,59.015324507025483,myopic
fixed_duration,theta0.15_kappa0.002,7,100,1.7414605280229458,62.090212726044314,myopic
fixed_duration,theta0.15_kappa0.002,8,100,2.6220996697524646,73.939701181305594,myopic
fixed_duration,theta0.15_kappa0.002,9,100,2.3682039497892675,53.563337895090321,myopic
fixed_duration,theta0.15_kappa0.02,0,100,1.4813029094866983,49.213058468189857,myopic
fixed_duration,theta0.15_kappa0.02,1,100,2.8736145011896941,44.713549771634369,myopic
fixed_duration,theta0.15_kappa0.02,2,100,3.7754542647038623,53.269954988427919,myopic
fixed_duration,theta0.15_kappa0.02,3,100,2.3697308667995252,63.074566608100213,myopic
fixed_duration,theta0.15_kappa0.02,4,100,1.6821900996843342,67.986776530165713,myopic
fixed_duration,theta0.15_kappa0.02,5,100,3.0728100049763327,51.711037855364957,myopic
fixed_duration,theta0.15_kappa0.02,6,100,1.6412058483101399,72.898216837600131,myopic
fixed_duration,theta0.15_kappa0.02,7,100,0.89455870285512296,46.053691305325188,myopic
fixed_duration,theta0.15_kappa0.02,8,100,2.5747963003784258,55.615670761696379,myopic
fixed_duration,theta0.15_kappa0.02,9,100,2.5414754501884231,51.031149633599895,myopic
fixed_duration,theta0.15_kappa0.1,0,100,1.0046398407352362,53.8438740612945,myopic
fixed_duration,theta0.15_kappa0.1,1,100,1.5175775080655314,62.430201504205115,myopic
fixed_duration,theta0.15_kappa0.1,2,100,2.025879235486935,54.880459707575341,myopic
fixed_duration,theta0.15_kappa0.1,3,100,1.3239284376675373,51.843984165108594,myopic
fixed_duration,theta0.15_kappa0.1,4,100,1.5966253169409006,50.896750306571107,myopic
fixed_duration,theta0.15_kappa0.1,5,100,0.72491122316345846,41.431874198699987,myopic
fixed_duration,theta0.15_kappa0.1,6,100,2.7360586673226148,48.203701785489976,myopic
fixed_duration,theta0.15_kappa0.1,7,100,2.3052761501523906,42.856184925603408,myopic
fixed_duration,theta0.15_kappa0.1,8,100,0.77733837736095213,58.651595917103734,myopic
fixed_duration,theta0.15_kappa0.1,9,100,0.68001576204734504,40.823833172977231,myopic
fixed_duration,theta0.35_kappa0.002,0,100,6.2593544330082924,96.563222425182545,myopic
fixed_duration,theta0.35_kappa0.002,1,100,6.0245798355183897,71.351318067260209,myopic
fixed_duration,theta0.35_kappa0.002,2,100,7.1426053945821817,89.946191809738352,myopic
fixed_duration,theta0.35_kappa0.002,3,100,5.9831665926375663,105.26055253759112,myopic
fixed_duration,theta0.35_kappa0.002,4,100,5.6333831684406608,73.562963781376993,myopic
fixed_duration,theta0.35_kappa0.002,5,100,6.6026850625918687,97.309121169227197,myopic
fixed_duration,theta0.35_kappa0.002,6,100,6.3630530754194972,91.993248554598452,myopic
fixed_duration,theta0.35_kappa0.002,7,100,5.8044661017701822,73.008438885636338,myopic
fixed_duration,theta0.35_kappa0.002,8,100,6.4878840179384722,91.562006957267954,myopic
fixed_duration,theta0.35_kappa0.002,9,100,7.26775209784729,79.692662684599156,myopic
fixed_duration,theta0.35_kappa0.02,0,100,3.1191145423762783,67.481266228301678,myopic
fixed_duration,theta0.35_kappa0.02,1,100,3.8395953477854818,59.517425459129591,myopic
fixed_duration,theta0.35_kappa0.02,2,100,2.3953797371298617,54.515438123803136,myopic
fixed_duration,theta0.35_kappa0.02,3,100,1.8448723189756828,52.956198370532334,myopic
fixed_duration,theta0.35_kappa0.02,4,100,2.9150020410277317,64.529071574962828,myopic
fixed_duration,theta0.35_kappa0.02,5,100,3.2156606351636241,71.11248230282601,myopic
fixed_duration,theta0.35_kappa0.02,6,100,2.7243059087271448,48.409505667965675,myopic
fixed_duration,theta0.35_kappa0.02,7,100,4.0767694696949803,57.037752698328532,myopic
fixed_duration,theta0.35_kappa0.02,8,100,3.2540402038923806,63.732135352173962,myopic
fixed_duration,theta0.35_kappa0.02,9,100,4.989298026173266,58.878009613426777,myopic
fixed_duration,theta0.35_kappa0.1,0,100,0.61150031789565029,50.033528084844995,myopic
fixed_duration,theta0.35_kappa0.1,1,100,1.2640827697026038,51.604080522088822,myopic
fixed_duration,theta0.35_kappa0.1,2,100,0.95384245739871243,54.762631651874621,myopic
fixed_duration,theta0.35_kappa0.1,3,100,0.65362743125370459,48.446328728211867,myopic
fixed_duration,theta0.35_kappa0.1,4,100,0.55846572235410175,50.354744274672726,myopic
fixed_duration,theta0.35_kappa0.1,5,100,1.9538523832615191,53.497829442596071,myopic
fixed_duration,theta0.35_kappa0.1,6,100,1.5958034692816168,52.007235961852281,myopic
fixed_duration,theta0.35_kappa0.1,7,100,0.54526394877930906,46.414358450763949,myopic
fixed_duration,theta0.35_kappa0.1,8,100,1.3312011821913889,61.956282409234426,myopic
fixed_duration,theta0.35_kappa0.1,9,100,0.49172984388836416,47.858831151784663,myopic
fixed_duration,theta0.65_kappa0.002,0,100,13.22627089660349,98.182794639941463,myopic
fixed_duration,theta0.65_kappa0.002,1,100,13.201847124924912,122.08794650157009,myopic
fixed_duration,theta0.65_kappa0.002,2,100,13.255315250792592,98.126598431524982,myopic
fixed_duration,theta0.65_kappa0.002,3,100,12.759186297924785,98.393689683170805,myopic
fixed_duration,theta0.65_kappa0.002,4,100,12.410413237224864,102.21303638542592,myopic
fixed_duration,theta0.65_kappa0.002,5,100,11.034298183222282,103.82728589326298,myopic
fixed_duration,theta0.65_kappa0.002,6,100,14.039155763290273,84.5831026500109,myopic
fixed_duration,theta0.65_kappa0.002,7,100,13.147804663512828,113.00901774403667,myopic
fixed_duration,theta0.65_kappa0.002,8,100,12.56553491819861,103.44312809838995,myopic
fixed_duration,theta0.65_kappa0.002,9,100,11.84364201041091,110.27811870816197,myopic
fixed_duration,theta0.65_kappa0.02,0,100,8.3699572666366091,88.058118021495019,myopic
fixed_duration,theta0.65_kappa0.02,1,100,7.5944510507203598,96.117032073695583,myopic
fixed_duration,theta0.65_kappa0.02,2,100,8.8684123769651606,111.83386284252894,myopic
fixed_duration,theta0.65_kappa0.02,3,100,9.4422340740713686,96.017583019708042,myopic
fixed_duration,theta0.65_kappa0.02,4,100,8.657143168745808,92.194062109072973,myopic
fixed_duration,theta0.65_kappa0.02,5,100,9.4394522496584372,85.345004762103514,myopic
fixed_duration,theta0.65_kappa0.02,6,100,10.444744187748107,105.08671345043238,myopic
fixed_duration,theta0.65_kappa0.02,7,100,10.112825642475173,85.453700312107912,myopic
fixed_duration,theta0.65_kappa0.02,8,100,7.7256924922687551,60.712605570246872,myopic
fixed_duration,theta0.65_kappa0.02,9,100,10.920726404108501,87.953435938106452,myopic
fixed_duration,theta0.65_kappa0.1,0,100,1.9168537789829736,47.256180761155385,myopic
fixed_duration,theta0.65_kappa0.1,1,100,1.8717907977840667,51.838247673596477,myopic
fixed_duration,theta0.65_kappa0.1,2,100,3.2292891060412141,51.792495303934786,myopic
fixed_duration,theta0.65_kappa0.1,3,100,1.2056368602602432,63.935096885819839,myopic
fixed_duration,theta0.65_kappa0.1,4,100,1.8830782112595008,46.834414031963462,myopic
fixed_duration,theta0.65_kappa0.1,5,100,-0.3717169059017707,41.127263041962522,myopic
fixed_duration,theta0.65_kappa0.1,6,100,1.5291718027392176,63.903098384104283,myopic
fixed_duration,theta0.65_kappa0.1,7,100,0.49702242913002254,56.136503947726382,myopic
fixed_duration,theta0.65_kappa0.1,8,100,2.2808266459407953,59.946249122790995,myopic
fixed_duration,theta0.65_kappa0.1,9,100,1.7822879748921048,41.562180866557398,myopic
nominal,theta0.15_kappa0.002,0,100,3.1338952867586061,72.616969365950396,myopic
nominal,theta0.15_kappa0.002,1,100,2.4420157373809417,82.96291228364386,myopic
nominal,theta0.15_kappa0.002,2,100,0.34073612312416585,55.69574505759995,myopic
nominal,theta0.15_kappa0.002,3,100,1.507850151791672,72.465534514674502,myopic
nominal,theta0.15_kappa0.002,4,100,1.9475327839696766,57.986064340301638,myopic
nominal,theta0.15_kappa0.002,5,100,2.0535199131039126,55.067137933655488,myopic
nominal,theta0.15_kappa0.002,6,100,2.6643947373617118,75.456199410213401,myopic
nominal,theta0.15_kappa0.002,7,100,2.3544788983875806,98.666756037146257,myopic
nominal,theta0.15_kappa0.002,8,100,3.4397450331505519,67.009970375911408,myopic
nominal,theta0.15_kappa0.002,9,100,2.9948025553314772,69.17500724415126,myopic
nominal,theta0.15_kappa0.02,0,100,2.4649660211517408,48.291552031261268,myopic
nominal,theta0.15_kappa0.02,1,100,1.9488738935302785,63.695490586529566,myopic
nominal,theta0.15_kappa0.02,2,100,1.7583459161506789,45.298509597727943,myopic
nominal,theta0.15_kappa0.02,3,100,1.8352701979092678,40.322640662975459,myopic
nominal,theta0.15_kappa0.02,4,100,0.34373048055349875,38.315460965502609,myopic
nominal,theta0.15_kappa0.02,5,100,2.7137367298706905,57.814940527580774,myopic
nominal,theta0.15_kappa0.02,6,100,1.1527156461002497,74.395367943392145,myopic
nominal,theta0.15_kappa0.02,7,100,2.9061161694043811,74.277025774033291,myopic
nominal,theta0.15_kappa0.02,8,100,2.9971782054793441,55.317303921719741,myopic
nominal,theta0.15_kappa0.02,9,100,1.6237807539149289,53.15328144412738,myopic
nominal,theta0.15_kappa0.1,0,100,0.2107457552454271,46.491643220995066,myopic
nominal,theta0.15_kappa0.1,1,100,1.9009113737753873,51.526071930603862,myopic
nominal,theta0.15_kappa0.1,2,100,0.70035390030104938,47.591792189090114,myopic
nominal,theta0.15_kappa0.1,3,100,2.1383210499361911,48.69627920498904,myopic
nominal,theta0.15_kappa0.1,4,100,2.0958506667264567,51.801949458302836,myopic
nominal,theta0.15_kappa0.1,5,100,1.5331820995341254,51.199350233758608,myopic
nominal,theta0.15_kappa0.1,6,100,1.5178511646359474,49.330142537131714,myopic
nominal,theta0.15_kappa0.1,7,100,1.8099111714682539,36.282641838085731,myopic
nominal,theta0.15_kappa0.1,8,100,2.185480675654734,46.582249750436482,myopic
nominal,theta0.15_kappa0.1,9,100,1.2430143286892537,50.355521718840066,myopic
nominal,theta0.35_kappa0.002,0,100,7.2437702620860138,133.60162771327208,myopic
nominal,theta0.35_kappa0.002,1,100,4.7178917371211897,100.23904708938332,myopic
nominal,theta0.35_kappa0.002,2,100,5.4429257505717636,126.1875287906765,myopic
nominal,theta0.35_kappa0.002,3,100,4.2657638726938902,81.193462783143758,myopic
nominal,theta0.35_kappa0.002,4,100,4.1132777614194742,122.90797941016693,myopic
nominal,theta0.35_kappa0.002,5,100,4.5649073528728596,110.5904799478045,myopic
nominal,theta0.35_kappa0.002,6,100,6.9282410743756095,93.959946110444861,myopic
nominal,theta0.35_kappa0.002,7,100,3.9924648409899306,111.56645940721249,myopic
nominal,theta0.35_kappa0.002,8,100,4.4518763412986582,123.70388530232151,myopic
nominal,theta0.35_kappa0.002,9,100,4.4614306559705534,126.677564599044,myopic
nominal,theta0.35_kappa0.02,0,100,2.1284880360546348,65.148410383942917,myopic
nominal,theta0.35_kappa0.02,1,100,3.3735807958971065,67.770935492438568,myopic
nominal,theta0.35_kappa0.02,2,100,2.4542810641139789,60.143951374361052,myopic
nominal,theta0.35_kappa0.02,3,100,3.6901461728704859,83.890932233188209,myopic
nominal,theta0.35_kappa0.02,4,100,3.5301785926591687,75.859058906022724,myopic
nominal,theta0.35_kappa0.02,5,100,4.4249501268192901,55.048737302013052,myopic
nominal,theta0.35_kappa0.02,6,100,2.2786056233119996,60.529314023491466,myopic
nominal,theta0.35_kappa0.02,7,100,3.2594263887960584,53.754092830543044,myopic
nominal,theta0.35_kappa0.02,8,100,3.067414103322307,85.487636670974524,myopic
nominal,theta0.35_kappa0.02,9,100,3.0087252211987732,74.798946140263453,myopic
nominal,theta0.35_kappa0.1,0,100,1.8424459867942897,56.175815321275692,myopic
nominal,theta0.35_kappa0.1,1,100,1.2625689376053828,55.076232016048536,myopic
nominal,theta0.35_kappa0.1,2,100,0.54099643437532119,49.800063098682969,myopic
nominal,theta0.35_kappa0.1,3,100,0.59702137638374075,53.394474326216724,myopic
nominal,theta0.35_kappa0.1,4,100,1.6491484243432502,57.198902662605995,myopic
nominal,theta0.35_kappa0.1,5,100,2.7159322778417021,57.030749083612626,myopic
nominal,theta0.35_kappa0.1,6,100,0.36244815805662006,40.484025513872652,myopic
nominal,theta0.35_kappa0.1,7,100,1.3343388931039646,47.621642154268237,myopic
nominal,theta0.35_kappa0.1,8,100,2.0530175279963006,57.978481976363263,myopic
nominal,theta0.35_kappa0.1,9,100,1.4672750789446294,41.25935093897467,myopic
nominal,theta0.65_kappa0.002,0,100,7.2228539845894337,240.11057103818115,myopic
nominal,theta0.65_kappa0.002,1,100,8.785871633554784,261.78039622540285,myopic
nominal,theta0.65_kappa0.002,2,100,8.0960366932911825,256.72241715926583,myopic
nominal,theta0.65_kappa0.002,3,100,7.911131218285532,171.41841323849115,myopic
nominal,theta0.65_kappa0.002,4,100,9.8463920718133675,196.97928783718507,myopic
nominal,theta0.65_kappa0.002,5,100,9.8775026910663914,197.94979709466838,myopic
nominal,theta0.65_kappa0.002,6,100,11.252799058999109,219.83637823999092,myopic
nominal,theta0.65_kappa0.002,7,100,10.681121602211535,243.92329626789044,myopic
nominal,theta0.65_kappa0.002,8,100,9.9510018768465454,255.45960223591524,myopic
nominal,theta0.65_kappa0.002,9,100,9.4216251762908207,207.05577574933758,myopic
nominal,theta0.65_kappa0.02,0,100,8.2929577270307266,96.4617513409964,myopic
nominal,theta0.65_kappa0.02,1,100,7.2077778856886781,90.641699655908411,myopic
nominal,theta0.65_kappa0.02,2,100,6.9176281903063623,81.957466607198896,myopic
nominal,theta0.65_kappa0.02,3,100,5.6075565033557497,87.8839394227452,myopic
nominal,theta0.65_kappa0.02,4,100,8.4838121974753342,124.43864988021764,myopic
nominal,theta0.65_kappa0.02,5,100,7.4856482963937356,102.19499536877078,myopic
nominal,theta0.65_kappa0.02,6,100,7.9987900563945198,105.97711461980701,myopic
nominal,theta0.65_kappa0.02,7,100,7.3738916908512966,117.05889226030902,myopic
nominal,theta0.65_kappa0.02,8,100,6.6104007320932272,120.97465091006329,myopic
nominal,theta0.65_kappa0.02,9,100,8.205514559472995,91.78412882285393,myopic
nominal,theta0.65_kappa0.1,0,100,1.5668520280199494,56.813569922672087,myopic
nominal,theta0.65_kappa0.1,1,100,3.184255786365358,68.059941312823625,myopic
nominal,theta0.65_kappa0.1,2,100,3.8169340573566086,56.818788729590402,myopic
nominal,theta0.65_kappa0.1,3,100,2.3254112361627124,59.076001262042375,myopic
nominal,theta0.65_kappa0.1,4,100,2.5338615621289744,62.128516395372642,myopic
nominal,theta0.65_kappa0.1,5,100,2.9775164334691464,51.594783934188506,myopic
nominal,theta0.65_kappa0.1,6,100,4.0056642976765247,57.81292864914532,myopic
nominal,theta0.65_kappa0.1,7,100,1.7844827362868412,54.801870683874419,myopic
nominal,theta0.65_kappa0.1,8,100,3.0515078650900467,55.294566848588545,myopic
nominal,theta0.65_kappa0.1,9,100,2.6442672573602168,40.876893717230487,myopic
state_dependence,theta0.15_kappa0.002,0,100,2.1664875204191403,71.875101147040752,myopic
state_dependence,theta0.15_kappa0.002,1,100,3.4269815700912161,61.424472501782923,myopic
state_dependence,theta0.15_kappa0.002,2,100,2.8442020090556559,65.350251218298112,myopic
state_dependence,theta0.15_kappa0.002,3,100,0.91072324845554642,79.323370967923054,myopic
state_dependence,theta0.15_kappa0.002,4,100,2.9267697886152102,95.569718804257406,myopic
state_dependence,theta0.15_kappa0.002,5,100,1.7394553223841018,69.979649690358499,myopic
state_dependence,theta0.15_kappa0.002,6,100,0.95456111843325109,52.619330777668836,myopic
state_dependence,theta0.15_kappa0.002,7,100,-0.059807865798040823,100.28447048605592,myopic
state_dependence,theta0.15_kappa0.002,8,100,3.2107302440533152,78.1288127720087,myopic
state_dependence,theta0.15_kappa0.002,9,100,1.976422941506975,59.113567152401259,myopic
state_dependence,theta0.15_kappa0.02,0,100,1.7550797311840176,48.964355233754787,myopic
state_dependence,theta0.15_kappa0.02,1,100,2.1758216850614414,58.915518585512494,myopic
state_dependence,theta0.15_kappa0.02,2,100,3.3784243833512244,65.582936640748699,myopic
state_dependence,theta0.15_kappa0.02,3,100,0.85197145375620409,48.841152307671557,myopic
state_dependence,theta0.15_kappa0.02,4,100,1.6532734355170828,50.236788102897982,myopic
state_dependence,theta0.15_kappa0.02,5,100,2.0692915240481464,56.623893420385549,myopic
state_dependence,theta0.15_kappa0.02,6,100,3.0543532061398135,54.937348847221429,myopic
state_dependence,theta0.15_kappa0.02,7,100,2.2661517499527237,64.472168300302073,myopic
state_dependence,theta0.15_kappa0.02,8,100,1.5780189759138932,68.659924001128658,myopic
state_dependence,theta0.15_kappa0.02,9,100,1.1885188576189851,54.15263251062607,myopic
state_dependence,theta0.15_kappa0.1,0,100,0.80047460780702362,42.123255674183909,myopic
state_dependence,theta0.15_kappa0.1,1,100,0.84316155378375934,49.270972762896413,myopic
state_dependence,theta0.15_kappa0.1,2,100,1.3948288510592719,71.394391680419417,myopic
state_dependence,theta0.15_kappa0.1,3,100,1.4208565182539454,58.663898138556505,myopic
state_dependence,theta0.15_kappa0.1,4,100,1.9460370624611727,59.528256262816278,myopic
state_dependence,theta0.15_kappa0.1,5,100,1.8575083292944767,40.134277345100472,myopic
state_dependence,theta0.15_kappa0.1,6,100,2.365316873381579,47.158074694485322,myopic
state_dependence,theta0.15_kappa0.1,7,100,0.96638744624451434,39.854625636365036,myopic
state_dependence,theta0.15_kappa0.1,8,100,1.4283705265730691,49.820945329602061,myopic
state_dependence,theta0.15_kappa0.1,9,100,2.4222743711258334,46.295512901491236,myopic
state_dependence,theta0.35_kappa0.002,0,100,4.6997368270392856,89.923153148983261,myopic
state_dependence,theta0.35_kappa0.002,1,100,3.7234853463791406,104.38620848963257,myopic
state_dependence,theta0.35_kappa0.002,2,100,4.2853164006132767,113.16504463589841,myopic
state_dependence,theta0.35_kappa0.002,3,100,4.9491532180503315,115.73810693185999,myopic
state_dependence,theta0.35_kappa0.002,4,100,5.5496350495048272,111.51269347992289,myopic
state_dependence,theta0.35_kappa0.002,5,100,4.7097507225037223,138.83057740525871,myopic
state_dependence,theta0.35_kappa0.002,6,100,6.1552984390665726,102.14945988638316,myopic
state_dependence,theta0.35_kappa0.002,7,100,5.9005712147733869,78.740890170074579,myopic
state_dependence,theta0.35_kappa0.002,8,100,6.3944784913518209,79.190911400802207,myopic
state_dependence,theta0.35_kappa0.002,9,100,4.7922798927051646,91.638058948323248,myopic
state_dependence,theta0.35_kappa0.02,0,100,2.9078321566705019,59.243848528899221,myopic
state_dependence,theta0.35_kappa0.02,1,100,1.7848297912871025,73.819702800922883,myopic
state_dependence,theta0.35_kappa0.02,2,100,2.4082770470176849,59.425060612480628,myopic
state_dependence,theta0.35_kappa0.02,3,100,2.5187235727836583,81.699306015702376,myopic
state_dependence,theta0.35_kappa0.02,4,100,2.9619318595701158,58.265529105427618,myopic
state_dependence,theta0.35_kappa0.02,5,100,2.811132281672053,56.326243658265724,myopic
state_dependence,theta0.35_kappa0.02,6,100,3.9215580236055998,68.440579050256645,myopic
state_dependence,theta0.35_kappa0.02,7,100,3.155731204744272,70.543880304970202,myopic
state_dependence,theta0.35_kappa0.02,8,100,3.4619584660850404,59.01782901993667,myopic
state_dependence,theta0.35_kappa0.02,9,100,3.1521885815165569,70.715734296201674,myopic
state_dependence,theta0.35_kappa0.1,0,100,0.9617931576300669,43.776773436075153,myopic
state_dependence,theta0.35_kappa0.1,1,100,1.9007685221899411,48.795902191826329,myopic
state_dependence,theta0.35_kappa0.1,2,100,1.0817437602277058,42.182362084091004,myopic
state_dependence,theta0.35_kappa0.1,3,100,2.1120923911610667,46.046253432592046,myopic
state_dependence,theta0.35_kappa0.1,4,100,2.5639210755558328,37.75734268022314,myopic
state_dependence,theta0.35_kappa0.1,5,100,1.0785512488934454,46.000562871256363,myopic
state_dependence,theta0.35_kappa0.1,6,100,1.4408497424002622,60.514281817393353,myopic
state_dependence,theta0.35_kappa0.1,7,100,1.3127954629593828,46.196649604686449,myopic
state_dependence,theta0.35_kappa0.1,8,100,2.0094954133447946,41.558422960234559,myopic
state_dependence,theta0.35_kappa0.1,9,100,0.91063464714764419,38.655617485397137,myopic
state_dependence,theta0.65_kappa0.002,0,100,11.767569975691025,249.91992012681285,myopic
state_dependence,theta0.65_kappa0.002,1,100,6.956432109127979,180.78122322131554,myopic
state_dependence,theta0.65_kappa0.002,2,100,8.4046453497866551,190.59160706665463,myopic
state_dependence,theta0.65_kappa0.002,3,100,8.2308415035082216,171.48442639078544,myopic
state_dependence,theta0.65_kappa0.002,4,100,7.6755913110133154,238.07909682252836,myopic
state_dependence,theta0.65_kappa0.002,5,100,8.0281799581696411,195.14673680700346,myopic
state_dependence,theta0.65_kappa0.002,6,100,9.9965185957378306,264.92362836753881,myopic
state_dependence,theta0.65_kappa0.002,7,100,8.7336317459145043,318.89884396304097,myopic
state_dependence,theta0.65_kappa0.002,8,100,7.6144089059885616,178.13364955191628,myopic
state_dependence,theta0.65_kappa0.002,9,100,9.4428376012539452,225.74246647522841,myopic
state_dependence,theta0.65_kappa0.02,0,100,8.696897019597758,98.272142964994742,myopic
state_dependence,theta0.65_kappa0.02,1,100,6.10604197968558,94.998741207477693,myopic
state_dependence,theta0.65_kappa0.02,2,100,6.4536361953922619,73.977054117819179,myopic
state_dependence,theta0.65_kappa0.02,3,100,7.0804527404693509,78.056147920900955,myopic
state_dependence,theta0.65_kappa0.02,4,100,7.9979460111377492,113.69879674706391,myopic
state_dependence,theta0.65_kappa0.02,5,100,7.1594561202067464,87.72947866570756,myopic
state_dependence,theta0.65_kappa0.02,6,100,7.063683346914214,76.005700886613013,myopic
state_dependence,theta0.65_kappa0.02,7,100,5.4857821499322617,80.048669012306576,myopic
state_dependence,theta0.65_kappa0.02,8,100,5.6865745846427123,96.06471680659962,myopic
state_dependence,theta0.65_kappa0.02,9,100,7.1024683003188223,81.060822286487451,myopic
state_dependence,theta0.65_kappa0.1,0,100,2.6364790619972864,59.078719663064518,myopic
state_dependence,theta0.65_kappa0.1,1,100,2.8284848917060037,55.567900267704594,myopic
state_dependence,theta0.65_kappa0.1,2,100,3.6931325738424849,49.065593110580203,myopic
state_dependence,theta0.65_kappa0.1,3,100,2.0788221921803363,58.421276457756804,myopic
state_dependence,theta0.65_kappa0.1,4,100,3.1557544574693792,50.508174621773655,myopic
state_dependence,theta0.65_kappa0.1,5,100,3.6656725998049184,74.643612982930492,myopic
state_dependence,theta0.65_kappa0.1,6,100,2.8332863565643116,55.071478856114922,myopic
state_dependence,theta0.65_kappa0.1,7,100,3.0908388449029593,65.146974242796873,myopic
state_dependence,theta0.65_kappa0.1,8,100,3.2103866310671321,52.425736229882482,myopic
state_dependence,theta0.65_kappa0.1,9,100,2.5757667982132997,58.524976440901192,myopic
fixed_duration,theta0.15_kappa0.002,0,100,-0.079227931787810485,5.2117073715556899,noinfo
fixed_duration,theta0.15_kappa0.002,1,100,-0.034514229559287721,4.4484309042106789,noinfo
fixed_duration,theta0.15_kappa0.002,2,100,0.15983630743820254,6.9506174089361776,noinfo
fixed_duration,theta0.15_kappa0.002,3,100,0.22881038531970826,7.7253662692984815,noinfo
fixed_duration,theta0.15_kappa0.002,4,100,0.52837003001944127,4.0446183159891662,noinfo
fixed_duration,theta0.15_kappa0.002,5,100,0.54111698601530989,5.6865366235728478,noinfo
fixed_duration,theta0.15_kappa0.002,6,100,0.49812239462839147,4.001048406577115,noinfo
fixed_duration,theta0.15_kappa0.002,7,100,-0.17280517766765968,4.732328921424104,noinfo
fixed_duration,theta0.15_kappa0.002,8,100,0.011250744935603097,4.0788771674857012,noinfo
fixed_duration,theta0.15_kappa0.002,9,100,0.58013818906424486,6.3862420139062079,noinfo
fixed_duration,theta0.15_kappa0.02,0,100,-0.074733383873104436,1.6106658293960892,noinfo
fixed_duration,theta0.15_kappa0.02,1,100,-0.073430416438081889,1.3785511451427572,noinfo
fixed_duration,theta0.15_kappa0.02,2,100,0.015631676194929101,1.6791364088245464,noinfo
fixed_duration,theta0.15_kappa0.02,3,100,0.098164006098752074,1.6792448721408904,noinfo
fixed_duration,theta0.15_kappa0.02,4,100,0.19478393241474076,1.9131272893099089,noinfo
fixed_duration,theta0.15_kappa0.02,5,100,0.11784831420600646,1.8498882362476907,noinfo
fixed_duration,theta0.15_kappa0.02,6,100,-0.027197274315401528,1.1559977733086508,noinfo
fixed_duration,theta0.15_kappa0.02,7,100,0.04177745698668623,1.3958702668728276,noinfo
fixed_duration,theta0.15_kappa0.02,8,100,0.099848123816454054,1.4515257570138791,noinfo
fixed_duration,theta0.15_kappa0.02,9,100,0.00923696977461895,1.5278559958069662,noinfo
fixed_duration,theta0.15_kappa0.1,0,100,0.058110371207156807,0.205179202454289,noinfo
fixed_duration,theta0.15_kappa0.1,1,100,-0.026362434638808906,0.20060673592538675,noinfo
fixed_duration,theta0.15_kappa0.1,2,100,0.058270916739909924,0.24004815230319096,noinfo
fixed_duration,theta0.15_kappa0.1,3,100,-0.03921325497226525,0.30651506822617464,noinfo
fixed_duration,theta0.15_kappa0.1,4,100,-0.04275148332829487,0.38882194374731921,noinfo
fixed_duration,theta0.15_kappa0.1,5,100,0.0014419990428037347,0.27727205015294959,noinfo
fixed_duration,theta0.15_kappa0.1,6,100,0.033096625405623678,0.17119948806981009,noinfo
fixed_duration,theta0.15_kappa0.1,7,100,-0.06899427777644479,0.266284386035058,noinfo
fixed_duration,theta0.15_kappa0.1,8,100,0.024051682202094079,0.19746958696941166,noinfo
fixed_duration,theta0.15_kappa0.1,9,100,-0.035583713575024691,0.41721423990190792,noinfo
fixed_duration,theta0.35_kappa0.002,0,100,2.4072423730582235,31.136784784730256,noinfo
fixed_duration,theta0.35_kappa0.002,1,100,3.5617702743253234,41.766481822994287,noinfo
fixed_duration,theta0.35_kappa0.002,2,100,2.8609181500810261,33.352411916110761,noinfo
fixed_duration,theta0.35_kappa0.002,3,100,3.7924907954052838,43.820842826249937,noinfo
fixed_duration,theta0.35_kappa0.002,4,100,1.9955165583432626,38.772520539940658,noinfo
fixed_duration,theta0.35_kappa0.002,5,100,2.0922077922201066,36.454945108618354,noinfo
fixed_duration,theta0.35_kappa0.002,6,100,1.6935542919925843,37.096224275235762,noinfo
fixed_duration,theta0.35_kappa0.002,7,100,3.2715890908471392,36.053346211600228,noinfo
fixed_duration,theta0.35_kappa0.002,8,100,2.4047156208722043,34.249759201192219,noinfo
fixed_duration,theta0.35_kappa0.002,9,100,2.3439183928891008,50.322215508981344,noinfo
fixed_duration,theta0.35_kappa0.02,0,100,0.91761003265773866,19.614534090817639,noinfo
fixed_duration,theta0.35_kappa0.02,1,100,1.2127751787414205,15.236719302619548,noinfo
fixed_duration,theta0.35_kappa0.02,2,100,0.71546540403407366,20.350660143421024,noinfo
fixed_duration,theta0.35_kappa0.02,3,100,0.27228165253825382,16.734774478070623,noinfo
fixed_duration,theta0.35_kappa0.02,4,100,0.41552203588903702,15.617256063381287,noinfo
fixed_duration,theta0.35_kappa0.02,5,100,1.0412255313921837,17.53464085965118,noinfo
fixed_duration,theta0.35_kappa0.02,6,100,1.2698257442400522,21.685399379266549,noinfo
fixed_duration,theta0.35_kappa0.02,7,100,0.90804048420109718,18.76505820506107,noinfo
fixed_duration,theta0.35_kappa0.02,8,100,0.49466204228027694,24.904519118140119,noinfo
fixed_duration,theta0.35_kappa0.02,9,100,0.56407911380717546,19.057546190133376,noinfo
fixed_duration,theta0.35_kappa0.1,0,100,-0.34012039902957697,6.0540309574978766,noinfo
fixed_duration,theta0.35_kappa0.1,1,100,-0.4708939197854683,9.0384203675352452,noinfo
fixed_duration,theta0.35_kappa0.1,2,100,0.17266927938035312,5.6204792931301055,noinfo
fixed_duration,theta0.35_kappa0.1,3,100,-0.39273897135033975,6.516843573869183,noinfo
fixed_duration,theta0.35_kappa0.1,4,100,0.26207121976603565,7.2261602777200054,noinfo
fixed_duration,theta0.35_kappa0.1,5,100,-0.33019388266981325,8.9806672533688356,noinfo
fixed_duration,theta0.35_kappa0.1,6,100,0.18245572999360143,7.9130869752645454,noinfo
fixed_duration,theta0.35_kappa0.1,7,100,0.1690647782071186,5.223267782843533,noinfo
fixed_duration,theta0.35_kappa0.1,8,100,0.024300532651264549,11.078775268737665,noinfo
fixed_duration,theta0.35_kappa0.1,9,100,-0.23187724559292114,5.8159239562352232,noinfo
fixed_duration,theta0.65_kappa0.002,0,100,9.7603991727480608,63.928371372665261,noinfo
fixed_duration,theta0.65_kappa0.002,1,100,9.9502110190070212,54.074164653827921,noinfo
fixed_duration,theta0.65_kappa0.002,2,100,8.6919113958017142,57.836630433919986,noinfo
fixed_duration,theta0.65_kappa0.002,3,100,9.0947952249673882,58.577614309421428,noinfo
fixed_duration,theta0.65_kappa0.002,4,100,8.8259459689399531,75.606200540616356,noinfo
fixed_duration,theta0.65_kappa0.002,5,100,8.4215354531061557,63.549247132154342,noinfo
fixed_duration,theta0.65_kappa0.002,6,100,9.6275248954634023,65.67739353447989,noinfo
fixed_duration,theta0.65_kappa0.002,7,100,10.027192579619163,70.446440260620122,noinfo
fixed_duration,theta0.65_kappa0.002,8,100,9.2428600000328522,61.30512289135384,noinfo
fixed_duration,theta0.65_kappa0.002,9,100,9.0118144962530451,58.799219966139255,noinfo
fixed_duration,theta0.65_kappa0.02,0,100,7.0317493633944244,66.713489282539726,noinfo
fixed_duration,theta0.65_kappa0.02,1,100,4.9834018196772192,41.575850490180272,noinfo
fixed_duration,theta0.65_kappa0.02,2,100,5.5764393891593418,39.411588897182618,noinfo
fixed_duration,theta0.65_kappa0.02,3,100,5.1998030991685438,44.12497523531848,noinfo
fixed_duration,theta0.65_kappa0.02,4,100,4.2806549541474217,54.165007842803917,noinfo
fixed_duration,theta0.65_kappa0.02,5,100,4.1713182174301577,46.858678124292922,noinfo
fixed_duration,theta0.65_kappa0.02,6,100,3.7152960864641607,54.334314547562535,noinfo
fixed_duration,theta0.65_kappa0.02,7,100,4.3330580778543482,54.631470228978252,noinfo
fixed_duration,theta0.65_kappa0.02,8,100,6.304555191361823,47.865095806667405,noinfo
fixed_duration,theta0.65_kappa0.02,9,100,4.9897974902336815,29.816296325915527,noinfo
fixed_duration,theta0.65_kappa0.1,0,100,0.56035907506222049,22.61854523410339,noinfo
fixed_duration,theta0.65_kappa0.1,1,100,0.16511860612902715,26.958042021008588,noinfo
fixed_duration,theta0.65_kappa0.1,2,100,-0.67667506848551051,20.221868179589006,noinfo
fixed_duration,theta0.65_kappa0.1,3,100,0.013538010383846251,23.809799836565773,noinfo
fixed_duration,theta0.65_kappa0.1,4,100,-0.39305525809941516,17.753082728995992,noinfo
fixed_duration,theta0.65_kappa0.1,5,100,0.13721135053038824,16.992644375272516,noinfo
fixed_duration,theta0.65_kappa0.1,6,100,0.21870775354831035,22.582232698985127,noinfo
fixed_duration,theta0.65_kappa0.1,7,100,0.16173578500053359,17.473199857843074,noinfo
fixed_duration,theta0.65_kappa0.1,8,100,0.1143688985220265,20.077562806560405,noinfo
fixed_duration,theta0.65_kappa0.1,9,100,0.042845009998191692,24.092340216514472,noinfo
nominal,theta0.15_kappa0.002,0,100,-0.098373777324969783,3.3630639232845674,noinfo
nominal,theta0.15_kappa0.002,1,100,0.049411438235766936,2.2664319798715811,noinfo
nominal,theta0.15_kappa0.002,2,100,0.064157388345949556,3.1856319618003348,noinfo
nominal,theta0.15_kappa0.002,3,100,0.076334563590275378,4.2812508177683775,noinfo
nominal,theta0.15_kappa0.002,4,100,-0.117509532778865,4.928927043967601,noinfo
nominal,theta0.15_kappa0.002,5,100,0.16093403036182352,3.0817714269960521,noinfo
nominal,theta0.15_kappa0.002,6,100,0.075723166978410431,3.6361514746642531,noinfo
nominal,theta0.15_kappa0.002,7,100,-0.05723524576902575,4.166148475095568,noinfo
nominal,theta0.15_kappa0.002,8,100,0.19884011315068828,3.9509382899538013,noinfo
nominal,theta0.15_kappa0.002,9,100,-0.28252566755375513,2.7131797711261716,noinfo
nominal,theta0.15_kappa0.02,0,100,0.10106496316541992,2.1241354888147321,noinfo
nominal,theta0.15_kappa0.02,1,100,0.050299304635859181,1.4943934504550369,noinfo
nominal,theta0.15_kappa0.02,2,100,0.10068043922232911,1.5555384783339732,noinfo
nominal,theta0.15_kappa0.02,3,100,-0.16591836282859326,1.5717416133451196,noinfo
nominal,theta0.15_kappa0.02,4,100,-0.030947309796472484,1.5527592868710183,noinfo
nominal,theta0.15_kappa0.02,5,100,0.06678920217128749,2.172708172059453,noinfo
nominal,theta0.15_kappa0.02,6,100,-0.17093269138820844,1.5812333270220666,noinfo
nominal,theta0.15_kappa0.02,7,100,0.30573914040121808,1.555538450080906,noinfo
nominal,theta0.15_kappa0.02,8,100,0.04519443244381572,1.69638004676346,noinfo
nominal,theta0.15_kappa0.02,9,100,0.13338409484021424,1.7107046671714068,noinfo
nominal,theta0.15_kappa0.1,0,100,-0.12806655488719895,0.27924741917364626,noinfo
nominal,theta0.15_kappa0.1,1,100,-0.055554383892353704,0.14413161838384669,noinfo
nominal,theta0.15_kappa0.1,2,100,-0.0058641044291436193,0.28653942089872741,noinfo
nominal,theta0.15_kappa0.1,3,100,-0.029757236648073743,0.30439734653947847,noinfo
nominal,theta0.15_kappa0.1,4,100,0.01238722718831909,0.31547533198957795,noinfo
nominal,theta0.15_kappa0.1,5,100,-0.023727018035907568,0.32107975663273941,noinfo
nominal,theta0.15_kappa0.1,6,100,-0.042509154928204493,0.50896823691573323,noinfo
nominal,theta0.15_kappa0.1,7,100,-0.005831369164263871,0.29703550677809992,noinfo
nominal,theta0.15_kappa0.1,8,100,0.014751429337345719,0.6270129383260139,noinfo
nominal,theta0.15_kappa0.1,9,100,-0.033111421589894829,0.26683161578666803,noinfo
nominal,theta0.35_kappa0.002,0,100,1.9729012497066611,51.076179353567035,noinfo
nominal,theta0.35_kappa0.002,1,100,1.8409843106247643,58.289761387994574,noinfo
nominal,theta0.35_kappa0.002,2,100,2.8692423989374718,39.411188304419355,noinfo
nominal,theta0.35_kappa0.002,3,100,1.4870619999437307,30.392003315164217,noinfo
nominal,theta0.35_kappa0.002,4,100,1.3656511696570939,37.645212162409713,noinfo
nominal,theta0.35_kappa0.002,5,100,2.0490738690820054,53.531622363418649,noinfo
nominal,theta0.35_kappa0.002,6,100,1.3196569035098364,28.203085786616835,noinfo
nominal,theta0.35_kappa0.002,7,100,2.0338459726495826,35.859808583380811,noinfo
nominal,theta0.35_kappa0.002,8,100,1.6585614101852144,35.103864835398866,noinfo
nominal,theta0.35_kappa0.002,9,100,1.556449493988058,45.676779140019448,noinfo
nominal,theta0.35_kappa0.02,0,100,0.49505419293121428,17.765973809178035,noinfo
nominal,theta0.35_kappa0.02,1,100,0.48325186888109378,22.252590139572778,noinfo
nominal,theta0.35_kappa0.02,2,100,0.45340161780105981,17.613075517703766,noinfo
nominal,theta0.35_kappa0.02,3,100,1.1287625048031014,24.844187933444026,noinfo
nominal,theta0.35_kappa0.02,4,100,0.31728409274758562,16.10800164372796,noinfo
nominal,theta0.35_kappa0.02,5,100,0.030236777703857798,16.645746855002081,noinfo
nominal,theta0.35_kappa0.02,6,100,0.2091875153558124,19.065414924454188,noinfo
nominal,theta0.35_kappa0.02,7,100,1.1618758309216981,12.928292573641746,noinfo
nominal,theta0.35_kappa0.02,8,100,0.24023127658999777,15.007246570900252,noinfo
nominal,theta0.35_kappa0.02,9,100,1.1248636658583022,17.323920879071238,noinfo
nominal,theta0.35_kappa0.1,0,100,-0.41630784615782757,8.7522055465815196,noinfo
nominal,theta0.35_kappa0.1,1,100,0.23320601769661586,7.3255483272783595,noinfo
nominal,theta0.35_kappa0.1,2,100,0.30651069381192059,6.6480090939718721,noinfo
nominal,theta0.35_kappa0.1,3,100,0.12033373093609968,6.8482449368864007,noinfo
nominal,theta0.35_kappa0.1,4,100,0.053026602764619409,5.6697732347723422,noinfo
nominal,theta0.35_kappa0.1,5,100,0.24278726006551182,10.377416074547268,noinfo
nominal,theta0.35_kappa0.1,6,100,-0.12605971846777841,6.9115275669333078,noinfo
nominal,theta0.35_kappa0.1,7,100,-0.22723959557935494,5.9352289335187614,noinfo
nominal,theta0.35_kappa0.1,8,100,0.017062443034695337,8.8058836891566283,noinfo
nominal,theta0.35_kappa0.1,9,100,-0.089574050162461005,6.3783889198903836,noinfo
nominal,theta0.65_kappa0.002,0,100,3.8133607300464321,119.30583422277851,noinfo
nominal,theta0.65_kappa0.002,1,100,6.2169867546705326,185.4742100266308,noinfo
nominal,theta0.65_kappa0.002,2,100,5.2836250250817169,159.55939874367158,noinfo
nominal,theta0.65_kappa0.002,3,100,5.0861666841077584,113.51942544408875,noinfo
nominal,theta0.65_kappa0.002,4,100,6.5410195627631298,155.62593553634176,noinfo
nominal,theta0.65_kappa0.002,5,100,4.3360769788668652,109.03310154855838,noinfo
nominal,theta0.65_kappa0.002,6,100,6.224461648005212,146.60807496567531,noinfo
nominal,theta0.65_kappa0.002,7,100,5.8784823331103109,180.50979637129831,noinfo
nominal,theta0.65_kappa0.002,8,100,5.7396630688622761,153.59151783447297,noinfo
nominal,theta0.65_kappa0.002,9,100,4.8803637010099497,113.73149532861335,noinfo
nominal,theta0.65_kappa0.02,0,100,3.4505668148789912,48.874607067662247,noinfo
nominal,theta0.65_kappa0.02,1,100,3.7928300425358232,43.484637190440665,noinfo
nominal,theta0.65_kappa0.02,2,100,3.3262989533904603,30.479930879433567,noinfo
nominal,theta0.65_kappa0.02,3,100,3.5678693782625306,37.762765403462168,noinfo
nominal,theta0.65_kappa0.02,4,100,4.312638853648644,51.672344904483502,noinfo
nominal,theta0.65_kappa0.02,5,100,2.5443700412708914,49.140068392030962,noinfo
nominal,theta0.65_kappa0.02,6,100,3.203512280188733,34.003950493596989,noinfo
nominal,theta0.65_kappa0.02,7,100,3.8080929696308958,37.438496994270359,noinfo
nominal,theta0.65_kappa0.02,8,100,3.5703200364663781,51.854128875238814,noinfo
nominal,theta0.65_kappa0.02,9,100,2.6347205968873681,37.699928007982798,noinfo
nominal,theta0.65_kappa0.1,0,100,1.0290776477093488,32.718011368277715,noinfo
nominal,theta0.65_kappa0.1,1,100,0.2605639563395073,23.420085175754426,noinfo
nominal,theta0.65_kappa0.1,2,100,2.0879493237901827,30.933984694963563,noinfo
nominal,theta0.65_kappa0.1,3,100,1.2645228608042525,25.845394067906771,noinfo
nominal,theta0.65_kappa0.1,4,100,2.0394647039271114,26.645481525397965,noinfo
nominal,theta0.65_kappa0.1,5,100,1.5457131904708574,24.826411790330326,noinfo
nominal,theta0.65_kappa0.1,6,100,1.2348348019036373,23.675118815557084,noinfo
nominal,theta0.65_kappa0.1,7,100,1.6350279533376009,35.742908700144412,noinfo
nominal,theta0.65_kappa0.1,8,100,1.1491795360576682,26.563527347079614,noinfo
nominal,theta0.65_kappa0.1,9,100,0.75360781672288324,26.663826532473607,noinfo
state_dependence,theta0.15_kappa0.002,0,100,-0.096672506768049976,2.7673960511964424,noinfo
state_dependence,theta0.15_kappa0.002,1,100,-0.12391918120912157,2.7977716327712225,noinfo
state_dependence,theta0.15_kappa0.002,2,100,-0.18297976911448607,3.4203455652176444,noinfo
state_dependence,theta0.15_kappa0.002,3,100,0.033299517767953313,3.4211326380951435,noinfo
state_dependence,theta0.15_kappa0.002,4,100,0.3275144559564318,4.0949119074520404,noinfo
state_dependence,theta0.15_kappa0.002,5,100,0.15049142726646011,4.2288175709518105,noinfo
state_dependence,theta0.15_kappa0.002,6,100,-0.099707573024556698,2.2866361867188325,noinfo
state_dependence,theta0.15_kappa0.002,7,100,0.33996187119468724,3.3486010976238152,noinfo
state_dependence,theta0.15_kappa0.002,8,100,-0.22079781206994359,3.2048215273815668,noinfo
state_dependence,theta0.15_kappa0.002,9,100,-0.075079934515628804,5.9957845119087452,noinfo
state_dependence,theta0.15_kappa0.02,0,100,0.29742062666306468,1.7746379195485109,noinfo
state_dependence,theta0.15_kappa0.02,1,100,0.035347956240336452,1.5455536479512013,noinfo
state_dependence,theta0.15_kappa0.02,2,100,0.089299809085637352,1.1887428966049922,noinfo
state_dependence,theta0.15_kappa0.02,3,100,-0.052007548693268874,1.3306461438352155,noinfo
state_dependence,theta0.15_kappa0.02,4,100,0.17622466480356538,1.3191050224584024,noinfo
state_dependence,theta0.15_kappa0.02,5,100,-0.17023648365023958,1.4251426513792547,noinfo
state_dependence,theta0.15_kappa0.02,6,100,0.042370709944130676,1.5669912408312145,noinfo
state_dependence,theta0.15_kappa0.02,7,100,0.0077045395340937127,1.225556382565703,noinfo
state_dependence,theta0.15_kappa0.02,8,100,-0.25646517472174579,1.3318957962986289,noinfo
state_dependence,theta0.15_kappa0.02,9,100,0.0097226211335855565,1.2430063496179409,noinfo
state_dependence,theta0.15_kappa0.1,0,100,0.065063648857824688,0.16262458479040942,noinfo
state_dependence,theta0.15_kappa0.1,1,100,-0.030071231490211386,0.59593844125017637,noinfo
state_dependence,theta0.15_kappa0.1,2,100,0.044804116410034303,0.19536848391940648,noinfo
state_dependence,theta0.15_kappa0.1,3,100,-0.050450797634174233,0.36847690177411752,noinfo
state_dependence,theta0.15_kappa0.1,4,100,0.098254116028502897,0.13897886406347851,noinfo
state_dependence,theta0.15_kappa0.1,5,100,0.015194082956233489,0.17799091947392068,noinfo
state_dependence,theta0.15_kappa0.1,6,100,-0.012469599580339726,0.30532210275308214,noinfo
state_dependence,theta0.15_kappa0.1,7,100,-0.012061184316612794,0.30878202501671886,noinfo
state_dependence,theta0.15_kappa0.1,8,100,-0.076896237218585503,0.29888972798316771,noinfo
state_dependence,theta0.15_kappa0.1,9,100,0.092401452941843154,0.73948137308196848,noinfo
state_dependence,theta0.35_kappa0.002,0,100,2.8838947900996597,57.771297639558597,noinfo
state_dependence,theta0.35_kappa0.002,1,100,1.496038159276194,46.019146744198046,noinfo
state_dependence,theta0.35_kappa0.002,2,100,1.4778809143499054,35.723450159913881,noinfo
state_dependence,theta0.35_kappa0.002,3,100,1.549088707354126,22.752553110725085,noinfo
state_dependence,theta0.35_kappa0.002,4,100,0.99782947152549151,28.426996310889834,noinfo
state_dependence,theta0.35_kappa0.002,5,100,2.1952264116258133,50.520454477447174,noinfo
state_dependence,theta0.35_kappa0.002,6,100,2.0753269861063002,34.758462883380247,noinfo
state_dependence,theta0.35_kappa0.002,7,100,2.2313794559576787,31.787069258075178,noinfo
state_dependence,theta0.35_kappa0.002,8,100,0.73436807835330253,38.254308324585139,noinfo
state_dependence,theta0.35_kappa0.002,9,100,0.70678465283868208,25.387926965481899,noinfo
state_dependence,theta0.35_kappa0.02,0,100,-0.24350935754168923,13.652247922904765,noinfo
state_dependence,theta0.35_kappa0.02,1,100,0.72804872708101431,21.6271269336332,noinfo
state_dependence,theta0.35_kappa0.02,2,100,-0.18426781379967835,18.685181756786925,noinfo
state_dependence,theta0.35_kappa0.02,3,100,0.31394670031031929,15.369193278367813,noinfo
state_dependence,theta0.35_kappa0.02,4,100,1.5069882194559088,16.346660211864791,noinfo
state_dependence,theta0.35_kappa0.02,5,100,0.68548228882769924,16.632973593376963,noinfo
state_dependence,theta0.35_kappa0.02,6,100,0.60209783181361753,17.811399233969901,noinfo
state_dependence,theta0.35_kappa0.02,7,100,0.29654628148872808,18.14865485671324,noinfo
state_dependence,theta0.35_kappa0.02,8,100,0.35408696034898535,17.600006851445624,noinfo
state_dependence,theta0.35_kappa0.02,9,100,0.12863121297438082,17.993079839286764,noinfo
state_dependence,theta0.35_kappa0.1,0,100,0.18654927428377255,7.061431159238678,noinfo
state_dependence,theta0.35_kappa0.1,1,100,0.38716145179814049,6.5150362507689552,noinfo
state_dependence,theta0.35_kappa0.1,2,100,-0.25303577460488119,6.7246081202990773,noinfo
state_dependence,theta0.35_kappa0.1,3,100,0.18811165115515571,9.3867856748275695,noinfo
state_dependence,theta0.35_kappa0.1,4,100,0.015730054687745135,7.1650079366758073,noinfo
state_dependence,theta0.35_kappa0.1,5,100,0.085794803924646765,6.3410096430592171,noinfo
state_dependence,theta0.35_kappa0.1,6,100,-0.10934476904021802,7.8418792766259058,noinfo
state_dependence,theta0.35_kappa0.1,7,100,-0.11527284320229182,6.5798182774749074,noinfo
state_dependence,theta0.35_kappa0.1,8,100,-0.14928216141293973,7.4884264797529072,noinfo
state_dependence,theta0.35_kappa0.1,9,100,0.077392823947241215,6.3920123001721407,noinfo
state_dependence,theta0.65_kappa0.002,0,100,7.2973465554716697,125.93721744449931,noinfo
state_dependence,theta0.65_kappa0.002,1,100,3.8471553042129978,97.827240865752472,noinfo
state_dependence,theta0.65_kappa0.002,2,100,4.7040377517982854,130.6571004198635,noinfo
state_dependence,theta0.65_kappa0.002,3,100,3.2629975821643398,64.733958686642566,noinfo
state_dependence,theta0.65_kappa0.002,4,100,5.4767737504345693,169.19259027836674,noinfo
state_dependence,theta0.65_kappa0.002,5,100,4.8040301481580849,120.27131360545624,noinfo
state_dependence,theta0.65_kappa0.002,6,100,5.5799418896210655,189.38415466438451,noinfo
state_dependence,theta0.65_kappa0.002,7,100,5.3533290049247082,163.03262846180675,noinfo
state_dependence,theta0.65_kappa0.002,8,100,3.7424494267943298,105.39782845351502,noinfo
state_dependence,theta0.65_kappa0.002,9,100,7.4280772891791056,185.58883249254461,noinfo
state_dependence,theta0.65_kappa0.02,0,100,4.4109474477728057,56.819355494909445,noinfo
state_dependence,theta0.65_kappa0.02,1,100,3.0378672135934766,40.334480961318661,noinfo
state_dependence,theta0.65_kappa0.02,2,100,2.2392911115055854,37.771138018737688,noinfo
state_dependence,theta0.65_kappa0.02,3,100,3.3411493956330109,34.306146108370662,noinfo
state_dependence,theta0.65_kappa0.02,4,100,3.6892603361534508,65.664423093329887,noinfo
state_dependence,theta0.65_kappa0.02,5,100,3.4441089532626963,39.929340558498886,noinfo
state_dependence,theta0.65_kappa0.02,6,100,3.5391928478475818,46.226116507944447,noinfo
state_dependence,theta0.65_kappa0.02,7,100,3.1898949100349894,56.682234691652035,noinfo
state_dependence,theta0.65_kappa0.02,8,100,2.5700289151346829,33.166079992314245,noinfo
state_dependence,theta0.65_kappa0.02,9,100,3.0770645749896239,46.00805175086014,noinfo
state_dependence,theta0.65_kappa0.1,0,100,0.21534155667364702,28.797052818918583,noinfo
state_dependence,theta0.65_kappa0.1,1,100,1.1850551577612323,22.147228809663741,noinfo
state_dependence,theta0.65_kappa0.1,2,100,0.56348382580084011,27.109055982264916,noinfo
state_dependence,theta0.65_kappa0.1,3,100,1.8442540881979426,27.680738197258226,noinfo
state_dependence,theta0.65_kappa0.1,4,100,0.26840721833423109,31.711214634209931,noinfo
state_dependence,theta0.65_kappa0.1,5,100,0.88565368834379565,21.133688565141806,noinfo
state_dependence,theta0.65_kappa0.1,6,100,0.96989185372955644,29.633174319040137,noinfo
state_dependence,theta0.65_kappa0.1,7,100,1.919339212678344,28.851684304260214,noinfo
state_dependence,theta0.65_kappa0.1,8,100,0.38973750367913323,29.059224853640956,noinfo
state_dependence,theta0.65_kappa0.1,9,100,0.7392779370937862,31.818314577391003,noinfo
fixed_duration,theta0.15_kappa0.002,0,100,-3.1744445545564393,31.776164434294877,full_information
fixed_duration,theta0.15_kappa0.002,1,100,-2.3495224238905683,30.413937726232103,full_information
fixed_duration,theta0.15_kappa0.002,2,100,-3.4941492155727878,27.455669656377303,full_information
fixed_duration,theta0.15_kappa0.002,3,100,-2.5689905021859478,36.679111115082733,full_information
fixed_duration,theta0.15_kappa0.002,4,100,-1.6176644338973154,33.634104180614024,full_information
fixed_duration,theta0.15_kappa0.002,5,100,-2.4704938734370243,36.429190188134484,full_information
fixed_duration,theta0.15_kappa0.002,6,100,-2.4019113681541233,30.259691427857465,full_information
fixed_duration,theta0.15_kappa0.002,7,100,-1.5739168445870524,33.559673608129486,full_information
fixed_duration,theta0.15_kappa0.002,8,100,-2.2266442930106383,27.877023812584174,full_information
fixed_duration,theta0.15_kappa0.002,9,100,-1.5334118911591781,25.454210166034684,full_information
fixed_duration,theta0.15_kappa0.02,0,100,-1.9865377941483635,22.965094748976014,full_information
fixed_duration,theta0.15_kappa0.02,1,100,-1.023062906756055,25.727632948691049,full_information
fixed_duration,theta0.15_kappa0.02,2,100,-1.5273465365454468,26.240587298486872,full_information
fixed_duration,theta0.15_kappa0.02,3,100,-1.1002603939535049,24.914116528279571,full_information
fixed_duration,theta0.15_kappa0.02,4,100,-2.24545673955727,23.452864847819889,full_information
fixed_duration,theta0.15_kappa0.02,5,100,-0.96896492407883006,30.368045363878284,full_information
fixed_duration,theta0.15_kappa0.02,6,100,-2.0806045846710353,25.833664801408613,full_information
fixed_duration,theta0.15_kappa0.02,7,100,-1.9624737597438053,25.211096093799668,full_information
fixed_duration,theta0.15_kappa0.02,8,100,-2.0096857855534314,24.392020613892623,full_information
fixed_duration,theta0.15_kappa0.02,9,100,-1.5893452740937186,31.551628288620293,full_information
fixed_duration,theta0.15_kappa0.1,0,100,-2.0178968182674559,30.067579563302445,full_information
fixed_duration,theta0.15_kappa0.1,1,100,-1.8369683815193916,22.877869289979536,full_information
fixed_duration,theta0.15_kappa0.1,2,100,-1.3070206689058848,26.268074712995137,full_information
fixed_duration,theta0.15_kappa0.1,3,100,-0.92100312550609698,24.659808715723745,full_information
fixed_duration,theta0.15_kappa0.1,4,100,-2.5910415983537711,25.621177087193328,full_information
fixed_duration,theta0.15_kappa0.1,5,100,-1.4785934167770629,26.494233152995434,full_information
fixed_duration,theta0.15_kappa0.1,6,100,-1.8079836370404572,28.208800200847381,full_information
fixed_duration,theta0.15_kappa0.1,7,100,-1.5925532664307942,24.057281942772001,full_information
fixed_duration,theta0.15_kappa0.1,8,100,-2.3362913357682018,23.736333225406469,full_information
fixed_duration,theta0.15_kappa0.1,9,100,-1.8069658752250926,24.70062693870965,full_information
fixed_duration,theta0.35_kappa0.002,0,100,-8.8835585784755011,42.584734963054075,full_information
fixed_duration,theta0.35_kappa0.002,1,100,-8.1096140006470119,76.887538100847252,full_information
fixed_duration,theta0.35_kappa0.002,2,100,-9.1239614786533636,59.715160603737026,full_information
fixed_duration,theta0.35_kappa0.002,3,100,-9.0683967957814176,44.395695865596714,full_information
fixed_duration,theta0.35_kappa0.002,4,100,-7.7682485057200337,52.409074847823717,full_information
fixed_duration,theta0.35_kappa0.002,5,100,-8.161173930986827,39.03652098157756,full_information
fixed_duration,theta0.35_kappa0.002,6,100,-7.845976920629262,57.030387982957855,full_information
fixed_duration,theta0.35_kappa0.002,7,100,-7.587376936138746,38.010820121852021,full_information
fixed_duration,theta0.35_kappa0.002,8,100,-7.3047708601043473,45.449330360625282,full_information
fixed_duration,theta0.35_kappa0.002,9,100,-9.256782552498926,50.817881363871741,full_information
fixed_duration,theta0.35_kappa0.02,0,100,-5.178181011860894,35.722059665222275,full_information
fixed_duration,theta0.35_kappa0.02,1,100,-4.5452696987193617,26.511297143353282,full_information
fixed_duration,theta0.35_kappa0.02,2,100,-5.577074437048295,24.595209585115878,full_information
fixed_duration,theta0.35_kappa0.02,3,100,-5.00844408933055,24.840585883868684,full_information
fixed_duration,theta0.35_kappa0.02,4,100,-5.1563195912256381,28.752874638817655,full_information
fixed_duration,theta0.35_kappa0.02,5,100,-5.0826188231950624,29.889353269963156,full_information
fixed_duration,theta0.35_kappa0.02,6,100,-4.1696440538358495,23.158493353635325,full_information
fixed_duration,theta0.35_kappa0.02,7,100,-4.2528533028818281,27.756014414960703,full_information
fixed_duration,theta0.35_kappa0.02,8,100,-5.5478042374897791,31.037100495475929,full_information
fixed_duration,theta0.35_kappa0.02,9,100,-5.338992003401116,30.859635249477254,full_information
fixed_duration,theta0.35_kappa0.1,0,100,-6.1090353972029821,44.971691139654205,full_information
fixed_duration,theta0.35_kappa0.1,1,100,-4.490385872301756,30.694943892567824,full_information
fixed_duration,theta0.35_kappa0.1,2,100,-4.9943813139194937,30.88195352760167,full_information
fixed_duration,theta0.35_kappa0.1,3,100,-4.3549455541447664,26.68164295985742,full_information
fixed_duration,theta0.35_kappa0.1,4,100,-4.8229450174947468,27.635435028891507,full_information
fixed_duration,theta0.35_kappa0.1,5,100,-4.5799188699309976,24.610714563244684,full_information
fixed_duration,theta0.35_kappa0.1,6,100,-5.1567496882907333,27.799718346104378,full_information
fixed_duration,theta0.35_kappa0.1,7,100,-5.1809371965134527,33.682614523017783,full_information
fixed_duration,theta0.35_kappa0.1,8,100,-4.8451160180810202,39.683194370815244,full_information
fixed_duration,theta0.35_kappa0.1,9,100,-5.5893770015186064,27.458445313255687,full_information
fixed_duration,theta0.65_kappa0.002,0,100,-11.136530608377184,45.398203549936966,full_information
fixed_duration,theta0.65_kappa0.002,1,100,-11.884264477032056,58.656133130774826,full_information
fixed_duration,theta0.65_kappa0.002,2,100,-11.517589316604926,63.311156362224864,full_information
fixed_duration,theta0.65_kappa0.002,3,100,-11.043226738749826,50.199647886341914,full_information
fixed_duration,theta0.65_kappa0.002,4,100,-12.328614014672032,47.955544715134181,full_information
fixed_duration,theta0.65_kappa0.002,5,100,-11.475624151862243,55.275662500669185,full_information
fixed_duration,theta0.65_kappa0.002,6,100,-10.472559865643586,39.627568328573375,full_information
fixed_duration,theta0.65_kappa0.002,7,100,-9.4900923521549672,39.920458811943384,full_information
fixed_duration,theta0.65_kappa0.002,8,100,-10.701467249880384,60.778231877730761,full_information
fixed_duration,theta0.65_kappa0.002,9,100,-9.6519163463358346,49.019297471795397,full_information
fixed_duration,theta0.65_kappa0.02,0,100,-5.8738452885512489,28.287521194460425,full_information
fixed_duration,theta0.65_kappa0.02,1,100,-5.7314579309364024,28.937767975817049,full_information
fixed_duration,theta0.65_kappa0.02,2,100,-6.2134661655024761,27.598028692018502,full_information
fixed_duration,theta0.65_kappa0.02,3,100,-5.7214571362355606,28.22319957018464,full_information
fixed_duration,theta0.65_kappa0.02,4,100,-6.6660258606615503,28.300460244810669,full_information
fixed_duration,theta0.65_kappa0.02,5,100,-6.1189630066963421,24.043893204957492,full_information
fixed_duration,theta0.65_kappa0.02,6,100,-6.8942741519432422,26.846174047638968,full_information
fixed_duration,theta0.65_kappa0.02,7,100,-7.4626030133242987,33.44078338230122,full_information
fixed_duration,theta0.65_kappa0.02,8,100,-5.6649003612663238,26.798162781245157,full_information
fixed_duration,theta0.65_kappa0.02,9,100,-5.9291328341757374,21.075797202624507,full_information
fixed_duration,theta0.65_kappa0.1,0,100,-7.0555000591158183,31.826986609595913,full_information
fixed_duration,theta0.65_kappa0.1,1,100,-7.7995290235067714,45.451362619159198,full_information
fixed_duration,theta0.65_kappa0.1,2,100,-6.6120078155910251,31.483760136375775,full_information
fixed_duration,theta0.65_kappa0.1,3,100,-7.680832790951821,38.972024678511389,full_information
fixed_duration,theta0.65_kappa0.1,4,100,-7.3973433651556606,31.17730339755952,full_information
fixed_duration,theta0.65_kappa0.1,5,100,-8.112254629887051,32.366592574038997,full_information
fixed_duration,theta0.65_kappa0.1,6,100,-7.1537567905680648,30.821337777304418,full_information
fixed_duration,theta0.65_kappa0.1,7,100,-8.5617203209514816,31.404283261234308,full_information
fixed_duration,theta0.65_kappa0.1,8,100,-6.4840612984917128,28.85051385903952,full_information
fixed_duration,theta0.65_kappa0.1,9,100,-7.3820729959780769,26.50642047809233,full_information
nominal,theta0.15_kappa0.002,0,100,-0.95492455494976058,13.258398099998228,full_information
nominal,theta0.15_kappa0.002,1,100,-0.17744357975747596,18.610475852845347,full_information
nominal,theta0.15_kappa0.002,2,100,-0.88300972470849193,14.481680462003915,full_information
nominal,theta0.15_kappa0.002,3,100,-0.69020412124572106,14.178548382436919,full_information
nominal,theta0.15_kappa0.002,4,100,-0.3594861913707289,11.077929481681309,full_information
nominal,theta0.15_kappa0.002,5,100,-0.16958283222043072,8.780836757790583,full_information
nominal,theta0.15_kappa0.002,6,100,-0.38130907211262088,9.6232261322514674,full_information
nominal,theta0.15_kappa0.002,7,100,-0.85811884628788648,16.552777574170747,full_information
nominal,theta0.15_kappa0.002,8,100,-0.78039671877824335,13.379043806203226,full_information
nominal,theta0.15_kappa0.002,9,100,-0.61527276104271711,13.290153573572381,full_information
nominal,theta0.15_kappa0.02,0,100,-0.93330124378402868,17.13463095389568,full_information
nominal,theta0.15_kappa0.02,1,100,-0.95595704644393398,18.750770692130445,full_information
nominal,theta0.15_kappa0.02,2,100,-0.78885654226031687,23.669805954389489,full_information
nominal,theta0.15_kappa0.02,3,100,-0.95394874417205211,17.192038670870531,full_information
nominal,theta0.15_kappa0.02,4,100,-1.3341529141099264,26.756550050301254,full_information
nominal,theta0.15_kappa0.02,5,100,-1.5693766235949909,23.762143232322767,full_information
nominal,theta0.15_kappa0.02,6,100,-0.62637232274361354,24.443571672656674,full_information
nominal,theta0.15_kappa0.02,7,100,-1.3484593759424046,18.661688667290125,full_information
nominal,theta0.15_kappa0.02,8,100,-0.9041667488873667,25.332846842860988,full_information
nominal,theta0.15_kappa0.02,9,100,-0.80413510608878613,21.806969922571486,full_information
nominal,theta0.15_kappa0.1,0,100,-1.6109094055364079,26.078294707485366,full_information
nominal,theta0.15_kappa0.1,1,100,-2.5855187005918445,22.149503762088241,full_information
nominal,theta0.15_kappa0.1,2,100,-1.8028232909025255,27.545454869935057,full_information
nominal,theta0.15_kappa0.1,3,100,-1.2671013899296553,26.040750832601748,full_information
nominal,theta0.15_kappa0.1,4,100,-1.331701361996104,23.213546354645466,full_information
nominal,theta0.15_kappa0.1,5,100,-1.6540579600136616,20.376601649955997,full_information
nominal,theta0.15_kappa0.1,6,100,-1.6305138116293107,24.670430555584488,full_information
nominal,theta0.15_kappa0.1,7,100,-1.3780854903344442,22.085167954680852,full_information
nominal,theta0.15_kappa0.1,8,100,-1.9953501612383122,25.450828770420188,full_information
nominal,theta0.15_kappa0.1,9,100,-2.2192005535585198,28.439780950477772,full_information
nominal,theta0.35_kappa0.002,0,100,-2.5129771377817076,17.011958930476347,full_information
nominal,theta0.35_kappa0.002,1,100,-2.6194300312965493,19.643711084243218,full_information
nominal,theta0.35_kappa0.002,2,100,-1.2836168143431137,10.493240084647873,full_information
nominal,theta0.35_kappa0.002,3,100,-2.4721847494068441,19.539295296101727,full_information
nominal,theta0.35_kappa0.002,4,100,-1.4896427588901151,11.478279463916778,full_information
nominal,theta0.35_kappa0.002,5,100,-2.0364675652850779,8.7654458418619718,full_information
nominal,theta0.35_kappa0.002,6,100,-1.2115205434213825,13.841723925155993,full_information
nominal,theta0.35_kappa0.002,7,100,-1.8538658640152428,12.011398953110946,full_information
nominal,theta0.35_kappa0.002,8,100,-2.1099518121184211,16.078341066267161,full_information
nominal,theta0.35_kappa0.002,9,100,-1.7041291394926252,11.313724436208885,full_information
nominal,theta0.35_kappa0.02,0,100,-4.8366866700440507,33.183371925271615,full_information
nominal,theta0.35_kappa0.02,1,100,-4.105165852107497,20.746843886641905,full_information
nominal,theta0.35_kappa0.02,2,100,-4.2467219041529924,26.699904866888286,full_information
nominal,theta0.35_kappa0.02,3,100,-4.8107195309195934,29.326926485489615,full_information
nominal,theta0.35_kappa0.02,4,100,-4.3460984126294733,39.755717649467229,full_information
nominal,theta0.35_kappa0.02,5,100,-4.6453779238838813,23.393809644267026,full_information
nominal,theta0.35_kappa0.02,6,100,-4.8632233033446042,42.251571427472435,full_information
nominal,theta0.35_kappa0.02,7,100,-3.2077324244369265,25.41822413649265,full_information
nominal,theta0.35_kappa0.02,8,100,-4.416905761053024,34.392516884863916,full_information
nominal,theta0.35_kappa0.02,9,100,-4.2119926905628384,29.173017795478117,full_information
nominal,theta0.35_kappa0.1,0,100,-6.9100720076797231,34.927031895126447,full_information
nominal,theta0.35_kappa0.1,1,100,-6.4010499513744348,38.103145783179308,full_information
nominal,theta0.35_kappa0.1,2,100,-6.8794876307900168,39.018446302272537,full_information
nominal,theta0.35_kappa0.1,3,100,-7.3027216131842696,34.893816281705753,full_information
nominal,theta0.35_kappa0.1,4,100,-7.2309803866482287,38.750310786138144,full_information
nominal,theta0.35_kappa0.1,5,100,-7.8184131485980615,39.099907041885182,full_information
nominal,theta0.35_kappa0.1,6,100,-6.8481170705203454,28.92468199648464,full_information
nominal,theta0.35_kappa0.1,7,100,-6.7506481374694625,29.037353859737859,full_information
nominal,theta0.35_kappa0.1,8,100,-6.5292017701622278,30.699828605424511,full_information
nominal,theta0.35_kappa0.1,9,100,-6.2749080234615064,40.037070456703852,full_information
nominal,theta0.65_kappa0.002,0,100,-1.7308234095571959,9.2670082602530908,full_information
nominal,theta0.65_kappa0.002,1,100,-1.9738736708687585,10.648922612798639,full_information
nominal,theta0.65_kappa0.002,2,100,-2.7472628837817439,20.71572213459552,full_information
nominal,theta0.65_kappa0.002,3,100,-1.8064331061198959,9.9540358237350333,full_information
nominal,theta0.65_kappa0.002,4,100,-2.2753280689739785,11.98058669512425,full_information
nominal,theta0.65_kappa0.002,5,100,-2.1194890725070512,8.9095699882955568,full_information
nominal,theta0.65_kappa0.002,6,100,-2.1454885359667299,10.188218879502065,full_information
nominal,theta0.65_kappa0.002,7,100,-1.1698828844185336,4.8805697347408943,full_information
nominal,theta0.65_kappa0.002,8,100,-2.2624503100911477,12.655628369542693,full_information
nominal,theta0.65_kappa0.002,9,100,-2.1550438632817746,14.30351965971407,full_information
nominal,theta0.65_kappa0.02,0,100,-5.0835927035108455,29.231627329432872,full_information
nominal,theta0.65_kappa0.02,1,100,-6.3013822513077491,26.519850091514812,full_information
nominal,theta0.65_kappa0.02,2,100,-6.3410081520197732,20.771098773098092,full_information
nominal,theta0.65_kappa0.02,3,100,-5.6969037136546117,24.410458022063633,full_information
nominal,theta0.65_kappa0.02,4,100,-5.3985294744493535,27.586964956188339,full_information
nominal,theta0.65_kappa0.02,5,100,-5.6942261448608074,33.946116449273148,full_information
nominal,theta0.65_kappa0.02,6,100,-5.9101885805181409,22.299101136381253,full_information
nominal,theta0.65_kappa0.02,7,100,-5.0087890727472333,22.201275729216253,full_information
nominal,theta0.65_kappa0.02,8,100,-5.8350754628244115,24.575246975691837,full_information
nominal,theta0.65_kappa0.02,9,100,-5.4450506938599164,25.793957323608158,full_information
nominal,theta0.65_kappa0.1,0,100,-13.120019694764121,34.23929793778462,full_information
nominal,theta0.65_kappa0.1,1,100,-10.791789234455161,35.408102138826095,full_information
nominal,theta0.65_kappa0.1,2,100,-11.133402719219031,30.012905541064235,full_information
nominal,theta0.65_kappa0.1,3,100,-11.718560845677043,54.034361941493032,full_information
nominal,theta0.65_kappa0.1,4,100,-11.488158964528758,41.292875414228618,full_information
nominal,theta0.65_kappa0.1,5,100,-12.180862820848525,41.202552726840537,full_information
nominal,theta0.65_kappa0.1,6,100,-11.902127497385397,32.628952750965624,full_information
nominal,theta0.65_kappa0.1,7,100,-12.03586648935987,35.894776769994074,full_information
nominal,theta0.65_kappa0.1,8,100,-12.153511915977456,45.542211570823383,full_information
nominal,theta0.65_kappa0.1,9,100,-11.722550787947533,32.066775593326447,full_information
state_dependence,theta0.15_kappa0.002,0,100,-0.98848857892211073,14.073810690733744,full_information
state_dependence,theta0.15_kappa0.002,1,100,-0.45371115279972551,14.556496807266939,full_information
state_dependence,theta0.15_kappa0.002,2,100,-0.51449225558517697,17.588163979768545,full_information
state_dependence,theta0.15_kappa0.002,3,100,-0.6019235359610221,14.986128425051724,full_information
state_dependence,theta0.15_kappa0.002,4,100,-0.5935723275913769,17.809856754107578,full_information
state_dependence,theta0.15_kappa0.002,5,100,-0.6946821011102311,16.919448652452697,full_information
state_dependence,theta0.15_kappa0.002,6,100,-0.78093425657073889,14.499857748142302,full_information
state_dependence,theta0.15_kappa0.002,7,100,-0.68384841624963821,16.388259405130711,full_information
state_dependence,theta0.15_kappa0.002,8,100,-0.84414887838099462,16.879498497273815,full_information
state_dependence,theta0.15_kappa0.002,9,100,-0.81038006070973756,13.665023232518088,full_information
state_dependence,theta0.15_kappa0.02,0,100,-0.74995708582805376,21.936782092284307,full_information
state_dependence,theta0.15_kappa0.02,1,100,-1.6234948061795558,24.763148077393275,full_information
state_dependence,theta0.15_kappa0.02,2,100,-1.3268414809670375,20.753061258098679,full_information
state_dependence,theta0.15_kappa0.02,3,100,-1.7041307717782104,24.771864211493298,full_information
state_dependence,theta0.15_kappa0.02,4,100,-0.94509421771846136,28.006878440364183,full_information
state_dependence,theta0.15_kappa0.02,5,100,-1.8820474688167044,25.209129139802325,full_information
state_dependence,theta0.15_kappa0.02,6,100,-0.92961602633952967,16.597756940006033,full_information
state_dependence,theta0.15_kappa0.02,7,100,-1.717368985142582,19.8892069536234,full_information
state_dependence,theta0.15_kappa0.02,8,100,-2.1629757556200646,17.963696685032144,full_information
state_dependence,theta0.15_kappa0.02,9,100,-1.2451158397335331,17.058211468214942,full_information
state_dependence,theta0.15_kappa0.1,0,100,-1.4058197706780877,25.959409300512988,full_information
state_dependence,theta0.15_kappa0.1,1,100,-0.90767450696438556,31.052027257318375,full_information
state_dependence,theta0.15_kappa0.1,2,100,-2.1006642080875952,28.710400929829166,full_information
state_dependence,theta0.15_kappa0.1,3,100,-1.6204274535396364,18.018802551238512,full_information
state_dependence,theta0.15_kappa0.1,4,100,-0.7177486234251268,23.638555013679515,full_information
state_dependence,theta0.15_kappa0.1,5,100,-0.79871165049224568,21.326929893459248,full_information
state_dependence,theta0.15_kappa0.1,6,100,-1.9519824332935787,21.009820656317416,full_information
state_dependence,theta0.15_kappa0.1,7,100,-1.0795332786364282,28.470508358497536,full_information
state_dependence,theta0.15_kappa0.1,8,100,-2.2843735884378726,22.819490114516988,full_information
state_dependence,theta0.15_kappa0.1,9,100,-1.7447540821685272,27.003506892934805,full_information
state_dependence,theta0.35_kappa0.002,0,100,-1.7327582806716515,14.144462261851798,full_information
state_dependence,theta0.35_kappa0.002,1,100,-2.5929977702532625,13.210634562731906,full_information
state_dependence,theta0.35_kappa0.002,2,100,-2.0445335032034571,10.773688433120752,full_information
state_dependence,theta0.35_kappa0.002,3,100,-1.7984034710002437,11.025332664866914,full_information
state_dependence,theta0.35_kappa0.002,4,100,-2.1546227890022993,12.112941972113981,full_information
state_dependence,theta0.35_kappa0.002,5,100,-1.490094793341745,14.392616004592373,full_information
state_dependence,theta0.35_kappa0.002,6,100,-1.1087480712064997,20.65819656467221,full_information
state_dependence,theta0.35_kappa0.002,7,100,-1.3648291725871109,10.401831807226216,full_information
state_dependence,theta0.35_kappa0.002,8,100,-1.6814987658750788,13.965910507235716,full_information
state_dependence,theta0.35_kappa0.002,9,100,-2.3814807830983953,16.515522222865062,full_information
state_dependence,theta0.35_kappa0.02,0,100,-4.8648576538819706,27.023251509490539,full_information
state_dependence,theta0.35_kappa0.02,1,100,-4.8783286006457862,23.517400717073414,full_information
state_dependence,theta0.35_kappa0.02,2,100,-3.9374655387315953,31.282088072811753,full_information
state_dependence,theta0.35_kappa0.02,3,100,-4.5584417834608617,24.289842337011144,full_information
state_dependence,theta0.35_kappa0.02,4,100,-4.1812064523817307,26.46323168023109,full_information
state_dependence,theta0.35_kappa0.02,5,100,-3.7666063324206016,26.670363697745849,full_information
state_dependence,theta0.35_kappa0.02,6,100,-4.2696841189343333,27.558401181060979,full_information
state_dependence,theta0.35_kappa0.02,7,100,-4.6682213205328882,29.981918233858163,full_information
state_dependence,theta0.35_kappa0.02,8,100,-4.563646630120143,25.897537487287462,full_information
state_dependence,theta0.35_kappa0.02,9,100,-4.4793880077057375,29.788110328151056,full_information
state_dependence,theta0.35_kappa0.1,0,100,-6.9763051920915338,36.045041348255978,full_information
state_dependence,theta0.35_kappa0.1,1,100,-6.9258397234828415,24.127807932847709,full_information
state_dependence,theta0.35_kappa0.1,2,100,-6.9677081448760667,31.299854800792936,full_information
state_dependence,theta0.35_kappa0.1,3,100,-5.8643552452944867,28.337207747382983,full_information
state_dependence,theta0.35_kappa0.1,4,100,-7.0137461434927184,37.014544793123164,full_information
state_dependence,theta0.35_kappa0.1,5,100,-6.5953462178031774,31.430132126340531,full_information
state_dependence,theta0.35_kappa0.1,6,100,-7.1028507182534124,29.843069737044384,full_information
state_dependence,theta0.35_kappa0.1,7,100,-5.9972097271355631,36.380695855361338,full_information
state_dependence,theta0.35_kappa0.1,8,100,-5.4246266125099512,25.243122713598869,full_information
state_dependence,theta0.35_kappa0.1,9,100,-6.9943989021306505,38.99202189829758,full_information
state_dependence,theta0.65_kappa0.002,0,100,-2.3267997045964308,8.7518554960728565,full_information
state_dependence,theta0.65_kappa0.002,1,100,-2.205715602860419,15.869161931490924,full_information
state_dependence,theta0.65_kappa0.002,2,100,-2.1208761949914452,10.888212257967885,full_information
state_dependence,theta0.65_kappa0.002,3,100,-1.8062579188790002,7.7869674073235764,full_information
state_dependence,theta0.65_kappa0.002,4,100,-2.0484212363349612,13.740115065537676,full_information
state_dependence,theta0.65_kappa0.002,5,100,-1.7006029037064332,8.800536124124033,full_information
state_dependence,theta0.65_kappa0.002,6,100,-3.047345178570052,15.027706664344972,full_information
state_dependence,theta0.65_kappa0.002,7,100,-2.3345847578809722,10.711692505003045,full_information
state_dependence,theta0.65_kappa0.002,8,100,-1.7632523985178359,8.4475946519443141,full_information
state_dependence,theta0.65_kappa0.002,9,100,-2.1673156035122529,10.125425773506711,full_information
state_dependence,theta0.65_kappa0.02,0,100,-5.0336873604244712,41.020960050164618,full_information
state_dependence,theta0.65_kappa0.02,1,100,-6.5986893664742627,22.707021874911284,full_information
state_dependence,theta0.65_kappa0.02,2,100,-4.9791291710497969,22.484129291232268,full_information
state_dependence,theta0.65_kappa0.02,3,100,-5.9644816095918749,26.234374570513989,full_information
state_dependence,theta0.65_kappa0.02,4,100,-6.1412525057166567,26.491933225596789,full_information
state_dependence,theta0.65_kappa0.02,5,100,-5.8488323827137751,24.180020075513298,full_information
state_dependence,theta0.65_kappa0.02,6,100,-6.1722840577218383,27.744829342263174,full_information
state_dependence,theta0.65_kappa0.02,7,100,-6.9052309858793617,26.187338727782141,full_information
state_dependence,theta0.65_kappa0.02,8,100,-6.8550152196042884,24.834813147114435,full_information
state_dependence,theta0.65_kappa0.02,9,100,-6.7352728896920562,25.024552768468613,full_information
state_dependence,theta0.65_kappa0.1,0,100,-12.375633035547798,41.148246317837788,full_information
state_dependence,theta0.65_kappa0.1,1,100,-11.66132709403244,30.594914538236921,full_information
state_dependence,theta0.65_kappa0.1,2,100,-11.158310037648567,39.360331602514108,full_information
state_dependence,theta0.65_kappa0.1,3,100,-11.997614108505532,39.535662676857278,full_information
state_dependence,theta0.65_kappa0.1,4,100,-12.153262490520005,43.412462649652497,full_information
state_dependence,theta0.65_kappa0.1,5,100,-11.290821245433122,40.904082187721428,full_information
state_dependence,theta0.65_kappa0.1,6,100,-11.543570263336051,42.275723989782264,full_information
state_dependence,theta0.65_kappa0.1,7,100,-11.793917620444631,35.839292208896353,full_information
state_dependence,theta0.65_kappa0.1,8,100,-12.064581457305652,43.975927274288303,full_information
state_dependence,theta0.65_kappa0.1,9,100,-11.817313514361524,41.642495497511618,full_information
