pilot	field	dtype	shape	original_sha256	regenerated_sha256	differing	max_abs	max_ulp	passed
00_00	price	float64	100x301	2488823e693748dbd59dbdfeb497f6972522b38a118ed30efa807ccc804afa6f	2488823e693748dbd59dbdfeb497f6972522b38a118ed30efa807ccc804afa6f	0	0.0	0	True
00_00	signal	int8	100x301	946592b80cb79c6994f646bc73cb2fc66484e2f49f36af2de25747002bac2396	946592b80cb79c6994f646bc73cb2fc66484e2f49f36af2de25747002bac2396	0			True
00_00	cash	float64	100x301	ce118f1bbf32dd6902768fe3da5e5759d79e348921aa97c258e88a55fb549b17	ce118f1bbf32dd6902768fe3da5e5759d79e348921aa97c258e88a55fb549b17	0	0.0	0	True
00_00	inventory	int16	100x301	e3b1d0c04f3d3892205e85f61541209bf49a370b52575ede43288769b1ad4dfd	e3b1d0c04f3d3892205e85f61541209bf49a370b52575ede43288769b1ad4dfd	0			True
00_00	actions	int8	100x300	94be30c2ed2fced1a2885262a0cbd729c76601d9d4b9f4402e7a10e9545f3c83	94be30c2ed2fced1a2885262a0cbd729c76601d9d4b9f4402e7a10e9545f3c83	0			True
00_00	action_probability	float64	100x300	78d2f60fa0b5912c03af136f5e69020d84a142270fa89996551aeb33184708e8	78d2f60fa0b5912c03af136f5e69020d84a142270fa89996551aeb33184708e8	0	0.0	0	True
00_00	return_	float64	100x300	b599d1ee355294bf63f444380f7129f8767cb83a12c2c64cf54123259c4dd368	b599d1ee355294bf63f444380f7129f8767cb83a12c2c64cf54123259c4dd368	0	0.0	0	True
00_00	submitted	bool	100x300x2	7c92a8d12d03ef5e957c08f6a7ac3c724a199c35e2a4f4510906100ecd8e6bfc	7c92a8d12d03ef5e957c08f6a7ac3c724a199c35e2a4f4510906100ecd8e6bfc	0			True
00_00	fills	int8	100x300x2	914207b8a742ebc6df79fbf961bd760db0d58370cb9dc4420ad5d1e210785fb0	914207b8a742ebc6df79fbf961bd760db0d58370cb9dc4420ad5d1e210785fb0	0			True
00_00	execution_prices	float64	100x300x2	900a112ea03421162c1a52d7d5479a229460fa1511ba020d43268c02ff11f0e1	900a112ea03421162c1a52d7d5479a229460fa1511ba020d43268c02ff11f0e1	0	0.0	0	True
00_00	executed_quantities	int8	100x300x2	768051aee85c365263e5db34e7429713c7bccf4d86529a227c65580cc139586d	768051aee85c365263e5db34e7429713c7bccf4d86529a227c65580cc139586d	0			True
00_00	fees	float64	100x300	2ae06dfaeebc3ff871fc3bc1d194ff5bfb51279928690fcd95cafafa18409bfc	2ae06dfaeebc3ff871fc3bc1d194ff5bfb51279928690fcd95cafafa18409bfc	0	0.0	0	True
00_01	price	float64	100x301	2d4021819ae207a9df19695f975205b975cc138945df0f0c1a8a1532abc4f825	2d4021819ae207a9df19695f975205b975cc138945df0f0c1a8a1532abc4f825	0	0.0	0	True
00_01	signal	int8	100x301	5358905b1fb3d0c49cc659dcd4d1566e94320131cd345ab01b47e451e034c613	5358905b1fb3d0c49cc659dcd4d1566e94320131cd345ab01b47e451e034c613	0			True
00_01	cash	float64	100x301	fe6885f65f7765f012fdcb5e930df3286eaa316fb215982a3323885e4f0c6602	fe6885f65f7765f012fdcb5e930df3286eaa316fb215982a3323885e4f0c6602	0	0.0	0	True
00_01	inventory	int16	100x301	e44f156ab6f1ce646f5a3955b7252022381b6d983efbd3b9bd9868388820fc1f	e44f156ab6f1ce646f5a3955b7252022381b6d983efbd3b9bd9868388820fc1f	0			True
00_01	actions	int8	100x300	f785001a583ae1f494cbc773151fd7caac4aacb3509dc3b1156c6850f567875c	f785001a583ae1f494cbc773151fd7caac4aacb3509dc3b1156c6850f567875c	0			True
00_01	action_probability	float64	100x300	550854b45ec54ae46ec5f22ba48ed34964df37ff319e676b11f65965825f206e	550854b45ec54ae46ec5f22ba48ed34964df37ff319e676b11f65965825f206e	0	0.0	0	True
00_01	return_	float64	100x300	a64d8c554442b3424d86e6027131ca172d7ca6cacba5552252776181293878c3	a64d8c554442b3424d86e6027131ca172d7ca6cacba5552252776181293878c3	0	0.0	0	True
00_01	submitted	bool	100x300x2	116752a6cd1c9d5f3a4883b1cd8b0ea623926c00b5b544f8caa7597ad22baf35	116752a6cd1c9d5f3a4883b1cd8b0ea623926c00b5b544f8caa7597ad22baf35	0			True
00_01	fills	int8	100x300x2	8de94a5b7352848855247df9be1365f5b0bda23053902d6e820c73837fc07f1a	8de94a5b7352848855247df9be1365f5b0bda23053902d6e820c73837fc07f1a	0			True
00_01	execution_prices	float64	100x300x2	cf58bdc910eaa86805598a9e8c64f4ae75dac1df75a043ba5c7a7a9266ed4db8	cf58bdc910eaa86805598a9e8c64f4ae75dac1df75a043ba5c7a7a9266ed4db8	0	0.0	0	True
00_01	executed_quantities	int8	100x300x2	aeac02eb39686fdd6b873a68953f5d151490ad0a72577640113df6337c2a1d64	aeac02eb39686fdd6b873a68953f5d151490ad0a72577640113df6337c2a1d64	0			True
00_01	fees	float64	100x300	f2db88c9f3563a0d4895480e47a4f7b66817a353520ce9f53c3796b9e35772ad	f2db88c9f3563a0d4895480e47a4f7b66817a353520ce9f53c3796b9e35772ad	0	0.0	0	True
00_02	price	float64	100x301	c1586ce416a7e2e74d3fa993dbfa281a8221a03c4b728f403aa4cb0e777d96ae	c1586ce416a7e2e74d3fa993dbfa281a8221a03c4b728f403aa4cb0e777d96ae	0	0.0	0	True
00_02	signal	int8	100x301	16a09ff0cfb53f3ac6ff0e1f09ef187efe440b7f664a5fe40dfb50e5175f1495	16a09ff0cfb53f3ac6ff0e1f09ef187efe440b7f664a5fe40dfb50e5175f1495	0			True
00_02	cash	float64	100x301	0b4980fd706550dc1495087feeb8340a8da67a28c30f860411616db905c7b1c5	0b4980fd706550dc1495087feeb8340a8da67a28c30f860411616db905c7b1c5	0	0.0	0	True
00_02	inventory	int16	100x301	dd4ea6a32f4b71276f11fb5ca51b6bd5e521327ada799ec6646b1eb6768d5d90	dd4ea6a32f4b71276f11fb5ca51b6bd5e521327ada799ec6646b1eb6768d5d90	0			True
00_02	actions	int8	100x300	686347bb424c18a2da0893d1d9dcdd645de6bcaaed6fcb5472f57625890dec21	686347bb424c18a2da0893d1d9dcdd645de6bcaaed6fcb5472f57625890dec21	0			True
00_02	action_probability	float64	100x300	8d1af4f9a014cf2cdcf014559ef809af242f35062f6e5b64107193a3282c1d01	8d1af4f9a014cf2cdcf014559ef809af242f35062f6e5b64107193a3282c1d01	0	0.0	0	True
00_02	return_	float64	100x300	7e2c6816a1a74f553770b55f84711190d2ed70c9d9f947a6bb4e5b5494dbf5a6	7e2c6816a1a74f553770b55f84711190d2ed70c9d9f947a6bb4e5b5494dbf5a6	0	0.0	0	True
00_02	submitted	bool	100x300x2	bad186eda4e7e8e0c623f53a3da654fe538c53e13f80c30ffadd182a09124012	bad186eda4e7e8e0c623f53a3da654fe538c53e13f80c30ffadd182a09124012	0			True
00_02	fills	int8	100x300x2	e01739f6d00cff3cf2bd2e46c773b34fe9c9e1eba1ede9a7f7653a9c8c4b5c79	e01739f6d00cff3cf2bd2e46c773b34fe9c9e1eba1ede9a7f7653a9c8c4b5c79	0			True
00_02	execution_prices	float64	100x300x2	79fa6a602f632d684c2985bef694132f1650213fc5425edc65b22c7ae487e553	79fa6a602f632d684c2985bef694132f1650213fc5425edc65b22c7ae487e553	0	0.0	0	True
00_02	executed_quantities	int8	100x300x2	7a594c402f030cdecbdeb0f1f8f239656fa6509b5fbc4c93c80a31063add4243	7a594c402f030cdecbdeb0f1f8f239656fa6509b5fbc4c93c80a31063add4243	0			True
00_02	fees	float64	100x300	3adaa830341540098b9439acaaf1f870ca2479bc4d7ebf722fda3a7062b8a3a8	3adaa830341540098b9439acaaf1f870ca2479bc4d7ebf722fda3a7062b8a3a8	0	0.0	0	True
00_03	price	float64	100x301	c98eb04214911d2d2deb0eea1c0e1b04ba28d18f79bccba1c8e05321d676dd98	c98eb04214911d2d2deb0eea1c0e1b04ba28d18f79bccba1c8e05321d676dd98	0	0.0	0	True
00_03	signal	int8	100x301	85d91776fbd78280840c1ca95551da84796ea509e820735ca1fdfb79cca52ff0	85d91776fbd78280840c1ca95551da84796ea509e820735ca1fdfb79cca52ff0	0			True
00_03	cash	float64	100x301	a2b87260e5407e538852312d743a60ec6386c57ed6a31f9830f5555bf3717942	a2b87260e5407e538852312d743a60ec6386c57ed6a31f9830f5555bf3717942	0	0.0	0	True
00_03	inventory	int16	100x301	4bd421d89a6e91e1c5a5e553c8ed84386225daa4e08f0cad349e13f3cf52e49e	4bd421d89a6e91e1c5a5e553c8ed84386225daa4e08f0cad349e13f3cf52e49e	0			True
00_03	actions	int8	100x300	84df4e36765fb0a569fd1ce200b42bed56e365b92c55ad2c7011eb4b3d90bbee	84df4e36765fb0a569fd1ce200b42bed56e365b92c55ad2c7011eb4b3d90bbee	0			True
00_03	action_probability	float64	100x300	58e865f67076c274332cac969604c0bd2fc7e691812cdc9b1dafad778d215496	58e865f67076c274332cac969604c0bd2fc7e691812cdc9b1dafad778d215496	0	0.0	0	True
00_03	return_	float64	100x300	cd78382e21433d915f0ff6ca8c8eefdfedd35f9b0a075eae9292614ae4b68f72	cd78382e21433d915f0ff6ca8c8eefdfedd35f9b0a075eae9292614ae4b68f72	0	0.0	0	True
00_03	submitted	bool	100x300x2	6f8acda33b7aec6c8db6f90c3469584272c0813ee50129bacec3e040479c27b9	6f8acda33b7aec6c8db6f90c3469584272c0813ee50129bacec3e040479c27b9	0			True
00_03	fills	int8	100x300x2	d263769020e2ad4fd708e86f328d48c6f246ac607c2f658bb1c8a325f8af17e3	d263769020e2ad4fd708e86f328d48c6f246ac607c2f658bb1c8a325f8af17e3	0			True
00_03	execution_prices	float64	100x300x2	bb41b0930481131d47323900cb57b67888210af3add22092f4f7ed602a1dbd96	bb41b0930481131d47323900cb57b67888210af3add22092f4f7ed602a1dbd96	0	0.0	0	True
00_03	executed_quantities	int8	100x300x2	13849b30452967892c5fb9078ecab53100fdbdeba7fd082851b1983c6679bf26	13849b30452967892c5fb9078ecab53100fdbdeba7fd082851b1983c6679bf26	0			True
00_03	fees	float64	100x300	f83fe84b7c6e1bcd422ee13a21cb3465e498bcd94d6bc7ffacb97d5d32749da9	f83fe84b7c6e1bcd422ee13a21cb3465e498bcd94d6bc7ffacb97d5d32749da9	0	0.0	0	True
00_04	price	float64	100x301	b68d2beb4154f5cf4fa888288603e76ee1626f70de4c0baa897c30db46a439b9	b68d2beb4154f5cf4fa888288603e76ee1626f70de4c0baa897c30db46a439b9	0	0.0	0	True
00_04	signal	int8	100x301	5172574caf020f582395ae9bb88cc5955843b7830965d170c285f7c0c05e7d59	5172574caf020f582395ae9bb88cc5955843b7830965d170c285f7c0c05e7d59	0			True
00_04	cash	float64	100x301	56c69969aaef1447554e61a39dedd071b631efbf5ab338075364eedf69474105	56c69969aaef1447554e61a39dedd071b631efbf5ab338075364eedf69474105	0	0.0	0	True
00_04	inventory	int16	100x301	823f2cbe2e3615593c70aa08f1679e93b0429fc482e1cdd10f70b97883e7abb3	823f2cbe2e3615593c70aa08f1679e93b0429fc482e1cdd10f70b97883e7abb3	0			True
00_04	actions	int8	100x300	68b3c30a63defba9cf7871bb8fc6789271360ab6a6f36a569a3c30ed5bd9900a	68b3c30a63defba9cf7871bb8fc6789271360ab6a6f36a569a3c30ed5bd9900a	0			True
00_04	action_probability	float64	100x300	c049009601b5bf53405e097c13cfefa6cbcb194ef26185360248eb0fba0d9a3e	c049009601b5bf53405e097c13cfefa6cbcb194ef26185360248eb0fba0d9a3e	0	0.0	0	True
00_04	return_	float64	100x300	7f1c2d5e6110ac2e682edf47a1103eeaf50e2faa46861909506ab076d2ef7586	7f1c2d5e6110ac2e682edf47a1103eeaf50e2faa46861909506ab076d2ef7586	0	0.0	0	True
00_04	submitted	bool	100x300x2	5a5e732604dcdaa9490e77a4cf89e8e8dc097934a05c1da8c94eef342ff1c507	5a5e732604dcdaa9490e77a4cf89e8e8dc097934a05c1da8c94eef342ff1c507	0			True
00_04	fills	int8	100x300x2	c630ac33243719a23d8081f1ac89aa080e9bc4a24d1a2ebc6cdf9349d6b7f6a8	c630ac33243719a23d8081f1ac89aa080e9bc4a24d1a2ebc6cdf9349d6b7f6a8	0			True
00_04	execution_prices	float64	100x300x2	8b38e087522a1c777a74c708b1eac6e38496b280d73fb70b00b296fe884da890	8b38e087522a1c777a74c708b1eac6e38496b280d73fb70b00b296fe884da890	0	0.0	0	True
00_04	executed_quantities	int8	100x300x2	7076a2f3171ede2ed3d95c11b19f5f2176586693e2fa79a52ee1e8bdc7587379	7076a2f3171ede2ed3d95c11b19f5f2176586693e2fa79a52ee1e8bdc7587379	0			True
00_04	fees	float64	100x300	c8180cb39fd42c7dedf51589257c22ba82192a58109281ec1977c6eff0e0f805	c8180cb39fd42c7dedf51589257c22ba82192a58109281ec1977c6eff0e0f805	0	0.0	0	True
00_05	price	float64	100x301	3462318c74ea9b7c538be36c592564811ab5ab37394919ca2e3f5267c3214fa0	3462318c74ea9b7c538be36c592564811ab5ab37394919ca2e3f5267c3214fa0	0	0.0	0	True
00_05	signal	int8	100x301	1a4a77a9ab0354668a3482d514478cc1a698a9e28e559826a769263a9811ef0c	1a4a77a9ab0354668a3482d514478cc1a698a9e28e559826a769263a9811ef0c	0			True
00_05	cash	float64	100x301	7a284e063d070b456b2e688b98dbaafb3bddf8e68d1b99be488a3902fe711657	7a284e063d070b456b2e688b98dbaafb3bddf8e68d1b99be488a3902fe711657	0	0.0	0	True
00_05	inventory	int16	100x301	c9356234a2ccb4f1a63e3e884be89aaaf3048792fc73a859ee5ed1f668f516b5	c9356234a2ccb4f1a63e3e884be89aaaf3048792fc73a859ee5ed1f668f516b5	0			True
00_05	actions	int8	100x300	0ef79d165026126c92c3833de2e7f96525589d2cd3077d16a453a36381321f3c	0ef79d165026126c92c3833de2e7f96525589d2cd3077d16a453a36381321f3c	0			True
00_05	action_probability	float64	100x300	db785e156d6af10509d947714e14c61790bbe10be95aec8560f86e3f5541869c	db785e156d6af10509d947714e14c61790bbe10be95aec8560f86e3f5541869c	0	0.0	0	True
00_05	return_	float64	100x300	3256806eb538e12181bb6f0fa85cba993cb88a292e21d3eaffb863fc3a8d51da	3256806eb538e12181bb6f0fa85cba993cb88a292e21d3eaffb863fc3a8d51da	0	0.0	0	True
00_05	submitted	bool	100x300x2	a432d5c646636f94082e132de57cd87ca49c00f4adc3c8cc3f220ae3b6e06db6	a432d5c646636f94082e132de57cd87ca49c00f4adc3c8cc3f220ae3b6e06db6	0			True
00_05	fills	int8	100x300x2	b4acb0e935bdab444f4687bceae30a81ed9e8c404e02320964e11f1369da8f2c	b4acb0e935bdab444f4687bceae30a81ed9e8c404e02320964e11f1369da8f2c	0			True
00_05	execution_prices	float64	100x300x2	3432e191291626e65397038ca44ec29c3974b3a19ac2a55a23992faf7259c57e	3432e191291626e65397038ca44ec29c3974b3a19ac2a55a23992faf7259c57e	0	0.0	0	True
00_05	executed_quantities	int8	100x300x2	7a6c8ee7d592cb4f619efa3e2ff0cdb49a2744ff6bb1f85c014ab315c8f0e273	7a6c8ee7d592cb4f619efa3e2ff0cdb49a2744ff6bb1f85c014ab315c8f0e273	0			True
00_05	fees	float64	100x300	4d46e8b4669104560e2aee893510c3a124ccf319b80228cde30de3468ec6f8e2	4d46e8b4669104560e2aee893510c3a124ccf319b80228cde30de3468ec6f8e2	0	0.0	0	True
00_06	price	float64	100x301	26afd8086b8969e10252e7518c9edd2b45ebcb279b7deb800ea6adf5af694fe0	26afd8086b8969e10252e7518c9edd2b45ebcb279b7deb800ea6adf5af694fe0	0	0.0	0	True
00_06	signal	int8	100x301	a8edf75b03513f34c6b961f6786014a1fdd6cc3b3e6f85d8296c3c7f42048d31	a8edf75b03513f34c6b961f6786014a1fdd6cc3b3e6f85d8296c3c7f42048d31	0			True
00_06	cash	float64	100x301	f3e7e7dee21c54a112edaf354f39342bad3511565ad0931cf113ef1f945087cf	f3e7e7dee21c54a112edaf354f39342bad3511565ad0931cf113ef1f945087cf	0	0.0	0	True
00_06	inventory	int16	100x301	22c184bf61eb78f37c59866f5716c9911be6a7de33e599cab466f6ccae34332d	22c184bf61eb78f37c59866f5716c9911be6a7de33e599cab466f6ccae34332d	0			True
00_06	actions	int8	100x300	2ab70920cd40e43795fdd938ce670cd8a4820e9afd4a7f3e7ba786ea93e5824a	2ab70920cd40e43795fdd938ce670cd8a4820e9afd4a7f3e7ba786ea93e5824a	0			True
00_06	action_probability	float64	100x300	f27300be77a0651e94efdc213db2068f7494f0d7d8899a1391f9b18456bc8d0e	f27300be77a0651e94efdc213db2068f7494f0d7d8899a1391f9b18456bc8d0e	0	0.0	0	True
00_06	return_	float64	100x300	df297e6214a71665c62de37814aca2eb9d532c840624e5cf52eb21fa86e8ab14	df297e6214a71665c62de37814aca2eb9d532c840624e5cf52eb21fa86e8ab14	0	0.0	0	True
00_06	submitted	bool	100x300x2	7c9e22b601748516a146df89534a333295d61c8f6b15fb3f8096ad1c948cf6b7	7c9e22b601748516a146df89534a333295d61c8f6b15fb3f8096ad1c948cf6b7	0			True
00_06	fills	int8	100x300x2	2e027d83cc67f329fe1908a7610e65c1d47c8b07fbd98c6f49953b2e749d341a	2e027d83cc67f329fe1908a7610e65c1d47c8b07fbd98c6f49953b2e749d341a	0			True
00_06	execution_prices	float64	100x300x2	4634e0a2ffe7cb6961f8a778f64c7e9a9bc93484fd5c2156ad3b16e373916022	4634e0a2ffe7cb6961f8a778f64c7e9a9bc93484fd5c2156ad3b16e373916022	0	0.0	0	True
00_06	executed_quantities	int8	100x300x2	7405cdf0bd21322d594881473de520075473c86074882670694a61e58f3e3af0	7405cdf0bd21322d594881473de520075473c86074882670694a61e58f3e3af0	0			True
00_06	fees	float64	100x300	9e040f943006c369fb8757cfedfe6075afe9fdc2eb179a624ca286583124d04b	9e040f943006c369fb8757cfedfe6075afe9fdc2eb179a624ca286583124d04b	0	0.0	0	True
00_07	price	float64	100x301	933b1d3f330bcbc26d9b41a2c6748704206012990627c902ef3551e7e3755175	933b1d3f330bcbc26d9b41a2c6748704206012990627c902ef3551e7e3755175	0	0.0	0	True
00_07	signal	int8	100x301	2ca0998a3dd66f6dbae7c7e8e0b2d181065ad71fece24a2bb6a6896a489be4a9	2ca0998a3dd66f6dbae7c7e8e0b2d181065ad71fece24a2bb6a6896a489be4a9	0			True
00_07	cash	float64	100x301	dabb035a1a5d069be8ed968ee87d628c7d5380ba8dd1cc239ae83a23ce06834f	dabb035a1a5d069be8ed968ee87d628c7d5380ba8dd1cc239ae83a23ce06834f	0	0.0	0	True
00_07	inventory	int16	100x301	08475c1b9f5d149ab05a933195dc0efcce211a2a08f3a4894ec3de393bcdac16	08475c1b9f5d149ab05a933195dc0efcce211a2a08f3a4894ec3de393bcdac16	0			True
00_07	actions	int8	100x300	4371d3b4f5ad41368d7165bfae8a8b49da1f7385ce76893cb06d783405da13d4	4371d3b4f5ad41368d7165bfae8a8b49da1f7385ce76893cb06d783405da13d4	0			True
00_07	action_probability	float64	100x300	ccf1a7e6fcc7bf1bd68f3e17bb5f5638438009a1776ee277e38451db60f9fc30	ccf1a7e6fcc7bf1bd68f3e17bb5f5638438009a1776ee277e38451db60f9fc30	0	0.0	0	True
00_07	return_	float64	100x300	8fa7a831c6331c49f6da985c17550318a169e933a03d8fe248c86d1dab38454e	8fa7a831c6331c49f6da985c17550318a169e933a03d8fe248c86d1dab38454e	0	0.0	0	True
00_07	submitted	bool	100x300x2	823baefa05c893c798a4c8fd82957a3849720cd89e3690e9715d480511986fd5	823baefa05c893c798a4c8fd82957a3849720cd89e3690e9715d480511986fd5	0			True
00_07	fills	int8	100x300x2	48768713154d4c9f2a653603b1a313e7cb7942f328d34542ece10748108f1194	48768713154d4c9f2a653603b1a313e7cb7942f328d34542ece10748108f1194	0			True
00_07	execution_prices	float64	100x300x2	79def986c78266696565261f42c980f30d53d72f428a13b8dda6354c52018d03	79def986c78266696565261f42c980f30d53d72f428a13b8dda6354c52018d03	0	0.0	0	True
00_07	executed_quantities	int8	100x300x2	92e1f104464a47a10761438c32b3b9dcc0bfb9f124ac06606fd6c626ea124ce2	92e1f104464a47a10761438c32b3b9dcc0bfb9f124ac06606fd6c626ea124ce2	0			True
00_07	fees	float64	100x300	2dd8c916215cf195cdda7c6c6442ad1a1075b80101e1b6bd5a08d944bda676c0	2dd8c916215cf195cdda7c6c6442ad1a1075b80101e1b6bd5a08d944bda676c0	0	0.0	0	True
00_08	price	float64	100x301	f73c8a1b8d561773ef76a737d084a19dcb699f53b10586981f9ba00f2a6ce6e8	f73c8a1b8d561773ef76a737d084a19dcb699f53b10586981f9ba00f2a6ce6e8	0	0.0	0	True
00_08	signal	int8	100x301	40efb913eb1e2153075f19f6da3b76efc7c5bdf88f63ea5510a5df6b5271d2d0	40efb913eb1e2153075f19f6da3b76efc7c5bdf88f63ea5510a5df6b5271d2d0	0			True
00_08	cash	float64	100x301	61b20c5f270ec0cef7477bd2527d9f6083fd088245f330cac365da919e53f2d3	61b20c5f270ec0cef7477bd2527d9f6083fd088245f330cac365da919e53f2d3	0	0.0	0	True
00_08	inventory	int16	100x301	cc90f4e6e67754d8181623c4f23a1417e052e030c135b626d984f475734673c1	cc90f4e6e67754d8181623c4f23a1417e052e030c135b626d984f475734673c1	0			True
00_08	actions	int8	100x300	b3ae2e8cd042667e6a31cd942acc2556b2c158969ffa1b34d6044e82403f0cab	b3ae2e8cd042667e6a31cd942acc2556b2c158969ffa1b34d6044e82403f0cab	0			True
00_08	action_probability	float64	100x300	d101d9c39903695e1a77b31c9e254bc1fed4b01bd213d78f8c49e414b83ad11c	d101d9c39903695e1a77b31c9e254bc1fed4b01bd213d78f8c49e414b83ad11c	0	0.0	0	True
00_08	return_	float64	100x300	28a3817163ff03df31f2cfd29b9c38b0861cb6338f6733c7d2d485f47f4d47bd	28a3817163ff03df31f2cfd29b9c38b0861cb6338f6733c7d2d485f47f4d47bd	0	0.0	0	True
00_08	submitted	bool	100x300x2	409d01eba352acda2cdd90d93c153adb8b2e4c512385a24d6d33a624332b8093	409d01eba352acda2cdd90d93c153adb8b2e4c512385a24d6d33a624332b8093	0			True
00_08	fills	int8	100x300x2	308a31611bbefa5022f37d52211fedf3a399553845ae52027c683665674706ce	308a31611bbefa5022f37d52211fedf3a399553845ae52027c683665674706ce	0			True
00_08	execution_prices	float64	100x300x2	2f015f5e7f7a6f2d256073a3530c35d39d25162997ccc6140bc47df36a71627d	2f015f5e7f7a6f2d256073a3530c35d39d25162997ccc6140bc47df36a71627d	0	0.0	0	True
00_08	executed_quantities	int8	100x300x2	f909b5bc25c33d044b600f1412d9fd1460eacbbb6ccfdcca198637e7fd5ff630	f909b5bc25c33d044b600f1412d9fd1460eacbbb6ccfdcca198637e7fd5ff630	0			True
00_08	fees	float64	100x300	734cb9e81acc74dc42608446dbb09b793ee9700176aebd2e5ffec22d1da9404d	734cb9e81acc74dc42608446dbb09b793ee9700176aebd2e5ffec22d1da9404d	0	0.0	0	True
00_09	price	float64	100x301	cafae0fefed1a596f238843700ff2ccc2cfb7fbe67b5c66ff7b8a2754189441c	cafae0fefed1a596f238843700ff2ccc2cfb7fbe67b5c66ff7b8a2754189441c	0	0.0	0	True
00_09	signal	int8	100x301	a8c7486ede5dd19e818eebc99da3d917a45426911dde9c42f9088fcff9ed3824	a8c7486ede5dd19e818eebc99da3d917a45426911dde9c42f9088fcff9ed3824	0			True
00_09	cash	float64	100x301	a13c7a225eb39a33f47ce5b82052169180c9de45e875aed388c9c80b31e0aaed	a13c7a225eb39a33f47ce5b82052169180c9de45e875aed388c9c80b31e0aaed	0	0.0	0	True
00_09	inventory	int16	100x301	6148ca70a75ac154906fafde42dca837d075cb0d6787a96973a13d4e94da529f	6148ca70a75ac154906fafde42dca837d075cb0d6787a96973a13d4e94da529f	0			True
00_09	actions	int8	100x300	56cfba2d5c4b523d41319dd33e2cf70dbfa1552a657fbff081165bb0744f85ae	56cfba2d5c4b523d41319dd33e2cf70dbfa1552a657fbff081165bb0744f85ae	0			True
00_09	action_probability	float64	100x300	949a8f5ce7f7f744bfec8bc60c1df7275730b788b2ba4da464064190b1e18e34	949a8f5ce7f7f744bfec8bc60c1df7275730b788b2ba4da464064190b1e18e34	0	0.0	0	True
00_09	return_	float64	100x300	3705c6649c8c071ac06045892f297a724cd68030c7c39ffeda78655e01186214	3705c6649c8c071ac06045892f297a724cd68030c7c39ffeda78655e01186214	0	0.0	0	True
00_09	submitted	bool	100x300x2	8e72b98ed703c6db1c4680636b229919795ad60c854988ca402aafa152471a4a	8e72b98ed703c6db1c4680636b229919795ad60c854988ca402aafa152471a4a	0			True
00_09	fills	int8	100x300x2	962fa4b93f713efcdcaa1507337789c9937f9198e59b48680da38f1cc15cfcab	962fa4b93f713efcdcaa1507337789c9937f9198e59b48680da38f1cc15cfcab	0			True
00_09	execution_prices	float64	100x300x2	5bc3d7bcfab90339293bce44e612a95a445834007a1ea2537a947f185097eefa	5bc3d7bcfab90339293bce44e612a95a445834007a1ea2537a947f185097eefa	0	0.0	0	True
00_09	executed_quantities	int8	100x300x2	f1d5f2694da1035d20c8818a937d8e47f92106d4c7ddc4f190b5ad38c5f90165	f1d5f2694da1035d20c8818a937d8e47f92106d4c7ddc4f190b5ad38c5f90165	0			True
00_09	fees	float64	100x300	9c84935a5d0a35dba0b631966bfe67e6b4b65c3130c8350157e4e1d679d01b69	9c84935a5d0a35dba0b631966bfe67e6b4b65c3130c8350157e4e1d679d01b69	0	0.0	0	True
01_00	price	float64	100x301	18ead44018b23d08565b27a002fb5244569153d21d923f0fe7f2dcd236b45c93	18ead44018b23d08565b27a002fb5244569153d21d923f0fe7f2dcd236b45c93	0	0.0	0	True
01_00	signal	int8	100x301	85ebb6225bfb27be92337d73851d14dabde072968b5f24a50abf0ad4f6b2bd52	85ebb6225bfb27be92337d73851d14dabde072968b5f24a50abf0ad4f6b2bd52	0			True
01_00	cash	float64	100x301	bf3d6fa5f73f694d7ea439f37ce84298d4a73da2d969ea9206aeb1ee8812769b	bf3d6fa5f73f694d7ea439f37ce84298d4a73da2d969ea9206aeb1ee8812769b	0	0.0	0	True
01_00	inventory	int16	100x301	e48ee68aae3d76f167f99401571f3bccad28c38ca3d7aaadfeb421a1017b66cf	e48ee68aae3d76f167f99401571f3bccad28c38ca3d7aaadfeb421a1017b66cf	0			True
01_00	actions	int8	100x300	08437fcb4e8c74a80507bb6fcd593adbcc3533d41f7456d4676d328bf8526051	08437fcb4e8c74a80507bb6fcd593adbcc3533d41f7456d4676d328bf8526051	0			True
01_00	action_probability	float64	100x300	6a5169bb5ebfe81b58472644eced83a443385d99e6f3a9f76dc14fb6b7afa470	6a5169bb5ebfe81b58472644eced83a443385d99e6f3a9f76dc14fb6b7afa470	0	0.0	0	True
01_00	return_	float64	100x300	607402609c373968f5cc4099d4c4f2e9417666105d635be1342d8bf00235dcae	607402609c373968f5cc4099d4c4f2e9417666105d635be1342d8bf00235dcae	0	0.0	0	True
01_00	submitted	bool	100x300x2	fcc08034661dfd2c3b9bcb656a61e13a1d0fddf1fc5d934a973611a529cf02c2	fcc08034661dfd2c3b9bcb656a61e13a1d0fddf1fc5d934a973611a529cf02c2	0			True
01_00	fills	int8	100x300x2	ab8ed33cb0957d14ae09183fce1fb508ca0ace3a26745042e55369349ba31368	ab8ed33cb0957d14ae09183fce1fb508ca0ace3a26745042e55369349ba31368	0			True
01_00	execution_prices	float64	100x300x2	e7b98f7927e9f99519efffe2c75c9f371edcb16b5a5f4eaf0d86368a8c4eab41	e7b98f7927e9f99519efffe2c75c9f371edcb16b5a5f4eaf0d86368a8c4eab41	0	0.0	0	True
01_00	executed_quantities	int8	100x300x2	609cb9695834a486c5657bd138f86f858718d752c0dc90a288cfdd685fb39c24	609cb9695834a486c5657bd138f86f858718d752c0dc90a288cfdd685fb39c24	0			True
01_00	fees	float64	100x300	bffbc5494eda4fb527ef990dc6900ccfe86154d9d9a5f4cb5475f659a30641c6	bffbc5494eda4fb527ef990dc6900ccfe86154d9d9a5f4cb5475f659a30641c6	0	0.0	0	True
01_01	price	float64	100x301	7dea8446fa50611145844b1178dba89ed70066f60143a438e8861801266486e4	7dea8446fa50611145844b1178dba89ed70066f60143a438e8861801266486e4	0	0.0	0	True
01_01	signal	int8	100x301	9c7297dd4958bbb2228b0ce3540db76645d716101642507d1e5f4c2cd4e1bfb4	9c7297dd4958bbb2228b0ce3540db76645d716101642507d1e5f4c2cd4e1bfb4	0			True
01_01	cash	float64	100x301	63dc90bbf92ff1ce7974f1ae8ecd30a6a4d094f041ea3eff4bbef6488e9de8b2	63dc90bbf92ff1ce7974f1ae8ecd30a6a4d094f041ea3eff4bbef6488e9de8b2	0	0.0	0	True
01_01	inventory	int16	100x301	a0ef43bb45c32e6f10759129fcb033912bc74b9ba93d72f861167869daee0f1b	a0ef43bb45c32e6f10759129fcb033912bc74b9ba93d72f861167869daee0f1b	0			True
01_01	actions	int8	100x300	52ddf7c0ed909d924878040180d7535ec11f89a46537c780c94b6156f1037fd2	52ddf7c0ed909d924878040180d7535ec11f89a46537c780c94b6156f1037fd2	0			True
01_01	action_probability	float64	100x300	a581fea26ba3fb410c020c4786a0b69bfce1b064b0f40def4ea524675ffaec4d	a581fea26ba3fb410c020c4786a0b69bfce1b064b0f40def4ea524675ffaec4d	0	0.0	0	True
01_01	return_	float64	100x300	59bb52b5a34acaefa0212c0609cc45c6e0a356f5e5bcdcc68f0befd9269a7a75	59bb52b5a34acaefa0212c0609cc45c6e0a356f5e5bcdcc68f0befd9269a7a75	0	0.0	0	True
01_01	submitted	bool	100x300x2	fe331bb1292708db65478fd854c6845064edae3562fcb053696ae5f023e4dccb	fe331bb1292708db65478fd854c6845064edae3562fcb053696ae5f023e4dccb	0			True
01_01	fills	int8	100x300x2	542d1fec2dbb44121bf0a36884fe28f30a0435efed431c45d5edfeb99bc67aa7	542d1fec2dbb44121bf0a36884fe28f30a0435efed431c45d5edfeb99bc67aa7	0			True
01_01	execution_prices	float64	100x300x2	c44e30c0e025d73397d7c26bf50a595c76624383a0aff75effb67c2063ee7a39	c44e30c0e025d73397d7c26bf50a595c76624383a0aff75effb67c2063ee7a39	0	0.0	0	True
01_01	executed_quantities	int8	100x300x2	113546cc0d7de20135485945d3e2a81d3f6d79b22ba0b593f506408c1923525f	113546cc0d7de20135485945d3e2a81d3f6d79b22ba0b593f506408c1923525f	0			True
01_01	fees	float64	100x300	5ca99ca5ece235f5867eb3f488dbe732733112d1bb3a5dd0205f0800cfb2e397	5ca99ca5ece235f5867eb3f488dbe732733112d1bb3a5dd0205f0800cfb2e397	0	0.0	0	True
01_02	price	float64	100x301	19644eea35108a0a38b2d8750370a0ee029d155aefb8cbf39f648070a6d995f5	19644eea35108a0a38b2d8750370a0ee029d155aefb8cbf39f648070a6d995f5	0	0.0	0	True
01_02	signal	int8	100x301	b29ebd4b9feca7336c68afbc23e56b4df045f4db71a122b6879242b9dcb87737	b29ebd4b9feca7336c68afbc23e56b4df045f4db71a122b6879242b9dcb87737	0			True
01_02	cash	float64	100x301	974f3174b6399e26e7a5a24cfaaef301b55b92a98f447c1b4773a453ea4962dc	974f3174b6399e26e7a5a24cfaaef301b55b92a98f447c1b4773a453ea4962dc	0	0.0	0	True
01_02	inventory	int16	100x301	3bef9c00ffd36e048b5ca1d9d50842e1cb44c0b7c14510bef808e8029f733b9f	3bef9c00ffd36e048b5ca1d9d50842e1cb44c0b7c14510bef808e8029f733b9f	0			True
01_02	actions	int8	100x300	6f71228021152ddf22b8e38ae5690a7c6bf3e1118ac2fdd1d0cb00f75ee1dffe	6f71228021152ddf22b8e38ae5690a7c6bf3e1118ac2fdd1d0cb00f75ee1dffe	0			True
01_02	action_probability	float64	100x300	72f0c298d6b39fd52049ccb98d61aeca0231e11a55242df4a1990254ec598460	72f0c298d6b39fd52049ccb98d61aeca0231e11a55242df4a1990254ec598460	0	0.0	0	True
01_02	return_	float64	100x300	4f20bf80c8e3351cb943f40c05d09bec3c7fc9eea8a7f566e93d52638dc3647d	4f20bf80c8e3351cb943f40c05d09bec3c7fc9eea8a7f566e93d52638dc3647d	0	0.0	0	True
01_02	submitted	bool	100x300x2	30214f182ecb5e90928abdec5ab8b70a6feba639fde4036c8eeb085e4ad4e145	30214f182ecb5e90928abdec5ab8b70a6feba639fde4036c8eeb085e4ad4e145	0			True
01_02	fills	int8	100x300x2	3253c7bcb3f129dddf26b61b5a813afb35e44e9f23c2ed4bc9ffe6f84df3ed52	3253c7bcb3f129dddf26b61b5a813afb35e44e9f23c2ed4bc9ffe6f84df3ed52	0			True
01_02	execution_prices	float64	100x300x2	700ce6d95aa63b358518200b0716fc3d089d7dc4ef6100d54f431a2b6cda4be9	700ce6d95aa63b358518200b0716fc3d089d7dc4ef6100d54f431a2b6cda4be9	0	0.0	0	True
01_02	executed_quantities	int8	100x300x2	209e829e5059f03a3e6c301fc5e3b40f4ede1269ff43dd231677cd9bcdf99e87	209e829e5059f03a3e6c301fc5e3b40f4ede1269ff43dd231677cd9bcdf99e87	0			True
01_02	fees	float64	100x300	5737b06545c30d68814c570a1270a448618c5af137213474067e38f22c6610da	5737b06545c30d68814c570a1270a448618c5af137213474067e38f22c6610da	0	0.0	0	True
01_03	price	float64	100x301	91a4775faaac83604c3123dac05bc04197eaecb4b1ad0e46b1c10bc787c68510	91a4775faaac83604c3123dac05bc04197eaecb4b1ad0e46b1c10bc787c68510	0	0.0	0	True
01_03	signal	int8	100x301	f4ad200028d4b83f5080ae2213c66cb50b871e49e6b70ec52181b4e5f4c3a018	f4ad200028d4b83f5080ae2213c66cb50b871e49e6b70ec52181b4e5f4c3a018	0			True
01_03	cash	float64	100x301	368bd5fec7906257ec318c8b038460e4bde0a178d4ff456952c638f5e39e0943	368bd5fec7906257ec318c8b038460e4bde0a178d4ff456952c638f5e39e0943	0	0.0	0	True
01_03	inventory	int16	100x301	097b49038a9745647d08f042958ff8fee2d7ff6fe1477c3bfd7efab345bbe116	097b49038a9745647d08f042958ff8fee2d7ff6fe1477c3bfd7efab345bbe116	0			True
01_03	actions	int8	100x300	aaa03320599b93f20c28cf011827c5dc1e8970d99d5a8db78b6f153d9048cd88	aaa03320599b93f20c28cf011827c5dc1e8970d99d5a8db78b6f153d9048cd88	0			True
01_03	action_probability	float64	100x300	f50c59ac77ca227f49d5f66367a68448523d29298913cd8caaaa10dbfe4e2335	f50c59ac77ca227f49d5f66367a68448523d29298913cd8caaaa10dbfe4e2335	0	0.0	0	True
01_03	return_	float64	100x300	695935655b5c80b23bdde61408c5a57866957d9662818103b03aa9ceb12a4edf	695935655b5c80b23bdde61408c5a57866957d9662818103b03aa9ceb12a4edf	0	0.0	0	True
01_03	submitted	bool	100x300x2	04b98b8455bb9b355d7bcda89dd98de74c55de2995a8d5ec27afecad45d9bd63	04b98b8455bb9b355d7bcda89dd98de74c55de2995a8d5ec27afecad45d9bd63	0			True
01_03	fills	int8	100x300x2	09a55309ec8b1d072d9cd068052f7e236d81f418f2bda7ada84e9320809ecb59	09a55309ec8b1d072d9cd068052f7e236d81f418f2bda7ada84e9320809ecb59	0			True
01_03	execution_prices	float64	100x300x2	99b99ff80600bd18480abc05c468b4ad383059244ce0ea39444b8aa456d871c2	99b99ff80600bd18480abc05c468b4ad383059244ce0ea39444b8aa456d871c2	0	0.0	0	True
01_03	executed_quantities	int8	100x300x2	e703bdfc73989f3b996086bb242a28b2ccfdc1b80f176e14c1ccd0230e62c0da	e703bdfc73989f3b996086bb242a28b2ccfdc1b80f176e14c1ccd0230e62c0da	0			True
01_03	fees	float64	100x300	2dbf061a23dffe037c68763c53b354bcab1d8dfed046038cc3e3ed222571c02e	2dbf061a23dffe037c68763c53b354bcab1d8dfed046038cc3e3ed222571c02e	0	0.0	0	True
01_04	price	float64	100x301	870fdc7607e34bdd21503f095d2a841a8268b114961f870b243515a969459419	870fdc7607e34bdd21503f095d2a841a8268b114961f870b243515a969459419	0	0.0	0	True
01_04	signal	int8	100x301	bf48387d7fd1a3c89588e51a619a208f846732b009a9e79ce13815fc04bdeada	bf48387d7fd1a3c89588e51a619a208f846732b009a9e79ce13815fc04bdeada	0			True
01_04	cash	float64	100x301	d4bbe9aec36292078bd29748cc2ad1a1d8a86e6f0eb4e927484f9985524a8bfc	d4bbe9aec36292078bd29748cc2ad1a1d8a86e6f0eb4e927484f9985524a8bfc	0	0.0	0	True
01_04	inventory	int16	100x301	853f838fddae0618e97bcd96fdbe220df3401a1d0356b6c6ab2f96211c710a80	853f838fddae0618e97bcd96fdbe220df3401a1d0356b6c6ab2f96211c710a80	0			True
01_04	actions	int8	100x300	2b56ae7a25ec76eb4000923d09af2a52f44e19b1081f04502c791b5236b76def	2b56ae7a25ec76eb4000923d09af2a52f44e19b1081f04502c791b5236b76def	0			True
01_04	action_probability	float64	100x300	9293e1dfe43b4a22447596d0d4a8e81392839ae08b3f0a0b16a10b3a48eca9aa	9293e1dfe43b4a22447596d0d4a8e81392839ae08b3f0a0b16a10b3a48eca9aa	0	0.0	0	True
01_04	return_	float64	100x300	231c934ae5440df7f4efe3880564ebe5dc86b05906c3dd557482f81a3b52d356	231c934ae5440df7f4efe3880564ebe5dc86b05906c3dd557482f81a3b52d356	0	0.0	0	True
01_04	submitted	bool	100x300x2	8056dfc634d5b7ae8836796c0c2bbf87a3c753306eaa098684cae7df8dd1aeee	8056dfc634d5b7ae8836796c0c2bbf87a3c753306eaa098684cae7df8dd1aeee	0			True
01_04	fills	int8	100x300x2	13a2ebbdcfc554470f9021c1915f2489b94b7b2633289fb127f4759e81e5af30	13a2ebbdcfc554470f9021c1915f2489b94b7b2633289fb127f4759e81e5af30	0			True
01_04	execution_prices	float64	100x300x2	b48efe9841b82defe6c9657aec91123f5f5e45030b6a1f0bcdba21e24e804dab	b48efe9841b82defe6c9657aec91123f5f5e45030b6a1f0bcdba21e24e804dab	0	0.0	0	True
01_04	executed_quantities	int8	100x300x2	4f22c735cbc08b2c82d9e44ac5cdcb54596bf6bd5e3f2aba6ece3e2d3cc93695	4f22c735cbc08b2c82d9e44ac5cdcb54596bf6bd5e3f2aba6ece3e2d3cc93695	0			True
01_04	fees	float64	100x300	f6fcf88072aae74a90f62e2fa93267a23228f8830a81d4e350364133d5f51b9e	f6fcf88072aae74a90f62e2fa93267a23228f8830a81d4e350364133d5f51b9e	0	0.0	0	True
01_05	price	float64	100x301	da604d7479fd1b8862c48a8566995c91db661632748861f5eff956e9b7a8a810	da604d7479fd1b8862c48a8566995c91db661632748861f5eff956e9b7a8a810	0	0.0	0	True
01_05	signal	int8	100x301	616156efd0465c03f6a640216b93c92321b81ce7528293d36cf4be245444cd33	616156efd0465c03f6a640216b93c92321b81ce7528293d36cf4be245444cd33	0			True
01_05	cash	float64	100x301	df0b1e45481d910cdea440e8d4123e6b4a1a41e55d30c1fa5bf180ee069e4ad7	df0b1e45481d910cdea440e8d4123e6b4a1a41e55d30c1fa5bf180ee069e4ad7	0	0.0	0	True
01_05	inventory	int16	100x301	bc5cb14ca71a1a4d15ada73941982cfd1755d743f915f906b0fb3987d997a1cf	bc5cb14ca71a1a4d15ada73941982cfd1755d743f915f906b0fb3987d997a1cf	0			True
01_05	actions	int8	100x300	2d90deb2d34577683dedaaec5e0dad21ee18415a2c6d51a2007aab1bfbd5674e	2d90deb2d34577683dedaaec5e0dad21ee18415a2c6d51a2007aab1bfbd5674e	0			True
01_05	action_probability	float64	100x300	a4bf4232a8659c54726784c4488e02878f175e9fa8d919e6609fca40868302ee	a4bf4232a8659c54726784c4488e02878f175e9fa8d919e6609fca40868302ee	0	0.0	0	True
01_05	return_	float64	100x300	c1a886235f5b140eeb3c0bd404f03070690f2c7de008906b2859f329488e2915	c1a886235f5b140eeb3c0bd404f03070690f2c7de008906b2859f329488e2915	0	0.0	0	True
01_05	submitted	bool	100x300x2	3c379c968403848574f48b7cd2a89a7c6761bbd8d3bd64b98307e8098cde9af6	3c379c968403848574f48b7cd2a89a7c6761bbd8d3bd64b98307e8098cde9af6	0			True
01_05	fills	int8	100x300x2	44c4ccba1ecce80ad06f2bd5c28ab788a31a59dda6590c716f18e1883b3868c5	44c4ccba1ecce80ad06f2bd5c28ab788a31a59dda6590c716f18e1883b3868c5	0			True
01_05	execution_prices	float64	100x300x2	4c89d0ad1393e6da59b77d17ea06bf241161dbd32c8df64bf85700a8cdd020ee	4c89d0ad1393e6da59b77d17ea06bf241161dbd32c8df64bf85700a8cdd020ee	0	0.0	0	True
01_05	executed_quantities	int8	100x300x2	012c3f5d707cf8167b4c0ef0adb69ba0170237581fdc24ac88e59f68e5ce4c6b	012c3f5d707cf8167b4c0ef0adb69ba0170237581fdc24ac88e59f68e5ce4c6b	0			True
01_05	fees	float64	100x300	8d1e96ec70c2cc2ec4893bcee21d8c18f51b918c2e37afbbfe96d30332e1b1fa	8d1e96ec70c2cc2ec4893bcee21d8c18f51b918c2e37afbbfe96d30332e1b1fa	0	0.0	0	True
01_06	price	float64	100x301	5d92e3f4a5988020dfc4a0f27d24a09ae43d087a38f40c7cd6b48c3365d004d9	5d92e3f4a5988020dfc4a0f27d24a09ae43d087a38f40c7cd6b48c3365d004d9	0	0.0	0	True
01_06	signal	int8	100x301	86675d38ca81c66f5b0417a87e3b56ea252984d2a8f55646b54e95d2f14acdc4	86675d38ca81c66f5b0417a87e3b56ea252984d2a8f55646b54e95d2f14acdc4	0			True
01_06	cash	float64	100x301	1fc70a25f74440762b8f2c557c8f7445cd66f79e088513b0bd7eb35efe394573	1fc70a25f74440762b8f2c557c8f7445cd66f79e088513b0bd7eb35efe394573	0	0.0	0	True
01_06	inventory	int16	100x301	5617636c7013ebb86beb51715fe0941c204c0eaeb33a4bf19ea229994c8b6e9a	5617636c7013ebb86beb51715fe0941c204c0eaeb33a4bf19ea229994c8b6e9a	0			True
01_06	actions	int8	100x300	c22dfb0c28b51289e42d018a8bfcbe137a257da90ad303a5fdf0f186ad60f284	c22dfb0c28b51289e42d018a8bfcbe137a257da90ad303a5fdf0f186ad60f284	0			True
01_06	action_probability	float64	100x300	a86fe4545c50ae4276dd804e1c13b622d7bf763b25950c2c224039829da9f5e5	a86fe4545c50ae4276dd804e1c13b622d7bf763b25950c2c224039829da9f5e5	0	0.0	0	True
01_06	return_	float64	100x300	ca6f9ce7f2b7b81ad8d30f167542ef9dd02f3a5ccaacca2f77aefc6ac1fb554d	ca6f9ce7f2b7b81ad8d30f167542ef9dd02f3a5ccaacca2f77aefc6ac1fb554d	0	0.0	0	True
01_06	submitted	bool	100x300x2	ff538eed89a89e0ee641989918904ffd3b5b5401e395c394811fe37dfc46a754	ff538eed89a89e0ee641989918904ffd3b5b5401e395c394811fe37dfc46a754	0			True
01_06	fills	int8	100x300x2	637b88d5edac2ceb7d74f250ac3caa0f6cde15acfdac62d7e25a252029bd4c24	637b88d5edac2ceb7d74f250ac3caa0f6cde15acfdac62d7e25a252029bd4c24	0			True
01_06	execution_prices	float64	100x300x2	1403f7f909ad7551faf2f45c317170af05e59c94fe961c04143ba32c29984c87	1403f7f909ad7551faf2f45c317170af05e59c94fe961c04143ba32c29984c87	0	0.0	0	True
01_06	executed_quantities	int8	100x300x2	12b12e0b6363cb3f5e89f32f66f96a1acb7eeaa013d779d45e406a14c376c06d	12b12e0b6363cb3f5e89f32f66f96a1acb7eeaa013d779d45e406a14c376c06d	0			True
01_06	fees	float64	100x300	8b0a13154a4a500c5d6cbdb62d6f831bc8fc5a4ac6ee5878a68f1bae5c68b86e	8b0a13154a4a500c5d6cbdb62d6f831bc8fc5a4ac6ee5878a68f1bae5c68b86e	0	0.0	0	True
01_07	price	float64	100x301	d1cfceedcdecb2c5b18f53d906e201bab2c4470b24138794a58180af264a118a	d1cfceedcdecb2c5b18f53d906e201bab2c4470b24138794a58180af264a118a	0	0.0	0	True
01_07	signal	int8	100x301	228441d3797ac2e55cc82aa02529b02497a3aaa81b5331490557e11ae3bcd467	228441d3797ac2e55cc82aa02529b02497a3aaa81b5331490557e11ae3bcd467	0			True
01_07	cash	float64	100x301	3d461558c9bf7e6048bc5c4ab07156e138a1106ccd38f0043ac8cd52606c0ffd	3d461558c9bf7e6048bc5c4ab07156e138a1106ccd38f0043ac8cd52606c0ffd	0	0.0	0	True
01_07	inventory	int16	100x301	680b19da09db019489731a43d42fe67eb5b0c07a36f576402677f6b73fd69de0	680b19da09db019489731a43d42fe67eb5b0c07a36f576402677f6b73fd69de0	0			True
01_07	actions	int8	100x300	c1b8eb8f60f4a1056a0017ae8456bd00c9f2a3b5707dd60ccdddcd34f8521222	c1b8eb8f60f4a1056a0017ae8456bd00c9f2a3b5707dd60ccdddcd34f8521222	0			True
01_07	action_probability	float64	100x300	333dc2c34c26f629e33fd33f65d5550623a991ee2b75834e78a3a81c4caaca36	333dc2c34c26f629e33fd33f65d5550623a991ee2b75834e78a3a81c4caaca36	0	0.0	0	True
01_07	return_	float64	100x300	71e0291326b7173bbafc98bbe90e3f9a37b590b18b157f9b30b4b895fa100b4c	71e0291326b7173bbafc98bbe90e3f9a37b590b18b157f9b30b4b895fa100b4c	0	0.0	0	True
01_07	submitted	bool	100x300x2	42e6f30d801638aff70d552114b1dd779dce063987b2bacbcedb77929eb80919	42e6f30d801638aff70d552114b1dd779dce063987b2bacbcedb77929eb80919	0			True
01_07	fills	int8	100x300x2	b4385d3b8b0cf726fc126b7f461830df5c15490d49d0627694042edef97f72ab	b4385d3b8b0cf726fc126b7f461830df5c15490d49d0627694042edef97f72ab	0			True
01_07	execution_prices	float64	100x300x2	7eb1e4285321dbb7664485eb8e1a4c69ffc635fbc35625b6b328493a0c7321f0	7eb1e4285321dbb7664485eb8e1a4c69ffc635fbc35625b6b328493a0c7321f0	0	0.0	0	True
01_07	executed_quantities	int8	100x300x2	aad0a7ed780d57e1ad257e2aa20ad23b40b004d46a88cede7d1f4e316527763c	aad0a7ed780d57e1ad257e2aa20ad23b40b004d46a88cede7d1f4e316527763c	0			True
01_07	fees	float64	100x300	c178e58535bd984b4bd3d429b9d5375d800b89fe6d62417183162922356ce446	c178e58535bd984b4bd3d429b9d5375d800b89fe6d62417183162922356ce446	0	0.0	0	True
01_08	price	float64	100x301	e97f5d22149a05f2733dddb5227f3aca2494e44cb5671d0237ca4f0b556f263c	e97f5d22149a05f2733dddb5227f3aca2494e44cb5671d0237ca4f0b556f263c	0	0.0	0	True
01_08	signal	int8	100x301	bf180123ab80ca5d44e23ba344a8c7c0a5be85748086f91bbd5ca13ae0894cfb	bf180123ab80ca5d44e23ba344a8c7c0a5be85748086f91bbd5ca13ae0894cfb	0			True
01_08	cash	float64	100x301	6cecea86e55049bff4c38f2d13777f4d8c51ce0f20b39c1a718d67e00d2577e0	6cecea86e55049bff4c38f2d13777f4d8c51ce0f20b39c1a718d67e00d2577e0	0	0.0	0	True
01_08	inventory	int16	100x301	d00327bc4b1a46f8712d192a603f787f8a87318d9f098506b3247235f3d541f7	d00327bc4b1a46f8712d192a603f787f8a87318d9f098506b3247235f3d541f7	0			True
01_08	actions	int8	100x300	de24f514ea511035b433f3bd77acaad38f7c35520c96c8a7d8218e4474f6cecc	de24f514ea511035b433f3bd77acaad38f7c35520c96c8a7d8218e4474f6cecc	0			True
01_08	action_probability	float64	100x300	0f8582639ee59ad134e34d39f3097488b1a5b03c4fdf74211940fe2e93ddfec3	0f8582639ee59ad134e34d39f3097488b1a5b03c4fdf74211940fe2e93ddfec3	0	0.0	0	True
01_08	return_	float64	100x300	20a8d8ec67668446b62fed2889b259763211a34fb5381515bb63dce89e51ff19	20a8d8ec67668446b62fed2889b259763211a34fb5381515bb63dce89e51ff19	0	0.0	0	True
01_08	submitted	bool	100x300x2	3aec14dae425358611deeae9509a0285b0f201afde238b3a2fd5eba63a53dab5	3aec14dae425358611deeae9509a0285b0f201afde238b3a2fd5eba63a53dab5	0			True
01_08	fills	int8	100x300x2	e2b51b2e414341c4b13fa9140939553f606900eec74500d692a24627f55ceaeb	e2b51b2e414341c4b13fa9140939553f606900eec74500d692a24627f55ceaeb	0			True
01_08	execution_prices	float64	100x300x2	2565ee184610d9cee15679845b093c910713c68485ee7e27a0e4b79e26bcaa5b	2565ee184610d9cee15679845b093c910713c68485ee7e27a0e4b79e26bcaa5b	0	0.0	0	True
01_08	executed_quantities	int8	100x300x2	e25940b9bd49c52459aed26c03eb6ac4a30069d641a9f636e1d2c816fb9584dd	e25940b9bd49c52459aed26c03eb6ac4a30069d641a9f636e1d2c816fb9584dd	0			True
01_08	fees	float64	100x300	b62813b7b0b6d95d6c2c49298bca7a78c87bd44d717a7cfa91c114cfe47143d8	b62813b7b0b6d95d6c2c49298bca7a78c87bd44d717a7cfa91c114cfe47143d8	0	0.0	0	True
01_09	price	float64	100x301	b92f10c3cb0071df26171873767517c2fa05c239e6a2bba1b2bdb5ea4dd5a28e	b92f10c3cb0071df26171873767517c2fa05c239e6a2bba1b2bdb5ea4dd5a28e	0	0.0	0	True
01_09	signal	int8	100x301	954dd8c7905d2101c1405b6b3d1e6d013f61ba687c2f00f391e882fea9a5db34	954dd8c7905d2101c1405b6b3d1e6d013f61ba687c2f00f391e882fea9a5db34	0			True
01_09	cash	float64	100x301	b1c06232484b7deaefef56a5a6bbabb27ab67f07c099f8c2450dfdd1ab149905	b1c06232484b7deaefef56a5a6bbabb27ab67f07c099f8c2450dfdd1ab149905	0	0.0	0	True
01_09	inventory	int16	100x301	bad6fb5f7aa73467388bb2613680c7614c9dadb95fe31c7f95f26867f2141a05	bad6fb5f7aa73467388bb2613680c7614c9dadb95fe31c7f95f26867f2141a05	0			True
01_09	actions	int8	100x300	2d03700cb05b536a96d53bdb153bd19a896abbb22a6652791e5c0b72ef2f5dcd	2d03700cb05b536a96d53bdb153bd19a896abbb22a6652791e5c0b72ef2f5dcd	0			True
01_09	action_probability	float64	100x300	5df45fed261ae43fab0d87880eaf29974caf302cf666c4941f5205024d7f941b	5df45fed261ae43fab0d87880eaf29974caf302cf666c4941f5205024d7f941b	0	0.0	0	True
01_09	return_	float64	100x300	58208cea3f1c9a36d09a3492be1bc1acdff3f4d359d7a119a6a221b94a3ca455	58208cea3f1c9a36d09a3492be1bc1acdff3f4d359d7a119a6a221b94a3ca455	0	0.0	0	True
01_09	submitted	bool	100x300x2	9ca83554d4f9eea8ffd0f3f401c88db107741a4a0402425a15103733c8bc7c13	9ca83554d4f9eea8ffd0f3f401c88db107741a4a0402425a15103733c8bc7c13	0			True
01_09	fills	int8	100x300x2	8f179366586ffa06ba33e8cc0095c106bdf222f64175e3127668ce0b93f286d9	8f179366586ffa06ba33e8cc0095c106bdf222f64175e3127668ce0b93f286d9	0			True
01_09	execution_prices	float64	100x300x2	5e567abf2355fc52f01eb59a35b72a3a851bce1aada09e85f3a8530412374ee1	5e567abf2355fc52f01eb59a35b72a3a851bce1aada09e85f3a8530412374ee1	0	0.0	0	True
01_09	executed_quantities	int8	100x300x2	6afff0f8c51d22e604fa0fec5979ce82ffb956ed818169afdc619488234206ce	6afff0f8c51d22e604fa0fec5979ce82ffb956ed818169afdc619488234206ce	0			True
01_09	fees	float64	100x300	8e21adc024b8e18cedf6ba3bce176c41c6b2e8185fea48bc7a322ff2e7700961	8e21adc024b8e18cedf6ba3bce176c41c6b2e8185fea48bc7a322ff2e7700961	0	0.0	0	True
02_00	price	float64	100x301	8c4d9171f4130a6b7c9413ca4995882517ef837d9d7cbbcca660c362f8e0350a	8c4d9171f4130a6b7c9413ca4995882517ef837d9d7cbbcca660c362f8e0350a	0	0.0	0	True
02_00	signal	int8	100x301	f1d639d1841944eeaed43702384d17a717d1f488fc7121fc172f9fc9808ab09d	f1d639d1841944eeaed43702384d17a717d1f488fc7121fc172f9fc9808ab09d	0			True
02_00	cash	float64	100x301	f59c8b2e34ffc7ebbb5b422b89cba128dd8570c75ae04d07021270fa0ec7260a	f59c8b2e34ffc7ebbb5b422b89cba128dd8570c75ae04d07021270fa0ec7260a	0	0.0	0	True
02_00	inventory	int16	100x301	9b41099bc82a3042d12360fb5f98f132c8e0a38159f6c2b1d3a860ac648e4c0b	9b41099bc82a3042d12360fb5f98f132c8e0a38159f6c2b1d3a860ac648e4c0b	0			True
02_00	actions	int8	100x300	42c2591b78628cf90b7f241c317db98bd58852e3c296d467d06e468a4ba6da8c	42c2591b78628cf90b7f241c317db98bd58852e3c296d467d06e468a4ba6da8c	0			True
02_00	action_probability	float64	100x300	52cab19715099cf535a8b51b28d74e46aa16de03e981a9e9eda6569f63c2bec4	52cab19715099cf535a8b51b28d74e46aa16de03e981a9e9eda6569f63c2bec4	0	0.0	0	True
02_00	return_	float64	100x300	d45ab8492ab4b6198c9062a64f9e9c9efa4ee9427c3954dce0104baa835b3ba7	d45ab8492ab4b6198c9062a64f9e9c9efa4ee9427c3954dce0104baa835b3ba7	0	0.0	0	True
02_00	submitted	bool	100x300x2	0a42b00f499cbcb52351e22766e48f77cec1a9b2d07430ffc4a46a053b93d2c6	0a42b00f499cbcb52351e22766e48f77cec1a9b2d07430ffc4a46a053b93d2c6	0			True
02_00	fills	int8	100x300x2	fe90992c4b08221479a569dd27d2d4dc95cd4002af22051e6d4bbf2c2047e507	fe90992c4b08221479a569dd27d2d4dc95cd4002af22051e6d4bbf2c2047e507	0			True
02_00	execution_prices	float64	100x300x2	23e8415515d5d819edd08e1ac6e131ae57d872295a366d54fd44ff1290501d13	23e8415515d5d819edd08e1ac6e131ae57d872295a366d54fd44ff1290501d13	0	0.0	0	True
02_00	executed_quantities	int8	100x300x2	29f02b14fbd209c69601eb98fabcf2ba3bcd75ecd7911f9ceceb4053bf40254b	29f02b14fbd209c69601eb98fabcf2ba3bcd75ecd7911f9ceceb4053bf40254b	0			True
02_00	fees	float64	100x300	acacfe0f02896ec94c75192022c79b3e36a38f87f904c959de2d8ecdc2fc3367	acacfe0f02896ec94c75192022c79b3e36a38f87f904c959de2d8ecdc2fc3367	0	0.0	0	True
02_01	price	float64	100x301	2e2e5575f374db959e6a07592e56cf38cb4f416eeac3b88574bf06af41d3fc04	2e2e5575f374db959e6a07592e56cf38cb4f416eeac3b88574bf06af41d3fc04	0	0.0	0	True
02_01	signal	int8	100x301	90346e12bb5b3067b84ed6b654a5bd699d7c829f817d98e861c6e0c4057dccd8	90346e12bb5b3067b84ed6b654a5bd699d7c829f817d98e861c6e0c4057dccd8	0			True
02_01	cash	float64	100x301	ae03a0957c973506047be9981cdd448366c3ce46c6260c545e3e13d90584b7c3	ae03a0957c973506047be9981cdd448366c3ce46c6260c545e3e13d90584b7c3	0	0.0	0	True
02_01	inventory	int16	100x301	c9c4115b96459ffcb95ff728375f132e9e963be3d6570c84e7b07d57af364900	c9c4115b96459ffcb95ff728375f132e9e963be3d6570c84e7b07d57af364900	0			True
02_01	actions	int8	100x300	ff3a8eb61b032654c93acba662f74c175d4c3e37baf2f6d15b85b68049513230	ff3a8eb61b032654c93acba662f74c175d4c3e37baf2f6d15b85b68049513230	0			True
02_01	action_probability	float64	100x300	e5fb981493b16487e0c03fee14d9325bea046c640e8ccf621d5243096949e193	e5fb981493b16487e0c03fee14d9325bea046c640e8ccf621d5243096949e193	0	0.0	0	True
02_01	return_	float64	100x300	97fd70cd6210f97eba895327be577b911c3b7a6d5747e02e317a7eda788e6456	97fd70cd6210f97eba895327be577b911c3b7a6d5747e02e317a7eda788e6456	0	0.0	0	True
02_01	submitted	bool	100x300x2	d62f11c4b8b3367c92e9767bf450fb2a401c99139ab3eb5e9c6dbfdba364e81c	d62f11c4b8b3367c92e9767bf450fb2a401c99139ab3eb5e9c6dbfdba364e81c	0			True
02_01	fills	int8	100x300x2	1ce18ac33263d2b72fb827aed99668aeee62b43cda6f2e92f34ea01724188f74	1ce18ac33263d2b72fb827aed99668aeee62b43cda6f2e92f34ea01724188f74	0			True
02_01	execution_prices	float64	100x300x2	fd59f57be00e5596f35e5d4c94d70a983669c2f9383a51768cef425042c67450	fd59f57be00e5596f35e5d4c94d70a983669c2f9383a51768cef425042c67450	0	0.0	0	True
02_01	executed_quantities	int8	100x300x2	c17e1a353a49ad44a1a4491afc78455bf12072cd8e8590ef03a40035d92c2814	c17e1a353a49ad44a1a4491afc78455bf12072cd8e8590ef03a40035d92c2814	0			True
02_01	fees	float64	100x300	90f68a72dff77a40def8d4a44d6d216bd30846303fc7ab382182040e9d656b8e	90f68a72dff77a40def8d4a44d6d216bd30846303fc7ab382182040e9d656b8e	0	0.0	0	True
02_02	price	float64	100x301	40dd843cb05076c35a492353375704a2925824ce7830f29a0e3c95ac76ba4478	40dd843cb05076c35a492353375704a2925824ce7830f29a0e3c95ac76ba4478	0	0.0	0	True
02_02	signal	int8	100x301	78f814250c54df75fb4b69b926640e7f5f9ab36710c39a034ff062c4543e5b41	78f814250c54df75fb4b69b926640e7f5f9ab36710c39a034ff062c4543e5b41	0			True
02_02	cash	float64	100x301	d2e7b0b30d93abef05ab25cde41021fac81d3a40dbbc1a2a761a98cc1b8743d9	d2e7b0b30d93abef05ab25cde41021fac81d3a40dbbc1a2a761a98cc1b8743d9	0	0.0	0	True
02_02	inventory	int16	100x301	02bb1fd6652ed082067d8dbc3f80357fb340a509793626a8e8350a2e55fc251b	02bb1fd6652ed082067d8dbc3f80357fb340a509793626a8e8350a2e55fc251b	0			True
02_02	actions	int8	100x300	d77172f6971098095d371cad1b1afcff8bd1dd2e6951cbb98edf82bc91f61a46	d77172f6971098095d371cad1b1afcff8bd1dd2e6951cbb98edf82bc91f61a46	0			True
02_02	action_probability	float64	100x300	b840b753ae7bbf504e228cdb62bd8601856fd34c5a1977330e484750548df916	b840b753ae7bbf504e228cdb62bd8601856fd34c5a1977330e484750548df916	0	0.0	0	True
02_02	return_	float64	100x300	810d83a3cc5cd6110e32926bc0d59fad271b8d5bd45492daca7148086e8eaf29	810d83a3cc5cd6110e32926bc0d59fad271b8d5bd45492daca7148086e8eaf29	0	0.0	0	True
02_02	submitted	bool	100x300x2	40169051bbf9ad254d40bbbc5a6fff1a1ccc5f69a230f04ab81828d58ae987e7	40169051bbf9ad254d40bbbc5a6fff1a1ccc5f69a230f04ab81828d58ae987e7	0			True
02_02	fills	int8	100x300x2	9919ba15be308e60f0f99994b3405f60a8770bca31a9737bc429717d79f50b9d	9919ba15be308e60f0f99994b3405f60a8770bca31a9737bc429717d79f50b9d	0			True
02_02	execution_prices	float64	100x300x2	9364a322576b9c7aa484dffbd609a278c74cc5196fc667ebc142c053f8a54009	9364a322576b9c7aa484dffbd609a278c74cc5196fc667ebc142c053f8a54009	0	0.0	0	True
02_02	executed_quantities	int8	100x300x2	bedfa3277f08630e59de37d3b22d22118bff1dd907de65c9148e265948743532	bedfa3277f08630e59de37d3b22d22118bff1dd907de65c9148e265948743532	0			True
02_02	fees	float64	100x300	30f69489c324372ec3a86d1d807f056c888d7dd945eb1f74ae7e9a02531cb6e6	30f69489c324372ec3a86d1d807f056c888d7dd945eb1f74ae7e9a02531cb6e6	0	0.0	0	True
02_03	price	float64	100x301	8cc58f42325a37c64dd807a760f8b03797c0f77787c46742a2c9fafba83be069	8cc58f42325a37c64dd807a760f8b03797c0f77787c46742a2c9fafba83be069	0	0.0	0	True
02_03	signal	int8	100x301	51b3c8b8c0a2c521afe8659bf21fd7b7ae92f6c16bff834c91bd1b1d6cf17e97	51b3c8b8c0a2c521afe8659bf21fd7b7ae92f6c16bff834c91bd1b1d6cf17e97	0			True
02_03	cash	float64	100x301	da493194283644aaacb48df36ec5b94dc6c2550e2ef011aa59291edfb8bdbeb0	da493194283644aaacb48df36ec5b94dc6c2550e2ef011aa59291edfb8bdbeb0	0	0.0	0	True
02_03	inventory	int16	100x301	f950d5c59f6488c83ee75480e673ce3f9955c99e1dfeeceb2c0ec31a666c914a	f950d5c59f6488c83ee75480e673ce3f9955c99e1dfeeceb2c0ec31a666c914a	0			True
02_03	actions	int8	100x300	b9281ee1a904262c01ff29269efc7613667882504c7628537cbd2071677e9c32	b9281ee1a904262c01ff29269efc7613667882504c7628537cbd2071677e9c32	0			True
02_03	action_probability	float64	100x300	9b3c08eabb103a7912cf661b5e8b5fb7b4cb4b0382d1b696cd858ff30581b05c	9b3c08eabb103a7912cf661b5e8b5fb7b4cb4b0382d1b696cd858ff30581b05c	0	0.0	0	True
02_03	return_	float64	100x300	f9ab9ba3bb779e8232370ae127c63acd67210d6f8ba50acdd3e72f6dedd290a8	f9ab9ba3bb779e8232370ae127c63acd67210d6f8ba50acdd3e72f6dedd290a8	0	0.0	0	True
02_03	submitted	bool	100x300x2	dea9f54165c507b7b9bc8188de8f182b58260a9c1c82fc912a9adfa0ff0b3cc1	dea9f54165c507b7b9bc8188de8f182b58260a9c1c82fc912a9adfa0ff0b3cc1	0			True
02_03	fills	int8	100x300x2	7ca795b559a83ae3b13d2c192c85d6d22ebc1c6c0f2ec34e91e2992cdeeedc23	7ca795b559a83ae3b13d2c192c85d6d22ebc1c6c0f2ec34e91e2992cdeeedc23	0			True
02_03	execution_prices	float64	100x300x2	f3c1e7d53718e9db10e7446f44712b645d7879249d0d402faf7c40fea3e7440d	f3c1e7d53718e9db10e7446f44712b645d7879249d0d402faf7c40fea3e7440d	0	0.0	0	True
02_03	executed_quantities	int8	100x300x2	2eb48df3685019646ab160010120dc3e378468589dcbbf282081e70afd46de25	2eb48df3685019646ab160010120dc3e378468589dcbbf282081e70afd46de25	0			True
02_03	fees	float64	100x300	ba790816c085e538192362195362750f08d1d2b933aab9af012e82c8858c2e36	ba790816c085e538192362195362750f08d1d2b933aab9af012e82c8858c2e36	0	0.0	0	True
02_04	price	float64	100x301	84d00f4b4399bcc4a036e396ca9f224f1c389dce0cb9f1df3dbf003e8b94d463	84d00f4b4399bcc4a036e396ca9f224f1c389dce0cb9f1df3dbf003e8b94d463	0	0.0	0	True
02_04	signal	int8	100x301	c366fa7b2992a9906df14131ccc6a2d4ae0ecdb97791da2cba888d6d30b1fab3	c366fa7b2992a9906df14131ccc6a2d4ae0ecdb97791da2cba888d6d30b1fab3	0			True
02_04	cash	float64	100x301	683c5b448453e7478b2ee82b5f0d6c46655c4b4d1a360f614e225fb1319bea1f	683c5b448453e7478b2ee82b5f0d6c46655c4b4d1a360f614e225fb1319bea1f	0	0.0	0	True
02_04	inventory	int16	100x301	5f6f21f8b29c05523626485204adb97ab33d56e7e723cc3aad1ce42f761ceef8	5f6f21f8b29c05523626485204adb97ab33d56e7e723cc3aad1ce42f761ceef8	0			True
02_04	actions	int8	100x300	bd8b44af94277b38d16c24670b8df13471e3fb6e9e516b461615807285104029	bd8b44af94277b38d16c24670b8df13471e3fb6e9e516b461615807285104029	0			True
02_04	action_probability	float64	100x300	26fd6f3511d880095e2cb6e9ed1846d4bfe38d04d002408e257e218e9691dbe7	26fd6f3511d880095e2cb6e9ed1846d4bfe38d04d002408e257e218e9691dbe7	0	0.0	0	True
02_04	return_	float64	100x300	69a90119f881e2ce57067b09461c0c507d5907f7c9cc4dda715ddab235dc63c8	69a90119f881e2ce57067b09461c0c507d5907f7c9cc4dda715ddab235dc63c8	0	0.0	0	True
02_04	submitted	bool	100x300x2	0540eee151270725da0bec8a7e4cca0eea8e3c75830591bd1b4b6e6a30ee5dd1	0540eee151270725da0bec8a7e4cca0eea8e3c75830591bd1b4b6e6a30ee5dd1	0			True
02_04	fills	int8	100x300x2	642665e2b28d3d86c176d2cbd623d7a7fe36ff0f7fa859ec1dd056651b98664f	642665e2b28d3d86c176d2cbd623d7a7fe36ff0f7fa859ec1dd056651b98664f	0			True
02_04	execution_prices	float64	100x300x2	420b8d371ff877ca99d0090eb291fa7b74cb197c38324af5e14b16a9d159fe0b	420b8d371ff877ca99d0090eb291fa7b74cb197c38324af5e14b16a9d159fe0b	0	0.0	0	True
02_04	executed_quantities	int8	100x300x2	71382634efa2df991768fdbc7184173347e0fe507f2bb493c064898a8a28a980	71382634efa2df991768fdbc7184173347e0fe507f2bb493c064898a8a28a980	0			True
02_04	fees	float64	100x300	8622e43bec79882295d0fbe1c441190e40b88f1f8818c1ec2e2c0558682efcc9	8622e43bec79882295d0fbe1c441190e40b88f1f8818c1ec2e2c0558682efcc9	0	0.0	0	True
02_05	price	float64	100x301	24b2aca41842bb6d3fdebc0a4e8d937bcc94e1fa500d21de4a12e34e07f4eeaf	24b2aca41842bb6d3fdebc0a4e8d937bcc94e1fa500d21de4a12e34e07f4eeaf	0	0.0	0	True
02_05	signal	int8	100x301	ae1d4a2a5a47654e562f77f3a62ae551c8fa98266acb36cad6d3e15be7c4ec01	ae1d4a2a5a47654e562f77f3a62ae551c8fa98266acb36cad6d3e15be7c4ec01	0			True
02_05	cash	float64	100x301	62ffcab888f8db342fb2270f479f9b95f3f972210a50cd30f08196af28348c8d	62ffcab888f8db342fb2270f479f9b95f3f972210a50cd30f08196af28348c8d	0	0.0	0	True
02_05	inventory	int16	100x301	7ad86cf9c9cfc4e7bd905c9877dd30dd8d248f41172f60735f9a2303076cf880	7ad86cf9c9cfc4e7bd905c9877dd30dd8d248f41172f60735f9a2303076cf880	0			True
02_05	actions	int8	100x300	7a002fbb00db9256a3fe0a8caecdddc59c8cbf42b5100a478f3799eddb377150	7a002fbb00db9256a3fe0a8caecdddc59c8cbf42b5100a478f3799eddb377150	0			True
02_05	action_probability	float64	100x300	35ddf1ff493b95e43defa5126521f648c91f07e795530083220bd2b64391f0f9	35ddf1ff493b95e43defa5126521f648c91f07e795530083220bd2b64391f0f9	0	0.0	0	True
02_05	return_	float64	100x300	92438468ba4b3f7c211826a7873aa31476dea87d724cd96ad6a2cf66fe49b563	92438468ba4b3f7c211826a7873aa31476dea87d724cd96ad6a2cf66fe49b563	0	0.0	0	True
02_05	submitted	bool	100x300x2	73210d7d9a151188b8d8a0706c4bb81a7cf3fd34eb0091751330b039bd1b9f67	73210d7d9a151188b8d8a0706c4bb81a7cf3fd34eb0091751330b039bd1b9f67	0			True
02_05	fills	int8	100x300x2	99a9735aef2339912149b8225467a648db5ca39a62ca5b98357d2471ef416e3f	99a9735aef2339912149b8225467a648db5ca39a62ca5b98357d2471ef416e3f	0			True
02_05	execution_prices	float64	100x300x2	0e924cbf2800efe9dd03695c1877fd8e072b371347c82850d8c58a4a2f24dfbf	0e924cbf2800efe9dd03695c1877fd8e072b371347c82850d8c58a4a2f24dfbf	0	0.0	0	True
02_05	executed_quantities	int8	100x300x2	2a5f9a01ba3efe42a042f153f83b5a5ce9ac481163e82c76073fee2651a733c2	2a5f9a01ba3efe42a042f153f83b5a5ce9ac481163e82c76073fee2651a733c2	0			True
02_05	fees	float64	100x300	f7d64e1b131c70c5385a0452f4354e568d64ab8340c3476fa558ff200a682503	f7d64e1b131c70c5385a0452f4354e568d64ab8340c3476fa558ff200a682503	0	0.0	0	True
02_06	price	float64	100x301	629e790d9f7bd73f079f7db2f460d3ba063e2f80a8a02ab7bc9be77ae44fcf50	629e790d9f7bd73f079f7db2f460d3ba063e2f80a8a02ab7bc9be77ae44fcf50	0	0.0	0	True
02_06	signal	int8	100x301	a010d331c1d88f991d814788e4fe0ee7c6fa911e62e03b3f90ffa65028915a4d	a010d331c1d88f991d814788e4fe0ee7c6fa911e62e03b3f90ffa65028915a4d	0			True
02_06	cash	float64	100x301	7a544d21313e9bec6e7e4e7017f07c53ad8a57201be8b8ba1bf6f3c3d8106743	7a544d21313e9bec6e7e4e7017f07c53ad8a57201be8b8ba1bf6f3c3d8106743	0	0.0	0	True
02_06	inventory	int16	100x301	db4a28a18c59225873e6486d323a1a769c63735c2e53eb5a65cf65e94a5097b7	db4a28a18c59225873e6486d323a1a769c63735c2e53eb5a65cf65e94a5097b7	0			True
02_06	actions	int8	100x300	5cf65e9458f358af814009a9b874cfaf41d00d61799191b4102fe420aa678bf4	5cf65e9458f358af814009a9b874cfaf41d00d61799191b4102fe420aa678bf4	0			True
02_06	action_probability	float64	100x300	526ea415897c8109937c029bc5fd921acf99a30ca524c95f82b04d79c77985a8	526ea415897c8109937c029bc5fd921acf99a30ca524c95f82b04d79c77985a8	0	0.0	0	True
02_06	return_	float64	100x300	b94978fecb05ef47e6900c73e88903c04b597b65ded596e389a28a263cf5c4ee	b94978fecb05ef47e6900c73e88903c04b597b65ded596e389a28a263cf5c4ee	0	0.0	0	True
02_06	submitted	bool	100x300x2	b8183aa8113c3957f32540cce234d4700b96e4d4f9f66a7fdc570a01f4d59d0c	b8183aa8113c3957f32540cce234d4700b96e4d4f9f66a7fdc570a01f4d59d0c	0			True
02_06	fills	int8	100x300x2	1b9084cab70d82ebd117c21d99e21db75f2d49b7dd481c9603664d0be52a8737	1b9084cab70d82ebd117c21d99e21db75f2d49b7dd481c9603664d0be52a8737	0			True
02_06	execution_prices	float64	100x300x2	58bd9c2f74058a42a9f291550c2ed4ca9739cc98e17a436fd5f32635cedd8fe8	58bd9c2f74058a42a9f291550c2ed4ca9739cc98e17a436fd5f32635cedd8fe8	0	0.0	0	True
02_06	executed_quantities	int8	100x300x2	8bac4157d545bd256e4394a1727c172f40029aa63e9f3ac48cc9b1ad5eee7fe6	8bac4157d545bd256e4394a1727c172f40029aa63e9f3ac48cc9b1ad5eee7fe6	0			True
02_06	fees	float64	100x300	78eca17d7629751f8b6ab9f8782a47359ee1b2c1023b4f2902735ea076793f49	78eca17d7629751f8b6ab9f8782a47359ee1b2c1023b4f2902735ea076793f49	0	0.0	0	True
02_07	price	float64	100x301	ee618c464e392bf13683ed5d6dddd05cd2a9dc899bff0995a369c5dbeeefad46	ee618c464e392bf13683ed5d6dddd05cd2a9dc899bff0995a369c5dbeeefad46	0	0.0	0	True
02_07	signal	int8	100x301	1cb6926cf7e8084c0f7e260fd075635048d2888e05dea3098a584cb46ccb6e8d	1cb6926cf7e8084c0f7e260fd075635048d2888e05dea3098a584cb46ccb6e8d	0			True
02_07	cash	float64	100x301	8a9d84ed458d70cf4518c75c88d0d476389c8c78291af3c26709205f1c513b0a	8a9d84ed458d70cf4518c75c88d0d476389c8c78291af3c26709205f1c513b0a	0	0.0	0	True
02_07	inventory	int16	100x301	97bb82dfc1c80780f3d64baa694f843e31df5fddb338f806fc91533635c1b180	97bb82dfc1c80780f3d64baa694f843e31df5fddb338f806fc91533635c1b180	0			True
02_07	actions	int8	100x300	d1b358d76c888d329f12c9e4e7bcf1c66204f45b1c1abe31359cd2758ca9e155	d1b358d76c888d329f12c9e4e7bcf1c66204f45b1c1abe31359cd2758ca9e155	0			True
02_07	action_probability	float64	100x300	b8748503ca8128303838696b375f654213c2836d4fab49c4cf5f903a74d15665	b8748503ca8128303838696b375f654213c2836d4fab49c4cf5f903a74d15665	0	0.0	0	True
02_07	return_	float64	100x300	4a992fc0560e7ecbafa55ca995cd9992badc98ec5335393486f968979109c145	4a992fc0560e7ecbafa55ca995cd9992badc98ec5335393486f968979109c145	0	0.0	0	True
02_07	submitted	bool	100x300x2	df749b94be5c19b4965c4a4ac799e1cb7bdd3542c0c30c70d6d7db3389f256d8	df749b94be5c19b4965c4a4ac799e1cb7bdd3542c0c30c70d6d7db3389f256d8	0			True
02_07	fills	int8	100x300x2	22fe2a36934fce405538f3d94d94dff72df178d27e75e9759915dbdeb795c8c7	22fe2a36934fce405538f3d94d94dff72df178d27e75e9759915dbdeb795c8c7	0			True
02_07	execution_prices	float64	100x300x2	b413708e5aa804057e7941598fce59e53d99546f738f2c3f1f6d93f4f6818675	b413708e5aa804057e7941598fce59e53d99546f738f2c3f1f6d93f4f6818675	0	0.0	0	True
02_07	executed_quantities	int8	100x300x2	7b9fe3a2f96f8c4f11be2dab58cd57b0c1aca12fa69219dca7332d7b5d092e2f	7b9fe3a2f96f8c4f11be2dab58cd57b0c1aca12fa69219dca7332d7b5d092e2f	0			True
02_07	fees	float64	100x300	82c6e919e4ef50e97ad1baf60478224ad4b03efa06efb47bb702027e4bf89225	82c6e919e4ef50e97ad1baf60478224ad4b03efa06efb47bb702027e4bf89225	0	0.0	0	True
02_08	price	float64	100x301	ec62736580d610ecc58822dd8c450a84c93753a35471b5a1ca3b626ba7552358	ec62736580d610ecc58822dd8c450a84c93753a35471b5a1ca3b626ba7552358	0	0.0	0	True
02_08	signal	int8	100x301	768816d6116dba19cb8510f1453d89d0b29bc245fe69d231c4c2a3c984c2e296	768816d6116dba19cb8510f1453d89d0b29bc245fe69d231c4c2a3c984c2e296	0			True
02_08	cash	float64	100x301	bd01e691f6d04d7580c8797415698f3065c8e2c4b962625aad8758353eb7edf3	bd01e691f6d04d7580c8797415698f3065c8e2c4b962625aad8758353eb7edf3	0	0.0	0	True
02_08	inventory	int16	100x301	1f038463416f464db810f6417265e3076e8730fdb0e8c7492f8e20523041651e	1f038463416f464db810f6417265e3076e8730fdb0e8c7492f8e20523041651e	0			True
02_08	actions	int8	100x300	b54e69f463fe68f7818186b1acae790cb89685cfb4bdb35469d6381f7844a374	b54e69f463fe68f7818186b1acae790cb89685cfb4bdb35469d6381f7844a374	0			True
02_08	action_probability	float64	100x300	4f605db3228afc59cf84ecb778da1d102fd74a5c759c093f6671c8a2bedc87cc	4f605db3228afc59cf84ecb778da1d102fd74a5c759c093f6671c8a2bedc87cc	0	0.0	0	True
02_08	return_	float64	100x300	073e4d6386a11a7f411489a46414186f7c7ca098f2b9a8e961230add425a58a9	073e4d6386a11a7f411489a46414186f7c7ca098f2b9a8e961230add425a58a9	0	0.0	0	True
02_08	submitted	bool	100x300x2	20ed561171a81d8820b4e56b3b23774a1fe2bf23ea7f81feedddab452cf947e0	20ed561171a81d8820b4e56b3b23774a1fe2bf23ea7f81feedddab452cf947e0	0			True
02_08	fills	int8	100x300x2	4ab605426d6def15e98dc33b6e527cbff8f052c4ad97d478eb92a177eb1101bb	4ab605426d6def15e98dc33b6e527cbff8f052c4ad97d478eb92a177eb1101bb	0			True
02_08	execution_prices	float64	100x300x2	9444d162afa41d8341e59954d75160309b0377e8ed89dfb275ca3a4295e963d5	9444d162afa41d8341e59954d75160309b0377e8ed89dfb275ca3a4295e963d5	0	0.0	0	True
02_08	executed_quantities	int8	100x300x2	419aae7bdd85d31ee482c875669669b9bc27ca6f9d170ac132e029d2f0c3ba1f	419aae7bdd85d31ee482c875669669b9bc27ca6f9d170ac132e029d2f0c3ba1f	0			True
02_08	fees	float64	100x300	f2b54b823a51b98f19c82b0d003fc2f7b5a0965ecb47c1d196bab6bd6f567f54	f2b54b823a51b98f19c82b0d003fc2f7b5a0965ecb47c1d196bab6bd6f567f54	0	0.0	0	True
02_09	price	float64	100x301	c2670e677b3674d16075a5b9c79865fd24e5657a006a44e425f00eaa478bee5f	c2670e677b3674d16075a5b9c79865fd24e5657a006a44e425f00eaa478bee5f	0	0.0	0	True
02_09	signal	int8	100x301	fde1d8db69123cce40db634b93cb22bd6ab2b9e46d3b86d4c91d695081886fe9	fde1d8db69123cce40db634b93cb22bd6ab2b9e46d3b86d4c91d695081886fe9	0			True
02_09	cash	float64	100x301	b7650febc864a9c6879562202c55886caa01283ec5fb03333f14fc736201a6e9	b7650febc864a9c6879562202c55886caa01283ec5fb03333f14fc736201a6e9	0	0.0	0	True
02_09	inventory	int16	100x301	592fd2cacfed4f9a8a0c29fd13854fca5c3dccb61d2c7c7788427cd4de602264	592fd2cacfed4f9a8a0c29fd13854fca5c3dccb61d2c7c7788427cd4de602264	0			True
02_09	actions	int8	100x300	4c9dcb7e7dbeadb9404d481571bb93e9f390c0273db9a42cb8084912f61496df	4c9dcb7e7dbeadb9404d481571bb93e9f390c0273db9a42cb8084912f61496df	0			True
02_09	action_probability	float64	100x300	28182f2670564cfc0c26a0649887da903b109b8844ecc680fe7d3d4b5d8aa236	28182f2670564cfc0c26a0649887da903b109b8844ecc680fe7d3d4b5d8aa236	0	0.0	0	True
02_09	return_	float64	100x300	bf7d4d6726df273133cf7dc126a27581f07aac781708a668df92845ae4fc37bf	bf7d4d6726df273133cf7dc126a27581f07aac781708a668df92845ae4fc37bf	0	0.0	0	True
02_09	submitted	bool	100x300x2	4b7d5da19ab2a4d47e9b944296e441dcaff029bec85e02a9e0a9c651d7544345	4b7d5da19ab2a4d47e9b944296e441dcaff029bec85e02a9e0a9c651d7544345	0			True
02_09	fills	int8	100x300x2	05f03ca2b57e3fdaa6ef90b709b87f399e2fc878c0546e111e3404ee26387562	05f03ca2b57e3fdaa6ef90b709b87f399e2fc878c0546e111e3404ee26387562	0			True
02_09	execution_prices	float64	100x300x2	845053501d83ee252e20f66350bfa0cd1650347e0e08a62fdc4cd2d52f0294a4	845053501d83ee252e20f66350bfa0cd1650347e0e08a62fdc4cd2d52f0294a4	0	0.0	0	True
02_09	executed_quantities	int8	100x300x2	6d09965334f337c823835c5607c32c00944da24e85c997eee4cba7f1b4048615	6d09965334f337c823835c5607c32c00944da24e85c997eee4cba7f1b4048615	0			True
02_09	fees	float64	100x300	8714b403ef5b106982523d287ae3b3e42c01e6880dfa0d76596186dec8a7e387	8714b403ef5b106982523d287ae3b3e42c01e6880dfa0d76596186dec8a7e387	0	0.0	0	True
03_00	price	float64	100x301	fac91bb0e317cb6d096b6f99a68d3963e584b7ed04b93ea993ce81175f2ca8d5	fac91bb0e317cb6d096b6f99a68d3963e584b7ed04b93ea993ce81175f2ca8d5	0	0.0	0	True
03_00	signal	int8	100x301	a13ee8ba92d029db063a1e906393ee97285382eebb60014551c21851f5f4e5db	a13ee8ba92d029db063a1e906393ee97285382eebb60014551c21851f5f4e5db	0			True
03_00	cash	float64	100x301	9c9178aa823afa0dfc0bc331f71f94c259ddf98b6322416a62946cc83545583a	9c9178aa823afa0dfc0bc331f71f94c259ddf98b6322416a62946cc83545583a	0	0.0	0	True
03_00	inventory	int16	100x301	479b0438de043068f37c5122d3208a46cf6b0df649060cc71ee95504ec8fac6a	479b0438de043068f37c5122d3208a46cf6b0df649060cc71ee95504ec8fac6a	0			True
03_00	actions	int8	100x300	5ce1ac9b3bbc872d7025f35b408326545aa576cbfd6653fcf63ff9833f24510f	5ce1ac9b3bbc872d7025f35b408326545aa576cbfd6653fcf63ff9833f24510f	0			True
03_00	action_probability	float64	100x300	9f8364f84767a4b48a2d534df4835e58499a5f4f913f2bbabe8a6b0e936137f7	9f8364f84767a4b48a2d534df4835e58499a5f4f913f2bbabe8a6b0e936137f7	0	0.0	0	True
03_00	return_	float64	100x300	e36074c9a6e4ada6676ad8c4bf0febe0701d59eb42271c150c88a282b7c124b0	e36074c9a6e4ada6676ad8c4bf0febe0701d59eb42271c150c88a282b7c124b0	0	0.0	0	True
03_00	submitted	bool	100x300x2	be50e24040b91a9a2f63a836f49e37af8f1ffd30dd8caf097e0cdf4dd5f97bff	be50e24040b91a9a2f63a836f49e37af8f1ffd30dd8caf097e0cdf4dd5f97bff	0			True
03_00	fills	int8	100x300x2	6aeb5bb3715185231939451c70a00d0e2d403087ed795cc8ca9bc9588d0c6256	6aeb5bb3715185231939451c70a00d0e2d403087ed795cc8ca9bc9588d0c6256	0			True
03_00	execution_prices	float64	100x300x2	e2215525ca1234aaf7d69f3b8765346d7f1531ef10d04ffa8e152a52acdbeb0a	e2215525ca1234aaf7d69f3b8765346d7f1531ef10d04ffa8e152a52acdbeb0a	0	0.0	0	True
03_00	executed_quantities	int8	100x300x2	e9b7959e966362726449d2ad4af859940dd885678552526ca84323f9331c094f	e9b7959e966362726449d2ad4af859940dd885678552526ca84323f9331c094f	0			True
03_00	fees	float64	100x300	16d37d353b333031377317afcac1d2bddf0479e093830b41ca1ce67c44f07a8e	16d37d353b333031377317afcac1d2bddf0479e093830b41ca1ce67c44f07a8e	0	0.0	0	True
03_01	price	float64	100x301	363684306947dfba2a4a050b7f485bec0821e3d703fb61db32ffebc4ffeb6e23	363684306947dfba2a4a050b7f485bec0821e3d703fb61db32ffebc4ffeb6e23	0	0.0	0	True
03_01	signal	int8	100x301	0156777163e5a357e8c0d706fe2c99981ca710a7d78895731152ebc909d274e9	0156777163e5a357e8c0d706fe2c99981ca710a7d78895731152ebc909d274e9	0			True
03_01	cash	float64	100x301	d24125220a6c71744a3a52b83a07d4e8b65941998f78a3911bdcb5e018b56509	d24125220a6c71744a3a52b83a07d4e8b65941998f78a3911bdcb5e018b56509	0	0.0	0	True
03_01	inventory	int16	100x301	0f7f0be744f1e5c7950692abc0aa3dd240b3dc10f80b9e7732ae737169ca6adb	0f7f0be744f1e5c7950692abc0aa3dd240b3dc10f80b9e7732ae737169ca6adb	0			True
03_01	actions	int8	100x300	ba1f85ad9167434128dfb010c1203aa6a4efcafc947865e978506e52d2c1213a	ba1f85ad9167434128dfb010c1203aa6a4efcafc947865e978506e52d2c1213a	0			True
03_01	action_probability	float64	100x300	e6f9225b1c692a91541cd80db5fb75d827834e3970d29b4840790f6ad195e6fa	e6f9225b1c692a91541cd80db5fb75d827834e3970d29b4840790f6ad195e6fa	0	0.0	0	True
03_01	return_	float64	100x300	e4188df0bfe8aba0882a4a779d32826884f8ac2d00093e3847b8efbdd89d1e44	e4188df0bfe8aba0882a4a779d32826884f8ac2d00093e3847b8efbdd89d1e44	0	0.0	0	True
03_01	submitted	bool	100x300x2	62140e072961e26816449c1b02480cf9595e1a14466c6e1fe81354bf51bc07ae	62140e072961e26816449c1b02480cf9595e1a14466c6e1fe81354bf51bc07ae	0			True
03_01	fills	int8	100x300x2	03532b84dd585e03c8cc051ebe1ff0fb2d6c4ffe2abed939fb38ddf1e3143d9c	03532b84dd585e03c8cc051ebe1ff0fb2d6c4ffe2abed939fb38ddf1e3143d9c	0			True
03_01	execution_prices	float64	100x300x2	0a8616ece08a9fa8eae199971f1d8df7a8e0da5b7aabc3bba83878efae9f29af	0a8616ece08a9fa8eae199971f1d8df7a8e0da5b7aabc3bba83878efae9f29af	0	0.0	0	True
03_01	executed_quantities	int8	100x300x2	b2b0de5f24c4e1aa5f33799ae8a09e5116a6370476bcf1b582065227ac4ec85f	b2b0de5f24c4e1aa5f33799ae8a09e5116a6370476bcf1b582065227ac4ec85f	0			True
03_01	fees	float64	100x300	75a860b25b8fa4ae26ef3c45689359d6e37fc78a5fa86feb6167ae5767f649e0	75a860b25b8fa4ae26ef3c45689359d6e37fc78a5fa86feb6167ae5767f649e0	0	0.0	0	True
03_02	price	float64	100x301	4ff5ef04cc51470ff573b01feece404173d4ecb83a1012ff49d7866725fc3dcb	4ff5ef04cc51470ff573b01feece404173d4ecb83a1012ff49d7866725fc3dcb	0	0.0	0	True
03_02	signal	int8	100x301	e9b544aa78bcdacfae75beadf0e864a6011983fe526e170bae19510ad2113086	e9b544aa78bcdacfae75beadf0e864a6011983fe526e170bae19510ad2113086	0			True
03_02	cash	float64	100x301	1be07f18083b90607e6443698bf7e9adac19afc227bccf40e3e4967e3a249b4c	1be07f18083b90607e6443698bf7e9adac19afc227bccf40e3e4967e3a249b4c	0	0.0	0	True
03_02	inventory	int16	100x301	2026e154cc25c85a742f413d387c25d42a201d467c7dc12d03823392bd695b6c	2026e154cc25c85a742f413d387c25d42a201d467c7dc12d03823392bd695b6c	0			True
03_02	actions	int8	100x300	2ccf2adad5aa5430fb893ff29df11202cc4261dea5838229e7a7c7d6e559974b	2ccf2adad5aa5430fb893ff29df11202cc4261dea5838229e7a7c7d6e559974b	0			True
03_02	action_probability	float64	100x300	a9d39a54354b7b237f1a86ead1ea65b58e1efa504394d2ae579df7640ec71735	a9d39a54354b7b237f1a86ead1ea65b58e1efa504394d2ae579df7640ec71735	0	0.0	0	True
03_02	return_	float64	100x300	6fd31a2425f267e85add658cf386283768d8b5a0a0e4e08d9d699174d686d626	6fd31a2425f267e85add658cf386283768d8b5a0a0e4e08d9d699174d686d626	0	0.0	0	True
03_02	submitted	bool	100x300x2	49c783bcc2e78c57b2ded099e91e4acedc0a9b96a31f4a0b4c98eafab80ec782	49c783bcc2e78c57b2ded099e91e4acedc0a9b96a31f4a0b4c98eafab80ec782	0			True
03_02	fills	int8	100x300x2	47af895b6bd05e67bb6c1e3ecfc499880adf1cbf0ab7834f542f4347b733b25c	47af895b6bd05e67bb6c1e3ecfc499880adf1cbf0ab7834f542f4347b733b25c	0			True
03_02	execution_prices	float64	100x300x2	0459c81ddb1c36aa54024833d1a0dbaf4eb8f66c93635a87f5e59ce46a6baa0a	0459c81ddb1c36aa54024833d1a0dbaf4eb8f66c93635a87f5e59ce46a6baa0a	0	0.0	0	True
03_02	executed_quantities	int8	100x300x2	24a2d6eccaef9c144292831b02983020903878c9c53fc76952a2e4918ade32aa	24a2d6eccaef9c144292831b02983020903878c9c53fc76952a2e4918ade32aa	0			True
03_02	fees	float64	100x300	10236282bea2783ef9616fde55c56afe9d3f702335dc53e21bf66726b48675f1	10236282bea2783ef9616fde55c56afe9d3f702335dc53e21bf66726b48675f1	0	0.0	0	True
03_03	price	float64	100x301	6cbaaaef72d7ef79e9171a24eb94760599359ca725ecb7319b4bd8e00f92a661	6cbaaaef72d7ef79e9171a24eb94760599359ca725ecb7319b4bd8e00f92a661	0	0.0	0	True
03_03	signal	int8	100x301	e1293f453165343573de9e16dd321a1afd341544df7cb1c611b746c7b49c65ad	e1293f453165343573de9e16dd321a1afd341544df7cb1c611b746c7b49c65ad	0			True
03_03	cash	float64	100x301	adc3a1652031fe2c54122f33fff226467ab553d003588be736eb6951d87a8d32	adc3a1652031fe2c54122f33fff226467ab553d003588be736eb6951d87a8d32	0	0.0	0	True
03_03	inventory	int16	100x301	f90ec5f1a0bb8e5bf8ec9f9619a41d0b400ae99c6bf0f21f4eba0ed641f28efa	f90ec5f1a0bb8e5bf8ec9f9619a41d0b400ae99c6bf0f21f4eba0ed641f28efa	0			True
03_03	actions	int8	100x300	9dcd3bf4e8189b230249881cb92cb10b404b89038275eac39e60d4cbb970d054	9dcd3bf4e8189b230249881cb92cb10b404b89038275eac39e60d4cbb970d054	0			True
03_03	action_probability	float64	100x300	6143ca3ebb7669c7c9bbba3c51071271063773dd5c703a296a4eb5081a25a327	6143ca3ebb7669c7c9bbba3c51071271063773dd5c703a296a4eb5081a25a327	0	0.0	0	True
03_03	return_	float64	100x300	434674ef3d08198e03fcba2c3919b8bc99c9277f63451463e5218a72696b5c89	434674ef3d08198e03fcba2c3919b8bc99c9277f63451463e5218a72696b5c89	0	0.0	0	True
03_03	submitted	bool	100x300x2	32e15b5600a585ef7b8f97af1cadce9336975abc7ae370aeabd1e34ffede4d5e	32e15b5600a585ef7b8f97af1cadce9336975abc7ae370aeabd1e34ffede4d5e	0			True
03_03	fills	int8	100x300x2	86ea3f5ef261895a7bed8c24fe007093ffdfd9ecc3c5e29462e2b2d7f22b426e	86ea3f5ef261895a7bed8c24fe007093ffdfd9ecc3c5e29462e2b2d7f22b426e	0			True
03_03	execution_prices	float64	100x300x2	2b4314295d5b68e9185e7a50b8b60dac5d9c9f9d0c02784dae202176cb6ca063	2b4314295d5b68e9185e7a50b8b60dac5d9c9f9d0c02784dae202176cb6ca063	0	0.0	0	True
03_03	executed_quantities	int8	100x300x2	92eb09d00da10a340b31702055c0ef6c10889217ba6081982b6c53de176c21ae	92eb09d00da10a340b31702055c0ef6c10889217ba6081982b6c53de176c21ae	0			True
03_03	fees	float64	100x300	3c8f6d4a5dc0fc14d1d606141f6b7745ce9dcfb504d35777c0ea84dc3cea16be	3c8f6d4a5dc0fc14d1d606141f6b7745ce9dcfb504d35777c0ea84dc3cea16be	0	0.0	0	True
03_04	price	float64	100x301	6452bd451e7074e366efaf2575384cf06dd99d24a811ab05bdf4b316bd641205	6452bd451e7074e366efaf2575384cf06dd99d24a811ab05bdf4b316bd641205	0	0.0	0	True
03_04	signal	int8	100x301	7c763e9ddb71fc9f26456a5a11998bbdb68dafd7d3b6ecad163b8c702b0b5c7b	7c763e9ddb71fc9f26456a5a11998bbdb68dafd7d3b6ecad163b8c702b0b5c7b	0			True
03_04	cash	float64	100x301	b83ef66be7099bd837a4388644462a4138826593d5850fefeb0bbb43df977514	b83ef66be7099bd837a4388644462a4138826593d5850fefeb0bbb43df977514	0	0.0	0	True
03_04	inventory	int16	100x301	61432b78bd01801e03754c717abb7e0f1b5a9e67113f4db772f69b0ca128329b	61432b78bd01801e03754c717abb7e0f1b5a9e67113f4db772f69b0ca128329b	0			True
03_04	actions	int8	100x300	97f989fc66fb4ead5985c92d127e83fb85e9c6090787d0b07fd4eec61f3ae736	97f989fc66fb4ead5985c92d127e83fb85e9c6090787d0b07fd4eec61f3ae736	0			True
03_04	action_probability	float64	100x300	533f4712d8bae001c6deacd1592cbc1062b2657a9674ec844636e3a1039d64f6	533f4712d8bae001c6deacd1592cbc1062b2657a9674ec844636e3a1039d64f6	0	0.0	0	True
03_04	return_	float64	100x300	09ffdb98875fd8554ca80a6e6f6588d7919a02a3eb805ff456826ee7c0795a3c	09ffdb98875fd8554ca80a6e6f6588d7919a02a3eb805ff456826ee7c0795a3c	0	0.0	0	True
03_04	submitted	bool	100x300x2	64c107c667923bd6850ff5f988a796ecaef8754c33827bc39e7b9bbd782e4d5e	64c107c667923bd6850ff5f988a796ecaef8754c33827bc39e7b9bbd782e4d5e	0			True
03_04	fills	int8	100x300x2	e78d874e21bded008cf5f88eb0bbe8095be9fd52afbe05ee486a644c33f2350d	e78d874e21bded008cf5f88eb0bbe8095be9fd52afbe05ee486a644c33f2350d	0			True
03_04	execution_prices	float64	100x300x2	5fe170f6a2e70bd2ea1b90b9035849dd2fea186b7c31fc31ddccf99bcc04a52e	5fe170f6a2e70bd2ea1b90b9035849dd2fea186b7c31fc31ddccf99bcc04a52e	0	0.0	0	True
03_04	executed_quantities	int8	100x300x2	15a28e3c802df783382a72a4f2e10da40b0b47e73bb6f3fa94ebb5f04fda45b1	15a28e3c802df783382a72a4f2e10da40b0b47e73bb6f3fa94ebb5f04fda45b1	0			True
03_04	fees	float64	100x300	bf28c1f8d18f391962c89fc492a98e50dd89ab8334f1c8e1006c847f12f9f043	bf28c1f8d18f391962c89fc492a98e50dd89ab8334f1c8e1006c847f12f9f043	0	0.0	0	True
03_05	price	float64	100x301	70306b8bd43abc305474b8854ed173562d95dc9286fdba37504d5c5749c0fc31	70306b8bd43abc305474b8854ed173562d95dc9286fdba37504d5c5749c0fc31	0	0.0	0	True
03_05	signal	int8	100x301	dc3b6168e3fc89a226b7f30a33aaf325445678522d4686cb6626e49e4ca06009	dc3b6168e3fc89a226b7f30a33aaf325445678522d4686cb6626e49e4ca06009	0			True
03_05	cash	float64	100x301	a5657e8dc04dc9afd165edc878b033892695ef3234a398b936ae3e233026fa28	a5657e8dc04dc9afd165edc878b033892695ef3234a398b936ae3e233026fa28	0	0.0	0	True
03_05	inventory	int16	100x301	850d39c0bf65c9c3ec497026aa1235dc582dfc7cc1a935441dc163dc383cd598	850d39c0bf65c9c3ec497026aa1235dc582dfc7cc1a935441dc163dc383cd598	0			True
03_05	actions	int8	100x300	67a74deb97e77ed18507b75681d36115b5cc8b294b37f9eed80b6b1e82d07e39	67a74deb97e77ed18507b75681d36115b5cc8b294b37f9eed80b6b1e82d07e39	0			True
03_05	action_probability	float64	100x300	001da3402083b3a1c9f76d40ed8b038ad49be272dc7915d4961fb16a969af3d3	001da3402083b3a1c9f76d40ed8b038ad49be272dc7915d4961fb16a969af3d3	0	0.0	0	True
03_05	return_	float64	100x300	b6dcdc4a5de7d347cb7cd4933b4a43a825ea6bfe948d40ecac25afa4e3b66213	b6dcdc4a5de7d347cb7cd4933b4a43a825ea6bfe948d40ecac25afa4e3b66213	0	0.0	0	True
03_05	submitted	bool	100x300x2	e8961af562f6835ac53d2ff312b27623e398d8474c6ca12ecebb854b14a61e35	e8961af562f6835ac53d2ff312b27623e398d8474c6ca12ecebb854b14a61e35	0			True
03_05	fills	int8	100x300x2	a79ae091079a78cd2d27779cd77ca12f289f49381d6a46d524d136fb3a8a7e2f	a79ae091079a78cd2d27779cd77ca12f289f49381d6a46d524d136fb3a8a7e2f	0			True
03_05	execution_prices	float64	100x300x2	f4953b7e87341d4a79c3c9d913d62ee7fe1b665a156ccc354cb7ce19337162f9	f4953b7e87341d4a79c3c9d913d62ee7fe1b665a156ccc354cb7ce19337162f9	0	0.0	0	True
03_05	executed_quantities	int8	100x300x2	69b0b8c21c8e46053f55eccc1339a6917bb20bb5a512e9f43ffe9164891637be	69b0b8c21c8e46053f55eccc1339a6917bb20bb5a512e9f43ffe9164891637be	0			True
03_05	fees	float64	100x300	e479e359724b2b7003878d75fb3a828baa49191c35346776d703845b5534c94a	e479e359724b2b7003878d75fb3a828baa49191c35346776d703845b5534c94a	0	0.0	0	True
03_06	price	float64	100x301	97260213379352df1ecff38d3c3a59ca45e024e9adf8f2ea324b813591e46085	97260213379352df1ecff38d3c3a59ca45e024e9adf8f2ea324b813591e46085	0	0.0	0	True
03_06	signal	int8	100x301	c78b67cda4dc6947a79c6438a792d403564d98cb2b1d18c68ef0fc814704af85	c78b67cda4dc6947a79c6438a792d403564d98cb2b1d18c68ef0fc814704af85	0			True
03_06	cash	float64	100x301	21a9231c37b9bd7061cbe89f245258b68fff44f0c6857be68c59f510cb8f1883	21a9231c37b9bd7061cbe89f245258b68fff44f0c6857be68c59f510cb8f1883	0	0.0	0	True
03_06	inventory	int16	100x301	3863f68569e6f9be61075a1529bbfad6c370a4be47b60f1af8e7e30ee8efbfbe	3863f68569e6f9be61075a1529bbfad6c370a4be47b60f1af8e7e30ee8efbfbe	0			True
03_06	actions	int8	100x300	afdec700fcb149851c444765d8ba7d3a4f6b5874900c760e3059f3382413083c	afdec700fcb149851c444765d8ba7d3a4f6b5874900c760e3059f3382413083c	0			True
03_06	action_probability	float64	100x300	83f14060b6c210810e4a7c50b023b2c82db8f112e2ad1700ab7025c1d72fdab3	83f14060b6c210810e4a7c50b023b2c82db8f112e2ad1700ab7025c1d72fdab3	0	0.0	0	True
03_06	return_	float64	100x300	2e00106c3669a7f9935489f74b299fee920ae40b600ee201cd4c0fe5735cdf97	2e00106c3669a7f9935489f74b299fee920ae40b600ee201cd4c0fe5735cdf97	0	0.0	0	True
03_06	submitted	bool	100x300x2	41731ddecbf50b9b80fb2f13aa83c1bad216332b265a743f6e6b748827423f60	41731ddecbf50b9b80fb2f13aa83c1bad216332b265a743f6e6b748827423f60	0			True
03_06	fills	int8	100x300x2	0e30ac2f4f33d0f12068b09bdeb8135006a2bdabbb7d62d97efe56c7caca51c4	0e30ac2f4f33d0f12068b09bdeb8135006a2bdabbb7d62d97efe56c7caca51c4	0			True
03_06	execution_prices	float64	100x300x2	f77b6ccaed6a508ca4463d6dc1dfef5db17a0be7bb100dba4587838e735f7940	f77b6ccaed6a508ca4463d6dc1dfef5db17a0be7bb100dba4587838e735f7940	0	0.0	0	True
03_06	executed_quantities	int8	100x300x2	a4250a97982fb2ecd29cafb250c6ab19ca0e37602aeb6f927deb2c2bb6cba1e9	a4250a97982fb2ecd29cafb250c6ab19ca0e37602aeb6f927deb2c2bb6cba1e9	0			True
03_06	fees	float64	100x300	7de5cd6795b833f7bec0b49c728010c6e12f0c45b191f07a2ba581a2f44687ea	7de5cd6795b833f7bec0b49c728010c6e12f0c45b191f07a2ba581a2f44687ea	0	0.0	0	True
03_07	price	float64	100x301	8ef2fef78e6584d60f77efc4047b595b2ac7504502d07785d9e0129f2944a24e	8ef2fef78e6584d60f77efc4047b595b2ac7504502d07785d9e0129f2944a24e	0	0.0	0	True
03_07	signal	int8	100x301	2b93b5070c0021ebab8d028a26e12cac480c2ffe1b616692bebf87acbc3258d9	2b93b5070c0021ebab8d028a26e12cac480c2ffe1b616692bebf87acbc3258d9	0			True
03_07	cash	float64	100x301	28f55145661375652456fb58821338f9aff84af75e982b618ec1e9dc31cc004c	28f55145661375652456fb58821338f9aff84af75e982b618ec1e9dc31cc004c	0	0.0	0	True
03_07	inventory	int16	100x301	3cb541c2c7a41315b6b6f87b623ba86f35526e37692f3a67761ac1d9be2fd70b	3cb541c2c7a41315b6b6f87b623ba86f35526e37692f3a67761ac1d9be2fd70b	0			True
03_07	actions	int8	100x300	d0cb94df44d669157e5f9c18bbc6010c8a94ff94784894088947689216ce4187	d0cb94df44d669157e5f9c18bbc6010c8a94ff94784894088947689216ce4187	0			True
03_07	action_probability	float64	100x300	afd59de623ff785aa9216af1de001e4b42e37ef9e91044c47a9270a1df779e7b	afd59de623ff785aa9216af1de001e4b42e37ef9e91044c47a9270a1df779e7b	0	0.0	0	True
03_07	return_	float64	100x300	86a98b3b178d09412abde0ba838bb0d852c78588799e23c4fb154707d3fbf74b	86a98b3b178d09412abde0ba838bb0d852c78588799e23c4fb154707d3fbf74b	0	0.0	0	True
03_07	submitted	bool	100x300x2	a4e6f44973e269b66c29d6202a8c6700622eef09804a54f2cfd6e0a0835ae61e	a4e6f44973e269b66c29d6202a8c6700622eef09804a54f2cfd6e0a0835ae61e	0			True
03_07	fills	int8	100x300x2	ec5299696942009e86f2cfecd62748416d5a03dca60d32564d0d48e1bf95d655	ec5299696942009e86f2cfecd62748416d5a03dca60d32564d0d48e1bf95d655	0			True
03_07	execution_prices	float64	100x300x2	5860eb3f54f847a63edc8b21b4805a42eb9240bf5d99735d3ce6cc5c925a16e9	5860eb3f54f847a63edc8b21b4805a42eb9240bf5d99735d3ce6cc5c925a16e9	0	0.0	0	True
03_07	executed_quantities	int8	100x300x2	3659ff3587f26a3826da0a93b4efb9b03a2a99ec7c4e4b6a48c3b3c86ac02264	3659ff3587f26a3826da0a93b4efb9b03a2a99ec7c4e4b6a48c3b3c86ac02264	0			True
03_07	fees	float64	100x300	606e9b3de9d2445302f66707a24afc0fe235aad36ab4b98a5468367920d574f7	606e9b3de9d2445302f66707a24afc0fe235aad36ab4b98a5468367920d574f7	0	0.0	0	True
03_08	price	float64	100x301	29c0888604b19891cbbe2a359b399a16485b2012d08511c598bbf08a43dc6a43	29c0888604b19891cbbe2a359b399a16485b2012d08511c598bbf08a43dc6a43	0	0.0	0	True
03_08	signal	int8	100x301	e0876cc303996036e7fdb9100c6835bef9a88788fe2de041a710373a2430cc11	e0876cc303996036e7fdb9100c6835bef9a88788fe2de041a710373a2430cc11	0			True
03_08	cash	float64	100x301	bf3843c813e7ae482d7da26d9e77229a1bb47a2b4fb97420447ed228148ac04e	bf3843c813e7ae482d7da26d9e77229a1bb47a2b4fb97420447ed228148ac04e	0	0.0	0	True
03_08	inventory	int16	100x301	26d5f5a7cb80db7a81d084809f54a4e26ddd514b3f1ce62c3cb8ef5e2ce7c9f3	26d5f5a7cb80db7a81d084809f54a4e26ddd514b3f1ce62c3cb8ef5e2ce7c9f3	0			True
03_08	actions	int8	100x300	7cd7adb68e1b9b1dd7d0a08c92d790b35deb4364f0bdf516b830e718d1d46189	7cd7adb68e1b9b1dd7d0a08c92d790b35deb4364f0bdf516b830e718d1d46189	0			True
03_08	action_probability	float64	100x300	6ecded94e09a992424aca36ed3f5aad414a8d1a99c37d1aa274e8d817216b1b0	6ecded94e09a992424aca36ed3f5aad414a8d1a99c37d1aa274e8d817216b1b0	0	0.0	0	True
03_08	return_	float64	100x300	63903cf668be17ede1c2ea117bbe8bcea0b0911e2c48a24934249aa1b7bb3518	63903cf668be17ede1c2ea117bbe8bcea0b0911e2c48a24934249aa1b7bb3518	0	0.0	0	True
03_08	submitted	bool	100x300x2	57791261d14f1765317b5b3db0824adf26bae1c35372c20bd3ec184fc6872dad	57791261d14f1765317b5b3db0824adf26bae1c35372c20bd3ec184fc6872dad	0			True
03_08	fills	int8	100x300x2	8f5ef601be32bb03d4b7c37e2b3050fd94726b9572e73ee1e07d8d654fc54744	8f5ef601be32bb03d4b7c37e2b3050fd94726b9572e73ee1e07d8d654fc54744	0			True
03_08	execution_prices	float64	100x300x2	bbf8fc3992d1d05678f9fe53a9e685c7c3e61b7c19781e2d74b10dcc412fd67f	bbf8fc3992d1d05678f9fe53a9e685c7c3e61b7c19781e2d74b10dcc412fd67f	0	0.0	0	True
03_08	executed_quantities	int8	100x300x2	55c8355fdb98887b7349355137d27b349412b42e3da43e8c8913b25e275ccdff	55c8355fdb98887b7349355137d27b349412b42e3da43e8c8913b25e275ccdff	0			True
03_08	fees	float64	100x300	fb63b6a6a771185ad6706960fd05b36533cbbfbfabb8c2f5ca94da30f0819c73	fb63b6a6a771185ad6706960fd05b36533cbbfbfabb8c2f5ca94da30f0819c73	0	0.0	0	True
03_09	price	float64	100x301	f11f7da4f8fdb5e494388f22cfe0c3a76faf6e0c9adadf3424437b8f2feb55d9	f11f7da4f8fdb5e494388f22cfe0c3a76faf6e0c9adadf3424437b8f2feb55d9	0	0.0	0	True
03_09	signal	int8	100x301	e109df57b7395b88c4f9a16678c088a8c119fe50260c6650b14aeb93f2a8f988	e109df57b7395b88c4f9a16678c088a8c119fe50260c6650b14aeb93f2a8f988	0			True
03_09	cash	float64	100x301	b96a4d5c61fb0fb263d3310147957df6876774bb678cdee726d3c5a0f1d93135	b96a4d5c61fb0fb263d3310147957df6876774bb678cdee726d3c5a0f1d93135	0	0.0	0	True
03_09	inventory	int16	100x301	fd88e376826232c96254b3c9317545728207772505c186eb45b02c15f889e644	fd88e376826232c96254b3c9317545728207772505c186eb45b02c15f889e644	0			True
03_09	actions	int8	100x300	879961a4c2a5a4297e00e10e07e7d5617c589f0574019c106f1ef6d521794df7	879961a4c2a5a4297e00e10e07e7d5617c589f0574019c106f1ef6d521794df7	0			True
03_09	action_probability	float64	100x300	53462587410444451eec0c2e4cc3e84af66d04925440cc8657da208fffbf1aab	53462587410444451eec0c2e4cc3e84af66d04925440cc8657da208fffbf1aab	0	0.0	0	True
03_09	return_	float64	100x300	34b5a1a4ce8d15350900dd55c5b6ac382b23fcfde3f197202d09cc5cf7afd928	34b5a1a4ce8d15350900dd55c5b6ac382b23fcfde3f197202d09cc5cf7afd928	0	0.0	0	True
03_09	submitted	bool	100x300x2	9bc7c9a28a8be53a99c53bed8a3931805c114ce673cf9b7460935d6d9ee6304e	9bc7c9a28a8be53a99c53bed8a3931805c114ce673cf9b7460935d6d9ee6304e	0			True
03_09	fills	int8	100x300x2	2514a24fa05d71ce58482541ac0d9078b9762469b649ced10fded06770399361	2514a24fa05d71ce58482541ac0d9078b9762469b649ced10fded06770399361	0			True
03_09	execution_prices	float64	100x300x2	06f41ee4a4c25364396e71829da08a5e4245562f41d014afee2f68b207223c3f	06f41ee4a4c25364396e71829da08a5e4245562f41d014afee2f68b207223c3f	0	0.0	0	True
03_09	executed_quantities	int8	100x300x2	bc8464a97dfad2486f57a3acd2b2c3a5e5990250ab76afa30dafc3d43df44841	bc8464a97dfad2486f57a3acd2b2c3a5e5990250ab76afa30dafc3d43df44841	0			True
03_09	fees	float64	100x300	8d1fff0067eda725dcaf7f555a4b375d1e21ef7fd4da4b9bc0bf9462890c3f61	8d1fff0067eda725dcaf7f555a4b375d1e21ef7fd4da4b9bc0bf9462890c3f61	0	0.0	0	True
04_00	price	float64	100x301	4523d3e6c5c1cf3848b7156ca39564d3654360049d45627cf532195a0c53ac3e	4523d3e6c5c1cf3848b7156ca39564d3654360049d45627cf532195a0c53ac3e	0	0.0	0	True
04_00	signal	int8	100x301	d09aa6cef5536a4e806fae46c48b1b4a92c80c314dedf5d3dfe74ff5abe6e2db	d09aa6cef5536a4e806fae46c48b1b4a92c80c314dedf5d3dfe74ff5abe6e2db	0			True
04_00	cash	float64	100x301	457ee9fb73d1727c0cb90ee33c5e265e18c9a8ffcabbe76983e2053e11bdc6fe	457ee9fb73d1727c0cb90ee33c5e265e18c9a8ffcabbe76983e2053e11bdc6fe	0	0.0	0	True
04_00	inventory	int16	100x301	ae0770e9b380929b9155be3183e386d2dacfeaeadd39042163ef4398ed3f2608	ae0770e9b380929b9155be3183e386d2dacfeaeadd39042163ef4398ed3f2608	0			True
04_00	actions	int8	100x300	895979a4dc20b1b4ead1c1b9e7eb9a9eed44d948a713143d8df7852340c11af0	895979a4dc20b1b4ead1c1b9e7eb9a9eed44d948a713143d8df7852340c11af0	0			True
04_00	action_probability	float64	100x300	ff509c2f9770a8b3e66e3b8dfd48828d46ffdbf363108ca86a14a601738f7f0b	ff509c2f9770a8b3e66e3b8dfd48828d46ffdbf363108ca86a14a601738f7f0b	0	0.0	0	True
04_00	return_	float64	100x300	8941c3e88dbb9b3c903b8bdad47a0a973da7204e12f2d91349458242b8c278cd	8941c3e88dbb9b3c903b8bdad47a0a973da7204e12f2d91349458242b8c278cd	0	0.0	0	True
04_00	submitted	bool	100x300x2	3a0421d1ca7158d4052f19d3971410649398d6404105074110afaaa043b5fb20	3a0421d1ca7158d4052f19d3971410649398d6404105074110afaaa043b5fb20	0			True
04_00	fills	int8	100x300x2	f52bf30aacc50308742f6a8bb99feac6f0d9b5762655a18aa2f3861be1b00fb7	f52bf30aacc50308742f6a8bb99feac6f0d9b5762655a18aa2f3861be1b00fb7	0			True
04_00	execution_prices	float64	100x300x2	174e71aba1eec81798f153edbb9ab5cc9e90e4c0484f3a218c6f6b6424169fb6	174e71aba1eec81798f153edbb9ab5cc9e90e4c0484f3a218c6f6b6424169fb6	0	0.0	0	True
04_00	executed_quantities	int8	100x300x2	049b83f414ce9dfcadcf8a1ffd74289d3e6abba96326050748d9b425453e22f7	049b83f414ce9dfcadcf8a1ffd74289d3e6abba96326050748d9b425453e22f7	0			True
04_00	fees	float64	100x300	4a00b9d1ad13aab1ccda1925de5a44e068a46c6912529cfd383a7e7b01c13384	4a00b9d1ad13aab1ccda1925de5a44e068a46c6912529cfd383a7e7b01c13384	0	0.0	0	True
04_01	price	float64	100x301	4337472364f6e91facd6bdf75376e32e0ebb5046c874f36e96187b22210497d5	4337472364f6e91facd6bdf75376e32e0ebb5046c874f36e96187b22210497d5	0	0.0	0	True
04_01	signal	int8	100x301	bb584ef5b699c30feedc7dc23862d9903b8136ba0882566678a6d2e703869cbd	bb584ef5b699c30feedc7dc23862d9903b8136ba0882566678a6d2e703869cbd	0			True
04_01	cash	float64	100x301	d969d977fa48e4070b6a9823629c302d4da01b3e529be2b34982e2862a322914	d969d977fa48e4070b6a9823629c302d4da01b3e529be2b34982e2862a322914	0	0.0	0	True
04_01	inventory	int16	100x301	04f79462c1943047050b283c4968b092bdec3aaa52afb24c4221e18ce0225cf3	04f79462c1943047050b283c4968b092bdec3aaa52afb24c4221e18ce0225cf3	0			True
04_01	actions	int8	100x300	dda76ba8d14425f2598305b96354f1e6de5c007ae12a0cdfc0fcfce890ca4c1d	dda76ba8d14425f2598305b96354f1e6de5c007ae12a0cdfc0fcfce890ca4c1d	0			True
04_01	action_probability	float64	100x300	fe1e349523657d1423de7b57172c64cf9db2a23aed1f1aeb441d052f9ee970c0	fe1e349523657d1423de7b57172c64cf9db2a23aed1f1aeb441d052f9ee970c0	0	0.0	0	True
04_01	return_	float64	100x300	217a650fb3bf3d9093bc226d647d8da45561ac29ed9aefba64e5d44fb8e4e2d6	217a650fb3bf3d9093bc226d647d8da45561ac29ed9aefba64e5d44fb8e4e2d6	0	0.0	0	True
04_01	submitted	bool	100x300x2	49f64207503afbac9e181a1f3dfce355806a2ce25ba6c98e7690592c0f362888	49f64207503afbac9e181a1f3dfce355806a2ce25ba6c98e7690592c0f362888	0			True
04_01	fills	int8	100x300x2	ba0b2d73aa493db077d22e978660c7017a2e5a811dea36a88818b85b8aaa6efb	ba0b2d73aa493db077d22e978660c7017a2e5a811dea36a88818b85b8aaa6efb	0			True
04_01	execution_prices	float64	100x300x2	5f413fee500aa0cdfdc7144c870e65dd5ea4a3e8a7de403361e9f13cc1389f87	5f413fee500aa0cdfdc7144c870e65dd5ea4a3e8a7de403361e9f13cc1389f87	0	0.0	0	True
04_01	executed_quantities	int8	100x300x2	38cc7711d8e7de54d81655a2d420193f9be47454e0b34f1a4877b03823af2db6	38cc7711d8e7de54d81655a2d420193f9be47454e0b34f1a4877b03823af2db6	0			True
04_01	fees	float64	100x300	962377ce28a9bd3a3bba2933526989cf36401f38bcb405f628058245d0149822	962377ce28a9bd3a3bba2933526989cf36401f38bcb405f628058245d0149822	0	0.0	0	True
04_02	price	float64	100x301	33b9332cafb662fb201bdfce78d61a26b54ae2a30da1175ba36c3da7d691a08e	33b9332cafb662fb201bdfce78d61a26b54ae2a30da1175ba36c3da7d691a08e	0	0.0	0	True
04_02	signal	int8	100x301	a4050cfba366a78ece8b3d2bad00abc891add05e3e829686d577bbe5ea6155f6	a4050cfba366a78ece8b3d2bad00abc891add05e3e829686d577bbe5ea6155f6	0			True
04_02	cash	float64	100x301	40059db8c499b7b4e7ac80f847904cd1b2465e084b809adf3f5505736930d317	40059db8c499b7b4e7ac80f847904cd1b2465e084b809adf3f5505736930d317	0	0.0	0	True
04_02	inventory	int16	100x301	9a23416655a98029a4c4368fd2d2ee1816b0022abbf6a7f0aeaf0323b63a5e3a	9a23416655a98029a4c4368fd2d2ee1816b0022abbf6a7f0aeaf0323b63a5e3a	0			True
04_02	actions	int8	100x300	ebbad0097d9210eb0595c41636d43d3c3e2a3ea95b463541b09c22831dce3e75	ebbad0097d9210eb0595c41636d43d3c3e2a3ea95b463541b09c22831dce3e75	0			True
04_02	action_probability	float64	100x300	1620f93a56b6c7951482b8b416e5122bc56bc6b92374ac301a1a13e87c667cda	1620f93a56b6c7951482b8b416e5122bc56bc6b92374ac301a1a13e87c667cda	0	0.0	0	True
04_02	return_	float64	100x300	2bb328ab0cdf7170f60cdb313e7d26c31b9d26a54214b98d05a47a326e9c874e	2bb328ab0cdf7170f60cdb313e7d26c31b9d26a54214b98d05a47a326e9c874e	0	0.0	0	True
04_02	submitted	bool	100x300x2	2176d4cd96155541627bc6494b97032c8545e3e8cf5ec7b28e601dd5053bcc96	2176d4cd96155541627bc6494b97032c8545e3e8cf5ec7b28e601dd5053bcc96	0			True
04_02	fills	int8	100x300x2	9efcebea237dbc1b4bbc5eabc78a9a7cfd671faf3fb85f6ae3325372d46a16ce	9efcebea237dbc1b4bbc5eabc78a9a7cfd671faf3fb85f6ae3325372d46a16ce	0			True
04_02	execution_prices	float64	100x300x2	c859ec449b5ef65e6e1435068510b8c1d25c8f9b732fa046a27a424c27773700	c859ec449b5ef65e6e1435068510b8c1d25c8f9b732fa046a27a424c27773700	0	0.0	0	True
04_02	executed_quantities	int8	100x300x2	d335901751341044d6c76339e8321057558a01e28a75492ae338046b8b081538	d335901751341044d6c76339e8321057558a01e28a75492ae338046b8b081538	0			True
04_02	fees	float64	100x300	f822eaa0b1b03e783511e29f07cf0439a76a710d3d8becd5e439ac54310f2959	f822eaa0b1b03e783511e29f07cf0439a76a710d3d8becd5e439ac54310f2959	0	0.0	0	True
04_03	price	float64	100x301	48b54c32978d753a96e07a9921328306edc42a2b053f39db0b4a905f421c723f	48b54c32978d753a96e07a9921328306edc42a2b053f39db0b4a905f421c723f	0	0.0	0	True
04_03	signal	int8	100x301	8b9776be3ed753789b5829d52098fe8106aed49c43806ce7aa7f8107727c0c56	8b9776be3ed753789b5829d52098fe8106aed49c43806ce7aa7f8107727c0c56	0			True
04_03	cash	float64	100x301	d703c87de5e1f514d89a9ce268e122fd546dc0d61ca98cb3d9ffd83898ddbb64	d703c87de5e1f514d89a9ce268e122fd546dc0d61ca98cb3d9ffd83898ddbb64	0	0.0	0	True
04_03	inventory	int16	100x301	aa035e0dd3b4c6d8a98545343b5e0c3182187af9ed14cfb46712cd80ed5149ae	aa035e0dd3b4c6d8a98545343b5e0c3182187af9ed14cfb46712cd80ed5149ae	0			True
04_03	actions	int8	100x300	a0213cfe8760190c95156c64ad3b694450fd664fbbf05b9f9dba827295b4a6e7	a0213cfe8760190c95156c64ad3b694450fd664fbbf05b9f9dba827295b4a6e7	0			True
04_03	action_probability	float64	100x300	cf55fa3dd5d0e984c5924a1a4fcd5e2dac2776ac12e8ada42e9b16d2bdbd8465	cf55fa3dd5d0e984c5924a1a4fcd5e2dac2776ac12e8ada42e9b16d2bdbd8465	0	0.0	0	True
04_03	return_	float64	100x300	5c323b159b773a73ae76a2ff419bc8d0b7929d6b73d61e2fbdbf6a465592ab7f	5c323b159b773a73ae76a2ff419bc8d0b7929d6b73d61e2fbdbf6a465592ab7f	0	0.0	0	True
04_03	submitted	bool	100x300x2	d381a0734efa0b81a1020946dd68482474159b89e11bc09cd9e5e76b17938633	d381a0734efa0b81a1020946dd68482474159b89e11bc09cd9e5e76b17938633	0			True
04_03	fills	int8	100x300x2	c2abb228fd650539718901cff7e7e01b3efccf43238d52732817c07d6c5b834a	c2abb228fd650539718901cff7e7e01b3efccf43238d52732817c07d6c5b834a	0			True
04_03	execution_prices	float64	100x300x2	c64e17d639d48b31d00e7b3db3ec38b9e0cb79c78a886ea46868893eb4926475	c64e17d639d48b31d00e7b3db3ec38b9e0cb79c78a886ea46868893eb4926475	0	0.0	0	True
04_03	executed_quantities	int8	100x300x2	1427b8642c2f12618cae626f4902fa7b627786f7fd8fe1d1f75899af131cfef5	1427b8642c2f12618cae626f4902fa7b627786f7fd8fe1d1f75899af131cfef5	0			True
04_03	fees	float64	100x300	fb202e8b088c8b99b943a963b0a955630b2adef746b3f00f7a51c932553b7a8b	fb202e8b088c8b99b943a963b0a955630b2adef746b3f00f7a51c932553b7a8b	0	0.0	0	True
04_04	price	float64	100x301	7aefb2d88d6d6f90fdadb33dc534c8c76c700d1e0f49f1ac1481b7ea8a70b3b2	7aefb2d88d6d6f90fdadb33dc534c8c76c700d1e0f49f1ac1481b7ea8a70b3b2	0	0.0	0	True
04_04	signal	int8	100x301	595f11fd81446257f299baeb868a5992dbdaf6844458f7a7bb8ac2cb8aab83e4	595f11fd81446257f299baeb868a5992dbdaf6844458f7a7bb8ac2cb8aab83e4	0			True
04_04	cash	float64	100x301	a2055d1362ca8cc47ab9ad12d516c62a4b54ae68bd9fe0566c8d50c2ede73eca	a2055d1362ca8cc47ab9ad12d516c62a4b54ae68bd9fe0566c8d50c2ede73eca	0	0.0	0	True
04_04	inventory	int16	100x301	10a483ea7bd8fe211273af222857e559eca0412f92b6e1fd8df62ed02f71aa46	10a483ea7bd8fe211273af222857e559eca0412f92b6e1fd8df62ed02f71aa46	0			True
04_04	actions	int8	100x300	6786bad5e2f2d9ed61476e07a589c6f28c758883d7402b9346b265ffb02f8664	6786bad5e2f2d9ed61476e07a589c6f28c758883d7402b9346b265ffb02f8664	0			True
04_04	action_probability	float64	100x300	467bc59345e782b4b26f5ce57b9cb18f662df10d19313cd866f38d5a3988a6b8	467bc59345e782b4b26f5ce57b9cb18f662df10d19313cd866f38d5a3988a6b8	0	0.0	0	True
04_04	return_	float64	100x300	8ba3c3ffb39eee7da876608cf444f8285be2c01fe22708b98fa315dc94a0cc2e	8ba3c3ffb39eee7da876608cf444f8285be2c01fe22708b98fa315dc94a0cc2e	0	0.0	0	True
04_04	submitted	bool	100x300x2	11856c378d071b32c89a4630accf5c93a3adf24164eb409ec0a416123a2cebbc	11856c378d071b32c89a4630accf5c93a3adf24164eb409ec0a416123a2cebbc	0			True
04_04	fills	int8	100x300x2	fb651347616036927893adc1a897e6a6de54088fca46f2af1bd5775063624490	fb651347616036927893adc1a897e6a6de54088fca46f2af1bd5775063624490	0			True
04_04	execution_prices	float64	100x300x2	ab85250b3038095e5057b54c405dd9492bc796f60811c2b8d675b0f6080beb03	ab85250b3038095e5057b54c405dd9492bc796f60811c2b8d675b0f6080beb03	0	0.0	0	True
04_04	executed_quantities	int8	100x300x2	99551c4e4fa000dc5795a8c85f7caec549a0110bdbd74e4b1d5ca825d67adcf1	99551c4e4fa000dc5795a8c85f7caec549a0110bdbd74e4b1d5ca825d67adcf1	0			True
04_04	fees	float64	100x300	eb7ae2a982b300680a8a5370e4978b65ac1aa8cb0546777ce274e974ae948876	eb7ae2a982b300680a8a5370e4978b65ac1aa8cb0546777ce274e974ae948876	0	0.0	0	True
04_05	price	float64	100x301	1863a1be8b34ae42c5888c7c33e194abcbc1c5b6430f585c9c5dd25fa070dc0f	1863a1be8b34ae42c5888c7c33e194abcbc1c5b6430f585c9c5dd25fa070dc0f	0	0.0	0	True
04_05	signal	int8	100x301	32acb7a11d7a6b0d8570d12df14f0cbbe897fbdbb12a2cec84536d9e2b3c51f5	32acb7a11d7a6b0d8570d12df14f0cbbe897fbdbb12a2cec84536d9e2b3c51f5	0			True
04_05	cash	float64	100x301	642c13f24f3c0809c2e6315de6df01b56ca538706a35ca08f63380f31a5d5d9d	642c13f24f3c0809c2e6315de6df01b56ca538706a35ca08f63380f31a5d5d9d	0	0.0	0	True
04_05	inventory	int16	100x301	3a85be95154545bceaec8a387cf34c5729794bfe7af536cddae1f2d8d7284863	3a85be95154545bceaec8a387cf34c5729794bfe7af536cddae1f2d8d7284863	0			True
04_05	actions	int8	100x300	08b5e4802aab2925698d03db52092c21e09ad40461df462c2300580d977d48d2	08b5e4802aab2925698d03db52092c21e09ad40461df462c2300580d977d48d2	0			True
04_05	action_probability	float64	100x300	bba9c239ce6be0cb307191e7b32372768fb01ebd6e3862fb3e0f761233c97da5	bba9c239ce6be0cb307191e7b32372768fb01ebd6e3862fb3e0f761233c97da5	0	0.0	0	True
04_05	return_	float64	100x300	d969716bc2150a3411edf85903bf307876f8b5298849d43d8d65f7486f7763c2	d969716bc2150a3411edf85903bf307876f8b5298849d43d8d65f7486f7763c2	0	0.0	0	True
04_05	submitted	bool	100x300x2	7c159d400866a3b02a8bcdf99023b16f65eabf174b152ae5859a0e5d16994b74	7c159d400866a3b02a8bcdf99023b16f65eabf174b152ae5859a0e5d16994b74	0			True
04_05	fills	int8	100x300x2	6739ee1a78736e89e6d5535516d0277ab99507fcb2c2320da5ca6ea1ff7c8025	6739ee1a78736e89e6d5535516d0277ab99507fcb2c2320da5ca6ea1ff7c8025	0			True
04_05	execution_prices	float64	100x300x2	b584db500dde97435d692cff0482ab7f6c1126fa3e1d9b73a1d5cb567b61832a	b584db500dde97435d692cff0482ab7f6c1126fa3e1d9b73a1d5cb567b61832a	0	0.0	0	True
04_05	executed_quantities	int8	100x300x2	098b0d38ebba35ba023daaacc13aefba7860da50819e3b9be21fcadc4fcd9e51	098b0d38ebba35ba023daaacc13aefba7860da50819e3b9be21fcadc4fcd9e51	0			True
04_05	fees	float64	100x300	1098eabaf3ada7a2c1d6771a69bb410c8079245242e6cfecd73f5a0ae089b1d6	1098eabaf3ada7a2c1d6771a69bb410c8079245242e6cfecd73f5a0ae089b1d6	0	0.0	0	True
04_06	price	float64	100x301	5c8fc64bd158222de420abb1a75e7dffd6b63ad871f3e7add2ee915a1d55e737	5c8fc64bd158222de420abb1a75e7dffd6b63ad871f3e7add2ee915a1d55e737	0	0.0	0	True
04_06	signal	int8	100x301	5d80d04df318cf2a981d8b10d4e953c5b41fc6da3ca6e922a1eea690fe22f536	5d80d04df318cf2a981d8b10d4e953c5b41fc6da3ca6e922a1eea690fe22f536	0			True
04_06	cash	float64	100x301	31550d2a2ade8fe2d232f62e4ada001f9893a7a7d0e996ade85122b5747460b0	31550d2a2ade8fe2d232f62e4ada001f9893a7a7d0e996ade85122b5747460b0	0	0.0	0	True
04_06	inventory	int16	100x301	64016ef01dd55256e5331364bc6b4b09ae37b00644ebfc9ca6577f5e89bb7e4f	64016ef01dd55256e5331364bc6b4b09ae37b00644ebfc9ca6577f5e89bb7e4f	0			True
04_06	actions	int8	100x300	89751794ff988a86389f45c8670dfa3cfbf217dec82bd8ba30619b1d97bf964d	89751794ff988a86389f45c8670dfa3cfbf217dec82bd8ba30619b1d97bf964d	0			True
04_06	action_probability	float64	100x300	e5ae2e3570936743d56f9981916856700552a51639af8c2405fc890611409c8a	e5ae2e3570936743d56f9981916856700552a51639af8c2405fc890611409c8a	0	0.0	0	True
04_06	return_	float64	100x300	a9418c52fa67a4d025fe806c6fd4bb780c97189948674e0fbd3dd021af729bf5	a9418c52fa67a4d025fe806c6fd4bb780c97189948674e0fbd3dd021af729bf5	0	0.0	0	True
04_06	submitted	bool	100x300x2	ee9bd8917a08b805ad7b91c993a0f96f5a048e1dd6293c993f6a2ab2b190c263	ee9bd8917a08b805ad7b91c993a0f96f5a048e1dd6293c993f6a2ab2b190c263	0			True
04_06	fills	int8	100x300x2	bea372899bf5104b4fb36df93d90736fd8fb3ee5eaada4272a808107b989bbcf	bea372899bf5104b4fb36df93d90736fd8fb3ee5eaada4272a808107b989bbcf	0			True
04_06	execution_prices	float64	100x300x2	dbec8898712b68568954dd9eef1b1b14887b60529bdf24b32a5c26844794c534	dbec8898712b68568954dd9eef1b1b14887b60529bdf24b32a5c26844794c534	0	0.0	0	True
04_06	executed_quantities	int8	100x300x2	b01c79abe8be86cdaf30ed8a4c2dc4bee6be5ccb003a06535b4c8b7eaf8fc6fc	b01c79abe8be86cdaf30ed8a4c2dc4bee6be5ccb003a06535b4c8b7eaf8fc6fc	0			True
04_06	fees	float64	100x300	869f793a8b671ab79dd010fca07b7563271f459550e56145420ee23d570d5ad9	869f793a8b671ab79dd010fca07b7563271f459550e56145420ee23d570d5ad9	0	0.0	0	True
04_07	price	float64	100x301	3b39d50c709fc4ae870db191ca91ed81a21f83c865a76a1ee1a3d5804d00c9ee	3b39d50c709fc4ae870db191ca91ed81a21f83c865a76a1ee1a3d5804d00c9ee	0	0.0	0	True
04_07	signal	int8	100x301	524e7ba970901f3ed47f549f6fdf546f01fa81d908bf227a2be2099df558f711	524e7ba970901f3ed47f549f6fdf546f01fa81d908bf227a2be2099df558f711	0			True
04_07	cash	float64	100x301	23fd611dd087668dcfb4d44f5c8d3316be3e92824c05b2b18ec8dc89b73166c8	23fd611dd087668dcfb4d44f5c8d3316be3e92824c05b2b18ec8dc89b73166c8	0	0.0	0	True
04_07	inventory	int16	100x301	62fa78a8d5ea0e6d11bd2d663a5673519deb4f0a51394648d088334908bee7d2	62fa78a8d5ea0e6d11bd2d663a5673519deb4f0a51394648d088334908bee7d2	0			True
04_07	actions	int8	100x300	f9d049337c6b58812deff6d282f7206f16823e1d5599d331f4cffb3051ff90e8	f9d049337c6b58812deff6d282f7206f16823e1d5599d331f4cffb3051ff90e8	0			True
04_07	action_probability	float64	100x300	9167959f873c2b6df4f86a3f3676878424430c9bacb14f9a9d2ea5b6a51b6430	9167959f873c2b6df4f86a3f3676878424430c9bacb14f9a9d2ea5b6a51b6430	0	0.0	0	True
04_07	return_	float64	100x300	c67c5a564c03d911b329aee4263313dc4f6267d5667ec5ce2be2a4a989daf15e	c67c5a564c03d911b329aee4263313dc4f6267d5667ec5ce2be2a4a989daf15e	0	0.0	0	True
04_07	submitted	bool	100x300x2	567476fe4a0229fa3db4f52cf3831b40525f7f40878af8bc2303e9bdb60803ee	567476fe4a0229fa3db4f52cf3831b40525f7f40878af8bc2303e9bdb60803ee	0			True
04_07	fills	int8	100x300x2	f63f77d48c7923a541769213e191e2169984910efc92b7f6e90d79ba833bdf35	f63f77d48c7923a541769213e191e2169984910efc92b7f6e90d79ba833bdf35	0			True
04_07	execution_prices	float64	100x300x2	a6226733b88805462f1dd150fce92042bdb09d9316ceb3aad468761ebe8e504f	a6226733b88805462f1dd150fce92042bdb09d9316ceb3aad468761ebe8e504f	0	0.0	0	True
04_07	executed_quantities	int8	100x300x2	d342513202085a78d09c41f75cf239ab5344b2d31c2e3daa0485c666db81a76f	d342513202085a78d09c41f75cf239ab5344b2d31c2e3daa0485c666db81a76f	0			True
04_07	fees	float64	100x300	330e9b92901b4bc4c54c0f016c2fabf37fa30c20b0344be7dbc8814baab9855f	330e9b92901b4bc4c54c0f016c2fabf37fa30c20b0344be7dbc8814baab9855f	0	0.0	0	True
04_08	price	float64	100x301	456ae6384c0d0a544e0fabc5f4bdd8d0dd85068377a4a2b7c931b0877bd00879	456ae6384c0d0a544e0fabc5f4bdd8d0dd85068377a4a2b7c931b0877bd00879	0	0.0	0	True
04_08	signal	int8	100x301	c56d15623742fc0a53ea23408bfa967bca04c68770088e6ab7bd344bc076936e	c56d15623742fc0a53ea23408bfa967bca04c68770088e6ab7bd344bc076936e	0			True
04_08	cash	float64	100x301	96556afec58464289439900307155405e0ada44ae98c467b620bad933bba3b78	96556afec58464289439900307155405e0ada44ae98c467b620bad933bba3b78	0	0.0	0	True
04_08	inventory	int16	100x301	93093bbd2d9bb2031ed37f201f74fabff7cf5b6781020cae6a51a1b012472bfd	93093bbd2d9bb2031ed37f201f74fabff7cf5b6781020cae6a51a1b012472bfd	0			True
04_08	actions	int8	100x300	7f825bc0dd00cf49d4e26f13fbdb061eb517991660e52a32589cf5d441738732	7f825bc0dd00cf49d4e26f13fbdb061eb517991660e52a32589cf5d441738732	0			True
04_08	action_probability	float64	100x300	4f99162f656068111458c816a9822ecb0e3948af85359254a72aa9654541233c	4f99162f656068111458c816a9822ecb0e3948af85359254a72aa9654541233c	0	0.0	0	True
04_08	return_	float64	100x300	9e892c5d2776093441288fe109e0f79bd514a23a4438286321af8f0f70395a5e	9e892c5d2776093441288fe109e0f79bd514a23a4438286321af8f0f70395a5e	0	0.0	0	True
04_08	submitted	bool	100x300x2	3f06ffcd7a68f36585b518afdd5cb2721e156b5cedfc16dcf06a974200d87a1c	3f06ffcd7a68f36585b518afdd5cb2721e156b5cedfc16dcf06a974200d87a1c	0			True
04_08	fills	int8	100x300x2	255dc1cb6493876fa53aac0ac6061393bd03f8fa7e993ebfd126c5715da99694	255dc1cb6493876fa53aac0ac6061393bd03f8fa7e993ebfd126c5715da99694	0			True
04_08	execution_prices	float64	100x300x2	8d73c46277b7afae30c0bdb72a0d54feb9cc674e64bf33d9cdffa872f806b62c	8d73c46277b7afae30c0bdb72a0d54feb9cc674e64bf33d9cdffa872f806b62c	0	0.0	0	True
04_08	executed_quantities	int8	100x300x2	aa0d7194f7d497285e9a46517f5ca889525163bbde5c46d396b304e5ebbee15e	aa0d7194f7d497285e9a46517f5ca889525163bbde5c46d396b304e5ebbee15e	0			True
04_08	fees	float64	100x300	d19202eb679afb514abe584f471ef470516100dc5324b1e312eef491c27fa049	d19202eb679afb514abe584f471ef470516100dc5324b1e312eef491c27fa049	0	0.0	0	True
04_09	price	float64	100x301	7d12a037263f263e9f75ae8de7e82501ddc453a6dd3a5803a6815fe6a1997202	7d12a037263f263e9f75ae8de7e82501ddc453a6dd3a5803a6815fe6a1997202	0	0.0	0	True
04_09	signal	int8	100x301	48fd84d1bf47b573c1c1cec763fcce104ecb50a078824bed11ed37061e78b0d9	48fd84d1bf47b573c1c1cec763fcce104ecb50a078824bed11ed37061e78b0d9	0			True
04_09	cash	float64	100x301	a17c726c701027ecac49da498acc145bff42d0d5448234587d781f11bad0cf66	a17c726c701027ecac49da498acc145bff42d0d5448234587d781f11bad0cf66	0	0.0	0	True
04_09	inventory	int16	100x301	c528fedfa20997c93822813ad15a6a7273b45b137ce90cae2a252fe642d49561	c528fedfa20997c93822813ad15a6a7273b45b137ce90cae2a252fe642d49561	0			True
04_09	actions	int8	100x300	b7b2a3db8acce8cd1d6c78c420804341b01cf8d176bcfba77ccfd3e0e3a5b7c9	b7b2a3db8acce8cd1d6c78c420804341b01cf8d176bcfba77ccfd3e0e3a5b7c9	0			True
04_09	action_probability	float64	100x300	714c7f7cce1222ef4450946a04c1f08aa74701dceaf4bd3d19b62bbb44a7fa5d	714c7f7cce1222ef4450946a04c1f08aa74701dceaf4bd3d19b62bbb44a7fa5d	0	0.0	0	True
04_09	return_	float64	100x300	7638ffce5f4a55e4deb4d5b5ab4432180cc72733ab92459e59c92871d884667a	7638ffce5f4a55e4deb4d5b5ab4432180cc72733ab92459e59c92871d884667a	0	0.0	0	True
04_09	submitted	bool	100x300x2	c6437986a475070c2290a1e39d5773c1e77cf14211a8056a1bffb326e4a867b0	c6437986a475070c2290a1e39d5773c1e77cf14211a8056a1bffb326e4a867b0	0			True
04_09	fills	int8	100x300x2	3457feb1552cbd8fee156c932ff100abf1bf84c58553374603c329f2b400076f	3457feb1552cbd8fee156c932ff100abf1bf84c58553374603c329f2b400076f	0			True
04_09	execution_prices	float64	100x300x2	25298c5db0197f24ce05bf63062b06feeb6ecfbe377d530819afc8c8f9e9ab62	25298c5db0197f24ce05bf63062b06feeb6ecfbe377d530819afc8c8f9e9ab62	0	0.0	0	True
04_09	executed_quantities	int8	100x300x2	31e21e14d89f98139b4b7e6ede90e198121397511fde29ae5a9552e1257dee5d	31e21e14d89f98139b4b7e6ede90e198121397511fde29ae5a9552e1257dee5d	0			True
04_09	fees	float64	100x300	0f379942c68ec4456a198f27360a504ead8f4ade3f0c378d0b5585b96817d832	0f379942c68ec4456a198f27360a504ead8f4ade3f0c378d0b5585b96817d832	0	0.0	0	True
05_00	price	float64	100x301	9f8909394e8906b88685a4347a50a141be2c1418e6de20f1e381aa5ec0b1ce45	9f8909394e8906b88685a4347a50a141be2c1418e6de20f1e381aa5ec0b1ce45	0	0.0	0	True
05_00	signal	int8	100x301	dabb962bfa5abc3b2b3ea19326734b03f680c06c90d72c06f88d323df72b3406	dabb962bfa5abc3b2b3ea19326734b03f680c06c90d72c06f88d323df72b3406	0			True
05_00	cash	float64	100x301	a31ea1f6c6f79ce93baa5d5040c10a912de63ff772dd7faf542dacb1bebf37d0	a31ea1f6c6f79ce93baa5d5040c10a912de63ff772dd7faf542dacb1bebf37d0	0	0.0	0	True
05_00	inventory	int16	100x301	0066e7f9082c17465f9fbf6a67f29b76c9319e1b3e97ea5d1e6717283412fd41	0066e7f9082c17465f9fbf6a67f29b76c9319e1b3e97ea5d1e6717283412fd41	0			True
05_00	actions	int8	100x300	f17f8968e992da7a592403666af5c045238befe3c90129c508c7c54996585883	f17f8968e992da7a592403666af5c045238befe3c90129c508c7c54996585883	0			True
05_00	action_probability	float64	100x300	4a33347f33dbbd0ed32147a063f75b2145b86ebb2de90fdc1c5f392ab3bcecce	4a33347f33dbbd0ed32147a063f75b2145b86ebb2de90fdc1c5f392ab3bcecce	0	0.0	0	True
05_00	return_	float64	100x300	383f7119da3cb63e6c6a29cfe3cd19d6eff7aa16dace463785088d503d00e5fa	383f7119da3cb63e6c6a29cfe3cd19d6eff7aa16dace463785088d503d00e5fa	0	0.0	0	True
05_00	submitted	bool	100x300x2	44339c0d104e5284170f2ca8e1520b3c3559499e4695c2eeab8ad1eb6236215b	44339c0d104e5284170f2ca8e1520b3c3559499e4695c2eeab8ad1eb6236215b	0			True
05_00	fills	int8	100x300x2	feed52435605f46c029739b80b9d975042ba7cf959cd91a7bc0f713c162d74ba	feed52435605f46c029739b80b9d975042ba7cf959cd91a7bc0f713c162d74ba	0			True
05_00	execution_prices	float64	100x300x2	4507fa3572df4b266471271b9a99bade1e55de1f5be82feccecf97b1d88bedf3	4507fa3572df4b266471271b9a99bade1e55de1f5be82feccecf97b1d88bedf3	0	0.0	0	True
05_00	executed_quantities	int8	100x300x2	dd913d63f61efcdf8ca578872defed0d44c2592d0fbb764e16319490c16d8775	dd913d63f61efcdf8ca578872defed0d44c2592d0fbb764e16319490c16d8775	0			True
05_00	fees	float64	100x300	22ae2f3b876ff71e91851ac3e4dd101055bc05d50fbdef1fcb9357c073a0da3c	22ae2f3b876ff71e91851ac3e4dd101055bc05d50fbdef1fcb9357c073a0da3c	0	0.0	0	True
05_01	price	float64	100x301	eede95d57f61cf7f4c9bac62f56633c3ccda21d8b8cf2c1bb592e6c2154639f4	eede95d57f61cf7f4c9bac62f56633c3ccda21d8b8cf2c1bb592e6c2154639f4	0	0.0	0	True
05_01	signal	int8	100x301	9ba05472f62a2e1a5a3f06a045426551ae79968c4879826db77a2300b6e0a7c0	9ba05472f62a2e1a5a3f06a045426551ae79968c4879826db77a2300b6e0a7c0	0			True
05_01	cash	float64	100x301	601d665edcb5b653c935bccde99b9564286548605fa6112fcaa26192924624b9	601d665edcb5b653c935bccde99b9564286548605fa6112fcaa26192924624b9	0	0.0	0	True
05_01	inventory	int16	100x301	ebe28a8545490dfad6e44d611436405a073fcb0a4b1dd8831d38f0a3d3df4b27	ebe28a8545490dfad6e44d611436405a073fcb0a4b1dd8831d38f0a3d3df4b27	0			True
05_01	actions	int8	100x300	4c35f8a9437368252e26ae251a658ba8a963048f8c4cf7364d7ba2ef4025aa89	4c35f8a9437368252e26ae251a658ba8a963048f8c4cf7364d7ba2ef4025aa89	0			True
05_01	action_probability	float64	100x300	0a4d949f1e2b8fa74af75435e1b16baf05ee77f245f04ee1f2c698bafb14c18a	0a4d949f1e2b8fa74af75435e1b16baf05ee77f245f04ee1f2c698bafb14c18a	0	0.0	0	True
05_01	return_	float64	100x300	eb21a041b9f33e1e5ad7a02639f56d285690b9d8c941a304aaea2bb559ad89cc	eb21a041b9f33e1e5ad7a02639f56d285690b9d8c941a304aaea2bb559ad89cc	0	0.0	0	True
05_01	submitted	bool	100x300x2	d18e037f39055201a254e3cfd99dc92c6f150fcf70f08d7c0c530bacda21e4f7	d18e037f39055201a254e3cfd99dc92c6f150fcf70f08d7c0c530bacda21e4f7	0			True
05_01	fills	int8	100x300x2	cdb7c0204bbe6c7ac0c2df47c72971e6b6c23c6ce93b0f6934bdc25662a3095b	cdb7c0204bbe6c7ac0c2df47c72971e6b6c23c6ce93b0f6934bdc25662a3095b	0			True
05_01	execution_prices	float64	100x300x2	b84167477c62c506835626412b55258c5f2b460dae3c95212f528ed0a2a22bd9	b84167477c62c506835626412b55258c5f2b460dae3c95212f528ed0a2a22bd9	0	0.0	0	True
05_01	executed_quantities	int8	100x300x2	3424eccf2e764da995749a27b0b0b6e021999bceab6ef879ded58c6d35302dbd	3424eccf2e764da995749a27b0b0b6e021999bceab6ef879ded58c6d35302dbd	0			True
05_01	fees	float64	100x300	3033349f6201b26c96d1c7513a2c9fd2297ff83c6d6d4c3255aade5084b939b4	3033349f6201b26c96d1c7513a2c9fd2297ff83c6d6d4c3255aade5084b939b4	0	0.0	0	True
05_02	price	float64	100x301	64943c30591e0d4d06121f26433d7ff097c5e85c62e50a9239f7b6f1eeca8955	64943c30591e0d4d06121f26433d7ff097c5e85c62e50a9239f7b6f1eeca8955	0	0.0	0	True
05_02	signal	int8	100x301	32d217993fa2b6ae51587808464a4bce364d90da02bc322f3c39151b4bf6ea28	32d217993fa2b6ae51587808464a4bce364d90da02bc322f3c39151b4bf6ea28	0			True
05_02	cash	float64	100x301	c90624ed84acbc4c094b0f99d97e737af7dae5c9a38463bd1a13f1448e39a03d	c90624ed84acbc4c094b0f99d97e737af7dae5c9a38463bd1a13f1448e39a03d	0	0.0	0	True
05_02	inventory	int16	100x301	f594a779eece8c327d27bddf5caace3f56f023b4ef4d117a349855198542229d	f594a779eece8c327d27bddf5caace3f56f023b4ef4d117a349855198542229d	0			True
05_02	actions	int8	100x300	0de915dcf3c6f4fb9dd062a642f8842f8a7750a050bf0cb7165335811d041896	0de915dcf3c6f4fb9dd062a642f8842f8a7750a050bf0cb7165335811d041896	0			True
05_02	action_probability	float64	100x300	df61ba119ee7c35dd77e53e4c5d64365090f7f0bb54b258ede229c4ebd482946	df61ba119ee7c35dd77e53e4c5d64365090f7f0bb54b258ede229c4ebd482946	0	0.0	0	True
05_02	return_	float64	100x300	6dd6ddb0d1023f06a1c43977e494579a00801e3c1b294bfd78c76d989f6912cd	6dd6ddb0d1023f06a1c43977e494579a00801e3c1b294bfd78c76d989f6912cd	0	0.0	0	True
05_02	submitted	bool	100x300x2	412ad03bb2b16bd922cd194a26234bff49c39638d1cc30cea74fefc6aff3946f	412ad03bb2b16bd922cd194a26234bff49c39638d1cc30cea74fefc6aff3946f	0			True
05_02	fills	int8	100x300x2	f9bbc465653f3c52a5599f098f62b1c49491c2c118a5ec77f2ce0febaeabe449	f9bbc465653f3c52a5599f098f62b1c49491c2c118a5ec77f2ce0febaeabe449	0			True
05_02	execution_prices	float64	100x300x2	8d6b5e339f01ba001d13848d9939357c104496ef0f6f16d45c1a7c874fe9955b	8d6b5e339f01ba001d13848d9939357c104496ef0f6f16d45c1a7c874fe9955b	0	0.0	0	True
05_02	executed_quantities	int8	100x300x2	0b397e19c1bb1b04f3da767b51d5d2273e8b7da2891a42aad59189460f397036	0b397e19c1bb1b04f3da767b51d5d2273e8b7da2891a42aad59189460f397036	0			True
05_02	fees	float64	100x300	082bfedc397f9d7caa536974b9b3a7940e56bcf4fbf9e02a8566bdc0dc9287cc	082bfedc397f9d7caa536974b9b3a7940e56bcf4fbf9e02a8566bdc0dc9287cc	0	0.0	0	True
05_03	price	float64	100x301	c9aa45b133597ec04fa919f877bd00e9d9f49bdb66dfca0da05ecedf2b666cd6	c9aa45b133597ec04fa919f877bd00e9d9f49bdb66dfca0da05ecedf2b666cd6	0	0.0	0	True
05_03	signal	int8	100x301	c19cb1a5d9f6266d5a1f2707f98716d0f96cecafff6f147ec8095b689b391425	c19cb1a5d9f6266d5a1f2707f98716d0f96cecafff6f147ec8095b689b391425	0			True
05_03	cash	float64	100x301	2e1612d92fae0cae4ca61643472a05c94b13b0beb436359c6a3ef537aff7784b	2e1612d92fae0cae4ca61643472a05c94b13b0beb436359c6a3ef537aff7784b	0	0.0	0	True
05_03	inventory	int16	100x301	e02b9dd3b7e1cfe8d376812b5d071df2c7e0c642ed4f0517f24e7313c6bdb85b	e02b9dd3b7e1cfe8d376812b5d071df2c7e0c642ed4f0517f24e7313c6bdb85b	0			True
05_03	actions	int8	100x300	d9e170dea7afee59b2d8dba774b20f8a44431572ee3243c48c4b70cc4f84dbca	d9e170dea7afee59b2d8dba774b20f8a44431572ee3243c48c4b70cc4f84dbca	0			True
05_03	action_probability	float64	100x300	db1a2426c8ae98ff6e3ce45031668a638aa960f196f80accf1c33d175188e008	db1a2426c8ae98ff6e3ce45031668a638aa960f196f80accf1c33d175188e008	0	0.0	0	True
05_03	return_	float64	100x300	c34878c3868b86de5cac56166bbd475ef5a24ec628f1c198a569ce92395a4412	c34878c3868b86de5cac56166bbd475ef5a24ec628f1c198a569ce92395a4412	0	0.0	0	True
05_03	submitted	bool	100x300x2	7f12f151d7c0e856a83e21a3b5eff6e87e1c816a1baf0dc10e765976e8437220	7f12f151d7c0e856a83e21a3b5eff6e87e1c816a1baf0dc10e765976e8437220	0			True
05_03	fills	int8	100x300x2	1981d582222947da7ca1728d0f2b44ca1dc4250de58747be8d9853662ffa456a	1981d582222947da7ca1728d0f2b44ca1dc4250de58747be8d9853662ffa456a	0			True
05_03	execution_prices	float64	100x300x2	b65606f2e07f8d1eaa033bba0ccfd20c72f7c9d417a459e088a16cbdaa97269a	b65606f2e07f8d1eaa033bba0ccfd20c72f7c9d417a459e088a16cbdaa97269a	0	0.0	0	True
05_03	executed_quantities	int8	100x300x2	6e2a1917ae79f0e0794961be40bf52a77453e0c1aae6323b6588987b4160e057	6e2a1917ae79f0e0794961be40bf52a77453e0c1aae6323b6588987b4160e057	0			True
05_03	fees	float64	100x300	f69a752f194aacb4cedede7809a594475ecfeaea691f93e71266533b41e4d1b2	f69a752f194aacb4cedede7809a594475ecfeaea691f93e71266533b41e4d1b2	0	0.0	0	True
05_04	price	float64	100x301	c5dc807dde793e45825f8307f96a4841093d375c96555c69467b099f31259833	c5dc807dde793e45825f8307f96a4841093d375c96555c69467b099f31259833	0	0.0	0	True
05_04	signal	int8	100x301	abad38bd00a38dce1ad1a498369b90572e0cc8e909cd169da6358a4b2df209ea	abad38bd00a38dce1ad1a498369b90572e0cc8e909cd169da6358a4b2df209ea	0			True
05_04	cash	float64	100x301	ec9443ccff0fdf2edd9ff671369120806ef756f4607810c1de19ef683ac2e2c0	ec9443ccff0fdf2edd9ff671369120806ef756f4607810c1de19ef683ac2e2c0	0	0.0	0	True
05_04	inventory	int16	100x301	57af0b88d0b56873f1d74bfd0aab60cba6c30477ec2a3c6b4654499e2936bf23	57af0b88d0b56873f1d74bfd0aab60cba6c30477ec2a3c6b4654499e2936bf23	0			True
05_04	actions	int8	100x300	d2b4429b10347804c652d30de90581c83dfeeb4ebd569c0b30234b63a57a07cb	d2b4429b10347804c652d30de90581c83dfeeb4ebd569c0b30234b63a57a07cb	0			True
05_04	action_probability	float64	100x300	90a8aed12186fb958f07322fd1ae0009f21da064a9bdf4a2ceead54c1418f7a4	90a8aed12186fb958f07322fd1ae0009f21da064a9bdf4a2ceead54c1418f7a4	0	0.0	0	True
05_04	return_	float64	100x300	ce44aaadd240b1f14ccb4f944f8b67a914e6ba8f15256016ec1694cd09b34fd2	ce44aaadd240b1f14ccb4f944f8b67a914e6ba8f15256016ec1694cd09b34fd2	0	0.0	0	True
05_04	submitted	bool	100x300x2	72502709b998cac2fa44f6a4c9e523ad240ed0c7fc0a40cefdd09ea354fdaaa0	72502709b998cac2fa44f6a4c9e523ad240ed0c7fc0a40cefdd09ea354fdaaa0	0			True
05_04	fills	int8	100x300x2	ecce5aa84159592e9a72bf3ed950b33c412b71547fd5c89f2ebb3b93f8d906c1	ecce5aa84159592e9a72bf3ed950b33c412b71547fd5c89f2ebb3b93f8d906c1	0			True
05_04	execution_prices	float64	100x300x2	53c06f097691db4f19b6731d7eb5a408af8b46b01e2cd1f13bb926b5d75bc7c6	53c06f097691db4f19b6731d7eb5a408af8b46b01e2cd1f13bb926b5d75bc7c6	0	0.0	0	True
05_04	executed_quantities	int8	100x300x2	14376494a0ac5b54ae4e9ca14d34ae4be4cf1ed424b4406c6233b7ef9913f5a5	14376494a0ac5b54ae4e9ca14d34ae4be4cf1ed424b4406c6233b7ef9913f5a5	0			True
05_04	fees	float64	100x300	37118021ea780075748d7e3169354fd6d11f0351420659992a1a820d178c72dc	37118021ea780075748d7e3169354fd6d11f0351420659992a1a820d178c72dc	0	0.0	0	True
05_05	price	float64	100x301	d570c91e2c0cbb6c8fe852654acb36a56d04326fb577fb2014ae3c44375284e2	d570c91e2c0cbb6c8fe852654acb36a56d04326fb577fb2014ae3c44375284e2	0	0.0	0	True
05_05	signal	int8	100x301	a5ccad97e0271896536527c51d41c43cb9edbb1b8f18a28823f58aa2de30bc8d	a5ccad97e0271896536527c51d41c43cb9edbb1b8f18a28823f58aa2de30bc8d	0			True
05_05	cash	float64	100x301	83ed755cebff0825021411ad4de39d754561f3de5afa114f0a534fb4ccca9f2d	83ed755cebff0825021411ad4de39d754561f3de5afa114f0a534fb4ccca9f2d	0	0.0	0	True
05_05	inventory	int16	100x301	9b393f7436066ce253c5d10adceb17aa1df14516ca432e6a009388f57bc8dbe1	9b393f7436066ce253c5d10adceb17aa1df14516ca432e6a009388f57bc8dbe1	0			True
05_05	actions	int8	100x300	cbb5f4f05615eb97c33bbb18d5d3dc570cbc683cd195a8701316b2193df0518d	cbb5f4f05615eb97c33bbb18d5d3dc570cbc683cd195a8701316b2193df0518d	0			True
05_05	action_probability	float64	100x300	c978499bee0671460b5aa8f69397e97c7f3e77a1b50840e0aafe5af97dcd56b5	c978499bee0671460b5aa8f69397e97c7f3e77a1b50840e0aafe5af97dcd56b5	0	0.0	0	True
05_05	return_	float64	100x300	fa29be81e4cb7468bc9bbca297ad7411c7dfd1aebb372062b038ee57768410b4	fa29be81e4cb7468bc9bbca297ad7411c7dfd1aebb372062b038ee57768410b4	0	0.0	0	True
05_05	submitted	bool	100x300x2	49f60bca219060f84011709d84a34021e1fb5defc2c478edd4f468424b8d43bb	49f60bca219060f84011709d84a34021e1fb5defc2c478edd4f468424b8d43bb	0			True
05_05	fills	int8	100x300x2	3549e47109694ba48671eb3eb0e8d8cf5527d10c42bdb8b1af49aaa3e50cec7a	3549e47109694ba48671eb3eb0e8d8cf5527d10c42bdb8b1af49aaa3e50cec7a	0			True
05_05	execution_prices	float64	100x300x2	cd49840dbcc280c96485bcff6780a6cce8220f4e40ec6d7cdfb9796a1a548691	cd49840dbcc280c96485bcff6780a6cce8220f4e40ec6d7cdfb9796a1a548691	0	0.0	0	True
05_05	executed_quantities	int8	100x300x2	64fdaa8cae567af1bcb3d8456c6a86776607f07d1193bba7e8109a2b77dd441c	64fdaa8cae567af1bcb3d8456c6a86776607f07d1193bba7e8109a2b77dd441c	0			True
05_05	fees	float64	100x300	87b6a339b2c36d4354d5c068321ee4097c4f9febdfb2c1fa8e4ed497bca7b5d5	87b6a339b2c36d4354d5c068321ee4097c4f9febdfb2c1fa8e4ed497bca7b5d5	0	0.0	0	True
05_06	price	float64	100x301	702e2f8d825c82c1cf0407260a26c0d7ba5e729ce8866e25e42c5b2b800dc1fc	702e2f8d825c82c1cf0407260a26c0d7ba5e729ce8866e25e42c5b2b800dc1fc	0	0.0	0	True
05_06	signal	int8	100x301	a8404f70a2423bbe624258142958ddb9e6c3c2452dfb5acae0457f4a7f49837c	a8404f70a2423bbe624258142958ddb9e6c3c2452dfb5acae0457f4a7f49837c	0			True
05_06	cash	float64	100x301	f135ba3dae1f74d5d70cda1f02a7afe0b1bf1f031eb909907e445f27f25557e7	f135ba3dae1f74d5d70cda1f02a7afe0b1bf1f031eb909907e445f27f25557e7	0	0.0	0	True
05_06	inventory	int16	100x301	95acdec1516d0678d53f51ded6a4b918c617918851111496be4497fd01d21542	95acdec1516d0678d53f51ded6a4b918c617918851111496be4497fd01d21542	0			True
05_06	actions	int8	100x300	2fe0151d0adc789799abe6e5ab85d0e12d9765cc09629d77bd1bdb4a9a3b7c0b	2fe0151d0adc789799abe6e5ab85d0e12d9765cc09629d77bd1bdb4a9a3b7c0b	0			True
05_06	action_probability	float64	100x300	98eaaa3400ea05ed24a02bcb052987ffaea5e928c86e00ee256fbafbafcfcda0	98eaaa3400ea05ed24a02bcb052987ffaea5e928c86e00ee256fbafbafcfcda0	0	0.0	0	True
05_06	return_	float64	100x300	86e823e0782f597fec6105fbf93cf87fa79f5c06200d77928caae9a557f00a39	86e823e0782f597fec6105fbf93cf87fa79f5c06200d77928caae9a557f00a39	0	0.0	0	True
05_06	submitted	bool	100x300x2	d59d6c62e67e916c2af2201c7cc9b32ff9c859af3ba64fafb0241821556a26ab	d59d6c62e67e916c2af2201c7cc9b32ff9c859af3ba64fafb0241821556a26ab	0			True
05_06	fills	int8	100x300x2	5b2223a78ed6652c1d93cab98528463a9ae31af26e1da031c43d0ef38623959f	5b2223a78ed6652c1d93cab98528463a9ae31af26e1da031c43d0ef38623959f	0			True
05_06	execution_prices	float64	100x300x2	c1d4f7fa2e6e918ab7e81d358b0fe92017c8e514da0939789d1159f3fed63f03	c1d4f7fa2e6e918ab7e81d358b0fe92017c8e514da0939789d1159f3fed63f03	0	0.0	0	True
05_06	executed_quantities	int8	100x300x2	29362e08de6fc921e2926193547424454bfc395ed0d536257fba67bb81fb0cb9	29362e08de6fc921e2926193547424454bfc395ed0d536257fba67bb81fb0cb9	0			True
05_06	fees	float64	100x300	50bc111b8a63fc6ecfd329c1ec15194da2e7189cbd8582f3ae40c596a031becb	50bc111b8a63fc6ecfd329c1ec15194da2e7189cbd8582f3ae40c596a031becb	0	0.0	0	True
05_07	price	float64	100x301	e9a7e8574bb646b140b1d277d3c6ab3ced0454d6800fdaef46650401230b128f	e9a7e8574bb646b140b1d277d3c6ab3ced0454d6800fdaef46650401230b128f	0	0.0	0	True
05_07	signal	int8	100x301	ba45878f91edddd3e38086056d7fa504c4a4e396dda3c5923748f191d4584940	ba45878f91edddd3e38086056d7fa504c4a4e396dda3c5923748f191d4584940	0			True
05_07	cash	float64	100x301	cb7de0d18cb1cc9f620bc1681d8a006344891ee11df9fa37c1a48ea9b110e0c2	cb7de0d18cb1cc9f620bc1681d8a006344891ee11df9fa37c1a48ea9b110e0c2	0	0.0	0	True
05_07	inventory	int16	100x301	de5d3c0006d151b97d8a95883ce8464deddc896229f8f2bc3f9bcee542e86dff	de5d3c0006d151b97d8a95883ce8464deddc896229f8f2bc3f9bcee542e86dff	0			True
05_07	actions	int8	100x300	87005ab8b1bcd890f2e5c5017b336d419eb9f28d1e9ddcc1eedcab3ab5c406bb	87005ab8b1bcd890f2e5c5017b336d419eb9f28d1e9ddcc1eedcab3ab5c406bb	0			True
05_07	action_probability	float64	100x300	c5f1181635d815b5c2c63d65d9ac556c094ec0b8cbba5cf1cba6501079c295c4	c5f1181635d815b5c2c63d65d9ac556c094ec0b8cbba5cf1cba6501079c295c4	0	0.0	0	True
05_07	return_	float64	100x300	ca06b924a2a084deb9b6dcf7741b169c8d100fca25b1396aeb8d60394e98d21b	ca06b924a2a084deb9b6dcf7741b169c8d100fca25b1396aeb8d60394e98d21b	0	0.0	0	True
05_07	submitted	bool	100x300x2	549e275786b04669ce850fc9d11bcaf12a4df4c506c5deefee96d0cd08ce7377	549e275786b04669ce850fc9d11bcaf12a4df4c506c5deefee96d0cd08ce7377	0			True
05_07	fills	int8	100x300x2	80bd750f70ed01a5ad0291343d0e02b69c82fc3b99bca6330f948617f9693006	80bd750f70ed01a5ad0291343d0e02b69c82fc3b99bca6330f948617f9693006	0			True
05_07	execution_prices	float64	100x300x2	2904d48af326d787c3b4ebedc2716b448862a5f5f18e7f01f5e36b7c270c8224	2904d48af326d787c3b4ebedc2716b448862a5f5f18e7f01f5e36b7c270c8224	0	0.0	0	True
05_07	executed_quantities	int8	100x300x2	ba9688282ff0d608e72c2e9c2eb3bc9ccbfb4d0f15f5d8c0b668bf6aa8bec77e	ba9688282ff0d608e72c2e9c2eb3bc9ccbfb4d0f15f5d8c0b668bf6aa8bec77e	0			True
05_07	fees	float64	100x300	3bc97d12d8ac0ec5ad511c3e678cbf84896e85b8d3aa39871c2f3fa1c3a8008e	3bc97d12d8ac0ec5ad511c3e678cbf84896e85b8d3aa39871c2f3fa1c3a8008e	0	0.0	0	True
05_08	price	float64	100x301	6fd4e01661173551670bdcadc10e017212f19d4802da56157643d18ec7ce1d95	6fd4e01661173551670bdcadc10e017212f19d4802da56157643d18ec7ce1d95	0	0.0	0	True
05_08	signal	int8	100x301	ce0f65e320a3b0d668ac28c26d0e1737fea046aa67ac63e04f7ff17b6f6d57f9	ce0f65e320a3b0d668ac28c26d0e1737fea046aa67ac63e04f7ff17b6f6d57f9	0			True
05_08	cash	float64	100x301	011e57268a54e1411bcde2e6bd23909b9f348be7fff6d8a406044ff9401fda19	011e57268a54e1411bcde2e6bd23909b9f348be7fff6d8a406044ff9401fda19	0	0.0	0	True
05_08	inventory	int16	100x301	e9287d3bb4235e53ac78028d23b90ea5d6085a0dcd7db46eb1d7db668fcfdf27	e9287d3bb4235e53ac78028d23b90ea5d6085a0dcd7db46eb1d7db668fcfdf27	0			True
05_08	actions	int8	100x300	f7bee82f7a0314b688f960590588213c046a7a343ec97d0ffbf674e76d4b366d	f7bee82f7a0314b688f960590588213c046a7a343ec97d0ffbf674e76d4b366d	0			True
05_08	action_probability	float64	100x300	1fbbf5ab42c816da6f8cdbe6a5a1d788f269c3c98f072399da986f75ca30048e	1fbbf5ab42c816da6f8cdbe6a5a1d788f269c3c98f072399da986f75ca30048e	0	0.0	0	True
05_08	return_	float64	100x300	e2d68000246d0432c2e559a95182b417c25fb9432354280f521c7fd97447c19a	e2d68000246d0432c2e559a95182b417c25fb9432354280f521c7fd97447c19a	0	0.0	0	True
05_08	submitted	bool	100x300x2	ad5db94509303fdae5d793683343f2ca33c3a11e1589bac857db00a04b88a844	ad5db94509303fdae5d793683343f2ca33c3a11e1589bac857db00a04b88a844	0			True
05_08	fills	int8	100x300x2	76c8a17cc5a002ce5b71dc5d2727080ff4171acd487351d04a13f834d7b97c5d	76c8a17cc5a002ce5b71dc5d2727080ff4171acd487351d04a13f834d7b97c5d	0			True
05_08	execution_prices	float64	100x300x2	c2c97a87ad4304bc05a996ce73a175432b714a7c2909f3a23ca0fe94922c14c4	c2c97a87ad4304bc05a996ce73a175432b714a7c2909f3a23ca0fe94922c14c4	0	0.0	0	True
05_08	executed_quantities	int8	100x300x2	5125c4aae79bc5a3ecb87c5ce65397b28488deb71a7eb4e8f43ca4f579911f36	5125c4aae79bc5a3ecb87c5ce65397b28488deb71a7eb4e8f43ca4f579911f36	0			True
05_08	fees	float64	100x300	aa09ad957be8b673bf94d80c15c78c46379f19c730433b3385add8e61ce34a94	aa09ad957be8b673bf94d80c15c78c46379f19c730433b3385add8e61ce34a94	0	0.0	0	True
05_09	price	float64	100x301	8aedbd0b70256e4ba13fd1572bb93159f3c11ec460754dd50f9927ee68f66096	8aedbd0b70256e4ba13fd1572bb93159f3c11ec460754dd50f9927ee68f66096	0	0.0	0	True
05_09	signal	int8	100x301	682d9d91b7201cb9f25556c063abd0474842ef1c828d3c86a828aeec139395b9	682d9d91b7201cb9f25556c063abd0474842ef1c828d3c86a828aeec139395b9	0			True
05_09	cash	float64	100x301	6d2d02c0e50229b1bf8c75d61c58e9f5ff67bc3d0984b49a2332d5508a90b1e7	6d2d02c0e50229b1bf8c75d61c58e9f5ff67bc3d0984b49a2332d5508a90b1e7	0	0.0	0	True
05_09	inventory	int16	100x301	1a4c519d9fae3deea14308e8fe70d6cb2aef003ccbccafdcf14638db42b01b3f	1a4c519d9fae3deea14308e8fe70d6cb2aef003ccbccafdcf14638db42b01b3f	0			True
05_09	actions	int8	100x300	b2f659b56f048b5f5b9fb49886b41e6f134a9f38b7536ac49e862ade6472d85a	b2f659b56f048b5f5b9fb49886b41e6f134a9f38b7536ac49e862ade6472d85a	0			True
05_09	action_probability	float64	100x300	a6760c846f906e190c9ed14fe7fc88831302c17a559e25ab95cc2b5c172cd90a	a6760c846f906e190c9ed14fe7fc88831302c17a559e25ab95cc2b5c172cd90a	0	0.0	0	True
05_09	return_	float64	100x300	c69de7f2bf62e3ac7f17c4dc58dace487f62e0835eda2f6f094f4a94a52bd8d4	c69de7f2bf62e3ac7f17c4dc58dace487f62e0835eda2f6f094f4a94a52bd8d4	0	0.0	0	True
05_09	submitted	bool	100x300x2	6cd3bf8378b9a13d6aed0bf9566d912664c59e3ecbd9c271bafd0820ae8c795d	6cd3bf8378b9a13d6aed0bf9566d912664c59e3ecbd9c271bafd0820ae8c795d	0			True
05_09	fills	int8	100x300x2	e94f576714c2da9334e6460ee96e9ab1c59ea261bb6bf5bc8708a99613a98a44	e94f576714c2da9334e6460ee96e9ab1c59ea261bb6bf5bc8708a99613a98a44	0			True
05_09	execution_prices	float64	100x300x2	fb68e4283c77e32828fb074101a48a957236825fe78af41cb376a74e11dcce28	fb68e4283c77e32828fb074101a48a957236825fe78af41cb376a74e11dcce28	0	0.0	0	True
05_09	executed_quantities	int8	100x300x2	c2f9817b18bcbf1d99f64f8301e4f70d2797ce8d229812eb0481e2ab78b87a8f	c2f9817b18bcbf1d99f64f8301e4f70d2797ce8d229812eb0481e2ab78b87a8f	0			True
05_09	fees	float64	100x300	9a13f68808b7e6a409b72080da8f2beedd5ee0be12316cf92d32cd5ca7ce4a36	9a13f68808b7e6a409b72080da8f2beedd5ee0be12316cf92d32cd5ca7ce4a36	0	0.0	0	True
06_00	price	float64	100x301	8cfa93802bcac51a83fa8b67b6cf05a9fc6c008ec7863fee9a1fab9a706e6497	8cfa93802bcac51a83fa8b67b6cf05a9fc6c008ec7863fee9a1fab9a706e6497	0	0.0	0	True
06_00	signal	int8	100x301	0a1b3f5b5d54df70c580b749703be1039eb46ba6049b6de78a801dc52a5dd290	0a1b3f5b5d54df70c580b749703be1039eb46ba6049b6de78a801dc52a5dd290	0			True
06_00	cash	float64	100x301	62d6aded06f360b70c5bdf8dbb7ebc7330a4b8f0601bbe963e9c89c4ac1fa71d	62d6aded06f360b70c5bdf8dbb7ebc7330a4b8f0601bbe963e9c89c4ac1fa71d	0	0.0	0	True
06_00	inventory	int16	100x301	1887586f8b7c8f53dfd64e0c203e9fa12f3e0b63ced5d6e5d3b3766293cb6fc3	1887586f8b7c8f53dfd64e0c203e9fa12f3e0b63ced5d6e5d3b3766293cb6fc3	0			True
06_00	actions	int8	100x300	7edbd608cd2cf70336445a5f4cab9520369f97653a03ef215f61ce2dcb23d24e	7edbd608cd2cf70336445a5f4cab9520369f97653a03ef215f61ce2dcb23d24e	0			True
06_00	action_probability	float64	100x300	c2f341410a9d22a014882cb902a387011e6bdadbcf0cf6cb4dab5a79893bf949	c2f341410a9d22a014882cb902a387011e6bdadbcf0cf6cb4dab5a79893bf949	0	0.0	0	True
06_00	return_	float64	100x300	ae95f6f47f6415790be65d1c71f1ba562b4cc36de4f379c8cea2f4ce2fc7a361	ae95f6f47f6415790be65d1c71f1ba562b4cc36de4f379c8cea2f4ce2fc7a361	0	0.0	0	True
06_00	submitted	bool	100x300x2	e149def6a1789c53e4fa372c2edaf0318a9fa26d2392919b9ed0dd5aecf1ab43	e149def6a1789c53e4fa372c2edaf0318a9fa26d2392919b9ed0dd5aecf1ab43	0			True
06_00	fills	int8	100x300x2	6acdbaae1894e6990af1369c1bcf26e0503177ced10c8ba7aca9422a4671e555	6acdbaae1894e6990af1369c1bcf26e0503177ced10c8ba7aca9422a4671e555	0			True
06_00	execution_prices	float64	100x300x2	8000b9011edd1a4486e4cee3e6de1fabfd0e0066663ecf6dea68bb30798fba31	8000b9011edd1a4486e4cee3e6de1fabfd0e0066663ecf6dea68bb30798fba31	0	0.0	0	True
06_00	executed_quantities	int8	100x300x2	3650758c4b660f179064a4adae121b1db34fa760a81c1b52e2fd1b62ba2f7204	3650758c4b660f179064a4adae121b1db34fa760a81c1b52e2fd1b62ba2f7204	0			True
06_00	fees	float64	100x300	cb7e03260d9b940b2657274783a3d9bf191e265976a9548d24f3b400732328eb	cb7e03260d9b940b2657274783a3d9bf191e265976a9548d24f3b400732328eb	0	0.0	0	True
06_01	price	float64	100x301	9090f7b11dff86d4efdd3e4dc79cb582a080fc0220ba0e825b62a18dc7fa9823	9090f7b11dff86d4efdd3e4dc79cb582a080fc0220ba0e825b62a18dc7fa9823	0	0.0	0	True
06_01	signal	int8	100x301	b4af11b3672d04c8ee775df412fc4c0983ebbc0d10287c7ef4e29cfcce470475	b4af11b3672d04c8ee775df412fc4c0983ebbc0d10287c7ef4e29cfcce470475	0			True
06_01	cash	float64	100x301	a9b57b823620ab437444ca79fb4584530a160c119eb7d3018953ae8a67c2757a	a9b57b823620ab437444ca79fb4584530a160c119eb7d3018953ae8a67c2757a	0	0.0	0	True
06_01	inventory	int16	100x301	85f841c7c154548fc13f4b7558a95760df03165954b939d72a5c805868c061ca	85f841c7c154548fc13f4b7558a95760df03165954b939d72a5c805868c061ca	0			True
06_01	actions	int8	100x300	6b57e82bacb4d2381fc28aa90117442aa04316557b8cba4b3e29be0056a1fffc	6b57e82bacb4d2381fc28aa90117442aa04316557b8cba4b3e29be0056a1fffc	0			True
06_01	action_probability	float64	100x300	2d1a5300fe905fc8d37eeb85f00826e55ed82582ad880f040e230c51f6870bee	2d1a5300fe905fc8d37eeb85f00826e55ed82582ad880f040e230c51f6870bee	0	0.0	0	True
06_01	return_	float64	100x300	29b0175c1f46e30a3540303dc82033beb0e21bfe5491de1809eccb3ac316a0e6	29b0175c1f46e30a3540303dc82033beb0e21bfe5491de1809eccb3ac316a0e6	0	0.0	0	True
06_01	submitted	bool	100x300x2	7193e9b18cdf089fe741a8d7837e11d25b2e280658b489d4b8839e98029c6442	7193e9b18cdf089fe741a8d7837e11d25b2e280658b489d4b8839e98029c6442	0			True
06_01	fills	int8	100x300x2	d800ba915c0b8463687b0e1274fe55b64a721ca67e49ed4c57bdd3efb97bf3cc	d800ba915c0b8463687b0e1274fe55b64a721ca67e49ed4c57bdd3efb97bf3cc	0			True
06_01	execution_prices	float64	100x300x2	5307fe93d2406ca3ba493e508292816ab04c49ba20cf73b588a80b0fb0a7ef6b	5307fe93d2406ca3ba493e508292816ab04c49ba20cf73b588a80b0fb0a7ef6b	0	0.0	0	True
06_01	executed_quantities	int8	100x300x2	8bc5150ab79eafdfaf9b4526b503a70aef0e4b995fe7f029cf7dc93df7e6ea7a	8bc5150ab79eafdfaf9b4526b503a70aef0e4b995fe7f029cf7dc93df7e6ea7a	0			True
06_01	fees	float64	100x300	8336c5cd7a01fcf633fab145cc9fea21b1a2710395d0bd29e5adebadb38d03ad	8336c5cd7a01fcf633fab145cc9fea21b1a2710395d0bd29e5adebadb38d03ad	0	0.0	0	True
06_02	price	float64	100x301	aebfb2a2a0a1b172b6351cf8c477bce34ba485afb2f88d40b3c6106b1a06b445	aebfb2a2a0a1b172b6351cf8c477bce34ba485afb2f88d40b3c6106b1a06b445	0	0.0	0	True
06_02	signal	int8	100x301	573179886848170fd41cac86438c17e3dbebc3c1c3d854125e13b4b60092dac1	573179886848170fd41cac86438c17e3dbebc3c1c3d854125e13b4b60092dac1	0			True
06_02	cash	float64	100x301	10b7cbb2dfb166f9d58bdf1bea575ac77887c4562a735f9e5fa17c105cbacc11	10b7cbb2dfb166f9d58bdf1bea575ac77887c4562a735f9e5fa17c105cbacc11	0	0.0	0	True
06_02	inventory	int16	100x301	c88094e241c5f83fd9c796d0dbb5229ee1f442ebcf97682eaff998830cb680d0	c88094e241c5f83fd9c796d0dbb5229ee1f442ebcf97682eaff998830cb680d0	0			True
06_02	actions	int8	100x300	4dcd2c9c2269d1ab66a7806cdab55ead13da145cd30d4025b2f0e55b1b69ff50	4dcd2c9c2269d1ab66a7806cdab55ead13da145cd30d4025b2f0e55b1b69ff50	0			True
06_02	action_probability	float64	100x300	0bff0106f88f1f07c258fd8db685b2698fb6caa6406b28fa6eff62fa65b63e2b	0bff0106f88f1f07c258fd8db685b2698fb6caa6406b28fa6eff62fa65b63e2b	0	0.0	0	True
06_02	return_	float64	100x300	1eb958b0309a6c2f13c64be5614d5c3fb6286935b32c3400f896004de9349c12	1eb958b0309a6c2f13c64be5614d5c3fb6286935b32c3400f896004de9349c12	0	0.0	0	True
06_02	submitted	bool	100x300x2	8c398fa744fde6d96fb07db131a20fde671ed29df86a26630b0cf8cc9917fbb6	8c398fa744fde6d96fb07db131a20fde671ed29df86a26630b0cf8cc9917fbb6	0			True
06_02	fills	int8	100x300x2	2b30ff0a5f219c57f10a7f61db3c01969c6e8176dd845d3b24035454367d8f35	2b30ff0a5f219c57f10a7f61db3c01969c6e8176dd845d3b24035454367d8f35	0			True
06_02	execution_prices	float64	100x300x2	eb5e548b1dc95ec590c9144507a96ed5cbe406228795c57a8af32685b0d10b73	eb5e548b1dc95ec590c9144507a96ed5cbe406228795c57a8af32685b0d10b73	0	0.0	0	True
06_02	executed_quantities	int8	100x300x2	baf787893778db90d1d39d856c6a413f5afa0ec5307b36984f9fbe14241240b0	baf787893778db90d1d39d856c6a413f5afa0ec5307b36984f9fbe14241240b0	0			True
06_02	fees	float64	100x300	160de193761ffddfb590874ad2e98b1d490427a861191f531150511518e72324	160de193761ffddfb590874ad2e98b1d490427a861191f531150511518e72324	0	0.0	0	True
06_03	price	float64	100x301	5182c34f8b149070d96bb76b0315297a91859ba1ab379feef5884d56f875ba77	5182c34f8b149070d96bb76b0315297a91859ba1ab379feef5884d56f875ba77	0	0.0	0	True
06_03	signal	int8	100x301	401ad72a435a2ea544b7db7d1f27a6ef2f8e09d0ccbe48e9f94f69b3b9a8fabe	401ad72a435a2ea544b7db7d1f27a6ef2f8e09d0ccbe48e9f94f69b3b9a8fabe	0			True
06_03	cash	float64	100x301	463a270b90bf01f24dc6f0a08bf6d23276b81b20a1b7de6b5fa5a50912535795	463a270b90bf01f24dc6f0a08bf6d23276b81b20a1b7de6b5fa5a50912535795	0	0.0	0	True
06_03	inventory	int16	100x301	50d6d68b75f76faeb99254ce80dddf88e247ec1c2ef9392f2a7b47694cde2fe4	50d6d68b75f76faeb99254ce80dddf88e247ec1c2ef9392f2a7b47694cde2fe4	0			True
06_03	actions	int8	100x300	08b5efacadbee2bd182555d15ac9d799281e7483f7d2aa9612b07a6d489d0c18	08b5efacadbee2bd182555d15ac9d799281e7483f7d2aa9612b07a6d489d0c18	0			True
06_03	action_probability	float64	100x300	9f9eb1394667365ef4293e1f3d825c1b4029991fb8bbb432ec04d8135d93cca3	9f9eb1394667365ef4293e1f3d825c1b4029991fb8bbb432ec04d8135d93cca3	0	0.0	0	True
06_03	return_	float64	100x300	37098d2541528afa3891f63dc0cdf7991adda4e1c34b6dc77ea7da5888592a7c	37098d2541528afa3891f63dc0cdf7991adda4e1c34b6dc77ea7da5888592a7c	0	0.0	0	True
06_03	submitted	bool	100x300x2	8cabf99baa8c1105a6ec93ca28710ae01531d7095e26e2bf369991397d31434a	8cabf99baa8c1105a6ec93ca28710ae01531d7095e26e2bf369991397d31434a	0			True
06_03	fills	int8	100x300x2	de6718f979619c5e9743f5444af26fdc785a9dbdad84d3defa56c2a7e2bfbe81	de6718f979619c5e9743f5444af26fdc785a9dbdad84d3defa56c2a7e2bfbe81	0			True
06_03	execution_prices	float64	100x300x2	afae3f879303c271bcca7411c91a55dc97e5b4dcf76ba979614bbf6fcffc9668	afae3f879303c271bcca7411c91a55dc97e5b4dcf76ba979614bbf6fcffc9668	0	0.0	0	True
06_03	executed_quantities	int8	100x300x2	c4680cf9ff41d3827e6ddfca56f90f5be4f2c614590e3458c40bf5e1a7555072	c4680cf9ff41d3827e6ddfca56f90f5be4f2c614590e3458c40bf5e1a7555072	0			True
06_03	fees	float64	100x300	631f8c062585309c80de45e39a5024da86128b6a8c65037e480876b9027ca859	631f8c062585309c80de45e39a5024da86128b6a8c65037e480876b9027ca859	0	0.0	0	True
06_04	price	float64	100x301	af06cf1435018350ac118ed8a30fa2ca9b77d7cb166a1d7930bc1ffaf608d17b	af06cf1435018350ac118ed8a30fa2ca9b77d7cb166a1d7930bc1ffaf608d17b	0	0.0	0	True
06_04	signal	int8	100x301	6ef228963c9f33a51815484acaa6aa13d7185a6246c1088a613a7c6a529ae2c7	6ef228963c9f33a51815484acaa6aa13d7185a6246c1088a613a7c6a529ae2c7	0			True
06_04	cash	float64	100x301	07c65b9bb6f3bb3012bd9957cf7e2ccf0149656f213cd42800314f24ef586d4a	07c65b9bb6f3bb3012bd9957cf7e2ccf0149656f213cd42800314f24ef586d4a	0	0.0	0	True
06_04	inventory	int16	100x301	6d8c4591a471b72ac638b908606c6d99c3e4fe962c72a5665f1b331994f0c461	6d8c4591a471b72ac638b908606c6d99c3e4fe962c72a5665f1b331994f0c461	0			True
06_04	actions	int8	100x300	5db6500b5a4f9777cc8546ecc6ee69204de43c80e087001675bfecf3b515d0c9	5db6500b5a4f9777cc8546ecc6ee69204de43c80e087001675bfecf3b515d0c9	0			True
06_04	action_probability	float64	100x300	bca4aff6073a04d52d4860c396829b29c7dd336b987e4364befaf24f901abe1a	bca4aff6073a04d52d4860c396829b29c7dd336b987e4364befaf24f901abe1a	0	0.0	0	True
06_04	return_	float64	100x300	427bdbf32ca8c5f863f99856030f14b1eac91d5a52d0d7f10b4fec44d58c3257	427bdbf32ca8c5f863f99856030f14b1eac91d5a52d0d7f10b4fec44d58c3257	0	0.0	0	True
06_04	submitted	bool	100x300x2	ced23e975c287f95259a6cd95daccf7749783475380ef085681cf91c6e70cc6b	ced23e975c287f95259a6cd95daccf7749783475380ef085681cf91c6e70cc6b	0			True
06_04	fills	int8	100x300x2	134a30cebca113c05ada7d1047b8aa0564693eb3f68b895334d5c90f54702759	134a30cebca113c05ada7d1047b8aa0564693eb3f68b895334d5c90f54702759	0			True
06_04	execution_prices	float64	100x300x2	7d55c34a76fd47da8c5dcfcb18bd031ea8b1c07ec651c96a65f782a8e94d0522	7d55c34a76fd47da8c5dcfcb18bd031ea8b1c07ec651c96a65f782a8e94d0522	0	0.0	0	True
06_04	executed_quantities	int8	100x300x2	5a9d70924eb49a35a33d17238a1fb5816bd6baa22f63b272854803de23f40d83	5a9d70924eb49a35a33d17238a1fb5816bd6baa22f63b272854803de23f40d83	0			True
06_04	fees	float64	100x300	afd60998bab3dd49e41db1a89cb7efd709f3da18a6bfdabef700d2835873a1d0	afd60998bab3dd49e41db1a89cb7efd709f3da18a6bfdabef700d2835873a1d0	0	0.0	0	True
06_05	price	float64	100x301	0e20caea9d703a10e2a9ef193ce8a45b2e108f2f5f330f6eef361e9945bf20d7	0e20caea9d703a10e2a9ef193ce8a45b2e108f2f5f330f6eef361e9945bf20d7	0	0.0	0	True
06_05	signal	int8	100x301	5430d2d8dfe45340f31a68417c8aae66358f63f4922226c063d976958079a167	5430d2d8dfe45340f31a68417c8aae66358f63f4922226c063d976958079a167	0			True
06_05	cash	float64	100x301	2e82627fb265b21d3c76ae5efcd8101d306c7bcc3936e29ca731979002b3510f	2e82627fb265b21d3c76ae5efcd8101d306c7bcc3936e29ca731979002b3510f	0	0.0	0	True
06_05	inventory	int16	100x301	558d4e3b9d9ea428208f5d5e2ed6e444b6e164a27d4913404678229c57bfe076	558d4e3b9d9ea428208f5d5e2ed6e444b6e164a27d4913404678229c57bfe076	0			True
06_05	actions	int8	100x300	4d3732a4dcb155b1676ef2af7851965a7ea965940ba75972e7e4d5669acbd11c	4d3732a4dcb155b1676ef2af7851965a7ea965940ba75972e7e4d5669acbd11c	0			True
06_05	action_probability	float64	100x300	f2f592367bbe144875d51fc89f5230b65bb7cb303977eca85b62cd588f45acba	f2f592367bbe144875d51fc89f5230b65bb7cb303977eca85b62cd588f45acba	0	0.0	0	True
06_05	return_	float64	100x300	d3c82445938dccad9cbb3670fb5fe75ea7301a43e2cfe64877f389d26f34bfa4	d3c82445938dccad9cbb3670fb5fe75ea7301a43e2cfe64877f389d26f34bfa4	0	0.0	0	True
06_05	submitted	bool	100x300x2	3530f466df082fd51fcfe213bd6243e1dddde53b91f03a81d24e2567bff7cc32	3530f466df082fd51fcfe213bd6243e1dddde53b91f03a81d24e2567bff7cc32	0			True
06_05	fills	int8	100x300x2	c2c6ed13fc868ead2093505f3f25b692002ba6d073c9d1007267395d9e976097	c2c6ed13fc868ead2093505f3f25b692002ba6d073c9d1007267395d9e976097	0			True
06_05	execution_prices	float64	100x300x2	f17cdcbef8a50c023541c53007fb35ad4cb54643bf34db5c76772d4ca8dc160f	f17cdcbef8a50c023541c53007fb35ad4cb54643bf34db5c76772d4ca8dc160f	0	0.0	0	True
06_05	executed_quantities	int8	100x300x2	ba0227762d9afbb51cca8ae4a80b450e9396b4f40bff2d96d71fba10a6128f59	ba0227762d9afbb51cca8ae4a80b450e9396b4f40bff2d96d71fba10a6128f59	0			True
06_05	fees	float64	100x300	e82c85eab7d7782ac9972ff12c157c6125072d2784446f8218e68b24c0ce7f94	e82c85eab7d7782ac9972ff12c157c6125072d2784446f8218e68b24c0ce7f94	0	0.0	0	True
06_06	price	float64	100x301	3be771d0cde46ec071b514b5b26a97f2fd2ee8ed0e5d913b99a0d1f350ebc553	3be771d0cde46ec071b514b5b26a97f2fd2ee8ed0e5d913b99a0d1f350ebc553	0	0.0	0	True
06_06	signal	int8	100x301	9106c9dc04fce8d95e43f89af427d3b220d3f856073ab2abfe12764a41ae282b	9106c9dc04fce8d95e43f89af427d3b220d3f856073ab2abfe12764a41ae282b	0			True
06_06	cash	float64	100x301	f50e0e704d328b6bdb6fe0797ab24098d5f599f3f7d0bf964bf6d9e401f24288	f50e0e704d328b6bdb6fe0797ab24098d5f599f3f7d0bf964bf6d9e401f24288	0	0.0	0	True
06_06	inventory	int16	100x301	0cf4987e9515fc319a6c270822b01587966eb590beb1fd176f11c27cad86ef5b	0cf4987e9515fc319a6c270822b01587966eb590beb1fd176f11c27cad86ef5b	0			True
06_06	actions	int8	100x300	1bd5797324a939f4c15eebbe6c17f653f58250df978a527b7725a615ddee5ed0	1bd5797324a939f4c15eebbe6c17f653f58250df978a527b7725a615ddee5ed0	0			True
06_06	action_probability	float64	100x300	825aded436d362652e8472eefe7426ef8815c15cfe6ec431d9989d67f01d51e7	825aded436d362652e8472eefe7426ef8815c15cfe6ec431d9989d67f01d51e7	0	0.0	0	True
06_06	return_	float64	100x300	de5770c3c64d02558bbdfab4c71c235a3c90b288cccfb04a334a248d69c6d161	de5770c3c64d02558bbdfab4c71c235a3c90b288cccfb04a334a248d69c6d161	0	0.0	0	True
06_06	submitted	bool	100x300x2	c76869e7955e735ab0a6a11e00aeb86a088c7463694c738bb1cd944d075d17e2	c76869e7955e735ab0a6a11e00aeb86a088c7463694c738bb1cd944d075d17e2	0			True
06_06	fills	int8	100x300x2	a1a1b6e2d266ff11ab3d452941e6dae3020bce2512515944bae3456cad1d9276	a1a1b6e2d266ff11ab3d452941e6dae3020bce2512515944bae3456cad1d9276	0			True
06_06	execution_prices	float64	100x300x2	7a71eb6eb7ca6ed1c04171b967a723d9440a2c9f5fada6e51809cf2bbcfc7bdb	7a71eb6eb7ca6ed1c04171b967a723d9440a2c9f5fada6e51809cf2bbcfc7bdb	0	0.0	0	True
06_06	executed_quantities	int8	100x300x2	b8459b916fbb230f333289bbfc52f6d0443c289784d6181852de8511489fe3ae	b8459b916fbb230f333289bbfc52f6d0443c289784d6181852de8511489fe3ae	0			True
06_06	fees	float64	100x300	79adc03f312e46d23243b4a69207c17a996429849116fb42d9bd78130edadb7d	79adc03f312e46d23243b4a69207c17a996429849116fb42d9bd78130edadb7d	0	0.0	0	True
06_07	price	float64	100x301	6ef5ed04eb5725b56144142f293852b613ae5ad2159bd8b94f5366b51c727386	6ef5ed04eb5725b56144142f293852b613ae5ad2159bd8b94f5366b51c727386	0	0.0	0	True
06_07	signal	int8	100x301	fa7552827ec97acdcaa5e048ad6b111738488c21717e91dce8227a2f0975f30c	fa7552827ec97acdcaa5e048ad6b111738488c21717e91dce8227a2f0975f30c	0			True
06_07	cash	float64	100x301	bcc1604a9a2f8e8df2d8078306c45c3f5151ee264ab93b692266c2b6fc6a6aab	bcc1604a9a2f8e8df2d8078306c45c3f5151ee264ab93b692266c2b6fc6a6aab	0	0.0	0	True
06_07	inventory	int16	100x301	a6cf34ba210285bda840e61ca8837e890f6dafcc7eca98304f329b41a0995687	a6cf34ba210285bda840e61ca8837e890f6dafcc7eca98304f329b41a0995687	0			True
06_07	actions	int8	100x300	103be8a1595249e787f5d58cb956facc0e73ce196a1bde99f3adf10b2ada9cd1	103be8a1595249e787f5d58cb956facc0e73ce196a1bde99f3adf10b2ada9cd1	0			True
06_07	action_probability	float64	100x300	8eac72b68dce50d1d2a7565a7a1755644aaa3801972c2de3daba93c62738975d	8eac72b68dce50d1d2a7565a7a1755644aaa3801972c2de3daba93c62738975d	0	0.0	0	True
06_07	return_	float64	100x300	9304d5d289e96878ca8e00aa55897e3b5b8ba7a0c391c950537b0460ea67daee	9304d5d289e96878ca8e00aa55897e3b5b8ba7a0c391c950537b0460ea67daee	0	0.0	0	True
06_07	submitted	bool	100x300x2	2df7e19d116d65d96c565aac8d9a9aed7e1fb91a4f4ee254ea0899bdfd12835b	2df7e19d116d65d96c565aac8d9a9aed7e1fb91a4f4ee254ea0899bdfd12835b	0			True
06_07	fills	int8	100x300x2	c8d98ffc9fb022d8a59804dea1f3dcb8546d2313ff6da35f580478bf3edc219e	c8d98ffc9fb022d8a59804dea1f3dcb8546d2313ff6da35f580478bf3edc219e	0			True
06_07	execution_prices	float64	100x300x2	ffcde2b832dcc7a47a5f5ea50ecce275642c3e4908fcc4d51b263d85994ab498	ffcde2b832dcc7a47a5f5ea50ecce275642c3e4908fcc4d51b263d85994ab498	0	0.0	0	True
06_07	executed_quantities	int8	100x300x2	e7795a9351f17ed58ddee9cd57f03ee8b3cad490c3d03549602168df3c00c908	e7795a9351f17ed58ddee9cd57f03ee8b3cad490c3d03549602168df3c00c908	0			True
06_07	fees	float64	100x300	050ae489f3c65e6a0c7b30dcdd15ce6fd320a8b0e1d775975ddc0c5a0ecd6c63	050ae489f3c65e6a0c7b30dcdd15ce6fd320a8b0e1d775975ddc0c5a0ecd6c63	0	0.0	0	True
06_08	price	float64	100x301	71d4ba68a22876a686473309fe95c10b9762c59391bdce12ca9e468c619d9e96	71d4ba68a22876a686473309fe95c10b9762c59391bdce12ca9e468c619d9e96	0	0.0	0	True
06_08	signal	int8	100x301	90721cdaa3ddb083f04e1e71fd9c244c63f420c36aa3ad1500ae0b5d36e487ae	90721cdaa3ddb083f04e1e71fd9c244c63f420c36aa3ad1500ae0b5d36e487ae	0			True
06_08	cash	float64	100x301	cde858e59bce273463a09260ec6492963bfe92d4c4cddb6912e60d4f42ea4b89	cde858e59bce273463a09260ec6492963bfe92d4c4cddb6912e60d4f42ea4b89	0	0.0	0	True
06_08	inventory	int16	100x301	5e3c311ee74e02d68331ff932fbc39cab3987ce491aca1e2b54473d7bab99617	5e3c311ee74e02d68331ff932fbc39cab3987ce491aca1e2b54473d7bab99617	0			True
06_08	actions	int8	100x300	8128c2ad9631a9313615d255988538174ab63b1e551764b303043dc0fe746e5a	8128c2ad9631a9313615d255988538174ab63b1e551764b303043dc0fe746e5a	0			True
06_08	action_probability	float64	100x300	8fd08a57264ccbc2db69a010ab726babc4271ed2f2c0dcaf966bb77da3ad39a2	8fd08a57264ccbc2db69a010ab726babc4271ed2f2c0dcaf966bb77da3ad39a2	0	0.0	0	True
06_08	return_	float64	100x300	0388226b48c2715d7e543e4048785edd714877edc85928dcbe7c249542b4a38f	0388226b48c2715d7e543e4048785edd714877edc85928dcbe7c249542b4a38f	0	0.0	0	True
06_08	submitted	bool	100x300x2	84efc17c4abbd6c7f936500504bee851bce36c7b9595cbd496e60fcc09d94236	84efc17c4abbd6c7f936500504bee851bce36c7b9595cbd496e60fcc09d94236	0			True
06_08	fills	int8	100x300x2	37ef13a4bba813f87322198d85dbfb5286f2b21be83b3060da4a40186418bcc1	37ef13a4bba813f87322198d85dbfb5286f2b21be83b3060da4a40186418bcc1	0			True
06_08	execution_prices	float64	100x300x2	2bcea488d322593fce9029142c518d37619247035a24ee6ad97d24a92cfe33f3	2bcea488d322593fce9029142c518d37619247035a24ee6ad97d24a92cfe33f3	0	0.0	0	True
06_08	executed_quantities	int8	100x300x2	f6150761ab32332785912f732c6314648de33500f84867faa0cc7b04cc832b2e	f6150761ab32332785912f732c6314648de33500f84867faa0cc7b04cc832b2e	0			True
06_08	fees	float64	100x300	768b13e6bf5686aa3c5afbfcdb9f636af332a56a896fbc660e6b66198a3fe75a	768b13e6bf5686aa3c5afbfcdb9f636af332a56a896fbc660e6b66198a3fe75a	0	0.0	0	True
06_09	price	float64	100x301	39a0d6cba4919d98673d7448df739884cca089b905f25d552ba2a6ea58736172	39a0d6cba4919d98673d7448df739884cca089b905f25d552ba2a6ea58736172	0	0.0	0	True
06_09	signal	int8	100x301	ee451b8bdc5e8665acaee89a8151e306326154f0f2dd6575a8caf316683ab601	ee451b8bdc5e8665acaee89a8151e306326154f0f2dd6575a8caf316683ab601	0			True
06_09	cash	float64	100x301	510527c0233b395ab1a2796c7861055f76bb13450efca621650978b6747350b7	510527c0233b395ab1a2796c7861055f76bb13450efca621650978b6747350b7	0	0.0	0	True
06_09	inventory	int16	100x301	686738d3db9a0b6aeeece66dcf563bb24e435d0c2d852d9f31217c76cb57d896	686738d3db9a0b6aeeece66dcf563bb24e435d0c2d852d9f31217c76cb57d896	0			True
06_09	actions	int8	100x300	720b9180d03ff0ef07503c691c0c1ca3c4c468bc5541a07fe41719d862fc801b	720b9180d03ff0ef07503c691c0c1ca3c4c468bc5541a07fe41719d862fc801b	0			True
06_09	action_probability	float64	100x300	a0e5b292fa80587ba913a43f3e929c32a2193860638aecf977bd78c5419a6567	a0e5b292fa80587ba913a43f3e929c32a2193860638aecf977bd78c5419a6567	0	0.0	0	True
06_09	return_	float64	100x300	fcfe7db0f4fdbf248834d62e5db2b75af7844a26c36c7f6f628488d2fa5b88e1	fcfe7db0f4fdbf248834d62e5db2b75af7844a26c36c7f6f628488d2fa5b88e1	0	0.0	0	True
06_09	submitted	bool	100x300x2	a305f11d7f955a5f59077a690e32f0d03e1daa7a31845a61d1e6467e1b7c1c94	a305f11d7f955a5f59077a690e32f0d03e1daa7a31845a61d1e6467e1b7c1c94	0			True
06_09	fills	int8	100x300x2	f1ec45c27e255eceb4160cee2e213d1e87ee9b632aff86496b6d926f2a1f9503	f1ec45c27e255eceb4160cee2e213d1e87ee9b632aff86496b6d926f2a1f9503	0			True
06_09	execution_prices	float64	100x300x2	ffb39e9359a1ac7b58b84bc96406c463a111b4bc3a40350c8d82bee7d5892eb6	ffb39e9359a1ac7b58b84bc96406c463a111b4bc3a40350c8d82bee7d5892eb6	0	0.0	0	True
06_09	executed_quantities	int8	100x300x2	94e7c3ec129e32c5fdbd219fdb8616f397d204f82151dbaa3030b2a9a2d1e5c8	94e7c3ec129e32c5fdbd219fdb8616f397d204f82151dbaa3030b2a9a2d1e5c8	0			True
06_09	fees	float64	100x300	c39e8ad15998b74040377e169f48ed193029168862d19f585b16864d5f8e46cf	c39e8ad15998b74040377e169f48ed193029168862d19f585b16864d5f8e46cf	0	0.0	0	True
07_00	price	float64	100x301	be4392666a00c8f392c2d0783a578b93f6e14b2aa828c87fbf80e903d373431b	be4392666a00c8f392c2d0783a578b93f6e14b2aa828c87fbf80e903d373431b	0	0.0	0	True
07_00	signal	int8	100x301	dd85f1ab0cfa410c29b1f180ea225ef755001c1cbd916b18e0090b5a77ecfd6e	dd85f1ab0cfa410c29b1f180ea225ef755001c1cbd916b18e0090b5a77ecfd6e	0			True
07_00	cash	float64	100x301	596d5945dabcb4c6d8ebd8fd44f91c1564021ce54e3857efe22922a5890ec512	596d5945dabcb4c6d8ebd8fd44f91c1564021ce54e3857efe22922a5890ec512	0	0.0	0	True
07_00	inventory	int16	100x301	e800ee3094d4e4e0a4b33dd3a4c1c9660e9582c6b6e7feae08a08073dd5b94a4	e800ee3094d4e4e0a4b33dd3a4c1c9660e9582c6b6e7feae08a08073dd5b94a4	0			True
07_00	actions	int8	100x300	d8459d406816a4060766893f2c52b51d7ddca41a5f3e8d919f93843f89234936	d8459d406816a4060766893f2c52b51d7ddca41a5f3e8d919f93843f89234936	0			True
07_00	action_probability	float64	100x300	acfa1fda4425770f1796c17c127313c7e1584a21791d622a2dac911fa1693712	acfa1fda4425770f1796c17c127313c7e1584a21791d622a2dac911fa1693712	0	0.0	0	True
07_00	return_	float64	100x300	4c7a27f2a72f167e22025209009ce9142386f7bf9fab1b38478e22efa6ef99af	4c7a27f2a72f167e22025209009ce9142386f7bf9fab1b38478e22efa6ef99af	0	0.0	0	True
07_00	submitted	bool	100x300x2	a55e9f3abf93f007f84c8e11ab3aa8d36aacae2014a7053cb1dbd22325c288bf	a55e9f3abf93f007f84c8e11ab3aa8d36aacae2014a7053cb1dbd22325c288bf	0			True
07_00	fills	int8	100x300x2	af7efe98d03449ba5a054b99c06338cf5446bcb1fe4c9f22734f486bddf70c1c	af7efe98d03449ba5a054b99c06338cf5446bcb1fe4c9f22734f486bddf70c1c	0			True
07_00	execution_prices	float64	100x300x2	114954b3fde9644be8eca4321b4b38a1f3fb1750b21dfebdeccc21c0a131f68a	114954b3fde9644be8eca4321b4b38a1f3fb1750b21dfebdeccc21c0a131f68a	0	0.0	0	True
07_00	executed_quantities	int8	100x300x2	e7e55c9c6e82cac8da9efdbf33f162caaebdddf5be37778950a8040bc7c6eb18	e7e55c9c6e82cac8da9efdbf33f162caaebdddf5be37778950a8040bc7c6eb18	0			True
07_00	fees	float64	100x300	a4c20d20de13e6eca183edd7dad29a0e087db418ef456544469a97dadc37dd56	a4c20d20de13e6eca183edd7dad29a0e087db418ef456544469a97dadc37dd56	0	0.0	0	True
07_01	price	float64	100x301	5fd581aadf2a018c621eba27a5faefa5ab2c04da5b54404ab61b36d7d48fdfda	5fd581aadf2a018c621eba27a5faefa5ab2c04da5b54404ab61b36d7d48fdfda	0	0.0	0	True
07_01	signal	int8	100x301	2607a06e1de0924ee5fd940fea2a5efe4c1f29935a53ea248cc9ff885b575f1f	2607a06e1de0924ee5fd940fea2a5efe4c1f29935a53ea248cc9ff885b575f1f	0			True
07_01	cash	float64	100x301	ec5ee8c535ab1cb29db8c7bf76960cce107800e8f96f97530f44ea2096ea6958	ec5ee8c535ab1cb29db8c7bf76960cce107800e8f96f97530f44ea2096ea6958	0	0.0	0	True
07_01	inventory	int16	100x301	184832b0fe9e38076aeeadfecbdc752b7d0ca9631852ef006e19eb68f5af2be3	184832b0fe9e38076aeeadfecbdc752b7d0ca9631852ef006e19eb68f5af2be3	0			True
07_01	actions	int8	100x300	5ecc167355d32768f999a04a5faa0c6bbdc04b87a59eac66d909487b8965704e	5ecc167355d32768f999a04a5faa0c6bbdc04b87a59eac66d909487b8965704e	0			True
07_01	action_probability	float64	100x300	6d118b51ea083c1595f8d8c96c594ea157eaeabd43e2992026aee6e3eca280a4	6d118b51ea083c1595f8d8c96c594ea157eaeabd43e2992026aee6e3eca280a4	0	0.0	0	True
07_01	return_	float64	100x300	3833baba74cec3a846bbab847a911463eca1c251b878347f509437261eb5c291	3833baba74cec3a846bbab847a911463eca1c251b878347f509437261eb5c291	0	0.0	0	True
07_01	submitted	bool	100x300x2	66960a3c42e066d2b19c2069b7c0581440772531801463e473a2b0e6c2f36617	66960a3c42e066d2b19c2069b7c0581440772531801463e473a2b0e6c2f36617	0			True
07_01	fills	int8	100x300x2	487366048b7aec72cee6c4f5b3de96c7fe9c06cdd68c194c2c9931a4596de02a	487366048b7aec72cee6c4f5b3de96c7fe9c06cdd68c194c2c9931a4596de02a	0			True
07_01	execution_prices	float64	100x300x2	f42e379bad48a15035cb062b6dc3e4d508c9cecebbe6f7573464c0bbca296562	f42e379bad48a15035cb062b6dc3e4d508c9cecebbe6f7573464c0bbca296562	0	0.0	0	True
07_01	executed_quantities	int8	100x300x2	c6ea92f1cf9d1dd90032c8866179d37853a42c053728e14df42570a622d6803d	c6ea92f1cf9d1dd90032c8866179d37853a42c053728e14df42570a622d6803d	0			True
07_01	fees	float64	100x300	bc485d9e5638ca49c4bf42d5ff52ba9d881cc0a086d9df24b3a0857a0015d377	bc485d9e5638ca49c4bf42d5ff52ba9d881cc0a086d9df24b3a0857a0015d377	0	0.0	0	True
07_02	price	float64	100x301	a5eb9f2e409c85fa2648a284981e8112538c09f1abc99ceb4ee0013e54e4e1b7	a5eb9f2e409c85fa2648a284981e8112538c09f1abc99ceb4ee0013e54e4e1b7	0	0.0	0	True
07_02	signal	int8	100x301	33eab237feb07cec1a6adab4bbb9dde245985efa73cbd38197c332c5d8def534	33eab237feb07cec1a6adab4bbb9dde245985efa73cbd38197c332c5d8def534	0			True
07_02	cash	float64	100x301	8a58d39af1a2550048174744ea1fd49f1e3ee8f94d3220fececd85f5e4566d81	8a58d39af1a2550048174744ea1fd49f1e3ee8f94d3220fececd85f5e4566d81	0	0.0	0	True
07_02	inventory	int16	100x301	fb0305e1504645a604fca0c8214baee9bae0c46edfb4a719cd5ce213f3e9056d	fb0305e1504645a604fca0c8214baee9bae0c46edfb4a719cd5ce213f3e9056d	0			True
07_02	actions	int8	100x300	7aaf908663893994194ab286b075a250827d6e878f0bbb254acd6e00d7ad9eee	7aaf908663893994194ab286b075a250827d6e878f0bbb254acd6e00d7ad9eee	0			True
07_02	action_probability	float64	100x300	4b3716c8f56e86c1766bcd66f42f58ed6448e242a588466bb218961b8a72b0b7	4b3716c8f56e86c1766bcd66f42f58ed6448e242a588466bb218961b8a72b0b7	0	0.0	0	True
07_02	return_	float64	100x300	c636d69c2caab38ab7d127e5065e34d0648d2b944e9970001736f7b27898bf61	c636d69c2caab38ab7d127e5065e34d0648d2b944e9970001736f7b27898bf61	0	0.0	0	True
07_02	submitted	bool	100x300x2	3d99ee8e56c3f9f6f5019b37df10b02553a33144f304d830896a051bb9b54d47	3d99ee8e56c3f9f6f5019b37df10b02553a33144f304d830896a051bb9b54d47	0			True
07_02	fills	int8	100x300x2	c9a619e824c0594fff6df02898844e1ebb15363dc863a98ee4b91d3da532db6d	c9a619e824c0594fff6df02898844e1ebb15363dc863a98ee4b91d3da532db6d	0			True
07_02	execution_prices	float64	100x300x2	3cbf91d384648b63e52a6c4462dcc898cd78ae3fef92d38a66c17c0be1495991	3cbf91d384648b63e52a6c4462dcc898cd78ae3fef92d38a66c17c0be1495991	0	0.0	0	True
07_02	executed_quantities	int8	100x300x2	2446f6d2505b0f6a7d129069e70436ba310fe427742509679c764f62330aa18c	2446f6d2505b0f6a7d129069e70436ba310fe427742509679c764f62330aa18c	0			True
07_02	fees	float64	100x300	c00b34b49df3a10e8cfc1b3651daf86281aee16afdfab1a015367d0046ffa58e	c00b34b49df3a10e8cfc1b3651daf86281aee16afdfab1a015367d0046ffa58e	0	0.0	0	True
07_03	price	float64	100x301	3e664d6f5eb86da07302c69e303fec157a044e5a17bb6dd3801fc9c3b375ac72	3e664d6f5eb86da07302c69e303fec157a044e5a17bb6dd3801fc9c3b375ac72	0	0.0	0	True
07_03	signal	int8	100x301	7e27af4bea1cac48b1a1fefa01cfa021c2634dccd91a62205cdeb4f282d08fd3	7e27af4bea1cac48b1a1fefa01cfa021c2634dccd91a62205cdeb4f282d08fd3	0			True
07_03	cash	float64	100x301	55293b26f274599030895175cc9c4836b12e31e50791f04bc73ab07cc4e29a17	55293b26f274599030895175cc9c4836b12e31e50791f04bc73ab07cc4e29a17	0	0.0	0	True
07_03	inventory	int16	100x301	298f4fb95822f857280fe9d8a910d0771de61562df36bd8f39e4483f004f0c9c	298f4fb95822f857280fe9d8a910d0771de61562df36bd8f39e4483f004f0c9c	0			True
07_03	actions	int8	100x300	6d89387ee117da5feb2b594ce843421076b5ec535440f19889f2ea840e95c34a	6d89387ee117da5feb2b594ce843421076b5ec535440f19889f2ea840e95c34a	0			True
07_03	action_probability	float64	100x300	e30b50a0b613f62dd729e7ee47160a32a42bbd83ad4b37e83c3d9f56d04a6af6	e30b50a0b613f62dd729e7ee47160a32a42bbd83ad4b37e83c3d9f56d04a6af6	0	0.0	0	True
07_03	return_	float64	100x300	0f8c0d3b066b5b1d76177a3565568542d296e8c7fb7659e0ba76857ed2fbca8e	0f8c0d3b066b5b1d76177a3565568542d296e8c7fb7659e0ba76857ed2fbca8e	0	0.0	0	True
07_03	submitted	bool	100x300x2	fb03d24ab0840343031d689ff90fb9156fdda0c86bbca8025e2c8f57b4c91a76	fb03d24ab0840343031d689ff90fb9156fdda0c86bbca8025e2c8f57b4c91a76	0			True
07_03	fills	int8	100x300x2	d7fd86e3257457c5a810a0e329e9ebd0a4e54e37bd83e1444502653eb0bab931	d7fd86e3257457c5a810a0e329e9ebd0a4e54e37bd83e1444502653eb0bab931	0			True
07_03	execution_prices	float64	100x300x2	d3c56fa28dfb4d74634243e8df95c98ec25c7cca635f18a3a9a119122db70b2c	d3c56fa28dfb4d74634243e8df95c98ec25c7cca635f18a3a9a119122db70b2c	0	0.0	0	True
07_03	executed_quantities	int8	100x300x2	f40da4603b6b782c86f92cb9e138a2fed4eb34f71f62a6e135762e1537d7861b	f40da4603b6b782c86f92cb9e138a2fed4eb34f71f62a6e135762e1537d7861b	0			True
07_03	fees	float64	100x300	1a2bb81811f61a1594ef4bf961d2d755c5c415f442f47507e83731d07141771e	1a2bb81811f61a1594ef4bf961d2d755c5c415f442f47507e83731d07141771e	0	0.0	0	True
07_04	price	float64	100x301	9e7df52ea7a49d375850dbd7fd6d8e73f9b0fd5089df9043648f1cb9494bd9c4	9e7df52ea7a49d375850dbd7fd6d8e73f9b0fd5089df9043648f1cb9494bd9c4	0	0.0	0	True
07_04	signal	int8	100x301	31241ccfdd16420416eeaab4b569023f45e4dfe4a8bfe87e21f5434c1f941fab	31241ccfdd16420416eeaab4b569023f45e4dfe4a8bfe87e21f5434c1f941fab	0			True
07_04	cash	float64	100x301	0d6a6249ad1a426e70ee8d42d281841acbecd1795a73c3b5f82f66e79cd7aca3	0d6a6249ad1a426e70ee8d42d281841acbecd1795a73c3b5f82f66e79cd7aca3	0	0.0	0	True
07_04	inventory	int16	100x301	e4ecea763a4c5caff9eade69798f48efab52d04aae7a674f9a448e405cd28e5b	e4ecea763a4c5caff9eade69798f48efab52d04aae7a674f9a448e405cd28e5b	0			True
07_04	actions	int8	100x300	27464212a881e82c8c3a7425f70c80e04152b60d5b6ccc245ae11f5b538cb410	27464212a881e82c8c3a7425f70c80e04152b60d5b6ccc245ae11f5b538cb410	0			True
07_04	action_probability	float64	100x300	0d95d854bfbb02e2584ba95db6c82eac725da929fce14ebc1d987dbd79402888	0d95d854bfbb02e2584ba95db6c82eac725da929fce14ebc1d987dbd79402888	0	0.0	0	True
07_04	return_	float64	100x300	77521a823e5957acdac114ead2c1c517652db8fbdc8f868b77f51231f9152fa9	77521a823e5957acdac114ead2c1c517652db8fbdc8f868b77f51231f9152fa9	0	0.0	0	True
07_04	submitted	bool	100x300x2	19d5b8195fc1399a09624efe0fb042da1baaf6a8f0eea47bcbfe815d588f8dc0	19d5b8195fc1399a09624efe0fb042da1baaf6a8f0eea47bcbfe815d588f8dc0	0			True
07_04	fills	int8	100x300x2	c7e80f716b4988909318aca3fe600392adba50e99dba408c31fccf81b6152136	c7e80f716b4988909318aca3fe600392adba50e99dba408c31fccf81b6152136	0			True
07_04	execution_prices	float64	100x300x2	0500bff78475555e83deb81899976dd9c175ec2aa35e8704104adb94dd1bbb3f	0500bff78475555e83deb81899976dd9c175ec2aa35e8704104adb94dd1bbb3f	0	0.0	0	True
07_04	executed_quantities	int8	100x300x2	c1b848a6280f1197ea5c3bb37e8197ad7abc705e6b627815743487efd908fbe6	c1b848a6280f1197ea5c3bb37e8197ad7abc705e6b627815743487efd908fbe6	0			True
07_04	fees	float64	100x300	149044bac4592197beae857d84a3478e58b65fbd5f6f12e23b9eb4f8172f971b	149044bac4592197beae857d84a3478e58b65fbd5f6f12e23b9eb4f8172f971b	0	0.0	0	True
07_05	price	float64	100x301	26aef0de9ac40ccbfcb35b895fd5da7d12d1510df630ccfa7111ff648901b18d	26aef0de9ac40ccbfcb35b895fd5da7d12d1510df630ccfa7111ff648901b18d	0	0.0	0	True
07_05	signal	int8	100x301	ae0c5beb185db7950da594884a238dd648c867e8122ab2546b56d1ccbb04224d	ae0c5beb185db7950da594884a238dd648c867e8122ab2546b56d1ccbb04224d	0			True
07_05	cash	float64	100x301	9396ee57748e0a4658ccf2ff79aad691dbaccbf0d251fe9a76bca73765501f70	9396ee57748e0a4658ccf2ff79aad691dbaccbf0d251fe9a76bca73765501f70	0	0.0	0	True
07_05	inventory	int16	100x301	03154270d6114d9b40e7434b476be23680be1de795179cedecca2d64e526ef38	03154270d6114d9b40e7434b476be23680be1de795179cedecca2d64e526ef38	0			True
07_05	actions	int8	100x300	46a9d2409c65845c2f844e861cbdde52a12d71917d2e68799482933832b29802	46a9d2409c65845c2f844e861cbdde52a12d71917d2e68799482933832b29802	0			True
07_05	action_probability	float64	100x300	e86424882ad248c0f95eb925f5933ee930d631367bb88b077c9403a2289fbd66	e86424882ad248c0f95eb925f5933ee930d631367bb88b077c9403a2289fbd66	0	0.0	0	True
07_05	return_	float64	100x300	549bad987b15fff86adda043dbaf6a6680d230680d716a9bfb33e2f0f8f7e5f9	549bad987b15fff86adda043dbaf6a6680d230680d716a9bfb33e2f0f8f7e5f9	0	0.0	0	True
07_05	submitted	bool	100x300x2	cd6a6ca368f7c686e10527f938962cf4f2da2418ac3b9b3f07ef503884fcd30b	cd6a6ca368f7c686e10527f938962cf4f2da2418ac3b9b3f07ef503884fcd30b	0			True
07_05	fills	int8	100x300x2	5e3a27cdb57c314771de8724c51f5dfd99dbf95c2ea03e0f4d3278cd277e03c9	5e3a27cdb57c314771de8724c51f5dfd99dbf95c2ea03e0f4d3278cd277e03c9	0			True
07_05	execution_prices	float64	100x300x2	4193f854802fba3749989f6f4fe10730a76a9dce7fb4d65c27c570b887e20bdc	4193f854802fba3749989f6f4fe10730a76a9dce7fb4d65c27c570b887e20bdc	0	0.0	0	True
07_05	executed_quantities	int8	100x300x2	ce0b605f387de0c15ed86e807f59eae5e847dfa3ff247f43df3ca31caebefbed	ce0b605f387de0c15ed86e807f59eae5e847dfa3ff247f43df3ca31caebefbed	0			True
07_05	fees	float64	100x300	b9e00fea664b85e378e27442b2218bdb7fc2f156045a8fc839a1569e9e2a0e84	b9e00fea664b85e378e27442b2218bdb7fc2f156045a8fc839a1569e9e2a0e84	0	0.0	0	True
07_06	price	float64	100x301	af7fb9395dfb6c09d86016321c69e9873ef6b51051932aae9c0c1b7b55218471	af7fb9395dfb6c09d86016321c69e9873ef6b51051932aae9c0c1b7b55218471	0	0.0	0	True
07_06	signal	int8	100x301	c3246adcc4aa614810ccf7d88612aabb91b7e4dfa5e9647e80963eff31d7cb24	c3246adcc4aa614810ccf7d88612aabb91b7e4dfa5e9647e80963eff31d7cb24	0			True
07_06	cash	float64	100x301	3e5bf0c58f1e521af52ce86555cfed7640c791408118da6e921b0e3d64c24a2b	3e5bf0c58f1e521af52ce86555cfed7640c791408118da6e921b0e3d64c24a2b	0	0.0	0	True
07_06	inventory	int16	100x301	7e7479143e2cadef22c5bc0714908bf7161dc0f97ca1ff01966645f6479fb224	7e7479143e2cadef22c5bc0714908bf7161dc0f97ca1ff01966645f6479fb224	0			True
07_06	actions	int8	100x300	47decf7b0ecedcf12681297c53a844c53a53208252cc751e5cbc8e59b318459b	47decf7b0ecedcf12681297c53a844c53a53208252cc751e5cbc8e59b318459b	0			True
07_06	action_probability	float64	100x300	bfe7e7b360760bce3ce630b7d88826f9a917be34eecddc369082f456b0a01480	bfe7e7b360760bce3ce630b7d88826f9a917be34eecddc369082f456b0a01480	0	0.0	0	True
07_06	return_	float64	100x300	8abb026f61965aaebf1d1e3b61962757b00764da885fd2b288a3e1d50f48b1db	8abb026f61965aaebf1d1e3b61962757b00764da885fd2b288a3e1d50f48b1db	0	0.0	0	True
07_06	submitted	bool	100x300x2	85fdf748f2cd5ae431a56ba65ebd3a1ab503bd25a08ff651769fbf1879d11ca7	85fdf748f2cd5ae431a56ba65ebd3a1ab503bd25a08ff651769fbf1879d11ca7	0			True
07_06	fills	int8	100x300x2	4efa5b3f9b939357501093662fb0d29267025e965d40e9b277c78938e6df9533	4efa5b3f9b939357501093662fb0d29267025e965d40e9b277c78938e6df9533	0			True
07_06	execution_prices	float64	100x300x2	78f24f45f0699c87906489799b28d5cb6b71bade42b0247feed2d7ba74d0a4e2	78f24f45f0699c87906489799b28d5cb6b71bade42b0247feed2d7ba74d0a4e2	0	0.0	0	True
07_06	executed_quantities	int8	100x300x2	7119ad36d112a33fdad6ad0d93aa1965da6ee872f51a705ab8a75cc89761bd48	7119ad36d112a33fdad6ad0d93aa1965da6ee872f51a705ab8a75cc89761bd48	0			True
07_06	fees	float64	100x300	1c828dc7982882384d9cc696d75c14438d6b7563302dc1168be5ce2fb267775b	1c828dc7982882384d9cc696d75c14438d6b7563302dc1168be5ce2fb267775b	0	0.0	0	True
07_07	price	float64	100x301	594f184e3453e567508252ac9e5f644479ece47ed2a9db6f430aaafe3db29be7	594f184e3453e567508252ac9e5f644479ece47ed2a9db6f430aaafe3db29be7	0	0.0	0	True
07_07	signal	int8	100x301	53e9eb338b1d18023c72ed597b529c0e8d25b6c36236e9e5ccc7a7948a15a69f	53e9eb338b1d18023c72ed597b529c0e8d25b6c36236e9e5ccc7a7948a15a69f	0			True
07_07	cash	float64	100x301	db4801674717c95e5b4d94aa1205096b32d81ec52f6e1930b9e40f82d0f966ff	db4801674717c95e5b4d94aa1205096b32d81ec52f6e1930b9e40f82d0f966ff	0	0.0	0	True
07_07	inventory	int16	100x301	9d18b8f2fcdd50ed2fadab84e84128d11f31bc584255de05a060002304820d1e	9d18b8f2fcdd50ed2fadab84e84128d11f31bc584255de05a060002304820d1e	0			True
07_07	actions	int8	100x300	20aa01eeab855910a7351d82a7b9e794b9c157b03c97644000caf0e40f60aeb1	20aa01eeab855910a7351d82a7b9e794b9c157b03c97644000caf0e40f60aeb1	0			True
07_07	action_probability	float64	100x300	cc46a43170e2a9ce287b649d1262b036664e8963aff6e2d5beb836b7e75e8c53	cc46a43170e2a9ce287b649d1262b036664e8963aff6e2d5beb836b7e75e8c53	0	0.0	0	True
07_07	return_	float64	100x300	f734db37efa3898951cd256154c6bfc53104cd36f871979530b198e46ff23c22	f734db37efa3898951cd256154c6bfc53104cd36f871979530b198e46ff23c22	0	0.0	0	True
07_07	submitted	bool	100x300x2	29b53f7e280057a87d287d196750a8da5bbc189274b8303546c794fe141853c4	29b53f7e280057a87d287d196750a8da5bbc189274b8303546c794fe141853c4	0			True
07_07	fills	int8	100x300x2	dae11847b1026264ff4ceb37050e58f77e079cb6cbff7285207d13ba36cffa8e	dae11847b1026264ff4ceb37050e58f77e079cb6cbff7285207d13ba36cffa8e	0			True
07_07	execution_prices	float64	100x300x2	5d6026465b60cf2dfce3b0560217b7acde8cf326a690a5f85d51de073669ed04	5d6026465b60cf2dfce3b0560217b7acde8cf326a690a5f85d51de073669ed04	0	0.0	0	True
07_07	executed_quantities	int8	100x300x2	cf79a8b336b057a075ab738b9697a68cc45d5ac46bfd0289a2b4cda4a0425108	cf79a8b336b057a075ab738b9697a68cc45d5ac46bfd0289a2b4cda4a0425108	0			True
07_07	fees	float64	100x300	5e4b5e09e5c2ce9f06e0e1467eff362e653db38ea5d1495ca2ef242a29cfe9d8	5e4b5e09e5c2ce9f06e0e1467eff362e653db38ea5d1495ca2ef242a29cfe9d8	0	0.0	0	True
07_08	price	float64	100x301	2ae2f96ffd39f92f3b73687c6e6828796cbd5d28b003734b5f099ca7c844829d	2ae2f96ffd39f92f3b73687c6e6828796cbd5d28b003734b5f099ca7c844829d	0	0.0	0	True
07_08	signal	int8	100x301	9dc745a250a95e2fc785399d859d16741c8e6ba9d8908c3a89571484079eec91	9dc745a250a95e2fc785399d859d16741c8e6ba9d8908c3a89571484079eec91	0			True
07_08	cash	float64	100x301	d3648f287c6b529c59e24422384613777ada501477591091e8a54e9eff678e48	d3648f287c6b529c59e24422384613777ada501477591091e8a54e9eff678e48	0	0.0	0	True
07_08	inventory	int16	100x301	3213aaa176606763f5d78c6d6a00ec6ca249484ae2b449fe13f41b67898c1863	3213aaa176606763f5d78c6d6a00ec6ca249484ae2b449fe13f41b67898c1863	0			True
07_08	actions	int8	100x300	8af2037eeef590e6fc416e48611796b9d0de304d4d440b43a582cd5a740c503b	8af2037eeef590e6fc416e48611796b9d0de304d4d440b43a582cd5a740c503b	0			True
07_08	action_probability	float64	100x300	eef0afdf5b88b57d6fbbcecf10b3cdff3160e37295f3e706d26849809dd1d6b3	eef0afdf5b88b57d6fbbcecf10b3cdff3160e37295f3e706d26849809dd1d6b3	0	0.0	0	True
07_08	return_	float64	100x300	4580dffca79f60fa2f1b7cf53a1393f9818ab2a8a603a9702466fe7e2f4d4ea3	4580dffca79f60fa2f1b7cf53a1393f9818ab2a8a603a9702466fe7e2f4d4ea3	0	0.0	0	True
07_08	submitted	bool	100x300x2	fbbf79de936b9c63e862a3dc9220646610ff2eb913b47659a16dbe69383dde48	fbbf79de936b9c63e862a3dc9220646610ff2eb913b47659a16dbe69383dde48	0			True
07_08	fills	int8	100x300x2	faffbcbaad9fb67d855fae4258c48c478d69458b72f665549201ef586e53aaae	faffbcbaad9fb67d855fae4258c48c478d69458b72f665549201ef586e53aaae	0			True
07_08	execution_prices	float64	100x300x2	2296a02edffcfc1ada46626e163565cf4c33fc800fd6e8764e907eeb5e0ba90d	2296a02edffcfc1ada46626e163565cf4c33fc800fd6e8764e907eeb5e0ba90d	0	0.0	0	True
07_08	executed_quantities	int8	100x300x2	494849398198895ecfecb6c4bc2f9038692f11ad2a7a5612801ec6cd7d247f80	494849398198895ecfecb6c4bc2f9038692f11ad2a7a5612801ec6cd7d247f80	0			True
07_08	fees	float64	100x300	6d30364cea0ca4d10bc65146c6cd09a857dd8bd2aa7a5fed7f2337e4f3c4cae8	6d30364cea0ca4d10bc65146c6cd09a857dd8bd2aa7a5fed7f2337e4f3c4cae8	0	0.0	0	True
07_09	price	float64	100x301	3d0d590e44ce80c2253ba674b82c91782cc0e87143522369c4eeedb897737434	3d0d590e44ce80c2253ba674b82c91782cc0e87143522369c4eeedb897737434	0	0.0	0	True
07_09	signal	int8	100x301	f7e40da6218734a45a9b5e40fa61f40b7f423e9228a44004c0f6efa1d1635069	f7e40da6218734a45a9b5e40fa61f40b7f423e9228a44004c0f6efa1d1635069	0			True
07_09	cash	float64	100x301	bd8f4733c0e7de55d75fff4b8b58b27cc164a4e1e5070b217ec17d6f5145700f	bd8f4733c0e7de55d75fff4b8b58b27cc164a4e1e5070b217ec17d6f5145700f	0	0.0	0	True
07_09	inventory	int16	100x301	388d257e5b20cf905af5e4ed91e82e34993113cb9e4658ef94c1640dbedcfb30	388d257e5b20cf905af5e4ed91e82e34993113cb9e4658ef94c1640dbedcfb30	0			True
07_09	actions	int8	100x300	2a6115ec17710130622b32332265139622668b008754e6eb8c5aafb55820f541	2a6115ec17710130622b32332265139622668b008754e6eb8c5aafb55820f541	0			True
07_09	action_probability	float64	100x300	023247d1ca21c2bf2c3467335bba164de09dbd01de7da5c440d28612650610cb	023247d1ca21c2bf2c3467335bba164de09dbd01de7da5c440d28612650610cb	0	0.0	0	True
07_09	return_	float64	100x300	d1add49b66ca836d6c2e44f27ee78b56cfbfce50299a29128bf24c74f827eacc	d1add49b66ca836d6c2e44f27ee78b56cfbfce50299a29128bf24c74f827eacc	0	0.0	0	True
07_09	submitted	bool	100x300x2	155a48dbb5de455658a80bccc0d061b4d5a2a7016377514f299d30c64b369867	155a48dbb5de455658a80bccc0d061b4d5a2a7016377514f299d30c64b369867	0			True
07_09	fills	int8	100x300x2	9b0fbb54c3e6f87e4e5472494ace52eb1e50bf1564028d3d4492bde169bfba8b	9b0fbb54c3e6f87e4e5472494ace52eb1e50bf1564028d3d4492bde169bfba8b	0			True
07_09	execution_prices	float64	100x300x2	8b49591a28c26d8011749f72f1bba95edff2f34b18b5cf6e0c32f0ed545b5560	8b49591a28c26d8011749f72f1bba95edff2f34b18b5cf6e0c32f0ed545b5560	0	0.0	0	True
07_09	executed_quantities	int8	100x300x2	c688b2d8e5570410e9e4d564971528ff39dc3820772ae07f22818720e57394e3	c688b2d8e5570410e9e4d564971528ff39dc3820772ae07f22818720e57394e3	0			True
07_09	fees	float64	100x300	c1e54ab25bf4d882afa2fbaceb3c0febf305e5e52de0449e01bd07fbea8aa037	c1e54ab25bf4d882afa2fbaceb3c0febf305e5e52de0449e01bd07fbea8aa037	0	0.0	0	True
08_00	price	float64	100x301	7ea320de5efa00085a4c035c215ae5f79f639b68c4a705a8a752de941701a575	7ea320de5efa00085a4c035c215ae5f79f639b68c4a705a8a752de941701a575	0	0.0	0	True
08_00	signal	int8	100x301	ff4e2da3cb3ca08e79f6a5b43bb52ccc4b593944ba3762062064a96859d7c057	ff4e2da3cb3ca08e79f6a5b43bb52ccc4b593944ba3762062064a96859d7c057	0			True
08_00	cash	float64	100x301	95c06ec0e42ff17081d6ce9c9a7dd069c8f3cc78b20a486addfeebcefb6b677e	95c06ec0e42ff17081d6ce9c9a7dd069c8f3cc78b20a486addfeebcefb6b677e	0	0.0	0	True
08_00	inventory	int16	100x301	5be54172e224ede7562d02e9a020e481276571083406e47062facb799658f0c2	5be54172e224ede7562d02e9a020e481276571083406e47062facb799658f0c2	0			True
08_00	actions	int8	100x300	901e33ad49fa294a20fcb097e9e14b69c49c31e3a4c715417891a3bdaeb43ef6	901e33ad49fa294a20fcb097e9e14b69c49c31e3a4c715417891a3bdaeb43ef6	0			True
08_00	action_probability	float64	100x300	dc8953f5eaa2b7adc512e269ed50e461ad5b50331ac661a926324b230d357c95	dc8953f5eaa2b7adc512e269ed50e461ad5b50331ac661a926324b230d357c95	0	0.0	0	True
08_00	return_	float64	100x300	8eb3afe91bf6682b791712859644b467c6557ffca921e959a58401394165c31e	8eb3afe91bf6682b791712859644b467c6557ffca921e959a58401394165c31e	0	0.0	0	True
08_00	submitted	bool	100x300x2	d46e51984b5b44c04ac58a9a4270428e342d7b6bf891186be86069b5ffc8a13a	d46e51984b5b44c04ac58a9a4270428e342d7b6bf891186be86069b5ffc8a13a	0			True
08_00	fills	int8	100x300x2	ba6293402916d01ab93eeb636d47c9b4cd21222b0266262a5a012f11741a6af1	ba6293402916d01ab93eeb636d47c9b4cd21222b0266262a5a012f11741a6af1	0			True
08_00	execution_prices	float64	100x300x2	68d366eae35b947e99912039b9ce7c4faf9c46f4f45479512c6f74c88ec7fe41	68d366eae35b947e99912039b9ce7c4faf9c46f4f45479512c6f74c88ec7fe41	0	0.0	0	True
08_00	executed_quantities	int8	100x300x2	293e58b9320aba4303f2caee5264e6b4f32b206c592a457edbe9a59a57f48907	293e58b9320aba4303f2caee5264e6b4f32b206c592a457edbe9a59a57f48907	0			True
08_00	fees	float64	100x300	e0ae469a49d93de23d9954575d4eaa5dce8d39cb1599c973d04f1d000b083ca6	e0ae469a49d93de23d9954575d4eaa5dce8d39cb1599c973d04f1d000b083ca6	0	0.0	0	True
08_01	price	float64	100x301	59fce0572d23abcfd1c64710ec5ef055a8a29a388717cbf2795ce79e1c6144fe	59fce0572d23abcfd1c64710ec5ef055a8a29a388717cbf2795ce79e1c6144fe	0	0.0	0	True
08_01	signal	int8	100x301	7b9f2ebd9826a8bcc9e302ca19df8bdc1ed4ebcf54edf33e7346c9ffe266607e	7b9f2ebd9826a8bcc9e302ca19df8bdc1ed4ebcf54edf33e7346c9ffe266607e	0			True
08_01	cash	float64	100x301	46a0dd8493fc2a397a5e8b250df665c775982d05940e4921d13e2bcd9c1dc147	46a0dd8493fc2a397a5e8b250df665c775982d05940e4921d13e2bcd9c1dc147	0	0.0	0	True
08_01	inventory	int16	100x301	9e9b6c8ac4eed6497bc961e3263ec6ad03f163692fd03829a9574befa735dbe0	9e9b6c8ac4eed6497bc961e3263ec6ad03f163692fd03829a9574befa735dbe0	0			True
08_01	actions	int8	100x300	41fcbadae77d7a4568b5bdb721b67321f5cdafa3279a0a9ddcec3c47fd8d3837	41fcbadae77d7a4568b5bdb721b67321f5cdafa3279a0a9ddcec3c47fd8d3837	0			True
08_01	action_probability	float64	100x300	d3e7e6802009dec9986e6d5bc45403d202e4d6613845c6fd5a9388542eca9781	d3e7e6802009dec9986e6d5bc45403d202e4d6613845c6fd5a9388542eca9781	0	0.0	0	True
08_01	return_	float64	100x300	d909fa19a8f7a68794e8504bc807aad1b236e5544d1917a01b4483715a8ab3a8	d909fa19a8f7a68794e8504bc807aad1b236e5544d1917a01b4483715a8ab3a8	0	0.0	0	True
08_01	submitted	bool	100x300x2	d4a7f3f9f6a96aba6b9a81658dfd8e3f5301e896226f55902b57127a61f75c95	d4a7f3f9f6a96aba6b9a81658dfd8e3f5301e896226f55902b57127a61f75c95	0			True
08_01	fills	int8	100x300x2	9850ebfd8ce6c1823fa78298a61e2cca0bd857a2cc1a0e9025af51ec955c00fb	9850ebfd8ce6c1823fa78298a61e2cca0bd857a2cc1a0e9025af51ec955c00fb	0			True
08_01	execution_prices	float64	100x300x2	b056f296d8539479179cc37c104200445fcab96b2eca5c19e6c006985c089c95	b056f296d8539479179cc37c104200445fcab96b2eca5c19e6c006985c089c95	0	0.0	0	True
08_01	executed_quantities	int8	100x300x2	e8679dfeb53a148669b7e32c38f9eaf594b04f165f97a60ffba4ea6ae0682867	e8679dfeb53a148669b7e32c38f9eaf594b04f165f97a60ffba4ea6ae0682867	0			True
08_01	fees	float64	100x300	b2f49082dfed54faaba2a7c6f5ba3a48860f08d4048738a2c62ac6d8cd28b25c	b2f49082dfed54faaba2a7c6f5ba3a48860f08d4048738a2c62ac6d8cd28b25c	0	0.0	0	True
08_02	price	float64	100x301	8e3e01c9e266be74fa6f5761bb18ff3783be60d10ceb887f764d2fe9d548a00a	8e3e01c9e266be74fa6f5761bb18ff3783be60d10ceb887f764d2fe9d548a00a	0	0.0	0	True
08_02	signal	int8	100x301	5cd2fc81ef424ea9da8efc4e7bf6613ce9ab832fb826892b34b17eedccd45971	5cd2fc81ef424ea9da8efc4e7bf6613ce9ab832fb826892b34b17eedccd45971	0			True
08_02	cash	float64	100x301	8c138d6d12e5bdf9f09d5f9f31237a5aecbcb04d4a8d43961a34118587f0a494	8c138d6d12e5bdf9f09d5f9f31237a5aecbcb04d4a8d43961a34118587f0a494	0	0.0	0	True
08_02	inventory	int16	100x301	2107c0bb919316e4b80cf0aef334303cebb1cc6db11771f53e09b8ac558fc460	2107c0bb919316e4b80cf0aef334303cebb1cc6db11771f53e09b8ac558fc460	0			True
08_02	actions	int8	100x300	cdef4f30584e19f1a20fd94cf19bddfc6a4e3e3c84ab487b868967529c86c05c	cdef4f30584e19f1a20fd94cf19bddfc6a4e3e3c84ab487b868967529c86c05c	0			True
08_02	action_probability	float64	100x300	26d762c74e7824d4913f5169fc862de978ca0041aba863fffa1ed41f28188154	26d762c74e7824d4913f5169fc862de978ca0041aba863fffa1ed41f28188154	0	0.0	0	True
08_02	return_	float64	100x300	97a389cf58e372644cba5c970aa0a0db45e2ceef3ea89f14b0d4d8db3a2351a1	97a389cf58e372644cba5c970aa0a0db45e2ceef3ea89f14b0d4d8db3a2351a1	0	0.0	0	True
08_02	submitted	bool	100x300x2	4b1d4d84027993261d3fc4d2edc420aedbdd1ced0cf0973e0bbbb22d11f68be6	4b1d4d84027993261d3fc4d2edc420aedbdd1ced0cf0973e0bbbb22d11f68be6	0			True
08_02	fills	int8	100x300x2	ff27d60e5e2054f2c82b6b8feb15c0743af101d510ade650d0646f540e0610a9	ff27d60e5e2054f2c82b6b8feb15c0743af101d510ade650d0646f540e0610a9	0			True
08_02	execution_prices	float64	100x300x2	b58b239537f626d925c6c70d5767a898e3972a66be77d5c546cd28df39b071a0	b58b239537f626d925c6c70d5767a898e3972a66be77d5c546cd28df39b071a0	0	0.0	0	True
08_02	executed_quantities	int8	100x300x2	0462aa701114f80d035a9bda5219076b025791d7cf5907edc612f6d5e283499c	0462aa701114f80d035a9bda5219076b025791d7cf5907edc612f6d5e283499c	0			True
08_02	fees	float64	100x300	ad086549ec5b3a5f0d56a78e09b4b49e0f67c89e57ab1c4ce3a942e4828a582b	ad086549ec5b3a5f0d56a78e09b4b49e0f67c89e57ab1c4ce3a942e4828a582b	0	0.0	0	True
08_03	price	float64	100x301	3abb889fc5da91705699eb1f8387907a01c293c9afe0123582e591e6c8cff95d	3abb889fc5da91705699eb1f8387907a01c293c9afe0123582e591e6c8cff95d	0	0.0	0	True
08_03	signal	int8	100x301	224e90cd540120229ca4832cdae38e937c6cba2e581fa804ecea6836816aa193	224e90cd540120229ca4832cdae38e937c6cba2e581fa804ecea6836816aa193	0			True
08_03	cash	float64	100x301	ee4579f72f488ef983192a4410695cdcfba0c861fda39974552913ae40d91d01	ee4579f72f488ef983192a4410695cdcfba0c861fda39974552913ae40d91d01	0	0.0	0	True
08_03	inventory	int16	100x301	99e86374d237ff62455d70db90b47da4fe42a36b7cb3f6d458440a9d250c3b8c	99e86374d237ff62455d70db90b47da4fe42a36b7cb3f6d458440a9d250c3b8c	0			True
08_03	actions	int8	100x300	6904efeb9aed306a8a8bdcc34443c3bed783e15a5160c95a50dfc5d84633b48e	6904efeb9aed306a8a8bdcc34443c3bed783e15a5160c95a50dfc5d84633b48e	0			True
08_03	action_probability	float64	100x300	ce266c39a466d75f40ce4b214fd8e56d697b037e1d34626c9c754b58459c0571	ce266c39a466d75f40ce4b214fd8e56d697b037e1d34626c9c754b58459c0571	0	0.0	0	True
08_03	return_	float64	100x300	6ffa1ff36df13ffe0c81db57ac1be39cc25251587492b11a2e7db2505e1c3103	6ffa1ff36df13ffe0c81db57ac1be39cc25251587492b11a2e7db2505e1c3103	0	0.0	0	True
08_03	submitted	bool	100x300x2	58f6ab770bea10856fc8c18941769c6125160983c085c19b13f34e55b3a8b0c8	58f6ab770bea10856fc8c18941769c6125160983c085c19b13f34e55b3a8b0c8	0			True
08_03	fills	int8	100x300x2	c1fb7c78249fa4b502813623bbcb96fde700786ab05a59078e6b1f1dea32809d	c1fb7c78249fa4b502813623bbcb96fde700786ab05a59078e6b1f1dea32809d	0			True
08_03	execution_prices	float64	100x300x2	f17258f8de887137362edfae3214bac11d3a1ab824d451f497b78d4ae33f7e9e	f17258f8de887137362edfae3214bac11d3a1ab824d451f497b78d4ae33f7e9e	0	0.0	0	True
08_03	executed_quantities	int8	100x300x2	a2eb76a656a5eb5c6d88a1810d1ddd353f18ef450cf43d25ce983c4408417721	a2eb76a656a5eb5c6d88a1810d1ddd353f18ef450cf43d25ce983c4408417721	0			True
08_03	fees	float64	100x300	a3c25fdc7eb700afac440817022acafa9b7593b5cb63b0df227ee8afc49c4a7f	a3c25fdc7eb700afac440817022acafa9b7593b5cb63b0df227ee8afc49c4a7f	0	0.0	0	True
08_04	price	float64	100x301	562bc8ddd53fec53838cd74c6f85edd9b1ac8ba6f24b4e6a640a9900e9cb9076	562bc8ddd53fec53838cd74c6f85edd9b1ac8ba6f24b4e6a640a9900e9cb9076	0	0.0	0	True
08_04	signal	int8	100x301	0c3f821920a5b7d8fa2d503f6477917441071bbb02344c589ed336dcf69861bf	0c3f821920a5b7d8fa2d503f6477917441071bbb02344c589ed336dcf69861bf	0			True
08_04	cash	float64	100x301	3add17a9cb9d042c10541a0d8c70e75a6c9242808572b62bb171a069c85bf333	3add17a9cb9d042c10541a0d8c70e75a6c9242808572b62bb171a069c85bf333	0	0.0	0	True
08_04	inventory	int16	100x301	8969a140c4bd9decb18d68b077ff57194ac18dea964e4c1c404a19f996e703b1	8969a140c4bd9decb18d68b077ff57194ac18dea964e4c1c404a19f996e703b1	0			True
08_04	actions	int8	100x300	1ddc55578ad50f4efb8accf19c84b5943f7c6aa889082a1bf92aff8927f41a91	1ddc55578ad50f4efb8accf19c84b5943f7c6aa889082a1bf92aff8927f41a91	0			True
08_04	action_probability	float64	100x300	4850fedd4f3b003fc5ae1defc2aaebda5f2cc631037c2a8bbe02efd16ddf806d	4850fedd4f3b003fc5ae1defc2aaebda5f2cc631037c2a8bbe02efd16ddf806d	0	0.0	0	True
08_04	return_	float64	100x300	528d9225c31551b3537b7ea392de23d422f91025fb62a9429d422c82e2b5de81	528d9225c31551b3537b7ea392de23d422f91025fb62a9429d422c82e2b5de81	0	0.0	0	True
08_04	submitted	bool	100x300x2	410b14d38cf6c859d73d71910da5c326f8c07f56d05f042a86aaeaa403ca6a58	410b14d38cf6c859d73d71910da5c326f8c07f56d05f042a86aaeaa403ca6a58	0			True
08_04	fills	int8	100x300x2	6ac27655339c85962226b448ab402cad8b9b32891111e15dc87774bfd875f672	6ac27655339c85962226b448ab402cad8b9b32891111e15dc87774bfd875f672	0			True
08_04	execution_prices	float64	100x300x2	3bd0ea7b6c339fadacaae935495bd4a8c653c9b73cd19e656dc93be91635b8bd	3bd0ea7b6c339fadacaae935495bd4a8c653c9b73cd19e656dc93be91635b8bd	0	0.0	0	True
08_04	executed_quantities	int8	100x300x2	ef137727326a9ef761cb6cbb5c4fd81ecb507322f8c83586cd178928d9fc422e	ef137727326a9ef761cb6cbb5c4fd81ecb507322f8c83586cd178928d9fc422e	0			True
08_04	fees	float64	100x300	d19dad30b4611bb7f60f1dbc97f148b4c07530057bd95c6f898277b843987088	d19dad30b4611bb7f60f1dbc97f148b4c07530057bd95c6f898277b843987088	0	0.0	0	True
08_05	price	float64	100x301	463a254cdede48150d4f20bb99888f406631abbf9c24f81bfa15684a9433eae3	463a254cdede48150d4f20bb99888f406631abbf9c24f81bfa15684a9433eae3	0	0.0	0	True
08_05	signal	int8	100x301	ac951b8afd4cafb16b7d50c69687f0104c7fa3544b6ef0b5f53f9fc7d6de4b8f	ac951b8afd4cafb16b7d50c69687f0104c7fa3544b6ef0b5f53f9fc7d6de4b8f	0			True
08_05	cash	float64	100x301	c5cad62feb52f01d7040dfd7de57560441b9633d140a0ee4e801c0e38c0faa3e	c5cad62feb52f01d7040dfd7de57560441b9633d140a0ee4e801c0e38c0faa3e	0	0.0	0	True
08_05	inventory	int16	100x301	9c5251f9303967203705989d080ac99069b96e81d7dab0dd361eb926e4723a37	9c5251f9303967203705989d080ac99069b96e81d7dab0dd361eb926e4723a37	0			True
08_05	actions	int8	100x300	5aa444a0f316d77c96d92f6b0cc8018259ef87d4416f07b2c1950ef645e6a77c	5aa444a0f316d77c96d92f6b0cc8018259ef87d4416f07b2c1950ef645e6a77c	0			True
08_05	action_probability	float64	100x300	7311827388d9d4b0452915f5e19649b5f59d54e4751b827cbb4c1c96b253d516	7311827388d9d4b0452915f5e19649b5f59d54e4751b827cbb4c1c96b253d516	0	0.0	0	True
08_05	return_	float64	100x300	a923cd4242ed1f859770a03c01e104bd56280f3035a185e5cf13bc6793094b0c	a923cd4242ed1f859770a03c01e104bd56280f3035a185e5cf13bc6793094b0c	0	0.0	0	True
08_05	submitted	bool	100x300x2	85d5a354b8c86d8e934ab44d53c574c67bc48f693eb58ad4113a416010f4e60a	85d5a354b8c86d8e934ab44d53c574c67bc48f693eb58ad4113a416010f4e60a	0			True
08_05	fills	int8	100x300x2	218a6b359a7ec6d457608477a7a306a6272ca55ae33f622b3d5df397335c5aef	218a6b359a7ec6d457608477a7a306a6272ca55ae33f622b3d5df397335c5aef	0			True
08_05	execution_prices	float64	100x300x2	e546b46c4548db5981fa47ec679011e03745938d6af36f6a8913d94627721a05	e546b46c4548db5981fa47ec679011e03745938d6af36f6a8913d94627721a05	0	0.0	0	True
08_05	executed_quantities	int8	100x300x2	574b545f1cc03265c719790351a1d4407fff0d7dd6e7c55bc2a6c8c84d81f2e8	574b545f1cc03265c719790351a1d4407fff0d7dd6e7c55bc2a6c8c84d81f2e8	0			True
08_05	fees	float64	100x300	3868229b0f06be1907a0961d14e5b743104f1a93d2d8f666e807eef8d8d309ad	3868229b0f06be1907a0961d14e5b743104f1a93d2d8f666e807eef8d8d309ad	0	0.0	0	True
08_06	price	float64	100x301	4176acf6a23124a0fe20e98337d57fa5e33ed339ce306c8406c604c6ecfdbeb5	4176acf6a23124a0fe20e98337d57fa5e33ed339ce306c8406c604c6ecfdbeb5	0	0.0	0	True
08_06	signal	int8	100x301	8c3766f9fc04a481a6e018ca9284e8093a0fdaebc668d41e35c4c44d7f0c4854	8c3766f9fc04a481a6e018ca9284e8093a0fdaebc668d41e35c4c44d7f0c4854	0			True
08_06	cash	float64	100x301	2f0172c52ff657a03961acc6bb34839f0d358c83551e2de1f8cafb142ea5d4e4	2f0172c52ff657a03961acc6bb34839f0d358c83551e2de1f8cafb142ea5d4e4	0	0.0	0	True
08_06	inventory	int16	100x301	57d986702fe066bdeea4b1fc36b4a5dffbf1169916b9952392971607c98af0e7	57d986702fe066bdeea4b1fc36b4a5dffbf1169916b9952392971607c98af0e7	0			True
08_06	actions	int8	100x300	413b6dc9e66a055b6a5dd8cb7aabfeea9ed9f4266a11f97231a4265680d25c36	413b6dc9e66a055b6a5dd8cb7aabfeea9ed9f4266a11f97231a4265680d25c36	0			True
08_06	action_probability	float64	100x300	06bb8ddee7e6b2f33c720019043795bec6f7b7a14248ffb323c6a2d3aa61fcd3	06bb8ddee7e6b2f33c720019043795bec6f7b7a14248ffb323c6a2d3aa61fcd3	0	0.0	0	True
08_06	return_	float64	100x300	a52aeb172453db6b164eee6ccd51c14e60b2d4ffa05d6fbebd4bec0906ae6b9c	a52aeb172453db6b164eee6ccd51c14e60b2d4ffa05d6fbebd4bec0906ae6b9c	0	0.0	0	True
08_06	submitted	bool	100x300x2	820996a39875f70234de59ad5e630e84808d7c919df828b7b584fa7e06f58fb3	820996a39875f70234de59ad5e630e84808d7c919df828b7b584fa7e06f58fb3	0			True
08_06	fills	int8	100x300x2	dfcee0d169b295842d3df54e829679b4e93c7b67435b35ded8372aefb6837047	dfcee0d169b295842d3df54e829679b4e93c7b67435b35ded8372aefb6837047	0			True
08_06	execution_prices	float64	100x300x2	2117d511ccf73f2c4f13b4bc345f2ea5c7fd55f3fbbef76eef9bac83599a4eb4	2117d511ccf73f2c4f13b4bc345f2ea5c7fd55f3fbbef76eef9bac83599a4eb4	0	0.0	0	True
08_06	executed_quantities	int8	100x300x2	809df706f58a3ea3fbcb4e2c6a1e63d592b4606e3b59185a842136d3a276a7aa	809df706f58a3ea3fbcb4e2c6a1e63d592b4606e3b59185a842136d3a276a7aa	0			True
08_06	fees	float64	100x300	91b42609ab5c2682dee69b01f15e7e00fb4c65b8c3d24be1223578bd91101a6a	91b42609ab5c2682dee69b01f15e7e00fb4c65b8c3d24be1223578bd91101a6a	0	0.0	0	True
08_07	price	float64	100x301	ca0579ebf3188e292f00135da0ae40eedd49930d43b62460c06f3eeca3e3f245	ca0579ebf3188e292f00135da0ae40eedd49930d43b62460c06f3eeca3e3f245	0	0.0	0	True
08_07	signal	int8	100x301	e2eafbb503e688da68cbbc75334318d4cfc668e55d5f98729ceea729fd72d4d7	e2eafbb503e688da68cbbc75334318d4cfc668e55d5f98729ceea729fd72d4d7	0			True
08_07	cash	float64	100x301	6d5150e489e86e74847d6b1a944fcf12efaf36b9f0a2c8d1780ca06288188b34	6d5150e489e86e74847d6b1a944fcf12efaf36b9f0a2c8d1780ca06288188b34	0	0.0	0	True
08_07	inventory	int16	100x301	3823a160ff92384a920941545da51f92fb2750acd2f550c8cdd0654ede6143fa	3823a160ff92384a920941545da51f92fb2750acd2f550c8cdd0654ede6143fa	0			True
08_07	actions	int8	100x300	4f9aac7b0668768e2a009d6a57d77e41fbf3d5f2581860602c7d34db6af17b5a	4f9aac7b0668768e2a009d6a57d77e41fbf3d5f2581860602c7d34db6af17b5a	0			True
08_07	action_probability	float64	100x300	e9ed22c23fdd8b8673a192b0a056e2463244f95e29d31558de4b9063a9fb6bb4	e9ed22c23fdd8b8673a192b0a056e2463244f95e29d31558de4b9063a9fb6bb4	0	0.0	0	True
08_07	return_	float64	100x300	db186b693482128585ca8660c4c5f09507348ffe8de2dee94b4b32b36f3d9404	db186b693482128585ca8660c4c5f09507348ffe8de2dee94b4b32b36f3d9404	0	0.0	0	True
08_07	submitted	bool	100x300x2	936e4ce0ee7e591825cf5686698f3f29fb8dea0f0a731e8f5f4c862ef300b491	936e4ce0ee7e591825cf5686698f3f29fb8dea0f0a731e8f5f4c862ef300b491	0			True
08_07	fills	int8	100x300x2	cb572034c365b70133ad864e9ef79ec03f61fe243ce93b360e09938766aaa7e2	cb572034c365b70133ad864e9ef79ec03f61fe243ce93b360e09938766aaa7e2	0			True
08_07	execution_prices	float64	100x300x2	81396c987ace713b9aa55e67daa1458902d5e5f26df62ce9fe14e9cb95aa7b7e	81396c987ace713b9aa55e67daa1458902d5e5f26df62ce9fe14e9cb95aa7b7e	0	0.0	0	True
08_07	executed_quantities	int8	100x300x2	d7639f6c3a871160c9347b83d6f607143ac6eae1bb094c628bd4ff7830498ae9	d7639f6c3a871160c9347b83d6f607143ac6eae1bb094c628bd4ff7830498ae9	0			True
08_07	fees	float64	100x300	dc799d92d6b05d0105e04a2c87a710d0966f6b55374b5fa61447ebbe2cc4dde4	dc799d92d6b05d0105e04a2c87a710d0966f6b55374b5fa61447ebbe2cc4dde4	0	0.0	0	True
08_08	price	float64	100x301	79bc5ad4382f7f682a7df49abc137816a8fbc69fa2f2f22f571d590b7624b825	79bc5ad4382f7f682a7df49abc137816a8fbc69fa2f2f22f571d590b7624b825	0	0.0	0	True
08_08	signal	int8	100x301	a3b4b10102c2fc895820102c616caa630de7367f61606465a45874ee847d9268	a3b4b10102c2fc895820102c616caa630de7367f61606465a45874ee847d9268	0			True
08_08	cash	float64	100x301	f4044668c627e76f8115078946b117d7239687e73ba45fe6a145f786105b5a88	f4044668c627e76f8115078946b117d7239687e73ba45fe6a145f786105b5a88	0	0.0	0	True
08_08	inventory	int16	100x301	beadb97f696123c89cc04ecaae0a803f949d7839fcd8778480d4199a6f24cb91	beadb97f696123c89cc04ecaae0a803f949d7839fcd8778480d4199a6f24cb91	0			True
08_08	actions	int8	100x300	6dd4fa9f5fe6a07e02273a6f2671f600c7b26b2d53e083f6a7258949131d1c86	6dd4fa9f5fe6a07e02273a6f2671f600c7b26b2d53e083f6a7258949131d1c86	0			True
08_08	action_probability	float64	100x300	cfdd3a5507084950b814462c95355397831d13dbb14fb5b09e87c3b5f5b039ff	cfdd3a5507084950b814462c95355397831d13dbb14fb5b09e87c3b5f5b039ff	0	0.0	0	True
08_08	return_	float64	100x300	308dccd3149fdd9ca2a3f350dffd6d27a06bf6d6aaba7c1dc3f1390b903272db	308dccd3149fdd9ca2a3f350dffd6d27a06bf6d6aaba7c1dc3f1390b903272db	0	0.0	0	True
08_08	submitted	bool	100x300x2	07f10e2546aca6301fdee1cc635ec30d4b18b07e8d199339eadc6e09df882840	07f10e2546aca6301fdee1cc635ec30d4b18b07e8d199339eadc6e09df882840	0			True
08_08	fills	int8	100x300x2	6716020814bd2c26800b933a9f1a15319cd48ba35d9ef9d20fe08908b4b2518a	6716020814bd2c26800b933a9f1a15319cd48ba35d9ef9d20fe08908b4b2518a	0			True
08_08	execution_prices	float64	100x300x2	0a547623f5402a8ca050e7a1e86ab0213d762f014317feb23955abf2beed4023	0a547623f5402a8ca050e7a1e86ab0213d762f014317feb23955abf2beed4023	0	0.0	0	True
08_08	executed_quantities	int8	100x300x2	23e1b49cc5ae299eae7b52b93b49fde52d7cc158f0c626a49d9e2ee83ec3e391	23e1b49cc5ae299eae7b52b93b49fde52d7cc158f0c626a49d9e2ee83ec3e391	0			True
08_08	fees	float64	100x300	f0e85bdefe851f5e82dd1b71609794bd2d197e0edabf1ab303374035a5a33bc6	f0e85bdefe851f5e82dd1b71609794bd2d197e0edabf1ab303374035a5a33bc6	0	0.0	0	True
08_09	price	float64	100x301	a2633f5515032c4a1fc902f59250bdd68346c5ea52fbdc727a44c447cf0922d4	a2633f5515032c4a1fc902f59250bdd68346c5ea52fbdc727a44c447cf0922d4	0	0.0	0	True
08_09	signal	int8	100x301	e4cd0b58e3f7cb4f81ab2cc2601ea0b41f9eeece056c0f2bf732c9994302d579	e4cd0b58e3f7cb4f81ab2cc2601ea0b41f9eeece056c0f2bf732c9994302d579	0			True
08_09	cash	float64	100x301	e7e73b55aabbaf0cb7f88713d6a6a63f137682d93af0a7c34ef50da7c5aa5749	e7e73b55aabbaf0cb7f88713d6a6a63f137682d93af0a7c34ef50da7c5aa5749	0	0.0	0	True
08_09	inventory	int16	100x301	b3405129e62a628109c4fa588147ae68a3f8f5b4ad6d2d5aab0556aa85365c48	b3405129e62a628109c4fa588147ae68a3f8f5b4ad6d2d5aab0556aa85365c48	0			True
08_09	actions	int8	100x300	72cdfd670fbcba942f130a109d68a92319a66c43f083a93bbf6199019767b6da	72cdfd670fbcba942f130a109d68a92319a66c43f083a93bbf6199019767b6da	0			True
08_09	action_probability	float64	100x300	6a444946878014b5ee9e89d0ff4bbf045859f1951f3268ec656fb09b751b8341	6a444946878014b5ee9e89d0ff4bbf045859f1951f3268ec656fb09b751b8341	0	0.0	0	True
08_09	return_	float64	100x300	91390f21c8371e96c35cd5b6017aa35f1926837624b026f839da4bea007fce2d	91390f21c8371e96c35cd5b6017aa35f1926837624b026f839da4bea007fce2d	0	0.0	0	True
08_09	submitted	bool	100x300x2	87115dc5c1972e8447aec7037c3fb3692ab7941861f60b1274f0aed6566252d3	87115dc5c1972e8447aec7037c3fb3692ab7941861f60b1274f0aed6566252d3	0			True
08_09	fills	int8	100x300x2	55352cb0e3f68f6ce24778bd5ba93f399cf821f226a545e086db9f41647d864e	55352cb0e3f68f6ce24778bd5ba93f399cf821f226a545e086db9f41647d864e	0			True
08_09	execution_prices	float64	100x300x2	ee39fb4d3b03ef2068b3b3df711903462b0f193842dbbfc182b937aed651271a	ee39fb4d3b03ef2068b3b3df711903462b0f193842dbbfc182b937aed651271a	0	0.0	0	True
08_09	executed_quantities	int8	100x300x2	34ce4fd92b9009a1d58ab4ca4cd0025101ce47bb6aea218abe2647f162ec2089	34ce4fd92b9009a1d58ab4ca4cd0025101ce47bb6aea218abe2647f162ec2089	0			True
08_09	fees	float64	100x300	b0286060dbaa0aefc142d2fa4e4f6630aacdd14f511e2ad3ca47e5353a76f6c0	b0286060dbaa0aefc142d2fa4e4f6630aacdd14f511e2ad3ca47e5353a76f6c0	0	0.0	0	True
